# Blender 4.5.9 LTS
# www.blender.org
mtllib mirror01texbaked.mtl
o model
v 0.074194 1.874363 0.005475
v -0.798714 1.348989 -0.021777
v 0.070764 1.901379 -0.021590
v 0.070135 1.895678 0.025422
v 0.068161 1.917307 0.009390
v -0.793856 1.346958 -0.007112
v 0.071236 1.870396 -0.020976
v 0.058507 1.935248 -0.001007
v -0.795107 1.373118 -0.010168
v 0.059687 1.925350 -0.025688
v 0.057982 1.848904 0.031856
v 0.052905 1.926161 0.035777
v 0.061991 1.842341 -0.002879
v 0.059794 1.877917 0.043744
v 0.054375 1.898807 -0.051357
v 0.047936 1.902107 0.054457
v 0.037192 1.952919 0.001471
v 0.031526 1.951760 -0.026119
v 0.055013 1.837857 0.019151
v 0.041594 1.928416 -0.046776
v 0.032116 1.952257 0.021873
v 0.032181 1.820807 -0.027867
v 0.039000 1.854223 -0.057637
v 0.056589 1.855093 -0.041162
v 0.033819 1.883592 0.065443
v 0.027220 1.889835 -0.071069
v 0.032369 1.924542 0.054873
v 0.021739 1.945732 0.041173
v 0.020670 1.918760 -0.065063
v 0.026086 1.853720 0.061542
v -0.791429 1.361534 -0.033924
v 0.021596 1.819965 0.029831
v 0.001971 1.958728 -0.026333
v 0.014835 1.908307 0.068528
v 0.021136 1.814740 -0.022130
v -0.000701 1.964164 -0.003639
v 0.019523 1.837759 0.052784
v 0.027771 1.815351 0.007110
v -0.758761 1.330231 -0.007918
v -0.007640 1.954672 0.032528
v -0.030045 1.948423 -0.032946
v -0.001951 1.944837 -0.050468
v -0.041405 1.950829 -0.010198
v 0.003861 1.823394 -0.043732
v -0.001784 1.886231 0.073325
v -0.016043 1.914784 0.065473
v 0.004833 1.934409 0.056013
v 0.008874 1.843842 -0.063056
v -0.038070 1.950866 0.015145
v -0.779190 1.367967 0.004687
v -0.020283 1.875053 -0.071694
v -0.006198 1.807890 -0.004350
v -0.014543 1.919889 -0.065907
v -0.037665 1.897545 -0.063923
v -0.028428 1.814540 -0.012649
v -0.008594 1.840605 0.058047
v -0.045401 1.899256 0.058418
v -0.030042 1.937453 0.046367
v -0.045400 1.929177 -0.043384
v -0.019371 1.839123 -0.057183
v -0.036359 1.863217 0.060270
v -0.026270 1.820615 0.027643
v -0.049426 1.845483 0.039765
v -0.056685 1.890445 0.048020
v -0.026080 1.824714 -0.037895
v -0.055766 1.924652 0.033185
v -0.049146 1.860194 -0.051708
v -0.058695 1.903398 -0.044079
v -0.056859 1.842891 -0.025023
v -0.067195 1.920506 0.004178
v -0.071144 1.905442 -0.018657
v -0.064937 1.873740 -0.037082
v -0.753025 1.348649 0.003425
v -0.068724 1.867972 0.024530
v -0.766600 1.386790 -0.033511
v -0.058649 1.837895 0.007817
v -0.072786 1.865558 -0.007179
v -0.774312 1.392850 -0.016979
v -0.070235 1.900838 0.021458
v -0.675771 1.333266 0.005038
v -0.675161 1.332413 0.004916
v -0.709160 1.438139 -0.003602
v -0.709543 1.440679 -0.003253
v -0.709299 1.439703 -0.003009
v -0.709421 1.440191 -0.003009
v -0.731911 1.509099 -0.015374
v -0.598440 1.307126 -0.022310
v -0.634066 0.779396 0.004137
v -0.650931 0.950900 0.012361
v -0.666899 0.944193 -0.015996
v -0.687623 0.945805 0.018183
v -0.650445 0.875850 -0.043679
v -0.663204 0.953439 -0.037961
v -0.775927 0.734689 -0.004307
v -0.777144 0.738635 -0.025504
v -0.600694 0.789666 -0.002639
v -0.598427 0.714824 -0.004986
v -0.613614 0.701013 -0.004911
v -0.636216 0.700470 -0.006933
v -0.629892 0.632098 -0.006824
v -0.626271 0.510299 0.009183
v -0.625295 0.509446 0.009061
v -0.694686 0.321568 -0.018234
v -0.707458 0.324314 -0.000708
v -0.753317 0.328543 -0.022582
v -0.778073 0.313807 -0.013288
v -0.780732 0.310726 -0.028407
v -0.741326 1.336505 -0.038794
v -0.793218 0.331380 -0.023272
v -0.766513 0.298880 -0.021512
v -0.741010 0.311760 -0.004491
v -0.733558 0.327419 -0.021884
v -0.780966 0.334753 -0.035553
v -0.774850 0.408425 0.007758
v -0.775266 0.473382 -0.003748
v -0.753257 0.497100 -0.011569
v -0.775555 0.451741 0.003809
v -0.787686 0.441234 -0.006535
v -0.658319 0.403022 -0.000337
v -0.704982 0.363412 -0.004543
v -0.669685 0.384871 -0.020953
v -0.702343 0.360549 -0.021417
v -0.671056 0.405124 0.010846
v -0.733573 0.368947 0.008198
v -0.763901 0.375651 0.001648
v -0.599216 0.321107 -0.015172
v -0.617927 0.307482 -0.003434
v -0.615871 0.306376 -0.017829
v -0.640786 0.309878 -0.010171
v -0.592290 0.338421 -0.003543
v -0.626554 0.313687 -0.028965
v -0.598751 0.336421 -0.027453
v -0.630792 0.329315 0.007977
v -0.613384 0.329932 0.006420
v -0.594269 0.360818 -0.015412
v -0.641190 0.317845 -0.025501
v -0.604597 0.375918 0.000579
v -0.609610 0.393778 -0.025228
v -0.761212 1.333887 -0.024217
v -0.636481 0.342223 -0.031760
v -0.648353 0.335622 -0.001846
v -0.649754 0.337416 -0.020744
v -0.607588 0.417203 -0.001715
v -0.619604 0.432725 0.005099
v -0.636920 0.429282 -0.014492
v -0.633442 0.448039 0.004810
v -0.626063 0.388001 -0.029792
v -0.604023 0.401261 -0.015910
v -0.653376 0.377772 -0.006058
v -0.771086 0.424746 0.008371
v -0.634916 0.402427 0.001616
v -0.780769 0.396761 -0.008504
v -0.735192 0.491419 -0.006078
v -0.706850 0.395745 0.011742
v -0.646595 0.407191 -0.017547
v -0.783798 0.462956 -0.024159
v -0.771670 0.487275 -0.023600
v -0.730920 0.493271 -0.022698
v -0.602160 0.489479 -0.001905
v -0.755532 0.479043 0.003520
v -0.638661 0.403943 -0.008213
v -0.728489 0.302301 -0.023520
v -0.743814 0.494640 -0.031297
v -0.750259 0.301969 -0.032290
v -0.743846 0.320382 -0.044693
v -0.771223 0.337856 -0.006897
v -0.743947 0.357596 -0.002644
v -0.787065 0.428904 -0.029786
v -0.738516 1.337037 0.006559
v -0.764726 0.340264 -0.018056
v -0.697310 0.346937 -0.020112
v -0.733033 0.469902 -0.001041
v -0.668215 0.420205 0.011930
v -0.679524 0.346850 -0.000640
v -0.765891 0.347868 -0.035893
v -0.756056 1.358614 -0.039519
v -0.765404 0.353531 -0.022716
v -0.600217 0.523045 -0.015557
v -0.667218 0.349076 -0.016803
v -0.732632 0.416949 0.006067
v -0.766155 0.354387 -0.034976
v -0.772333 0.382328 -0.025881
v -0.766343 0.477094 -0.038283
v -0.637771 0.402148 -0.023475
v -0.640382 0.391824 -0.017871
v -0.662238 0.366067 -0.003741
v -0.662238 0.365335 -0.003009
v -0.662116 0.365457 -0.003009
v -0.662238 0.365091 -0.003497
v -0.743219 0.327606 -0.034178
v -0.723912 0.477731 -0.013619
v -0.628133 0.448629 -0.031115
v -0.767281 0.369588 -0.019520
v -0.606596 0.522206 0.005139
v -0.764285 0.354728 -0.032270
v -0.764285 0.354362 -0.032270
v -0.764407 0.353631 -0.032880
v -0.764773 0.355460 -0.033002
v -0.706810 0.427820 0.002970
v -0.628271 0.164821 -0.057115
v -0.301299 0.112325 -0.091683
v -0.545063 0.162366 -0.022585
v -0.318903 0.006886 -0.003909
v -0.332931 0.000215 -0.013951
v -0.284521 0.018709 -0.007396
v -0.287052 0.016123 -0.020971
v -0.287993 0.036022 -0.006610
v -0.132194 0.088983 0.004086
v -0.102199 0.101549 -0.020225
v -0.082244 0.118452 -0.018633
v -0.092110 0.093978 -0.003504
v -0.070024 0.095861 -0.012383
v -0.078114 0.094678 -0.021397
v -0.125771 0.073813 -0.005507
v -0.745706 1.394917 -0.031592
v -0.111482 0.102778 -0.004570
v -0.118464 0.088445 -0.033099
v -0.255874 0.113494 0.004133
v -0.183019 0.266212 -0.005440
v -0.207080 0.260547 -0.002009
v -0.218773 0.258497 -0.024112
v -0.238561 0.146945 0.005133
v -0.722637 1.335050 0.007647
v -0.248954 0.211322 0.004977
v -0.239129 0.235302 -0.001354
v -0.250437 0.143623 0.001348
v -0.228079 0.207352 0.003767
v -0.227352 0.255484 -0.001986
v -0.219412 0.142734 0.003593
v -0.228672 0.121239 0.004784
v -0.222857 0.170331 0.000828
v -0.161467 0.236747 -0.005858
v -0.202791 0.213376 0.001038
v -0.292755 0.109631 0.008953
v -0.281421 0.182295 0.001539
v -0.214075 0.168971 0.001724
v -0.200734 0.093214 0.007208
v -0.220639 0.113203 0.006135
v -0.221615 0.112471 0.006379
v -0.221371 0.112471 0.006379
v -0.222468 0.111618 0.006257
v -0.181409 0.263196 -0.022834
v -0.256319 0.098466 0.008936
v -0.161856 0.237268 -0.022412
v -0.170857 0.209369 -0.002647
v -0.321224 0.090514 0.001850
v -0.240079 0.236465 -0.023643
v -0.180544 0.199217 -0.003610
v -0.250134 0.090517 0.005026
v -0.271442 0.160372 0.006063
v -0.259761 0.240436 -0.003711
v -0.721795 1.320314 -0.041948
v -0.296365 0.202873 0.004453
v -0.197649 0.127767 0.002841
v -0.197921 0.224276 -0.027828
v -0.224362 0.200100 -0.030033
v -0.177234 0.200254 -0.024072
v -0.170700 0.187998 -0.007305
v -0.284697 0.064254 0.003370
v -0.327594 0.211760 0.007733
v -0.751962 1.309631 -0.016650
v -0.102788 0.078638 -0.019425
v -0.299822 0.221012 -0.005740
v -0.183093 0.161094 -0.004624
v -0.323135 0.081396 0.007016
v -0.335694 0.095626 0.010230
v -0.302827 0.121987 -0.000920
v -0.255568 0.239963 -0.023530
v -0.171564 0.190053 -0.020171
v -0.085381 0.118202 -0.010724
v -0.275720 0.223144 -0.003519
v -0.182831 0.161270 -0.022054
v -0.145587 0.117584 -0.003446
v -0.123115 0.105509 -0.030553
v -0.141041 0.073064 -0.030699
v -0.165818 0.129977 -0.004483
v -0.245268 0.082110 0.008181
v -0.760888 1.395406 -0.004936
v -0.327080 0.240167 -0.001420
v -0.242882 0.213532 -0.029636
v -0.130304 0.068292 -0.015028
v -0.187322 0.064854 -0.002207
v -0.335306 0.149569 0.004034
v -0.318935 0.240897 -0.015261
v -0.273512 0.227771 -0.023922
v -0.746865 1.297028 -0.006082
v -0.227068 0.159680 -0.026512
v -0.212677 0.152007 -0.029456
v -0.157043 0.120442 -0.025594
v -0.281013 0.051914 -0.008395
v -0.294175 0.221820 -0.022497
v -0.726894 1.384510 0.000950
v -0.336434 0.144587 -0.000090
v -0.373847 0.174058 0.006928
v -0.148645 0.106143 -0.039691
v -0.314916 0.009534 -0.022841
v -0.329444 0.062601 0.008556
v -0.349845 0.239398 -0.016013
v -0.296588 0.213973 -0.020589
v -0.254163 0.061821 -0.004802
v -0.239301 0.055003 -0.003541
v -0.726276 1.383505 -0.034202
v -0.279958 0.052161 -0.023536
v -0.377637 0.169336 0.003020
v -0.396074 0.263166 -0.006961
v -0.384581 0.244878 0.006647
v -0.400000 0.239803 0.008411
v -0.403024 0.190589 0.004096
v -0.372907 0.248795 -0.007108
v -0.311035 0.226094 -0.027323
v -0.303807 0.037706 -0.006782
v -0.352148 0.116491 0.000806
v -0.416461 0.247911 -0.001197
v -0.358026 0.191626 0.004656
v -0.348280 0.187730 0.000034
v -0.204786 0.060884 -0.025407
v -0.332524 0.012169 -0.030598
v -0.413654 0.200733 -0.001343
v -0.196262 0.126018 -0.030267
v -0.302931 0.040971 -0.026408
v -0.343857 0.140263 0.006288
v -0.236051 0.163419 -0.032814
v 0.241807 0.123688 -0.092743
v 0.242051 0.123688 -0.092743
v 0.242904 0.124663 -0.092743
v 0.150798 0.074154 0.001108
v 0.226323 0.089794 0.005038
v 0.225835 0.089794 0.005038
v 0.225957 0.089794 0.005038
v 0.288013 0.030124 -0.006907
v 0.285577 0.015910 -0.013372
v 0.285577 0.015910 -0.014470
v 0.285577 0.015910 -0.014592
v 0.284711 0.016795 -0.020654
v 0.275678 0.027074 -0.006546
v 0.285577 0.016275 -0.012519
v 0.196693 0.212129 0.001140
v 0.192919 0.232107 -0.027199
v 0.295319 0.221914 -0.021407
v 0.183346 0.265121 -0.005518
v 0.240022 0.235807 -0.001372
v 0.224546 0.257416 -0.002387
v 0.205621 0.261674 -0.001812
v 0.435382 1.820097 -0.007363
v 0.363025 1.797487 -0.040778
v 0.415289 1.839121 0.003872
v 0.278749 1.898371 -0.042755
v 0.278018 1.898371 -0.042755
v 0.278627 1.898371 -0.042755
v 0.396483 1.965253 -0.000882
v 0.380956 1.980952 -0.010514
v 0.409803 1.978717 -0.007575
v -0.733913 1.395970 -0.009999
v 0.380344 1.977882 -0.025162
v 0.086453 1.801482 -0.020121
v 0.085289 1.796784 -0.005291
v 0.077754 1.792443 -0.016125
v 0.053793 1.803242 -0.021095
v 0.058379 1.802859 -0.005114
v 0.057914 1.816064 -0.006093
v 0.058128 1.816507 -0.019353
v 0.032387 1.813448 -0.003633
v 0.031512 1.812594 -0.021887
v 0.009948 1.796078 -0.003834
v -0.761271 1.311907 -0.005796
v 0.025972 1.789400 -0.006211
v 0.019302 1.782663 -0.021227
v 0.019847 1.759832 -0.003030
v -0.000526 1.762605 -0.009380
v 0.012157 1.744777 -0.022870
v 0.005779 1.787597 -0.022660
v 0.020341 1.736634 -0.002972
v 0.026582 1.753455 -0.021613
v 0.030728 1.726590 -0.017255
v 0.052553 1.739648 -0.006651
v 0.057485 1.724636 -0.024267
v 0.050046 1.739024 -0.021596
v 0.076383 1.721107 -0.001610
v 0.067838 1.713007 -0.014372
v 0.093688 1.735969 -0.005005
v 0.087434 1.735324 -0.020891
v 0.135938 1.756297 -0.005442
v 0.149638 1.752499 -0.025796
v 0.122151 1.722994 -0.005036
v 0.125241 1.749059 -0.020808
v 0.125876 1.735968 -0.000551
v 0.174721 1.686599 0.006091
v 0.154886 1.684152 -0.007244
v 0.192096 1.673369 -0.006912
v 0.195066 1.693919 0.006250
v 0.159271 1.708313 0.006748
v 0.174795 1.673521 -0.020604
v 0.348266 1.970699 -0.009244
v 0.079201 1.822018 -0.011462
v 0.102915 1.800134 -0.005973
v 0.220481 1.844838 -0.004699
v 0.251477 1.858036 0.004068
v 0.197271 1.813162 -0.004327
v 0.240532 1.879471 -0.005197
v 0.219979 1.854702 0.001748
v -0.712887 1.340500 -0.035725
v 0.191845 1.879096 -0.004811
v 0.205160 1.965398 -0.030174
v 0.172020 1.960931 -0.006296
v 0.223026 1.924159 0.004042
v 0.185923 1.996485 -0.009130
v 0.187532 1.997054 -0.022817
v 0.195721 1.957308 0.000555
v 0.191182 1.928029 -0.003869
v 0.172072 1.958438 -0.025307
v 0.221497 1.995581 -0.003667
v 0.213621 1.960639 0.002326
v 0.122160 1.954339 -0.008632
v 0.130267 1.937708 0.001442
v 0.145817 1.952415 -0.003410
v 0.117793 1.921146 -0.004902
v 0.114043 1.946629 -0.018221
v 0.134194 1.962632 -0.018355
v 0.112979 1.924278 -0.019350
v 0.132297 1.947716 -0.032595
v 0.145416 1.956613 -0.027150
v 0.169093 1.933824 -0.007733
v 0.146476 1.906577 0.005630
v 0.123838 1.928608 -0.033785
v 0.168745 1.931445 -0.028531
v 0.133545 1.896322 -0.019762
v 0.133258 1.907477 -0.033428
v 0.169349 1.915343 0.004104
v 0.175901 1.892656 0.006388
v 0.200068 1.931495 -0.032907
v 0.221558 1.996344 -0.025143
v 0.238600 1.914366 0.002192
v -0.716505 1.372787 0.007725
v 0.221131 1.892145 0.009531
v 0.192872 1.928068 -0.027752
v 0.230697 1.921785 -0.036237
v 0.240554 1.972726 -0.006389
v 0.186491 1.844357 -0.004331
v 0.140912 1.892451 -0.007302
v 0.156698 1.894765 -0.035969
v 0.220167 1.943201 -0.030381
v 0.249636 1.867051 -0.003241
v 0.205600 1.813770 0.003609
v 0.251694 1.976361 -0.004752
v 0.264492 1.923024 0.004285
v 0.257207 1.882020 -0.000707
v 0.239282 1.831795 0.005496
v 0.239659 1.954574 0.000915
v 0.294127 1.869375 -0.000065
v 0.192176 1.895738 -0.041927
v 0.241507 1.967978 -0.027259
v 0.272791 1.960166 -0.006488
v 0.172619 1.869011 -0.005237
v 0.190106 1.750747 0.010136
v 0.173456 1.869918 -0.022916
v 0.230603 1.913933 -0.033681
v 0.302314 1.957495 -0.008042
v 0.297660 1.925784 0.001425
v 0.175449 1.811236 0.000371
v 0.344386 1.946923 -0.004681
v 0.253279 1.830170 -0.001011
v 0.233234 1.788491 0.000514
v 0.134622 1.792283 -0.000552
v 0.144593 1.844857 -0.007633
v 0.220722 1.909004 -0.038706
v 0.270453 1.929530 -0.031733
v 0.261193 1.915318 0.002843
v 0.260339 1.914342 0.002599
v 0.259608 1.914342 0.002599
v 0.259486 1.914342 0.002599
v 0.258411 1.915433 0.002905
v 0.290696 1.856337 0.007192
v -0.724182 1.392087 -0.037537
v 0.260132 1.977129 -0.023164
v 0.269239 1.914342 0.002599
v 0.269361 1.914342 0.002599
v 0.268386 1.914342 0.002599
v 0.268264 1.914342 0.002599
v 0.308225 1.889670 0.001767
v 0.213281 1.756156 0.007208
v 0.161742 1.792761 -0.004266
v 0.105659 1.798588 -0.023744
v 0.079556 1.819872 -0.018280
v 0.107719 1.831750 -0.018673
v 0.167430 1.881316 -0.017198
v 0.331313 1.924800 0.004728
v 0.284736 1.907804 0.007926
v 0.262953 1.912809 0.003679
v 0.198203 1.849802 -0.022979
v -0.712415 1.335874 0.003104
v 0.242308 1.796677 0.007951
v 0.143316 1.791671 -0.027069
v 0.147765 1.846086 -0.021039
v 0.314239 1.920993 -0.035397
v 0.317270 1.969702 -0.008375
v 0.174005 1.758145 0.005118
v 0.178787 1.782596 -0.001574
v 0.225663 1.859282 -0.027532
v -0.751452 1.309692 -0.023565
v 0.272111 1.960038 -0.022726
v 0.304071 1.959061 -0.022713
v 0.187872 1.795933 -0.022811
v 0.289522 1.912864 0.002705
v 0.191417 1.877970 -0.022761
v 0.163973 1.752738 -0.005191
v 0.318890 1.969878 -0.023174
v 0.216271 1.729784 -0.001030
v 0.362289 1.942480 -0.010697
v 0.120512 1.722794 -0.020574
v -0.774497 1.306224 -0.004150
v 0.258510 1.861376 -0.023697
v 0.281088 1.905745 -0.041687
v 0.346474 1.920054 0.002900
v 0.151366 1.706221 -0.006308
v 0.203004 1.812758 -0.020958
v 0.235645 1.857981 -0.022633
v 0.240455 1.877642 -0.023449
v 0.211088 1.883570 -0.035921
v 0.258308 1.784456 0.011836
v 0.365980 1.936782 -0.000533
v 0.148003 1.770148 -0.022708
v 0.162853 1.792154 -0.024588
v 0.224192 1.727650 0.010060
v 0.263631 1.854601 -0.020688
v 0.294572 1.877948 -0.022632
v 0.346925 1.970345 -0.022013
v 0.409774 1.981536 -0.022844
v 0.287529 1.795978 0.001127
v 0.240136 1.832309 -0.020388
v 0.264606 1.855576 -0.020688
v 0.328110 1.917415 -0.033542
v 0.304296 1.838991 0.003451
v 0.276820 1.788666 0.008322
v 0.196087 1.679020 -0.023216
v 0.262391 1.844361 -0.031191
v 0.265460 1.856430 -0.020932
v 0.263265 1.877156 -0.023126
v 0.262290 1.878132 -0.023126
v 0.262412 1.878132 -0.023126
v 0.261436 1.877156 -0.023248
v 0.372825 1.945806 -0.032348
v 0.314350 1.866793 0.006745
v 0.313375 1.865818 0.006745
v 0.154781 1.708736 -0.026602
v 0.214329 1.820140 -0.024791
v 0.268557 1.879927 -0.025347
v -0.750356 1.257697 -0.023480
v 0.335911 1.892630 0.000233
v 0.315325 1.867646 0.006501
v 0.315204 1.865818 0.006501
v 0.317274 1.857417 0.002801
v 0.299133 1.804054 0.009429
v 0.226719 1.701097 0.008284
v 0.224436 1.685015 -0.003735
v -0.710793 1.307385 -0.038556
v 0.165195 1.689836 -0.030836
v 0.160551 1.745648 -0.016866
v 0.277164 1.897517 -0.042512
v 0.407247 1.960928 -0.032761
v 0.417667 1.966469 -0.020243
v 0.328916 1.856785 0.008734
v 0.187795 1.700903 -0.038136
v 0.167672 1.759527 -0.022937
v -0.737440 1.413250 -0.001563
v 0.283178 1.895751 -0.042404
v 0.341146 1.901176 0.010491
v 0.315553 1.886436 -0.024853
v 0.395645 1.910947 0.007873
v 0.331740 1.881257 0.005179
v 0.212747 1.703359 -0.012413
v 0.349981 1.902918 -0.043333
v 0.201174 1.784496 -0.036292
v -0.755403 1.271207 -0.004162
v 0.361405 1.940096 -0.022700
v 0.452802 1.943766 -0.004260
v 0.474966 1.981173 -0.009482
v 0.492390 1.984822 -0.010522
v 0.480068 1.983763 -0.022969
v 0.494638 1.979683 -0.022934
v 0.462427 1.970183 -0.017328
v 0.510599 1.952965 -0.015448
v -0.774242 1.306620 -0.024711
v 0.449154 1.944903 -0.020308
v 0.462933 1.933633 -0.036219
v 0.629833 1.816079 -0.041134
v 0.657168 1.829524 -0.043069
v 0.623030 1.832446 -0.019372
v -0.730891 1.266928 -0.037298
v 0.626388 1.825061 0.002287
v 0.634641 1.834426 -0.029988
v 0.596579 1.824610 -0.011730
v 0.659595 1.852611 -0.037603
v 0.644871 1.845735 -0.001324
v 0.590917 1.814679 -0.033757
v 0.651346 1.858520 -0.053739
v 0.588112 1.803581 0.006376
v 0.663079 1.842510 0.009442
v 0.692183 1.687813 -0.000449
v 0.692305 1.687569 -0.001180
v 0.729627 1.702457 -0.053852
v 0.762974 1.745660 -0.015175
v 0.710975 1.597863 0.002978
v 0.705930 1.578936 -0.019921
v 0.707694 1.434575 -0.026095
v 0.655882 1.388696 0.004136
v 0.592182 1.364946 -0.001528
v 0.597359 1.311590 -0.004619
v 0.775683 1.306700 -0.004581
v 0.750881 1.310045 -0.008076
v 0.795644 1.366968 -0.005473
v 0.786698 1.362697 0.003064
v 0.795261 1.347232 -0.010098
v 0.753830 1.391996 0.002129
v 0.771954 1.339190 -0.007222
v 0.728901 1.339190 0.008239
v 0.642318 1.249629 0.006013
v 0.699238 1.247928 0.006584
v 0.710722 1.258119 0.007853
v 0.710030 1.292257 0.003843
v 0.670407 1.271221 0.007262
v 0.728949 1.239684 0.003484
v 0.705308 1.207202 0.006662
v 0.724853 1.181081 0.005464
v 0.647664 1.067876 -0.048498
v -0.736554 1.147085 -0.028951
v 0.602702 0.845090 -0.002690
v 0.612719 0.834404 0.000214
v 0.731032 0.929255 -0.016363
v 0.735482 0.909340 -0.007945
v 0.717372 0.953091 -0.014568
v 0.664816 0.952321 -0.036402
v 0.651683 0.965791 0.039144
v 0.679422 0.976404 0.056414
v 0.681162 0.952715 0.034358
v 0.714172 0.973672 0.046587
v 0.705437 0.946704 0.012599
v 0.635530 0.981036 0.041095
v 0.732661 0.974685 0.030196
v 0.660768 0.945756 0.009428
v 0.733442 0.962679 -0.004761
v 0.688376 0.943147 -0.015693
v 0.659335 0.947387 -0.022141
v 0.668550 1.012743 0.068196
v 0.697537 0.996193 0.064030
v -0.699116 1.368193 -0.040950
v 0.618824 0.997398 0.029043
v 0.634718 1.023375 0.053474
v 0.623893 0.972323 0.007404
v -0.697471 1.355853 0.006990
v 0.722364 0.965404 -0.034232
v 0.642681 0.954223 -0.008847
v 0.611804 0.996244 -0.005973
v 0.684622 0.950949 -0.037506
v 0.609284 1.022376 0.014164
v 0.718469 1.017352 0.061152
v 0.746331 0.987329 -0.018901
v 0.713446 0.915708 -0.000844
v 0.712037 0.949471 -0.018266
v 0.743689 0.863383 -0.004502
v 0.710693 0.947671 -0.009373
v 0.728005 0.871881 0.004924
v 0.758896 0.729654 -0.006099
v 0.618495 0.698990 -0.005642
v 0.629920 0.779643 0.003236
v 0.650824 0.780924 0.001664
v 0.705717 0.743047 0.008208
v 0.706326 0.742315 0.007842
v 0.707290 0.565602 -0.002726
v 0.591219 0.659715 -0.002065
v 0.700348 0.710114 0.009562
v 0.683602 0.687965 0.002388
v 0.683252 0.716785 0.004369
v 0.660240 0.540048 0.003940
v 0.615281 0.185021 -0.045509
v 0.649023 0.385940 -0.007154
v 0.640984 0.563246 0.006443
v 0.669338 0.202534 -0.043656
v 0.730081 0.174393 -0.058124
v 0.616672 0.573301 0.005749
v 0.546610 0.161971 -0.024467
v 0.546732 0.161849 -0.024467
v 0.546610 0.161483 -0.023614
v 0.741242 0.246628 -0.014800
v 0.663557 0.205302 0.004627
v 0.707773 0.129596 -0.020852
v 0.748182 0.073697 -0.020271
v 0.752199 0.057487 -0.005785
v 0.715655 0.090454 -0.023291
v 0.731196 0.051071 -0.022386
v 0.707348 0.066796 -0.027933
v 0.734120 0.119424 -0.022393
v 0.765616 0.044501 -0.011785
v 0.751185 0.106224 -0.003975
v 0.715729 0.055271 -0.018002
v 0.713300 0.089649 -0.003115
v 0.676456 0.191842 0.001014
v 0.702587 0.177986 -0.000321
v 0.651318 0.199844 -0.000587
v 0.675846 0.191232 0.001746
v 0.674871 0.191598 0.001746
v 0.673895 0.192086 0.001746
v 0.678791 0.195490 -0.003305
v 0.668494 0.185293 -0.015472
v 0.695933 0.188466 -0.008547
v 0.718602 0.146009 -0.021378
v 0.717480 0.036240 -0.009216
v 0.708681 0.126422 -0.004864
v 0.685058 0.165237 -0.019787
v 0.772243 0.080111 -0.022585
v 0.731160 0.221633 -0.002801
v 0.770783 0.041279 -0.021963
v 0.755118 0.234304 -0.020157
v 0.726127 0.202344 -0.003037
v 0.733059 0.149032 -0.002896
v 0.744807 0.009780 -0.019618
v 0.711983 0.052290 -0.025465
v 0.693967 0.045776 -0.015140
v 0.725870 0.012704 -0.011306
v 0.698250 0.055525 -0.000568
v 0.623757 0.209886 0.008416
v 0.717745 0.000798 -0.026337
v 0.695049 0.070780 0.009876
v 0.700060 0.109135 0.011415
v 0.762733 0.046872 -0.037274
v 0.682729 0.037683 0.000656
v 0.686265 0.164093 0.004223
v -0.696839 1.409318 -0.003649
v 0.739617 0.252392 -0.024459
v 0.706498 0.015099 -0.015067
v 0.567996 0.221606 0.009811
v 0.511910 0.128355 -0.019024
v 0.471672 0.123534 -0.032100
v 0.279185 0.180064 0.001610
v 0.491640 0.130364 -0.022445
v 0.535903 0.083551 -0.020901
v 0.518414 0.083001 -0.003322
v 0.518078 0.081138 -0.018874
v 0.513250 0.099110 0.001709
v 0.455110 0.119546 0.000824
v 0.452352 0.094598 0.003322
v 0.458903 0.145294 -0.026259
v 0.323284 0.094254 0.007871
v 0.395768 0.180727 0.006310
v 0.409895 0.229884 0.006120
v 0.394642 0.263390 -0.007612
v 0.411356 0.254073 -0.001552
v 0.392790 0.241993 0.008308
v 0.374577 0.243378 0.000916
v 0.375568 0.253864 -0.014507
v 0.362716 0.140744 0.008292
v 0.372255 0.166888 0.004105
v 0.377151 0.100891 0.003894
v 0.335254 0.142161 0.000634
v 0.340690 0.155629 0.005789
v 0.303755 0.110625 0.008743
v -0.706338 1.323697 -0.042840
v 0.395800 0.258473 -0.024747
v 0.414438 0.252024 -0.025711
v 0.420501 0.236028 -0.006051
v 0.417490 0.205524 -0.003835
v 0.473891 0.184302 0.007786
v 0.471693 0.215071 0.006421
v 0.345886 0.183846 0.000273
v 0.400353 0.169877 0.008202
v 0.343462 0.094854 0.010010
v 0.321288 0.121792 -0.001127
v 0.366556 0.209992 0.005114
v 0.442055 0.218803 -0.014810
v 0.349238 0.078689 -0.000063
v 0.429145 0.155530 0.001453
v 0.439599 0.156723 -0.025680
v 0.390682 0.118698 0.006210
v 0.360050 0.216746 -0.006614
v -0.710950 1.274821 0.004159
v 0.496978 0.160859 -0.006553
v 0.490320 0.129719 -0.000684
v 0.515395 0.115041 0.002585
v 0.535571 0.084710 -0.002921
v 0.458406 0.148514 0.001402
v 0.396881 0.059340 0.003063
v 0.334162 0.225496 0.005765
v 0.393445 0.237272 -0.036843
v 0.497244 0.187684 0.008710
v 0.540455 0.105948 -0.001778
v 0.355074 0.050972 0.002197
v 0.328707 0.076313 0.009143
v 0.420710 0.205963 -0.022243
v 0.351092 0.012412 -0.011735
v 0.342879 0.034799 0.005196
v 0.330380 0.012560 0.000517
v 0.300427 0.120839 -0.000076
v 0.301005 0.145543 0.004889
v 0.481309 0.160715 -0.028410
v 0.534914 0.112784 -0.027138
v 0.518871 0.101866 -0.028419
v 0.489986 0.082236 -0.003526
v 0.396780 0.046388 -0.005779
v 0.473706 0.216292 -0.032527
v 0.451517 0.078780 -0.005541
v 0.425013 0.127804 0.000364
v 0.509019 0.112545 -0.031898
v 0.332071 -0.000000 -0.013719
v 0.315065 0.009749 -0.007318
v 0.281890 0.173591 0.006867
v 0.323269 0.238684 -0.002373
v 0.404409 0.183209 -0.032327
v 0.454102 0.122336 -0.024566
v 0.514473 0.089240 -0.019412
v 0.414128 0.102755 0.001703
v 0.500755 0.233086 -0.002954
v 0.377618 0.050167 -0.005914
v 0.307218 0.091913 0.002431
v 0.344860 0.244315 -0.012679
v 0.421915 0.135815 -0.023136
v 0.317441 0.007003 -0.025270
v 0.525074 0.188708 0.008773
v 0.310777 0.061553 0.006625
v 0.256938 0.241839 -0.002627
v 0.243723 0.202112 0.005602
v 0.292308 0.204895 -0.000439
v 0.488468 0.082062 -0.025676
v 0.419744 0.090789 -0.007451
v 0.340119 0.015717 -0.031653
v 0.299962 0.219594 -0.006475
v 0.516791 0.154444 -0.006824
v 0.531222 0.161842 -0.003942
v 0.485728 0.162906 -0.014949
v 0.409909 0.175771 -0.033909
v -0.709302 1.254422 0.007519
v 0.523840 0.178463 0.002300
v 0.550258 0.237711 -0.000886
v -0.747685 1.227464 -0.005743
v 0.497742 0.233403 -0.019854
v 0.519231 0.155059 -0.022299
v 0.472958 0.183892 -0.034551
v 0.683527 0.225955 -0.007695
v 0.745274 0.206543 -0.016542
v 0.750958 0.014632 -0.030131
v 0.636015 0.222927 -0.000693
v -0.698969 1.313922 -0.045235
v 0.729799 0.188702 -0.018740
v 0.612658 0.016641 -0.000730
v 0.583547 0.027055 -0.013864
v 0.589086 0.051884 0.007581
v 0.636575 0.030167 0.010174
v -0.705039 1.427303 -0.027017
v 0.491462 0.169921 -0.026598
v 0.587151 0.239223 -0.009047
v 0.694121 0.234965 -0.021668
v 0.743637 0.213582 -0.039729
v 0.534455 0.166018 -0.016600
v 0.748316 0.146590 -0.022411
v 0.758226 0.115985 -0.031626
v 0.605180 0.013259 -0.020619
v 0.575415 0.043935 -0.003164
v 0.579298 0.195340 0.012064
v 0.743285 0.230572 -0.040122
v 0.674373 0.158283 0.012443
v 0.720029 0.231146 -0.044615
v 0.709934 0.185082 -0.017690
v 0.571845 0.047663 -0.022227
v 0.574414 0.085812 -0.018510
v 0.628722 0.057971 0.010017
v 0.565372 0.170512 0.002607
v 0.659640 0.021123 -0.002127
v 0.588894 0.032573 -0.035369
v 0.548598 0.159956 -0.007389
v 0.657398 0.230193 -0.016953
v 0.755653 0.072838 -0.039296
v 0.680897 0.032046 -0.023497
v 0.732304 0.194647 -0.033774
v 0.571356 0.241266 -0.022556
v 0.707552 0.235225 -0.036985
v 0.748342 0.120738 -0.040721
v 0.698986 0.020702 -0.035287
v 0.551113 0.158824 -0.015885
v 0.528490 0.213316 -0.038134
v 0.702805 0.183941 -0.034422
v 0.588926 0.077311 0.004797
v 0.667004 0.083195 0.010297
v 0.724295 0.166765 -0.035517
v 0.716685 0.034914 -0.044176
v -0.715020 1.428557 -0.004452
v 0.588257 0.046703 -0.040197
v 0.577051 0.083136 -0.005612
v 0.517797 0.185268 -0.034376
v 0.567104 0.230338 -0.035089
v 0.626325 0.016018 -0.031361
v 0.546976 0.161971 -0.023736
v 0.542102 0.169690 -0.026635
v 0.716741 0.193949 -0.040117
v 0.741734 0.100761 -0.032536
v 0.745954 0.068052 -0.034980
v 0.733531 0.051264 -0.034322
v 0.651835 0.013637 -0.014132
v 0.582004 0.072601 -0.034996
v 0.586922 0.171267 0.004384
v 0.647706 0.228152 -0.028379
v 0.678042 0.222530 -0.036900
v -0.730818 1.154843 0.002439
v 0.664821 0.277319 -0.043084
v 0.686365 0.015306 -0.046932
v 0.646805 0.125834 0.007546
v 0.603177 0.088211 -0.002717
v 0.628950 0.158515 0.010672
v 0.560848 0.160701 -0.003353
v 0.723083 0.214246 -0.047358
v 0.722911 0.154895 -0.042224
v 0.597990 0.156932 0.005509
v 0.686585 0.333747 -0.033834
v 0.643258 0.082224 -0.001271
v -0.705061 1.400501 -0.049974
v 0.704027 0.322272 -0.037620
v 0.696966 0.029938 -0.070410
v 0.674194 0.028068 -0.028370
v 0.580968 0.156663 -0.003744
v 0.539132 0.188276 -0.038438
v 0.630543 0.436071 0.004583
v 0.611481 0.310418 -0.021822
v 0.610152 0.314813 0.000587
v 0.638895 0.310745 -0.021894
v 0.630566 0.307291 -0.002328
v 0.591980 0.346020 -0.003641
v 0.589719 0.341517 -0.016744
v 0.648854 0.335957 -0.003224
v 0.604982 0.337521 -0.030855
v 0.613223 0.399620 0.001779
v 0.640755 0.347250 0.005121
v 0.639933 0.331035 -0.030259
v 0.604189 0.399700 -0.008042
v 0.607732 0.341936 0.006778
v -0.726250 1.260977 0.004907
v 0.646416 0.346305 -0.023812
v 0.602628 0.482278 -0.001402
v 0.634279 0.447297 0.004852
v 0.783583 0.320853 -0.012114
v 0.791188 0.322046 -0.021568
v 0.766501 0.301829 -0.016759
v 0.782630 0.349750 -0.016961
v 0.785204 0.330403 -0.032713
v 0.770502 0.305528 -0.031931
v 0.750829 0.312455 -0.005284
v 0.768058 0.342087 -0.009337
v 0.740393 0.298428 -0.024014
v 0.755834 0.328457 -0.019502
v 0.706099 0.325791 -0.000549
v 0.733966 0.327938 -0.022943
v 0.686318 0.329573 -0.018306
v 0.683039 0.345218 -0.000205
v 0.682917 0.345218 -0.000205
v 0.683161 0.345584 -0.001180
v 0.678608 0.349661 -0.002123
v 0.682430 0.345218 -0.001058
v 0.706157 0.340932 -0.020919
v 0.677749 0.374450 -0.023511
v 0.668591 0.391929 -0.001960
v 0.727860 0.369865 0.009371
v 0.768091 0.403704 0.010386
v 0.783814 0.421600 0.001490
v 0.762926 0.490839 -0.007426
v 0.778813 0.459651 0.000029
v 0.784831 0.464252 -0.013668
v 0.747690 0.357896 -0.003229
v 0.686373 0.385315 0.007389
v -0.739886 1.415956 -0.026261
v 0.749683 0.480626 0.002804
v 0.781163 0.474559 -0.021807
v 0.742909 0.460084 0.001649
v 0.788660 0.419471 -0.021214
v -0.687762 1.314984 0.004574
v 0.771963 0.380594 -0.027484
v 0.753487 0.325536 -0.041479
v 0.731338 0.474037 -0.002476
v 0.753998 0.496787 -0.027838
v 0.720207 0.352789 -0.023438
v 0.767008 0.351506 -0.020307
v 0.765347 0.350635 -0.035588
v 0.625567 0.381683 -0.029874
v 0.738066 0.422585 0.006225
v 0.739736 0.496442 -0.010538
v 0.760415 0.480646 -0.040506
v 0.777342 0.390679 -0.006873
v 0.766693 0.369383 -0.018523
v 0.765367 0.368792 -0.031264
v 0.659417 0.368644 -0.003658
v 0.656415 0.400787 -0.020095
v 0.696932 0.410406 0.011038
v 0.601370 0.501153 -0.018599
v 0.712477 0.357244 -0.008991
v -0.714926 1.248695 -0.040485
v 0.734454 0.321866 -0.048083
v 0.637534 0.428149 -0.014095
v 0.638413 0.406787 -0.010920
v 0.606146 0.387364 -0.023830
v 0.734647 0.491048 -0.030723
v 0.745763 0.353565 -0.022180
v 0.728762 0.345231 -0.020530
v 0.740880 0.330783 -0.033282
v 0.718878 0.052292 -0.037200
v 0.653801 0.023121 -0.034739
v 0.590650 0.086538 -0.029026
v -0.692782 1.386270 -0.037977
v 0.661602 0.232152 -0.054660
v 0.615617 0.475126 0.007327
v 0.654722 0.443376 0.010864
v 0.569100 0.156206 -0.024612
v 0.672483 0.350982 -0.035670
v 0.722669 0.477896 -0.016469
v 0.608586 0.154706 0.001770
v 0.639770 0.395843 -0.017021
v 0.650829 0.373119 -0.020177
v 0.633896 0.526717 0.009284
v 0.729304 0.071884 -0.040612
v 0.619533 0.037024 -0.043783
v 0.657151 0.281286 -0.068806
v 0.714258 0.425997 0.001739
v 0.733623 0.346770 -0.038248
v 0.717047 0.323485 -0.048879
v 0.727204 0.133888 -0.035373
v 0.664619 0.031179 -0.050658
v 0.650533 0.482519 0.006103
v -0.698769 1.418011 -0.022567
v 0.727679 0.201717 -0.068677
v 0.717124 0.032900 -0.048931
v 0.640783 0.088718 -0.011722
v 0.620769 0.209827 -0.040495
v -0.732891 1.432503 -0.010028
v 0.607082 0.069222 -0.042123
v 0.673239 0.192437 -0.039987
v 0.726288 0.431980 -0.006813
v 0.618854 0.141373 -0.000530
v 0.584771 0.145877 -0.015567
v 0.584161 0.146243 -0.015201
v 0.584771 0.145999 -0.015567
v 0.598724 0.168972 -0.040064
v 0.665615 0.222865 -0.078808
v 0.603830 0.541491 -0.000116
v 0.717689 0.245617 -0.082851
v 0.683552 0.031949 -0.070611
v 0.640861 0.115228 -0.006754
v 0.614642 0.143561 0.002233
v 0.613666 0.144780 0.001990
v 0.611619 0.135410 -0.014029
v 0.584161 0.146853 -0.014714
v 0.580428 0.152731 -0.020564
v 0.648902 0.385330 -0.007764
v 0.648902 0.386184 -0.007154
v 0.649511 0.386915 -0.007886
v 0.653346 0.560420 0.004461
v 0.748491 0.455106 -0.040636
v 0.769831 0.390878 -0.039269
v 0.724530 0.356732 -0.040550
v 0.663364 0.040636 -0.039467
v 0.615251 0.143195 0.001380
v 0.614154 0.143439 0.001380
v 0.593937 0.147894 -0.017843
v 0.584917 0.163457 -0.033098
v 0.626894 0.430669 -0.031131
v 0.669341 0.461843 0.006435
v -0.707343 1.384563 -0.067646
v 0.632876 0.064162 -0.042540
v 0.613929 0.138867 -0.011874
v 0.602284 0.193800 -0.043918
v 0.691346 0.531947 0.002573
v 0.648534 0.516799 0.004409
v 0.728220 0.470794 -0.032014
v 0.781252 0.436527 -0.037303
v 0.723177 0.276561 -0.057184
v 0.653808 0.330841 -0.056498
v 0.651303 0.602171 0.000728
v 0.697879 0.440168 -0.001016
v 0.752802 0.386473 -0.048625
v 0.659398 0.067004 -0.045070
v 0.680471 0.222340 -0.089922
v 0.632626 0.458311 -0.029188
v 0.735441 0.087822 -0.057997
v 0.698322 0.245210 -0.092020
v 0.670310 0.302598 -0.088234
v -0.701994 1.239565 0.006935
v 0.610998 0.520172 -0.027547
v 0.665642 0.534515 -0.004023
v 0.675967 0.466072 0.003459
v 0.637513 0.412251 -0.022762
v 0.607961 0.576049 -0.017157
v 0.661942 0.377510 -0.039335
v 0.637143 0.547251 -0.030584
v 0.720611 0.293518 -0.071165
v 0.656214 0.631727 0.004281
v 0.667657 0.511830 -0.001017
v 0.660484 0.540658 0.003575
v 0.660362 0.540048 0.003940
v 0.659630 0.539195 0.003940
v 0.723870 0.435682 -0.021086
v 0.645022 0.406335 -0.033016
v 0.640682 0.476288 -0.028862
v 0.689290 0.458816 -0.015672
v 0.732447 0.426927 -0.036777
v 0.674840 0.681853 0.005383
v 0.671584 0.599575 0.002332
v 0.703960 0.442214 -0.023137
v 0.729005 0.662778 0.005491
v 0.751969 0.409363 -0.045770
v -0.691064 1.441401 -0.005789
v 0.655147 0.344021 -0.076173
v 0.708886 0.746713 0.004493
v 0.693479 0.561855 -0.003155
v 0.656004 0.468772 -0.023669
v 0.630930 0.632910 -0.005894
v 0.647530 0.648977 0.000326
v 0.717836 0.363297 -0.050252
v 0.678099 0.357268 -0.092126
v -0.746899 1.198346 -0.024927
v 0.743011 0.690290 0.006259
v 0.791987 0.669504 -0.005348
v 0.777013 0.673224 0.004009
v 0.781574 0.655668 -0.008674
v 0.755248 0.654948 -0.002161
v 0.640697 0.658094 0.005083
v -0.704494 1.317455 -0.054733
v 0.730917 0.538206 -0.005049
v 0.658394 0.418157 -0.038191
v 0.616291 0.603086 -0.006116
v 0.681765 0.736281 0.008383
v 0.789797 0.694840 -0.003436
v 0.782254 0.654891 -0.024011
v 0.716386 0.673740 0.001053
v 0.714057 0.396413 -0.053039
v 0.714469 0.312110 -0.080476
v 0.647753 0.395738 -0.065124
v 0.589851 0.638610 -0.013357
v 0.705355 0.515752 -0.009842
v 0.664896 0.438473 -0.034862
v 0.609149 0.630142 -0.003133
v 0.609110 0.628095 -0.018979
v 0.716830 0.653999 0.007788
v 0.691884 0.586535 -0.007400
v 0.712478 0.582906 -0.025988
v 0.707327 0.426316 -0.041899
v 0.731046 0.594080 -0.007569
v 0.731360 0.532438 -0.022918
v 0.695251 0.441829 -0.036005
v 0.658527 0.403910 -0.086136
v 0.663530 0.502329 -0.035193
v 0.696263 0.621005 -0.004062
v 0.705296 0.514536 -0.023283
v 0.624215 0.596201 -0.026231
v 0.633211 0.634593 -0.020070
v 0.705672 0.606595 -0.003684
v 0.737535 0.560138 -0.011458
v 0.649384 0.519357 -0.019793
v 0.651453 0.708699 0.004737
v 0.705717 0.743291 0.008208
v 0.706326 0.744144 0.007964
v 0.796339 0.683663 -0.020230
v 0.683603 0.462451 -0.033783
v 0.645033 0.569546 -0.019738
v 0.593374 0.660909 -0.024451
v 0.670454 0.751793 0.007431
v 0.713448 0.792629 0.005946
v 0.725480 0.723175 0.007731
v 0.789830 0.698431 -0.025731
v -0.690562 1.453452 -0.022297
v 0.754735 0.644756 -0.005088
v 0.671437 0.516678 -0.016177
v -0.674568 1.394298 0.002836
v 0.759414 0.711495 -0.004196
v 0.742520 0.641511 0.000053
v 0.728605 0.645702 -0.004731
v 0.727565 0.539695 -0.028968
v 0.673537 0.497174 -0.033641
v 0.715332 0.373469 -0.073138
v 0.658623 0.549268 -0.037193
v 0.607760 0.645453 -0.028745
v 0.658302 0.727015 0.000026
v 0.780770 0.673129 -0.036076
v 0.673499 0.519581 -0.033271
v 0.645556 0.726245 0.004128
v 0.653718 0.754861 0.001396
v 0.689241 0.771416 0.006351
v 0.756615 0.654504 -0.027132
v -0.743798 1.157869 -0.007112
v 0.746317 0.739697 -0.005725
v 0.736695 0.622209 -0.004620
v 0.645933 0.604904 -0.027082
v 0.626030 0.682514 -0.000436
v 0.630304 0.762880 0.001343
v 0.760107 0.711380 -0.025193
v 0.696760 0.367772 -0.090845
v 0.614840 0.677649 -0.015755
v 0.745920 0.639208 -0.030219
v 0.706338 0.481733 -0.049181
v 0.649873 0.424196 -0.047932
v 0.655561 0.639643 -0.028021
v 0.654894 0.773150 0.005658
v 0.644184 0.492194 -0.059667
v 0.651085 0.607972 -0.020785
v 0.636953 0.646622 -0.028205
v 0.730181 0.760738 0.004201
v 0.733036 0.594954 -0.021048
v 0.648950 0.510384 -0.046122
v 0.629668 0.683802 -0.028984
v 0.635336 0.700165 -0.007558
v 0.777408 0.735870 -0.025211
v -0.702209 1.205906 0.007095
v 0.700124 0.559379 -0.030634
v 0.709274 0.441717 -0.074484
v 0.777733 0.739197 -0.005002
v 0.694523 0.529976 -0.039246
v 0.645478 0.481218 -0.071995
v 0.597018 0.714871 -0.004925
v 0.691083 0.574820 -0.026528
v 0.597434 0.717991 -0.022184
v 0.600219 0.788989 -0.002325
v 0.595314 0.798266 0.000348
v 0.742010 0.668518 -0.037388
v 0.732164 0.641333 -0.023340
v 0.683483 0.806066 0.006478
v 0.751317 0.732270 -0.022284
v 0.745869 0.701633 -0.037062
v 0.660375 0.580300 -0.035553
v 0.616542 0.698890 -0.022325
v 0.614909 0.735654 -0.005969
v 0.648319 0.608361 -0.045104
v 0.637530 0.703110 -0.019949
v 0.605752 0.746781 -0.004384
v 0.649999 0.796392 0.002620
v 0.755588 0.769322 -0.004591
v -0.667302 1.353960 0.003488
v -0.665383 1.325139 0.007158
v 0.712775 0.440827 -0.059762
v 0.630072 0.720938 -0.029392
v 0.595846 0.779018 -0.002621
v 0.698462 0.611987 -0.020726
v 0.685116 0.564114 -0.035542
v 0.651218 0.652459 -0.023126
v 0.651218 0.652581 -0.023126
v 0.651218 0.652825 -0.023126
v 0.755735 0.771334 -0.024791
v 0.736641 0.619738 -0.027622
v 0.678309 0.482058 -0.092335
v 0.642646 0.611975 -0.055118
v 0.651949 0.653679 -0.023736
v 0.656800 0.680693 -0.035595
v 0.746574 0.817227 -0.004845
v 0.721999 0.656403 -0.032662
v 0.695931 0.624653 -0.029811
v 0.650880 0.502057 -0.082401
v 0.743104 0.875418 -0.022410
v -0.703835 1.307463 -0.070749
v 0.586850 0.837994 -0.003961
v 0.659381 0.639057 -0.035874
v -0.682113 1.429602 -0.033943
v 0.725488 0.662909 -0.037978
v 0.602448 0.846153 -0.024098
v 0.659105 0.834639 -0.000803
v 0.703166 0.425243 -0.084568
v 0.660477 0.501607 -0.089960
v 0.651944 0.720486 -0.025185
v 0.598377 0.765406 -0.020464
v 0.586904 0.836174 -0.022785
v 0.653857 0.736533 -0.033378
v 0.638746 0.743535 -0.026618
v -0.675039 1.334242 0.005038
v -0.676746 1.334120 0.004672
v 0.711747 0.835360 0.007951
v 0.709849 0.894655 -0.030483
v 0.731027 0.779747 -0.037262
v 0.684392 0.619873 -0.035566
v 0.720272 0.858643 -0.039242
v 0.733611 0.879591 -0.033283
v 0.721073 0.722954 -0.041272
v 0.692190 0.659385 -0.039221
v 0.697127 0.583395 -0.044964
v 0.706374 0.521965 -0.070464
v 0.613781 0.737525 -0.021079
v 0.747001 0.813535 -0.024839
v 0.615719 0.837253 -0.025657
v 0.696111 0.523457 -0.085585
v 0.593380 0.801660 -0.024724
v 0.637010 0.847135 -0.004103
v 0.700704 0.866843 0.000441
v -0.696047 1.248466 -0.043405
v 0.589160 0.825831 -0.023858
v 0.589404 0.826684 -0.024345
v 0.588916 0.827660 -0.023736
v 0.634984 0.848123 -0.020629
v 0.590379 0.825831 -0.024467
v 0.705377 0.584074 -0.059099
v 0.648410 0.599942 -0.080555
v 0.656095 0.711231 -0.036661
v 0.599067 0.789656 -0.025576
v 0.681944 0.843427 -0.001508
v 0.712996 0.693644 -0.037381
v 0.655745 0.836360 -0.023791
v 0.710664 0.678285 -0.042017
v 0.701887 0.649289 -0.053112
v 0.675957 0.594493 -0.093060
v 0.656337 0.661431 -0.088595
v 0.642144 0.644848 -0.071133
v 0.655553 0.764759 -0.033398
v 0.713116 0.765815 -0.038363
v 0.696428 0.698191 -0.045092
v 0.712445 0.784953 -0.041207
v 0.668555 0.818782 -0.032016
v 0.688666 0.847356 -0.025928
v 0.639948 0.711261 -0.064056
v 0.643746 0.720243 -0.048987
v 0.658356 0.801948 -0.032065
v 0.657680 0.786207 -0.033855
v 0.657802 0.789621 -0.033611
v 0.695903 0.755558 -0.044104
v -0.704113 1.220450 -0.062907
v 0.656948 0.785231 -0.034831
v 0.657680 0.787426 -0.033855
v 0.703412 0.701077 -0.058943
v 0.696903 0.803082 -0.043966
v 0.645780 0.753602 -0.080133
v 0.700724 0.634521 -0.076719
v 0.691599 0.639966 -0.087201
v 0.644943 0.819628 -0.047218
v 0.704097 0.808571 -0.060296
v 0.690370 0.829814 -0.038313
v 0.670701 0.698867 -0.093117
v 0.641500 0.860741 -0.066699
v 0.672178 0.865884 -0.035721
v 0.689760 0.822813 -0.087746
v 0.643460 0.830808 -0.077490
v -0.674939 1.286941 0.007554
v 0.696157 0.743821 -0.082343
v 0.695310 0.866717 -0.045458
v 0.656684 0.802272 -0.037428
v 0.657730 0.792543 -0.090210
v 0.656622 0.902845 -0.039779
v 0.614704 1.047623 0.014431
v -0.707160 1.183155 -0.036797
v 0.701262 0.828682 -0.074792
v 0.645704 0.879557 -0.050404
v 0.624098 0.975913 -0.024345
v 0.664335 1.044922 0.062631
v 0.742863 0.990741 0.030629
v 0.725872 0.990142 -0.050562
v 0.689000 1.052216 0.061822
v 0.639513 1.051222 0.047843
v 0.702005 0.882701 -0.059684
v 0.610750 1.025510 -0.025245
v 0.755374 1.023925 -0.006963
v 0.746954 1.021536 -0.034835
v 0.622832 1.009762 -0.046936
v 0.700465 0.970199 -0.052651
v 0.643571 1.080065 0.023310
v 0.736817 1.023670 0.045158
v 0.719964 1.053335 0.050624
v 0.661291 0.890978 -0.090422
v 0.645867 0.974152 -0.050812
v 0.751011 1.023874 0.022306
v 0.642826 0.932693 -0.063825
v 0.665699 1.075179 0.043686
v 0.626679 1.071459 -0.002413
v 0.733441 1.027821 -0.050859
v 0.677186 0.859700 -0.092415
v 0.701611 1.005269 -0.067052
v 0.697310 0.947052 -0.078965
v 0.623629 1.042099 -0.042183
v 0.642439 1.085188 -0.007443
v 0.643614 1.008858 -0.063398
v 0.633758 1.067458 -0.033653
v -0.678469 1.259045 0.006463
v 0.713238 1.043319 -0.060603
v 0.741435 1.060385 -0.017307
v 0.719452 1.074552 0.031363
v 0.743026 1.054609 0.021690
v 0.730750 1.060291 -0.038446
v 0.643779 1.044711 -0.060397
v 0.698934 1.080803 0.037621
v 0.700952 1.063815 -0.054342
v 0.702180 1.033234 -0.067929
v 0.680712 0.995756 -0.090730
v 0.652998 0.922367 -0.085509
v -0.691540 1.211498 -0.040443
v 0.646094 1.018152 -0.076855
v 0.663297 1.095120 -0.008469
v 0.732797 1.074522 0.004146
v 0.692692 1.083127 -0.041110
v 0.678348 1.092823 0.019328
v 0.696175 1.118123 -0.081308
v 0.683423 1.110453 -0.089660
v 0.673117 1.088626 -0.035564
v 0.664382 1.003379 -0.090958
v -0.687617 1.477410 -0.034633
v 0.642359 1.087312 -0.062208
v 0.687581 1.096048 -0.016667
v 0.706403 1.091597 0.010074
v 0.718057 1.080007 -0.028835
v 0.719232 1.085086 -0.012230
v 0.711356 1.090195 -0.009235
v 0.735445 1.118831 -0.015847
v 0.713672 1.115155 -0.027159
v 0.712306 1.125122 0.000298
v 0.711351 1.088533 -0.018077
v 0.742405 1.156462 -0.026531
v 0.668724 1.250889 0.002854
v 0.650345 1.277144 0.001719
v 0.673928 1.296254 0.009159
v 0.745972 1.288067 -0.005815
v 0.661313 1.243181 0.005950
v 0.669372 1.284642 0.001277
v 0.741969 1.159029 -0.004162
v 0.731479 1.180391 -0.037056
v 0.693291 1.300895 0.005731
v 0.746942 1.222422 -0.004821
v 0.679249 1.226262 0.006442
v 0.647979 1.312659 -0.001743
v 0.710765 1.355006 0.008144
v 0.651583 1.228656 0.004173
v 0.641220 1.249385 0.005647
v 0.641952 1.249750 0.006013
v 0.643171 1.250238 0.005647
v 0.694111 1.183840 -0.000395
v 0.598734 1.241539 0.000655
v 0.620349 1.251849 0.004284
v 0.637845 1.337170 0.004835
v 0.753527 1.347982 0.002808
v 0.786573 1.384216 -0.014711
v 0.755970 1.273347 -0.004857
v 0.701779 1.168839 -0.031596
v 0.609026 1.189383 -0.002020
v 0.798461 1.361907 -0.025915
v 0.720953 1.372157 0.001219
v 0.753344 1.324960 -0.004895
v 0.629394 1.246459 0.000283
v 0.628175 1.247434 0.000039
v 0.628541 1.247434 0.000039
v 0.641167 1.304511 0.003246
v 0.627443 1.246337 0.000283
v 0.773738 1.309915 -0.025336
v 0.752508 1.264432 -0.023882
v 0.671215 1.344358 0.005284
v 0.620483 1.263434 -0.000472
v 0.666207 1.336540 0.003066
v 0.786454 1.343943 -0.024888
v 0.679402 1.196468 -0.025693
v 0.670268 1.199684 -0.002122
v 0.666042 1.371205 0.000527
v 0.588808 1.196104 -0.004265
v 0.598217 1.250261 -0.002723
v 0.691561 1.351716 0.005540
v 0.748494 1.306270 -0.024189
v 0.648237 1.192824 -0.005409
v 0.784455 1.362182 -0.036472
v 0.754545 1.325464 -0.023822
v 0.739988 1.272412 -0.031444
v 0.589010 1.193548 -0.022219
v 0.607750 1.280332 -0.002378
v 0.618889 1.290814 -0.006263
v 0.745624 1.353724 -0.040188
v 0.764278 1.389171 -0.032970
v 0.624161 1.191921 -0.004423
v 0.657832 1.199092 -0.023897
v 0.637450 1.187197 -0.021845
v 0.756315 1.398464 -0.017487
v 0.693298 1.208352 -0.039781
v 0.620176 1.195571 -0.022886
v 0.595028 1.239546 -0.024915
v 0.675475 1.384397 0.002821
v 0.628796 1.333171 -0.008198
v 0.745510 1.332118 -0.035505
v 0.728192 1.252199 -0.038370
v 0.597613 1.307758 -0.021296
v 0.730068 1.402186 0.003373
v 0.612112 1.329390 -0.021999
v 0.614462 1.329502 -0.004950
v 0.605492 1.282710 -0.019365
v 0.696081 1.403700 -0.003371
v 0.738441 1.416542 -0.005278
v 0.699453 1.183755 -0.049104
v 0.702808 1.142493 -0.065031
v 0.657098 1.081776 -0.039370
v 0.734808 1.395723 -0.010044
v 0.669126 1.152800 -0.092038
v 0.601795 1.245206 -0.027217
v 0.621335 1.289649 -0.022797
v 0.589949 1.362388 -0.020720
v -0.660033 1.398244 -0.000270
v 0.614427 1.346517 -0.006281
v 0.591646 1.383716 -0.009901
v 0.678743 1.204920 -0.034522
v 0.665951 1.222818 -0.033471
v 0.607943 1.188768 -0.023983
v -0.692596 1.229082 0.004230
v 0.716053 1.245323 -0.039581
v 0.643070 1.166781 -0.065615
v 0.739224 1.414959 -0.023812
v 0.644175 1.257192 -0.056898
v 0.638906 1.364189 0.004985
v 0.733187 1.429896 -0.007236
v 0.721019 1.321745 -0.042113
v 0.697428 1.246783 -0.043825
v -0.731781 1.175944 -0.036986
v 0.646457 1.164864 -0.077524
v 0.600312 1.381196 -0.026062
v 0.636996 1.385733 -0.003867
v 0.727296 1.386607 -0.032391
v 0.669087 1.484167 0.003074
v -0.698106 1.359616 -0.083644
v 0.639626 1.304324 -0.031886
v 0.613003 1.392844 -0.004978
v 0.723509 1.398736 -0.037207
v 0.698798 1.300126 -0.045711
v 0.703323 1.294737 -0.054847
v 0.630708 1.337287 -0.028995
v 0.700965 1.418301 -0.003010
v 0.690985 1.214920 -0.086770
v 0.655825 1.088541 -0.087252
v 0.707058 1.434217 -0.002765
v 0.707424 1.436290 -0.002765
v 0.719522 1.368492 -0.034365
v 0.661847 1.247135 -0.033565
v 0.707667 1.437265 -0.002765
v 0.737091 1.498908 -0.009030
v 0.736084 1.465882 -0.008305
v 0.726421 1.435604 -0.021423
v 0.646340 1.453981 0.002006
v 0.700744 1.420491 -0.015189
v 0.707789 1.437753 -0.003253
v 0.710988 1.456388 -0.003741
v 0.704061 1.219690 -0.069244
v 0.633078 1.329211 -0.021525
v 0.652695 1.339128 -0.036971
v 0.647383 1.170170 -0.047430
v 0.711134 1.508821 0.000775
v 0.712592 1.328329 -0.036665
v 0.651640 1.309350 -0.026500
v 0.633460 1.391545 -0.019367
v 0.691310 1.451254 -0.006050
v 0.709467 1.346562 -0.041654
v 0.644993 1.273141 -0.072350
v 0.698183 1.479136 -0.001389
v 0.657633 1.280661 -0.036463
v 0.614179 1.444843 0.000730
v 0.639619 1.376455 -0.029530
v 0.658217 1.305731 -0.035635
v 0.621628 1.472361 0.007421
v 0.666009 1.496197 -0.000625
v 0.649783 1.296099 -0.045745
v 0.660351 1.349074 -0.035541
v 0.696095 1.415588 -0.025758
v 0.736311 1.487266 -0.024392
v -0.706104 1.455593 -0.079642
v 0.657411 1.241656 -0.088160
v 0.661469 1.364457 -0.021872
v 0.714960 1.520521 -0.011226
v 0.694864 1.469944 -0.022457
v -0.711674 1.491535 -0.055559
v 0.694971 1.378344 -0.037876
v 0.658826 1.481163 0.005653
v 0.675793 1.518534 -0.010175
v 0.698695 1.346565 -0.042986
v -0.694866 1.479425 -0.002368
v 0.683189 1.417911 -0.033647
v 0.697905 1.300354 -0.082043
v -0.661153 1.447699 0.003122
v 0.693904 1.517003 -0.003092
v 0.719078 1.514007 -0.029911
v 0.705351 1.309195 -0.065779
v 0.656649 1.516444 0.004731
v 0.707504 1.470371 -0.029378
v 0.703725 1.403249 -0.047496
v 0.681944 1.298845 -0.091545
v 0.645764 1.371373 -0.058633
v -0.670076 1.283489 0.001125
v 0.666727 1.412464 -0.033468
v 0.611787 1.455264 -0.023940
v 0.686764 1.476476 -0.034219
v 0.613938 1.429987 -0.009175
v 0.642142 1.457561 0.006509
v 0.660200 1.317898 -0.089179
v 0.698611 1.496847 -0.038730
v 0.649825 1.383308 -0.076988
v 0.645819 1.428255 -0.027372
v 0.629658 1.424881 -0.026382
v -0.677989 1.209585 -0.035105
v 0.653040 1.421837 -0.019030
v 0.680087 1.541285 -0.004007
v 0.600329 1.501815 -0.015321
v 0.678713 1.523336 -0.022127
v 0.666394 1.536345 0.005126
v 0.707210 1.384515 -0.069673
v -0.704552 1.470395 -0.045389
v 0.688507 1.554705 -0.017061
v 0.651096 1.529803 0.005160
v 0.651218 1.529803 0.005160
v 0.698869 1.511373 -0.037891
v 0.650243 1.530779 0.005525
v 0.683037 1.547122 -0.032638
v 0.677857 1.516649 -0.033973
v 0.705240 1.479423 -0.045946
v 0.653474 1.399767 -0.043754
v 0.690620 1.579215 0.004202
v 0.607661 1.516752 0.004504
v 0.638361 1.534623 0.008960
v 0.635899 1.492382 -0.030152
v 0.603532 1.562836 -0.003598
v 0.657760 1.562070 0.009899
v 0.746926 1.541264 -0.017274
v 0.741156 1.542500 -0.008490
v 0.761390 1.545826 -0.002909
v 0.759260 1.543807 -0.027947
v 0.746926 1.541264 -0.019103
v 0.746073 1.541264 -0.018127
v 0.745097 1.541386 -0.017274
v 0.736858 1.545847 -0.028639
v 0.783552 1.560242 -0.017781
v 0.744928 1.565626 0.005597
v 0.726436 1.554557 -0.011732
v 0.730354 1.590960 -0.005172
v 0.757341 1.560953 -0.041314
v 0.741171 1.581601 0.002350
v 0.730797 1.567761 -0.031453
v -0.698692 1.176244 -0.029956
v -0.699330 1.188345 -0.048700
v 0.646337 1.467267 -0.019423
v 0.648039 1.446032 -0.065110
v 0.784635 1.578071 -0.031767
v 0.693355 1.451326 -0.089489
v 0.748631 1.608765 0.007290
v 0.678094 1.611900 0.011466
v 0.692798 1.569411 -0.032256
v 0.703162 1.418764 -0.080498
v 0.728196 1.586296 -0.025272
v 0.780473 1.576873 0.001617
v 0.632013 1.560796 0.007312
v -0.644156 1.437533 0.005681
v 0.672645 1.429164 -0.091706
v 0.666329 1.502131 -0.036290
v 0.604102 1.620870 -0.016170
v 0.624193 1.713924 -0.019133
v 0.626965 1.710164 0.001000
v 0.599073 1.699381 -0.005155
v 0.601947 1.701360 -0.020456
v 0.642008 1.699534 -0.025890
v 0.617523 1.698112 -0.031644
v 0.641035 1.707246 -0.008843
v 0.623856 1.692375 0.008093
v 0.594489 1.669784 -0.001203
v 0.593879 1.673037 -0.023239
v 0.649803 1.678998 -0.019849
v 0.646211 1.684515 0.000083
v 0.604810 1.632529 -0.002777
v 0.740776 1.599872 -0.038987
v 0.716088 1.566232 -0.049192
v 0.654510 1.508235 -0.020546
v 0.610564 1.544370 -0.027113
v 0.713060 1.499566 -0.056860
v 0.658731 1.442047 -0.085356
v -0.677768 1.196711 -0.025169
v 0.628773 1.575280 -0.030520
v 0.610207 1.627656 -0.026044
v 0.617249 1.618400 0.003266
v 0.787890 1.602517 -0.005487
v 0.709272 1.593612 -0.038390
v 0.727529 1.652063 0.008783
v 0.775172 1.591088 -0.037845
v 0.710516 1.524344 -0.078351
v 0.651334 1.506329 -0.069653
v 0.781585 1.630101 -0.032198
v 0.756300 1.627664 -0.047294
v 0.639426 1.562996 -0.029383
v 0.656626 1.616846 0.001644
v 0.638278 1.630742 0.001232
v 0.630425 1.591999 0.004972
v 0.633127 1.579285 -0.000982
v 0.654858 1.545230 -0.023003
v 0.692389 1.648921 0.004386
v 0.654069 1.488191 -0.046897
v 0.638888 1.596696 -0.015930
v 0.782811 1.634684 -0.011771
v -0.626717 1.340149 -0.000974
v 0.635146 1.631159 -0.028190
v 0.763866 1.640414 0.007943
v 0.669280 1.540561 -0.034303
v 0.745473 1.667664 -0.001391
v 0.718670 1.611097 -0.048131
v -0.684409 1.195020 -0.002463
v -0.730711 1.108165 -0.011795
v 0.673214 1.532982 -0.090158
v 0.670994 1.586386 -0.033330
v -0.713376 1.115059 -0.026555
v 0.639425 1.615950 -0.009867
v 0.725614 1.669942 -0.003682
v 0.639957 1.620883 -0.018351
v 0.717629 1.594280 -0.073998
v 0.761235 1.665820 -0.011518
v 0.751302 1.664367 -0.038599
v 0.655405 1.582610 -0.072666
v 0.635728 1.590829 -0.026136
v 0.765405 1.657924 -0.030154
v 0.771762 1.651359 -0.026417
v 0.765910 1.660539 -0.020685
v 0.765694 1.681349 -0.034552
v 0.786907 1.704426 -0.016183
v 0.766153 1.679000 -0.021363
v 0.771227 1.694376 -0.009852
v 0.784595 1.705315 -0.032978
v 0.776209 1.733016 -0.013058
v 0.779648 1.732867 -0.027438
v 0.756512 1.701020 -0.019786
v 0.753838 1.752136 -0.024115
v 0.728233 1.675105 -0.035748
v 0.736727 1.676124 -0.024842
v 0.755297 1.718399 -0.005787
v 0.754790 1.702372 -0.039700
v 0.666331 1.572148 -0.086002
v 0.652243 1.539204 -0.056107
v 0.694196 1.594225 -0.090782
v 0.667264 1.636003 -0.020190
v -0.684523 1.505091 0.002111
v 0.740500 1.697519 -0.035990
v 0.722920 1.633601 -0.052993
v 0.723835 1.692681 -0.021104
v 0.736291 1.745577 -0.018719
v 0.648910 1.632089 -0.008173
v 0.707544 1.671036 -0.022406
v 0.662798 1.611965 -0.042513
v 0.688124 1.661051 -0.023307
v 0.741232 1.726646 -0.031501
v 0.737396 1.696323 -0.046188
v 0.724197 1.663371 -0.047925
v 0.759355 1.719528 -0.040790
v -0.676787 1.230648 0.006360
v 0.647268 1.624412 -0.032340
v 0.743437 1.724401 -0.016650
v 0.657473 1.626220 -0.056300
v 0.710364 1.626572 -0.085474
v 0.666005 1.650409 -0.081461
v 0.657117 1.657490 -0.020341
v 0.724070 1.692366 -0.077432
v 0.669545 1.665251 -0.002837
v 0.726978 1.716889 -0.046204
v 0.732212 1.746074 -0.060647
v 0.669533 1.661051 -0.040684
v 0.717467 1.705611 -0.001731
v 0.711426 1.853422 -0.021262
v 0.745458 1.841736 -0.021815
v 0.759516 1.832920 -0.006339
v 0.779723 1.814189 -0.033081
v 0.769860 1.857636 -0.022585
v 0.783249 1.827093 -0.019465
v 0.757746 1.817445 -0.037404
v 0.758923 1.853953 -0.038036
v 0.746780 1.863114 -0.003420
v 0.746961 1.888563 -0.025070
v 0.776957 1.797048 -0.010206
v 0.741985 1.867282 -0.040536
v 0.742104 1.848140 -0.031234
v 0.750336 1.809517 -0.033834
v 0.766130 1.762620 -0.020731
v 0.782114 1.784848 -0.024801
v 0.750823 1.814433 -0.020540
v 0.760956 1.778717 -0.041584
v 0.761110 1.787511 -0.006237
v 0.734005 1.882715 -0.002646
v 0.723147 1.809455 -0.017797
v 0.736848 1.798072 -0.032366
v 0.731773 1.789766 -0.044691
v 0.739408 1.840038 -0.039349
v 0.751297 1.755859 -0.035192
v 0.752838 1.805106 -0.007830
v 0.735731 1.802520 -0.020334
v 0.720476 1.880117 -0.022219
v 0.724156 1.802446 -0.036567
v 0.714616 1.805143 -0.025731
v 0.722471 1.847732 -0.018800
v 0.702055 1.878843 -0.040493
v 0.736625 1.755301 -0.008548
v 0.715639 1.840241 -0.008017
v -0.618748 1.390697 -0.001797
v 0.720328 1.896109 -0.042434
v 0.711832 1.810774 -0.000697
v 0.706741 1.909039 -0.001583
v 0.712826 1.887043 -0.033081
v 0.711081 1.882357 -0.039179
v 0.727784 1.822440 -0.042536
v -0.660052 1.286119 0.005807
v 0.717048 1.855638 -0.040308
v 0.714373 1.844238 -0.022273
v 0.714373 1.845457 -0.022273
v 0.714251 1.846554 -0.022273
v 0.714251 1.843384 -0.021175
v 0.714968 1.916656 -0.022502
v 0.726278 1.844779 -0.054320
v 0.732884 1.816648 -0.055174
v 0.705315 1.791022 -0.015757
v 0.687037 1.886424 -0.066010
v 0.762863 1.931565 -0.021253
v 0.775234 1.970168 -0.020131
v 0.776948 1.953759 -0.025242
v 0.758874 1.933116 -0.034222
v 0.750225 1.970353 -0.010382
v 0.747141 1.984164 -0.025002
v 0.754095 1.938312 -0.005988
v 0.767221 1.979557 -0.028142
v 0.752946 1.955226 -0.043855
v 0.741622 1.919653 -0.017422
v 0.753375 1.967158 -0.039771
v 0.693295 1.921278 -0.007532
v 0.736352 1.922231 -0.037064
v 0.679875 1.687922 -0.019059
v 0.716468 1.716612 -0.023104
v 0.727982 1.755176 -0.044500
v 0.701737 1.761627 -0.010645
v 0.691862 1.891463 -0.021780
v 0.748701 1.951419 -0.004064
v 0.662864 1.685183 -0.070846
v -0.693325 1.253744 -0.085300
v 0.685664 1.775998 0.003845
v 0.697737 1.881907 0.003426
v -0.683568 1.321596 -0.091122
v 0.690842 1.686837 -0.001058
v 0.693037 1.688788 -0.001058
v 0.703026 1.826081 0.009958
v -0.691618 1.455164 -0.090084
v 0.695752 1.961689 -0.021813
v 0.697849 1.854141 -0.079691
v 0.728905 1.776664 -0.074919
v 0.707032 1.745793 -0.021635
v 0.669204 1.928828 -0.001910
v 0.719625 1.840488 -0.071930
v 0.739293 1.746321 -0.026691
v 0.676522 1.911998 -0.019294
v 0.700862 1.928206 -0.043469
v 0.664049 1.873117 -0.064118
v 0.676059 1.714883 -0.086260
v 0.663844 1.778195 0.011289
v 0.696045 1.947111 -0.041289
v 0.694691 1.915772 -0.043547
v 0.708705 1.702926 -0.089357
v 0.713679 1.711581 -0.036313
v -0.609633 1.366978 0.003488
v 0.682964 1.935013 0.001317
v 0.691849 1.924540 -0.036901
v -0.663536 1.243147 0.006228
v 0.708055 1.746999 -0.034049
v 0.616626 1.828469 -0.063004
v 0.618160 1.823131 -0.051042
v 0.690258 1.864673 0.012125
v 0.691753 1.896918 -0.053594
v 0.648785 1.856147 -0.030377
v 0.671374 1.908022 0.009744
v 0.693000 1.954963 -0.034101
v 0.657673 1.928811 -0.005851
v 0.681231 1.952983 -0.009953
v 0.656248 1.941013 0.002184
v 0.666032 1.933325 -0.042486
v 0.641673 1.884789 -0.040841
v 0.680478 1.908665 -0.039206
v 0.661839 1.915620 -0.049023
v 0.636692 1.868064 0.000847
v 0.638849 1.939377 -0.041772
v 0.634471 1.884030 -0.038735
v 0.632773 1.870608 -0.030531
v 0.636785 1.900008 -0.045043
v 0.643998 1.855145 -0.014919
v 0.651744 1.957344 -0.027544
v 0.623202 1.887604 0.004127
v 0.617982 1.920497 0.011774
v 0.596931 1.960596 -0.010838
v 0.624285 1.945725 0.004506
v -0.716167 1.548174 -0.064868
v 0.612557 1.873421 -0.016485
v 0.608179 1.885769 -0.001929
v 0.608875 1.893307 0.006414
v 0.589747 1.914350 -0.043095
v -0.700074 1.476820 -0.021791
v 0.678810 1.986807 -0.012046
v 0.675286 1.987576 -0.024314
v 0.635554 1.997591 -0.015767
v 0.677801 1.978868 -0.011359
v 0.679740 1.978770 -0.024101
v 0.618067 1.976361 -0.034014
v 0.602512 1.983936 -0.035446
v 0.573648 1.995947 -0.016836
v 0.596299 1.985465 0.001565
v 0.601614 1.995200 -0.028664
v 0.550684 1.974723 0.002964
v 0.536126 1.973039 -0.011582
v 0.591360 1.957103 -0.031515
v 0.580021 1.944671 -0.039307
v 0.616051 1.975070 -0.000506
v 0.600220 1.897007 -0.033447
v 0.506442 1.945368 -0.003194
v 0.332604 1.870172 0.002694
v 0.255808 1.682181 -0.004872
v 0.233638 1.685696 -0.026485
v 0.421902 1.938757 -0.020780
v 0.281934 1.755789 0.003629
v 0.271579 1.713742 0.009837
v 0.246883 1.694069 0.010325
v 0.167397 1.713374 -0.036073
v 0.469190 1.935025 0.004803
v 0.416173 1.932442 -0.003683
v 0.260102 1.685936 -0.017172
v 0.507264 1.948031 -0.028006
v 0.591520 1.899437 0.005134
v 0.330948 1.801399 0.008511
v 0.226729 1.801784 -0.024892
v 0.248627 1.813856 -0.038030
v 0.318649 1.867183 -0.025964
v 0.578555 1.946977 -0.043175
v 0.600282 1.891061 -0.036528
v 0.586428 1.952487 0.002085
v 0.214237 1.706367 -0.021611
v -0.086067 1.797038 -0.004875
v -0.084836 1.801615 -0.020836
v -0.076373 1.792290 -0.018071
v -0.058430 1.816322 -0.019043
v -0.054339 1.803221 -0.004603
v -0.057497 1.802576 -0.020599
v -0.056913 1.816892 -0.004948
v -0.028776 1.815304 -0.016390
v -0.034344 1.798353 -0.023085
v -0.009514 1.797937 -0.005723
v -0.009093 1.795883 -0.020552
v -0.022466 1.785080 -0.006023
v -0.004974 1.771982 -0.002566
v -0.019234 1.779684 -0.022264
v -0.001681 1.758943 -0.007073
v -0.003855 1.760757 -0.021973
v -0.034497 1.744741 -0.004524
v -0.022676 1.760743 -0.021046
v -0.019640 1.734859 -0.005630
v -0.065094 1.723181 -0.001809
v -0.036981 1.746242 -0.020571
v -0.014032 1.742619 -0.022878
v -0.053874 1.716868 -0.020107
v -0.064593 1.714715 -0.005755
v -0.091451 1.734560 -0.004042
v -0.070369 1.733097 -0.023973
v -0.700076 1.496320 -0.038541
v -0.711217 1.463649 -0.026998
v -0.125794 1.735843 -0.000703
v -0.111405 1.719650 -0.020696
v -0.102971 1.739042 -0.020802
v -0.132820 1.727337 -0.006403
v -0.137366 1.756334 -0.003330
v -0.138508 1.758899 -0.021138
v -0.159864 1.744708 -0.014476
v -0.142470 1.844099 -0.007532
v -0.513840 1.748016 -0.076982
v -0.648345 1.299072 -0.034160
v -0.659485 1.303555 -0.034709
v -0.652670 1.369123 0.001023
v -0.650467 1.310098 -0.025808
v -0.668943 1.927753 -0.042877
v -0.668821 1.927753 -0.042877
v -0.669797 1.928119 -0.042146
v -0.580013 1.885535 -0.008665
v -0.772718 1.976937 -0.024127
v -0.754335 1.974454 -0.013989
v -0.745601 1.983279 -0.026554
v -0.766264 1.956260 -0.010167
v -0.756234 1.968516 -0.038699
v -0.771365 1.941220 -0.022786
v -0.749011 1.931770 -0.007525
v -0.768619 1.948248 -0.036252
v -0.690828 1.955246 -0.011941
v -0.725063 1.962215 -0.040568
v -0.689909 1.956730 -0.030884
v -0.746416 1.947173 -0.003221
v -0.748894 1.921655 -0.024984
v -0.746979 1.945421 -0.044341
v -0.680479 1.935260 0.000842
v -0.714735 1.923648 -0.003328
v -0.686124 1.924698 -0.008787
v -0.698642 1.931031 -0.045353
v -0.706884 1.154277 0.002355
v -0.675112 1.925156 -0.001032
v -0.673608 1.957036 -0.016893
v -0.713437 1.111852 -0.003324
v -0.678798 1.990029 -0.021221
v -0.681123 1.980266 -0.010652
v -0.679121 1.979384 -0.025497
v -0.618449 2.000000 -0.013905
v -0.583858 1.997470 -0.015779
v -0.455990 1.880612 -0.027956
v -0.343256 1.724370 0.011780
v -0.441957 1.849465 0.000539
v -0.440943 1.849101 -0.026992
v -0.421413 1.863362 0.001709
v -0.454249 1.853075 -0.026653
v -0.515780 1.818483 -0.017156
v -0.510259 1.825431 -0.003780
v -0.535630 1.822789 -0.018238
v -0.533489 1.827375 0.000432
v -0.534642 1.840956 -0.027768
v -0.542371 1.847626 -0.011130
v -0.484306 1.816810 -0.003000
v -0.455631 1.817169 -0.022133
v -0.513374 1.827688 -0.024913
v -0.513311 1.842474 0.002422
v -0.533692 1.883943 -0.001994
v -0.487526 1.820698 -0.026510
v -0.513102 1.856672 -0.001839
v -0.513131 1.856490 -0.022764
v -0.424225 1.835852 0.002900
v -0.337047 1.888462 -0.022628
v -0.382315 1.978961 -0.008477
v -0.391826 1.761126 0.010435
v -0.303384 1.956891 -0.007788
v -0.310845 1.922019 0.005695
v -0.215845 1.958122 -0.032570
v -0.224072 1.993791 -0.002407
v -0.224517 1.994359 -0.025520
v -0.187068 1.997232 -0.008458
v -0.186640 1.997102 -0.022271
v -0.240930 1.970850 -0.006074
v -0.171717 1.958131 -0.005997
v -0.189724 1.931231 -0.022445
v -0.205531 1.958923 0.000308
v -0.257678 1.978304 -0.004993
v -0.172259 1.958085 -0.024275
v -0.242996 1.933925 0.003338
v -0.275853 1.928139 0.001203
v -0.273548 1.959906 -0.007137
v -0.205049 1.958847 -0.030121
v -0.241417 1.971596 -0.025672
v -0.203826 1.922622 -0.000728
v -0.232861 1.920073 0.005179
v -0.262224 1.975446 -0.022923
v -0.217019 1.943236 -0.029756
v -0.190269 1.929587 -0.010299
v -0.341683 1.917658 0.002245
v -0.273219 1.960212 -0.021998
v -0.269727 1.928150 -0.032658
v -0.234592 1.914431 0.001719
v -0.201431 1.925199 -0.030488
v -0.318395 1.970921 -0.008832
v -0.170487 1.933938 -0.006378
v -0.304148 1.955674 -0.023565
v -0.172785 1.933164 -0.025987
v -0.132978 1.960611 -0.011100
v -0.117010 1.950878 -0.011699
v -0.147435 1.955015 -0.006363
v -0.111380 1.932304 -0.019263
v -0.122464 1.922541 0.000027
v -0.122063 1.940020 -0.029881
v -0.138759 1.962680 -0.023441
v -0.121255 1.908851 -0.012057
v -0.135759 1.942622 0.001173
v -0.142000 1.932588 -0.036488
v -0.128481 1.912061 -0.033680
v -0.144341 1.893314 -0.027692
v -0.304376 1.908282 0.008194
v -0.348105 1.970579 -0.010169
v -0.320387 1.971350 -0.022940
v -0.229077 1.922112 -0.036708
v -0.303939 1.921607 -0.036366
v -0.335596 1.874314 0.004143
v -0.717141 1.086020 -0.014742
v -0.289129 1.857276 0.007319
v -0.303163 1.837717 0.001853
v -0.297642 1.844461 0.007368
v -0.294230 1.870709 -0.000815
v -0.326918 1.890819 -0.000119
v -0.283065 1.873642 0.003932
v -0.325451 1.854554 0.008486
v -0.347325 1.854370 0.007470
v -0.357634 1.897430 0.003120
v -0.254571 1.831985 -0.000888
v -0.348209 1.841600 0.000891
v -0.710972 1.088649 -0.017225
v -0.351747 1.799763 0.006708
v -0.278174 1.884714 -0.001399
v -0.303041 1.898050 0.010562
v -0.251931 1.856562 0.004416
v -0.321468 1.900443 0.010890
v -0.319883 1.900443 0.010890
v -0.361246 1.921003 0.004953
v -0.224940 1.914952 -0.032874
v -0.293462 1.814099 0.002441
v -0.362754 1.854158 0.007571
v -0.371063 1.879809 0.002846
v -0.322322 1.899712 0.010524
v -0.317689 1.900443 0.010890
v -0.291034 1.907712 -0.040689
v -0.168961 1.910297 -0.039362
v -0.708941 1.093328 -0.006966
v -0.147796 1.897091 0.001773
v -0.233994 1.903950 0.009444
v -0.256412 1.867241 -0.003840
v -0.377910 1.744553 0.006406
v -0.404181 1.800083 0.004563
v -0.387649 1.903522 0.005879
v -0.163085 1.911207 0.006043
v -0.332949 1.799360 0.008380
v -0.264252 1.895302 -0.042838
v -0.344581 1.781896 -0.000101
v -0.416444 1.741251 -0.004355
v -0.362588 1.941856 -0.009642
v -0.224351 1.908592 -0.039001
v -0.230828 1.808245 0.005533
v -0.244487 1.803660 0.005827
v -0.355478 1.758615 0.000223
v -0.399355 1.840204 0.006095
v -0.388158 1.889335 0.008646
v -0.365149 1.937626 -0.001925
v -0.346179 1.971046 -0.021703
v -0.146199 1.888956 -0.013358
v -0.260435 1.883023 -0.000368
v -0.294389 1.790488 0.009657
v -0.335287 1.925613 -0.032946
v -0.717530 1.071739 -0.039454
v -0.435033 1.821365 -0.006793
v -0.380223 1.977698 -0.022239
v -0.685404 1.087686 -0.037691
v -0.388943 1.724743 -0.014445
v -0.382069 1.906974 0.008977
v -0.222191 1.844638 -0.004977
v -0.416423 1.780170 -0.010815
v -0.283317 1.771503 0.002282
v -0.289911 1.752016 0.011411
v -0.435116 1.779948 -0.004511
v -0.395593 1.959423 0.000103
v -0.401379 1.983087 -0.013447
v -0.362622 1.941803 -0.023216
v -0.347572 1.924997 -0.031616
v -0.324396 1.916264 -0.033026
v -0.434693 1.779803 -0.022755
v -0.356460 1.895460 -0.028832
v -0.332187 1.878584 -0.029846
v -0.190619 1.878668 -0.004689
v -0.217774 1.853417 0.001965
v -0.228283 1.778879 -0.000835
v -0.402584 1.730789 -0.019980
v -0.370799 1.929406 -0.036995
v -0.687758 1.096244 -0.012132
v -0.305001 1.883855 -0.024395
v -0.202753 1.887809 -0.039825
v -0.209858 1.819432 0.004893
v -0.418818 1.833818 -0.027812
v -0.422957 1.864047 -0.028328
v -0.414308 1.974179 -0.009152
v -0.275164 1.774672 0.010044
v -0.434295 1.823010 -0.021248
v -0.462059 1.862515 0.000453
v -0.412725 1.978140 -0.025107
v -0.375610 1.896010 -0.027407
v -0.354962 1.860726 -0.026455
v -0.214193 1.886170 0.006211
v -0.490256 1.860532 -0.000757
v -0.286978 1.883022 -0.026362
v -0.237022 1.878033 -0.004850
v -0.353702 1.725936 0.004035
v -0.358836 1.744005 -0.011004
v -0.718704 1.080536 0.022765
v -0.490996 1.861077 -0.025450
v -0.345493 1.902127 -0.042945
v -0.220857 1.753430 0.000986
v -0.235076 1.753117 0.012291
v -0.374309 1.874733 -0.038276
v -0.355972 1.863257 -0.026174
v -0.339463 1.852895 -0.034008
v -0.254102 1.876132 -0.025150
v -0.310486 1.711469 0.009151
v -0.355240 1.861550 -0.026296
v -0.354874 1.862526 -0.025199
v -0.354874 1.862404 -0.025199
v -0.280381 1.751699 0.002477
v -0.280381 1.751578 0.002477
v -0.335218 1.705623 0.001746
v -0.683314 1.091819 0.021696
v -0.395691 1.903494 -0.035867
v -0.277163 1.862619 -0.020731
v -0.237749 1.876716 -0.023936
v -0.280381 1.750358 0.002477
v -0.416196 1.747639 -0.023203
v -0.404658 1.841079 -0.035376
v -0.426163 1.880311 0.001429
v -0.262065 1.717173 0.012369
v -0.280259 1.748164 0.002477
v -0.405312 1.799432 -0.031707
v -0.413832 1.930235 -0.000215
v -0.401819 1.967687 -0.033025
v -0.271079 1.850607 -0.031075
v -0.397947 1.887156 -0.040455
v -0.308478 1.852704 -0.023523
v -0.189159 1.881698 -0.029926
v -0.190312 1.844785 -0.004351
v -0.300376 1.701586 -0.001356
v -0.425199 1.882130 -0.029006
v -0.177485 1.816090 0.001292
v -0.355684 1.751135 -0.021188
v -0.397975 1.758708 -0.038138
v -0.405137 1.772238 -0.035174
v -0.454417 1.882752 0.001689
v -0.452088 1.944363 -0.004564
v -0.421035 1.937468 -0.023232
v -0.461244 1.866712 -0.027101
v -0.399518 1.909762 -0.038564
v -0.485973 1.887586 0.002960
v -0.471402 1.906359 0.009495
v -0.448405 1.945861 -0.015255
v -0.484615 1.889397 -0.031006
v -0.480673 1.982051 -0.008506
v -0.492383 1.983486 -0.020916
v -0.471841 1.980762 -0.020199
v -0.439709 1.902936 -0.040161
v -0.739378 1.057845 -0.025546
v -0.499102 1.975787 -0.011346
v -0.480874 1.971490 -0.028319
v -0.456232 1.941805 -0.030335
v -0.483840 1.941396 0.003921
v -0.486399 1.893937 -0.009647
v -0.664150 1.094426 -0.001771
v -0.517316 1.888985 -0.006791
v -0.473036 1.915360 0.009796
v -0.510721 1.908314 0.006296
v -0.511568 1.891999 -0.024501
v -0.482494 1.899824 -0.025531
v -0.508554 1.951014 -0.025402
v -0.468995 1.913543 -0.039329
v -0.508373 1.914851 -0.039096
v -0.518016 1.888512 -0.022569
v -0.509431 1.950427 -0.008121
v -0.662722 1.085661 -0.037306
v -0.505054 1.935654 0.003654
v -0.536758 1.882630 -0.021193
v -0.505005 1.934984 -0.036524
v -0.583658 1.982699 0.002884
v -0.558533 1.989412 -0.019026
v -0.522008 1.931498 0.012732
v -0.556158 1.980317 -0.002091
v -0.638701 1.987671 -0.005039
v -0.701577 1.074502 0.042638
v -0.623381 1.977293 -0.033076
v -0.534324 1.894169 0.010806
v -0.525912 1.903143 -0.042942
v -0.554150 1.896048 -0.001305
v -0.548001 1.974204 -0.034747
v -0.541137 1.888545 -0.035763
v -0.607226 1.992268 -0.031785
v -0.587161 1.977139 -0.038563
v -0.619437 1.976217 -0.001007
v -0.559726 1.891127 -0.007572
v -0.569293 1.930958 0.009761
v -0.593421 1.958455 -0.003579
v -0.529351 1.935200 -0.044725
v -0.554330 1.896367 -0.027350
v -0.667229 1.073272 0.046743
v -0.589631 1.956966 -0.040274
v -0.559416 1.914149 -0.044352
v -0.581537 1.945489 0.006414
v -0.561396 1.891426 -0.018329
v -0.567425 1.912350 0.007732
v -0.735946 1.071923 -0.007274
v -0.577278 1.888268 -0.022321
v -0.655667 1.931964 -0.003202
v -0.596878 1.960921 -0.023335
v -0.632750 1.944458 0.003344
v -0.705462 1.893516 -0.020357
v -0.712696 1.916773 -0.021167
v -0.572523 1.903832 -0.033374
v -0.732606 1.921506 -0.035935
v -0.571041 1.918000 0.009061
v -0.571894 1.918853 0.009061
v -0.570919 1.919707 0.009061
v -0.572869 1.917878 0.009061
v -0.673530 1.914250 -0.017207
v -0.746399 1.838663 -0.022773
v -0.746761 1.863646 -0.003904
v -0.721131 1.897828 -0.001609
v -0.743436 1.049472 0.024298
v -0.734385 1.042059 -0.045289
v -0.678337 1.904922 0.006489
v -0.697422 1.073071 -0.048879
v -0.584913 1.949837 -0.037057
v -0.601749 1.890412 0.002338
v -0.777504 1.837995 -0.018065
v -0.763334 1.864724 -0.019754
v -0.595121 1.884758 -0.023572
v -0.715395 1.885325 -0.021175
v -0.740547 1.829478 -0.017734
v -0.761344 1.823624 -0.005917
v -0.644470 1.076618 0.029593
v -0.673143 1.948364 -0.036620
v -0.596621 1.882468 -0.010550
v -0.592490 1.913103 0.009700
v -0.695055 1.888069 -0.021303
v -0.714420 1.884837 -0.022151
v -0.714542 1.884837 -0.022151
v -0.567885 1.924869 -0.041011
v -0.649697 1.906515 0.013254
v -0.713566 1.883984 -0.021663
v -0.690265 1.922758 -0.034703
v -0.629364 1.941607 -0.042327
v -0.726881 1.872021 -0.020550
v -0.775278 1.798313 -0.010394
v -0.698057 1.880317 0.003413
v -0.713008 1.852419 -0.021277
v -0.749289 1.822414 -0.021907
v -0.776964 1.775397 -0.020107
v -0.731379 1.904060 -0.023391
v -0.599482 1.892910 -0.036218
v -0.748436 1.821560 -0.022395
v -0.748436 1.820341 -0.022395
v -0.782257 1.823692 -0.027159
v -0.759731 1.869902 -0.027926
v -0.687057 1.919897 -0.043701
v -0.656473 1.937354 -0.042832
v -0.610770 1.896443 0.007954
v -0.748314 1.818146 -0.022395
v -0.748253 1.814571 -0.022461
v -0.785538 1.797008 -0.023184
v -0.648209 1.935593 -0.038958
v -0.644559 1.937141 -0.038854
v -0.644681 1.937141 -0.038854
v -0.644193 1.937141 -0.038854
v -0.672865 1.930364 -0.039840
v -0.643462 1.936166 -0.039951
v -0.599966 1.904582 -0.040170
v -0.726546 1.807350 -0.017592
v -0.668334 1.927022 -0.042634
v -0.659767 1.924741 -0.040674
v -0.774901 1.797797 -0.038138
v -0.722696 1.895685 -0.042724
v -0.612274 1.881672 -0.025675
v -0.613767 1.875164 -0.019190
v -0.714396 1.804702 -0.024155
v -0.744665 1.806880 -0.022894
v -0.607251 1.883374 -0.029100
v -0.607983 1.882521 -0.029100
v -0.607983 1.882399 -0.029100
v -0.757157 1.754991 -0.021961
v -0.608226 1.883008 -0.028613
v -0.715704 1.823722 -0.004208
v -0.739241 1.794491 -0.008312
v -0.750924 1.768360 -0.006997
v -0.751774 1.858102 -0.040029
v -0.658411 1.920129 -0.046759
v -0.637161 1.900245 -0.046831
v -0.640488 1.871645 0.004790
v -0.711355 1.845855 0.003804
v -0.722865 1.876354 -0.031996
v -0.757725 1.763910 -0.037539
v -0.701164 1.794486 0.004220
v -0.719460 1.755808 -0.008643
v -0.627578 1.884455 -0.036083
v -0.684032 1.905053 -0.036700
v -0.632993 1.867786 -0.024079
v -0.628406 1.876436 -0.001971
v -0.747187 1.837611 -0.033985
v -0.707887 1.797364 -0.015942
v -0.751027 1.809175 -0.036757
v -0.665209 1.837734 0.010350
v -0.703208 1.132527 -0.064235
v -0.726871 1.743998 -0.019296
v -0.741787 1.802726 -0.033595
v -0.703701 1.876951 -0.040504
v -0.671234 1.887350 -0.061851
v -0.722853 1.747159 -0.039567
v -0.691910 1.893546 -0.055624
v -0.693958 1.849583 0.012587
v -0.636539 1.076139 -0.027663
v -0.731488 1.789081 -0.045826
v -0.744223 1.833662 -0.039088
v -0.707570 1.890765 -0.037140
v -0.644935 1.882312 -0.047180
v -0.722971 1.839583 -0.040590
v -0.687943 1.878207 -0.070349
v -0.647414 1.841555 0.001497
v -0.762050 1.700058 -0.019543
v -0.773663 1.741374 -0.015672
v -0.725484 1.054136 0.044528
v -0.786478 1.703300 -0.016715
v -0.654093 1.547489 -0.023132
v -0.622871 1.709921 -0.027470
v -0.643140 1.704655 -0.019474
v -0.638635 1.706721 -0.003267
v -0.615424 1.713822 -0.008913
v -0.598482 1.691920 -0.024217
v -0.646677 1.678026 -0.025740
v -0.614448 1.698022 0.005870
v -0.649642 1.683176 -0.003523
v -0.593511 1.683332 -0.001276
v -0.701654 1.045732 -0.064952
v -0.630051 1.687277 0.007998
v -0.619431 1.677644 -0.032447
v -0.631410 1.627446 -0.029470
v -0.591569 1.671356 -0.017295
v -0.608741 1.642775 -0.027152
v -0.603389 1.628495 -0.014405
v -0.640317 1.626783 -0.018484
v -0.606682 1.628746 -0.001898
v -0.620224 1.621985 0.003882
v -0.662594 1.606461 -0.039354
v -0.671680 1.587448 -0.034899
v -0.669104 1.544165 -0.035265
v -0.634886 1.589808 -0.025772
v -0.636760 1.558944 -0.029292
v -0.740000 1.542064 -0.006385
v -0.783804 1.600240 0.000975
v -0.778633 1.564837 -0.000754
v -0.772221 1.548909 -0.016991
v -0.786817 1.571049 -0.022853
v -0.786238 1.623606 -0.017178
v -0.762202 1.553560 0.001546
v -0.754839 1.654135 0.006315
v -0.673017 1.634517 0.002660
v -0.706220 1.642261 0.010752
v -0.770858 1.633417 0.007008
v -0.748043 1.564513 0.005476
v -0.690740 1.660418 -0.022394
v -0.754016 1.541380 -0.026407
v -0.657101 1.621588 -0.018932
v -0.775195 1.559727 -0.032290
v -0.772234 1.651317 -0.026219
v -0.766296 1.657000 -0.004416
v -0.713935 1.664023 0.000995
v -0.730383 1.611805 0.007091
v -0.780200 1.620152 -0.036225
v -0.745677 1.670238 -0.006206
v -0.664293 1.639613 -0.017031
v -0.638139 1.597185 -0.015556
v -0.734266 1.573611 0.001200
v -0.646816 1.631293 -0.007677
v -0.731823 1.594204 -0.001494
v -0.652300 1.497546 -0.020298
v -0.634626 1.617580 0.002841
v -0.699582 1.610446 0.009566
v -0.731882 1.547891 -0.025810
v -0.749775 1.559155 -0.040846
v -0.709618 1.671541 -0.023491
v -0.686725 1.663709 -0.020402
v -0.671503 1.640751 -0.020078
v -0.672479 1.641849 -0.020078
v -0.670528 1.639776 -0.019590
v -0.670650 1.641605 -0.019469
v -0.765808 1.660074 -0.020654
v -0.751703 1.668806 -0.032954
v -0.776048 1.606157 -0.039939
v -0.765709 1.658361 -0.030815
v -0.724604 1.562083 -0.024088
v -0.770783 1.704185 -0.007575
v -0.788100 1.705603 -0.028422
v -0.773145 1.699977 -0.037875
v -0.746326 1.751344 -0.021019
v -0.764778 1.682422 -0.035388
v -0.737159 1.742260 -0.016609
v -0.753610 1.718530 -0.006749
v -0.766027 1.678618 -0.021383
v -0.769676 1.740778 -0.031546
v -0.724863 1.693985 -0.021038
v -0.659080 1.591584 0.011365
v -0.659378 1.559707 -0.042958
v -0.633621 1.578967 0.000559
v -0.734423 1.678176 -0.036422
v -0.717787 1.706376 -0.001965
v -0.607996 1.576466 -0.025753
v -0.645756 1.599624 0.002707
v -0.752016 1.645977 -0.046861
v -0.662000 1.655823 -0.004595
v -0.657848 1.650017 -0.004960
v -0.658336 1.649408 -0.005813
v -0.656088 1.616689 -0.055850
v -0.637224 1.473116 -0.028904
v -0.629242 1.522529 -0.031499
v -0.737639 1.691384 -0.038135
v -0.730842 1.723303 -0.026424
v -0.680503 1.677199 -0.002393
v -0.658092 1.650505 -0.005691
v -0.710622 1.588652 -0.002902
v -0.754697 1.707056 -0.043234
v -0.743813 1.724064 -0.017327
v -0.664870 1.670215 -0.023345
v -0.651899 1.644724 -0.027420
v -0.663323 1.485342 -0.036958
v -0.664193 1.637110 -0.042644
v -0.734579 1.676009 -0.024271
v -0.744304 1.725946 -0.034584
v -0.651492 1.490232 -0.049314
v -0.645064 1.471354 -0.020169
v -0.741260 1.599926 -0.039271
v -0.690048 1.699282 -0.021523
v -0.677264 1.563043 0.006471
v -0.748382 1.699517 -0.033737
v -0.650886 1.392699 -0.045531
v -0.726579 1.585677 -0.023121
v -0.610388 1.497446 -0.027342
v -0.656891 1.607783 -0.071529
v -0.646974 1.422489 -0.026433
v -0.704631 1.577857 -0.020833
v -0.649909 1.517649 -0.060974
v -0.724393 1.667614 -0.043614
v -0.666446 1.407131 -0.033879
v -0.600192 1.524420 -0.012827
v -0.661165 1.563367 0.010188
v -0.667763 1.400389 -0.090661
v -0.722291 1.631276 -0.053850
v -0.718300 1.715138 -0.037654
v -0.657322 1.346614 -0.037908
v -0.631946 1.556010 0.007195
v -0.659777 1.572428 -0.080153
v -0.721582 1.627691 -0.071421
v -0.670876 1.662986 -0.040552
v -0.713174 1.597889 -0.042371
v -0.650103 1.430570 -0.017648
v -0.643161 1.547484 0.008186
v -0.729847 1.711025 -0.052621
v -0.727258 1.803531 -0.038894
v -0.679854 1.781912 0.009661
v -0.645478 1.407396 -0.061267
v -0.644720 1.459142 0.002228
v -0.691786 1.561904 -0.012691
v -0.641794 1.855059 -0.012876
v -0.691179 1.696298 -0.033260
v -0.634561 1.387814 -0.004893
v -0.659925 1.365178 -0.023141
v -0.659385 1.403175 -0.020665
v -0.729504 1.757702 -0.046302
v -0.637365 1.771892 0.011630
v -0.686136 1.770140 -0.014668
v -0.644018 1.333191 -0.064506
v -0.608164 1.549010 0.004180
v -0.675272 1.761651 -0.026697
v -0.664115 1.705245 -0.051768
v -0.615480 1.291535 -0.020016
v -0.701985 1.583096 -0.035000
v -0.635010 1.805830 0.008938
v -0.692003 1.752688 -0.033218
v -0.726803 1.686715 -0.069315
v -0.713246 1.868864 -0.049885
v -0.657490 1.853343 -0.038239
v -0.675502 1.682188 -0.086694
v -0.721417 1.847258 -0.063776
v -0.663660 1.689369 -0.073766
v -0.732831 1.746386 -0.059791
v -0.731401 1.820363 -0.053194
v -0.640247 1.845443 -0.021590
v -0.652777 1.855177 -0.059321
v -0.622386 1.828914 -0.002789
v -0.670622 1.760453 -0.003753
v -0.751669 1.042216 -0.002237
v -0.610553 1.760220 0.005104
v -0.710687 1.649096 -0.086929
v -0.724286 1.738604 -0.079815
v -0.591594 1.796626 0.009640
v -0.729720 1.797267 -0.071613
v -0.646866 1.749063 -0.012016
v -0.704321 1.853357 -0.077564
v -0.652100 1.833756 -0.054934
v -0.654306 1.826448 -0.044388
v -0.630269 1.831238 -0.030608
v -0.637748 1.755200 0.002657
v -0.695828 1.147020 -0.081414
v -0.590332 1.822450 -0.015708
v -0.593012 1.816277 -0.000176
v -0.659663 1.826606 -0.087431
v -0.699130 1.711532 -0.092576
v -0.621705 1.814987 -0.042562
v -0.589347 1.816171 -0.031207
v -0.676331 1.766896 -0.041007
v -0.717608 1.822441 -0.079463
v -0.665111 1.754786 -0.057133
v -0.587820 1.774698 0.004024
v -0.653439 1.833009 -0.079380
v -0.572529 1.796623 -0.001318
v -0.709398 1.786933 -0.089521
v -0.605439 1.751146 -0.018568
v -0.635340 1.750956 -0.029076
v -0.623059 1.829427 -0.059772
v -0.711499 1.466374 -0.002996
v -0.670536 1.761673 -0.078511
v -0.581761 1.766562 -0.012970
v -0.677768 1.826528 -0.090211
v -0.634700 1.764487 -0.040465
v -0.616663 1.607698 -0.054897
v -0.626185 0.209610 -0.059300
v -0.583937 0.210218 -0.079838
v -0.579966 0.299135 -0.083255
v -0.594964 0.312512 -0.090041
v -0.616979 0.217493 -0.088099
v -0.580055 0.216204 -0.065761
v -0.598454 0.223172 -0.047541
v -0.573997 0.293304 -0.067726
v -0.647758 1.311836 -0.001992
v -0.595482 0.208282 -0.088914
v -0.608718 0.319346 -0.087788
v -0.622674 0.256110 -0.076753
v -0.620640 0.278539 -0.059313
v -0.586501 0.301494 -0.049022
v -0.581038 0.371150 -0.087151
v -0.614644 0.344298 -0.081467
v -0.569775 0.384911 -0.074405
v -0.608156 0.331551 -0.049599
v -0.580791 0.259537 -0.054801
v -0.618674 0.353213 -0.065986
v -0.584146 0.379655 -0.048391
v -0.570663 0.451333 -0.082577
v -0.584988 0.452074 -0.090050
v -0.604852 0.447563 -0.086528
v -0.572139 0.372187 -0.057215
v -0.566103 0.453266 -0.060580
v -0.611538 0.477671 -0.074849
v -0.598677 0.470445 -0.049601
v -0.577639 0.479493 -0.049460
v -0.611987 0.433370 -0.057701
v -0.562015 0.537768 -0.072984
v -0.563210 0.532769 -0.059436
v -0.697610 1.511251 -0.038079
v -0.568648 0.535143 -0.085090
v -0.606102 0.543815 -0.055831
v -0.610475 0.552453 -0.068736
v -0.718750 1.499448 0.001350
v -0.587910 0.570067 -0.047788
v -0.572322 0.631356 -0.088561
v -0.591128 0.555285 -0.090186
v -0.664238 1.487915 -0.000356
v -0.570614 0.627460 -0.049831
v -0.605977 0.588544 -0.080746
v -0.628239 1.332981 -0.007690
v -0.593504 0.636166 -0.049026
v -0.559073 0.622528 -0.065046
v -0.622093 1.267848 0.000365
v -0.603999 0.623149 -0.056479
v -0.562501 0.655123 -0.055762
v -0.599602 0.651443 -0.086267
v -0.562327 0.642218 -0.081098
v -0.557063 0.716446 -0.066831
v -0.606551 0.675315 -0.072060
v -0.603904 0.731152 -0.060380
v -0.588611 0.720542 -0.089795
v -0.561113 0.751147 -0.082299
v -0.574754 0.783651 -0.089756
v -0.601505 0.743460 -0.081783
v -0.562378 0.848193 -0.085176
v -0.594309 0.733952 -0.049776
v -0.554254 0.821257 -0.068145
v -0.560475 0.795119 -0.054241
v -0.592375 0.888052 -0.087845
v -0.569232 0.795397 -0.049075
v -0.602594 0.817907 -0.075330
v -0.555333 0.920704 -0.075317
v -0.594318 0.848801 -0.051208
v -0.574595 0.959631 -0.090262
v -0.601482 0.975501 -0.077529
v -0.602044 0.834028 -0.061293
v -0.596093 1.033185 -0.085768
v -0.582255 0.919063 -0.047967
v -0.561742 1.065863 -0.084072
v -0.581512 1.092536 -0.090684
v -0.555014 1.002023 -0.064028
v -0.556003 1.103649 -0.066973
v -0.557260 0.975885 -0.080764
v -0.601138 0.954912 -0.060622
v -0.572703 1.000019 -0.048210
v -0.595223 0.951344 -0.052873
v -0.603655 1.082750 -0.074547
v -0.561254 0.962373 -0.052769
v -0.588552 1.057162 -0.048700
v -0.560764 1.100628 -0.054967
v -0.568818 1.132285 -0.049623
v -0.602998 1.091691 -0.060904
v -0.559329 1.150613 -0.079063
v -0.599361 1.135309 -0.054173
v -0.594175 1.149809 -0.087683
v -0.603681 1.187316 -0.079086
v -0.571124 1.174112 -0.088675
v -0.586457 1.234041 -0.090174
v -0.592064 1.238688 -0.049192
v -0.557554 1.210470 -0.067670
v -0.604681 1.224078 -0.060329
v -0.600904 1.280496 -0.084899
v -0.607403 1.267172 -0.067168
v -0.575218 1.280636 -0.048630
v -0.576467 1.290748 -0.089637
v -0.562270 1.264712 -0.079838
v -0.640324 1.082998 0.005484
v -0.609151 1.341652 -0.070851
v -0.560706 1.323557 -0.071483
v -0.564700 1.286001 -0.054504
v -0.602670 1.329807 -0.054117
v -0.700409 1.026402 -0.073708
v -0.573650 1.356657 -0.087265
v -0.603396 1.372003 -0.084307
v -0.564030 1.395600 -0.063693
v -0.592619 1.385699 -0.089576
v -0.613169 1.458321 -0.071581
v -0.596743 1.405262 -0.049005
v -0.567808 1.470739 -0.073061
v -0.582686 1.468282 -0.088757
v -0.604750 1.480713 -0.086996
v -0.568510 1.392445 -0.082029
v -0.736432 1.477526 -0.021638
v -0.572069 1.414359 -0.051642
v -0.608841 1.438231 -0.055843
v -0.582429 1.544525 -0.049939
v -0.612556 1.525020 -0.056208
v -0.572027 1.541920 -0.060684
v -0.596965 1.510635 -0.048516
v -0.621185 1.292639 -0.005460
v -0.603915 1.623680 -0.048465
v -0.614142 1.581327 -0.082738
v -0.619174 1.564337 -0.069422
v -0.575191 1.503609 -0.083131
v -0.584756 1.581482 -0.086907
v -0.658289 1.199081 -0.024421
v -0.664996 1.226616 -0.032986
v -0.623239 1.684293 -0.079636
v -0.603218 1.599503 -0.089738
v -0.582555 1.647087 -0.054596
v -0.578563 1.608221 -0.079987
v -0.620631 1.690304 -0.054231
v -0.579740 1.685858 -0.064767
v -0.624533 1.663903 -0.064026
v -0.597422 1.688504 -0.088870
v -0.576897 1.636328 -0.071442
v -0.593945 1.682552 -0.049157
v -0.627981 1.754918 -0.058141
v -0.628920 1.756757 -0.075459
v -0.687458 1.779003 -0.090128
v -0.595717 1.762668 -0.087426
v -0.616309 1.696582 -0.087404
v -0.597159 1.823273 -0.076354
v -0.574086 1.823481 -0.058881
v -0.584238 1.803176 -0.037668
v -0.570144 1.796127 -0.023857
v -0.617296 1.758354 -0.048928
v -0.586046 1.753540 -0.078662
v -0.597149 1.770061 -0.038089
v -0.585153 1.749254 -0.057562
v -0.606552 1.799733 -0.092969
v -0.530573 1.799902 -0.038802
v -0.577736 1.784995 -0.034847
v -0.538150 1.814737 -0.049197
v -0.618637 1.767472 -0.086887
v -0.599938 1.756368 -0.048322
v -0.495949 1.815908 -0.068845
v -0.526436 1.788283 -0.093016
v -0.513128 1.776705 -0.035432
v -0.631557 1.309470 0.002284
v -0.656982 1.199600 -0.003290
v -0.524746 1.753390 -0.045824
v -0.563186 1.808365 -0.087840
v -0.509601 1.744366 -0.060253
v -0.534814 1.766352 -0.089862
v -0.461775 1.808156 -0.048545
v -0.488943 1.803819 -0.085924
v -0.402342 1.786788 -0.036463
v -0.392683 1.796524 -0.039554
v -0.337231 1.704046 -0.013577
v -0.356586 1.732893 -0.019093
v -0.232827 1.854793 -0.021148
v -0.188414 1.798922 -0.004057
v -0.242250 1.693982 0.010907
v -0.343932 1.840637 -0.028425
v -0.189304 1.878769 -0.023087
v -0.299242 1.854393 -0.029102
v -0.272530 1.700651 -0.000008
v -0.281184 1.726621 0.002654
v -0.282420 1.713133 -0.008660
v -0.306654 1.702360 -0.024692
v -0.190873 1.846101 -0.023101
v -0.203521 1.770659 0.009315
v -0.375821 1.741643 -0.031304
v -0.460004 1.750816 -0.083889
v -0.301067 1.829068 -0.034130
v -0.250009 1.838451 -0.020454
v -0.683014 1.185923 -0.090810
v -0.246697 1.854761 -0.024031
v -0.423273 1.808403 -0.076854
v -0.170171 1.867445 -0.005114
v -0.256644 1.684900 -0.001122
v -0.341809 1.717315 -0.030314
v -0.204781 1.716411 0.006669
v -0.349800 1.764897 -0.032236
v -0.376032 1.809168 -0.067899
v -0.354557 1.822187 -0.038334
v -0.310506 1.800697 -0.045770
v -0.230665 1.680417 -0.007587
v -0.291500 1.716672 -0.031362
v -0.178779 1.767025 0.006032
v -0.220619 1.699938 0.005833
v -0.258311 1.686660 -0.024240
v -0.346546 1.792210 -0.033587
v -0.675550 1.517465 -0.009626
v -0.145084 1.845336 -0.021005
v -0.370664 1.758167 -0.037044
v -0.416813 1.739932 -0.058759
v -0.290088 1.818211 -0.023378
v -0.113089 1.794721 -0.004050
v -0.079250 1.821680 -0.011582
v -0.081045 1.823289 -0.017525
v -0.108435 1.797054 -0.024387
v -0.187043 1.695556 0.010325
v -0.169493 1.683306 0.003889
v -0.149976 1.692997 -0.005126
v -0.193679 1.673440 -0.009649
v -0.447991 1.744562 -0.049857
v -0.629193 1.332434 -0.019420
v -0.165211 1.677687 -0.019820
v -0.241475 1.693765 -0.034239
v -0.420502 1.741572 -0.072780
v -0.608354 1.248781 -0.000470
v -0.193143 1.831117 -0.027259
v -0.364758 1.797450 -0.041045
v -0.272912 1.832065 -0.035448
v -0.178584 1.680687 -0.031765
v -0.213944 1.715486 -0.004361
v -0.282580 1.720659 -0.025157
v -0.347357 1.749489 -0.085023
v -0.368729 1.806957 -0.052233
v -0.177273 1.779982 -0.001064
v -0.333438 1.750846 -0.041746
v -0.237521 1.810709 -0.033312
v -0.227307 1.803184 -0.025023
v -0.276847 1.713648 -0.029480
v -0.310595 1.741101 -0.052977
v -0.336296 1.797632 -0.042934
v -0.276564 1.786087 -0.024064
v -0.162646 1.709227 0.007936
v -0.204026 1.804953 -0.028898
v -0.210977 1.822734 -0.020367
v -0.149254 1.791090 -0.025444
v -0.162471 1.793032 -0.003034
v -0.203966 1.696416 -0.027781
v -0.695610 1.051672 0.061059
v -0.444637 1.781496 -0.092665
v -0.379872 1.799548 -0.084248
v -0.158216 1.769622 0.000161
v -0.157241 1.770597 0.000039
v -0.159787 1.767972 -0.000068
v -0.217725 1.693881 -0.017506
v -0.287618 1.790977 -0.037559
v -0.157241 1.768769 0.000039
v -0.159069 1.768646 -0.000083
v -0.325740 1.739151 -0.068456
v -0.377626 1.762110 -0.091171
v -0.718692 1.015391 -0.061408
v -0.323076 1.722330 -0.038479
v -0.163643 1.753285 -0.004855
v -0.154064 1.713667 0.001174
v -0.281207 1.754470 -0.026344
v -0.212934 1.710135 -0.020431
v -0.220532 1.715358 -0.029367
v -0.223463 1.813049 -0.028405
v -0.159801 1.799736 -0.026784
v -0.160654 1.798883 -0.026784
v -0.159801 1.797908 -0.026662
v -0.162095 1.791988 -0.023962
v -0.268805 1.753234 -0.037850
v -0.261158 1.793773 -0.039469
v -0.161508 1.798030 -0.026540
v -0.157036 1.710582 -0.030489
v -0.296480 1.750757 -0.041045
v -0.266053 1.805529 -0.066592
v -0.247345 1.749152 -0.084803
v -0.331927 1.782854 -0.091866
v -0.229325 1.787023 -0.036133
v -0.130817 1.735628 -0.025434
v -0.185096 1.790178 -0.021323
v -0.675661 1.518703 -0.091336
v -0.188705 1.700658 -0.037723
v -0.225948 1.758172 -0.027837
v -0.278033 1.804557 -0.054530
v -0.198425 1.785001 -0.035725
v -0.235177 1.753596 -0.036651
v -0.253579 1.748812 -0.040041
v -0.165112 1.755394 -0.021580
v -0.205442 1.798468 -0.046317
v -0.159823 1.785677 -0.037921
v -0.303899 1.799764 -0.082033
v -0.194054 1.739241 -0.059969
v -0.631414 1.391716 -0.015470
v -0.172307 1.744508 -0.046719
v -0.203922 1.750411 -0.039150
v -0.171147 1.803003 -0.061910
v -0.181105 1.760414 -0.035678
v -0.229408 1.742151 -0.075902
v -0.620408 1.198776 -0.000809
v -0.172171 1.793158 -0.084445
v -0.090135 1.779552 -0.037494
v -0.235381 1.784912 -0.090774
v -0.078225 1.800463 -0.061258
v -0.129450 1.762150 -0.036366
v -0.120010 1.798250 -0.075106
v -0.106313 1.794630 -0.046812
v -0.121454 1.743207 -0.075327
v -0.046141 1.764352 -0.037178
v -0.184671 1.765163 -0.091769
v -0.727865 1.028175 0.052548
v -0.101152 1.752098 -0.085266
v -0.059457 1.748129 -0.044647
v 0.028370 1.748347 -0.080983
v 0.025575 1.793225 -0.046069
v -0.098592 1.740666 -0.057923
v -0.015058 1.742353 -0.068270
v -0.028321 1.764177 -0.090647
v 0.017248 1.799783 -0.063810
v 0.004045 1.787413 -0.086288
v -0.096949 1.771860 -0.091880
v 0.082464 1.776657 -0.037153
v 0.114099 1.799382 -0.054720
v 0.060034 1.749751 -0.043024
v 0.110947 1.800923 -0.067494
v 0.070826 1.762147 -0.090381
v 0.121722 1.760769 -0.036910
v 0.016708 1.742003 -0.056171
v 0.093039 1.775764 -0.091831
v -0.730051 1.503827 -0.027752
v 0.058256 1.796415 -0.076884
v -0.659440 1.478809 0.005583
v 0.147959 1.739756 -0.057413
v 0.225493 1.785072 -0.035349
v 0.282140 1.842088 -0.032841
v 0.505108 1.915882 -0.039834
v 0.551331 1.974617 -0.035921
v 0.393594 1.904690 0.005033
v 0.111669 1.741450 -0.069618
v 0.144089 1.748605 -0.083194
v 0.157681 1.794674 -0.044540
v 0.296175 1.832411 -0.023081
v 0.359059 1.925851 -0.035507
v 0.587545 1.883644 -0.018008
v 0.606648 1.879605 -0.004451
v 0.566377 1.924058 0.009038
v 0.317261 1.876953 -0.028678
v 0.290049 1.724796 0.009182
v 0.283751 1.714663 -0.005380
v 0.182137 1.764363 -0.034669
v 0.183255 1.803376 -0.063781
v 0.265627 1.788531 -0.035235
v -0.638735 1.187749 -0.022961
v 0.562435 1.918469 -0.039390
v 0.355413 1.873380 0.008426
v -0.647700 1.070021 -0.047116
v 0.279976 1.792186 -0.023817
v 0.586150 1.881600 -0.012541
v 0.575577 1.887730 -0.023726
v 0.392037 1.889006 0.008470
v 0.321660 1.729250 0.013847
v 0.304673 1.706226 0.004345
v 0.213756 1.719537 -0.025577
v 0.340539 1.890664 -0.023533
v 0.519638 1.935278 -0.043332
v 0.561844 1.893173 -0.015475
v 0.574714 1.896183 -0.000075
v 0.505068 1.926601 0.008346
v 0.363869 1.871563 0.003873
v 0.343720 1.787355 -0.000863
v 0.168608 1.781422 -0.091285
v 0.319105 1.875937 -0.028856
v 0.318983 1.875937 -0.028856
v 0.318130 1.876669 -0.028613
v 0.334896 1.882912 -0.027876
v 0.574193 1.943311 0.010096
v 0.331509 1.705189 0.003776
v 0.319715 1.875206 -0.028735
v 0.409441 1.924083 -0.033932
v 0.560125 1.889744 -0.019300
v 0.254602 1.740566 -0.073682
v 0.195975 1.762667 -0.091256
v 0.250087 1.795208 -0.041101
v 0.434854 1.905065 0.007447
v 0.343508 1.821677 0.000222
v 0.218032 1.725852 -0.024102
v 0.217057 1.726584 -0.023004
v 0.217057 1.726706 -0.023004
v 0.216569 1.727559 -0.023980
v 0.156913 1.794962 -0.082314
v 0.289356 1.817781 -0.023004
v 0.289356 1.817171 -0.023004
v 0.555485 1.907784 -0.043279
v 0.232978 1.712466 -0.036318
v 0.224429 1.751955 -0.024242
v 0.289600 1.816318 -0.024102
v 0.290210 1.818512 -0.023980
v 0.283875 1.786402 -0.034814
v 0.311551 1.846559 -0.035779
v 0.377604 1.898654 -0.028081
v 0.551201 1.895806 -0.025608
v 0.347847 1.743886 0.009968
v 0.259323 1.804584 -0.071252
v 0.474334 1.911943 -0.037549
v 0.551611 1.899708 0.008724
v 0.529453 1.901139 0.012202
v 0.507080 1.912114 0.007366
v 0.361027 1.801941 0.009422
v -0.706973 1.549995 -0.083468
v 0.443168 1.903828 -0.039798
v 0.485275 1.895428 -0.005182
v 0.367301 1.754252 0.005201
v 0.489161 1.862097 -0.000902
v 0.455627 1.880749 0.001712
v 0.431935 1.882700 0.002148
v 0.293286 1.705453 -0.009804
v 0.258606 1.703278 -0.036381
v 0.189860 1.750711 -0.039596
v 0.300004 1.762552 -0.091604
v 0.250539 1.791921 -0.087035
v 0.259339 1.802724 -0.051288
v 0.367705 1.882283 -0.028092
v 0.530763 1.895301 -0.041527
v 0.350608 1.720947 0.001713
v 0.215704 1.752672 -0.036205
v 0.403170 1.905534 -0.037987
v 0.475498 1.911807 0.008746
v 0.420416 1.869068 0.000733
v 0.327344 1.699300 -0.013248
v 0.236683 1.751529 -0.037467
v 0.304789 1.799788 -0.045034
v 0.330876 1.800533 -0.044606
v 0.335538 1.852673 -0.036095
v 0.440862 1.892997 -0.032059
v 0.554416 1.898475 -0.000801
v 0.313186 1.778549 -0.092442
v 0.424293 1.878914 -0.030277
v -0.640707 1.383290 -0.021128
v 0.451404 1.882547 -0.025594
v 0.484273 1.895584 -0.023612
v 0.514853 1.890573 -0.007840
v 0.535582 1.887770 0.005357
v 0.534912 1.882016 -0.023446
v 0.517510 1.889234 -0.021099
v 0.531194 1.885228 -0.002459
v 0.538012 1.882988 -0.009706
v 0.539604 1.843790 -0.000666
v 0.532759 1.822468 -0.003673
v 0.515109 1.837428 0.002651
v 0.536974 1.824870 -0.021733
v 0.511813 1.824198 -0.004717
v 0.512635 1.856999 -0.003029
v 0.514228 1.846148 -0.026486
v 0.523730 1.838615 -0.028795
v 0.514298 1.822697 -0.020804
v 0.488495 1.818904 -0.000565
v 0.486351 1.885385 -0.027566
v 0.512004 1.857401 -0.019047
v 0.486325 1.825185 -0.027306
v 0.456626 1.854847 0.000643
v 0.488236 1.860513 -0.025851
v 0.436293 1.851223 0.000799
v 0.304861 1.704980 -0.026678
v 0.274735 1.722847 -0.033214
v 0.480564 1.815757 -0.022727
v 0.332509 1.709837 -0.028873
v 0.243972 1.739713 -0.056659
v 0.383488 1.886428 -0.038882
v 0.396000 1.889515 -0.040642
v 0.461450 1.866709 -0.026744
v 0.356441 1.755219 -0.000766
v 0.422943 1.861751 -0.029838
v 0.282995 1.719003 -0.024855
v 0.285154 1.749680 -0.084967
v -0.747784 1.016974 -0.033740
v 0.447839 1.849020 -0.027690
v 0.382674 1.726909 -0.008910
v 0.345583 1.790260 -0.036597
v 0.347726 1.849271 -0.026595
v 0.401937 1.801409 0.005941
v 0.358253 1.735346 -0.007431
v 0.350535 1.719665 -0.020928
v 0.375617 1.808888 -0.068909
v 0.416473 1.836393 -0.000004
v 0.389426 1.749173 0.008045
v 0.280519 1.753742 -0.026600
v 0.345355 1.811965 -0.032632
v 0.269012 1.752288 -0.038523
v 0.434419 1.822945 -0.021488
v 0.358593 1.744668 -0.015083
v 0.417658 1.836082 -0.030179
v 0.312380 1.720215 -0.038304
v -0.651079 1.370634 -0.080000
v 0.353306 1.837357 -0.037433
v 0.414984 1.746122 -0.001682
v 0.347180 1.733493 -0.033495
v 0.402042 1.730175 -0.008563
v 0.294499 1.750002 -0.040496
v 0.435239 1.780071 -0.004578
v 0.390066 1.734132 -0.028509
v 0.345358 1.799414 -0.083444
v 0.351498 1.767336 -0.031165
v 0.433267 1.779412 -0.022992
v 0.365818 1.744542 -0.026753
v -0.702655 1.523897 -0.023690
v 0.397387 1.841033 -0.037089
v 0.415474 1.741504 -0.020972
v 0.385371 1.798993 -0.041104
v 0.415508 1.781751 -0.007698
v 0.368577 1.757589 -0.037410
v 0.368914 1.739060 -0.059581
v -0.653989 1.504335 0.004076
v 0.431299 1.781603 -0.092319
v 0.384381 1.806679 -0.051569
v 0.405758 1.799931 -0.032149
v 0.414957 1.785490 -0.019893
v 0.424223 1.763019 -0.090982
v 0.334071 1.750171 -0.042533
v 0.431438 1.747571 -0.081879
v 0.483612 1.814645 -0.070994
v 0.434326 1.800239 -0.085982
v 0.402149 1.762220 -0.036524
v -0.601168 1.318984 -0.004497
v 0.400893 1.788457 -0.036905
v 0.476087 1.800167 -0.040648
v 0.506487 1.814674 -0.055258
v 0.506721 1.801965 -0.088068
v 0.399736 1.740978 -0.072935
v 0.424844 1.746795 -0.046567
v 0.465024 1.741864 -0.058074
v 0.556649 1.820255 -0.073716
v 0.653743 1.835690 -0.076458
v 0.613142 1.760577 0.006217
v 0.591654 1.806819 -0.039529
v -0.618680 1.059438 0.004219
v 0.686417 1.676956 -0.091495
v 0.466072 1.763385 -0.037523
v 0.717674 1.796620 -0.084676
v 0.593041 1.785853 0.009972
v 0.576975 1.811104 -0.017294
v 0.694757 1.697391 -0.033261
v 0.572066 1.800136 -0.004897
v 0.509685 1.749675 -0.079097
v 0.613398 1.823289 -0.079751
v 0.686844 1.771166 -0.016359
v 0.529856 1.746511 -0.069919
v 0.528123 1.810786 -0.046193
v 0.667548 1.827352 -0.089436
v 0.662189 1.686799 -0.053953
v 0.581738 1.772911 -0.001947
v 0.533355 1.766479 -0.089921
v 0.683840 1.759563 -0.036060
v 0.526065 1.784192 -0.093131
v 0.657313 1.758747 0.003362
v 0.503301 1.782216 -0.035214
v 0.675945 1.764868 -0.026857
v 0.522152 1.751437 -0.048220
v 0.607845 1.809987 -0.089940
v 0.674283 1.671432 -0.037832
v 0.663346 1.754247 -0.012298
v 0.575495 1.775300 -0.014810
v 0.697155 1.799629 -0.091534
v 0.596246 1.755939 -0.011362
v 0.593145 1.797460 -0.093111
v 0.624348 1.748251 -0.009127
v 0.677152 1.768549 -0.085735
v -0.677052 1.518073 -0.033251
v 0.575476 1.793285 -0.035477
v 0.547033 1.763723 -0.040205
v 0.632217 1.749134 -0.026427
v 0.661674 1.758521 -0.032065
v 0.580459 1.783401 -0.035250
v -0.670203 1.522843 0.000791
v 0.669491 1.770519 -0.038926
v 0.604280 1.762169 -0.034674
v 0.668310 1.759321 -0.051340
v -0.625205 1.478123 0.008931
v 0.666109 1.756048 -0.066513
v -0.617436 1.427314 -0.001283
v 0.611958 1.769064 -0.087982
v 0.612520 1.758651 -0.047984
v -0.610227 1.326948 -0.023193
v 0.643171 1.767184 -0.040683
v 0.645488 1.767305 -0.040805
v 0.642074 1.767184 -0.040683
v 0.641099 1.766696 -0.039829
v 0.591777 1.760877 -0.084422
v 0.601548 1.770671 -0.038593
v 0.588367 1.752267 -0.053281
v 0.583968 1.752166 -0.073258
v 0.617018 1.726176 -0.088088
v 0.628380 1.759297 -0.078791
v 0.579668 1.688276 -0.063490
v 0.627873 1.755271 -0.057875
v 0.597712 1.662540 -0.089169
v -0.647324 1.260002 -0.047970
v 0.626360 1.683934 -0.063560
v 0.589838 1.675251 -0.048550
v -0.657289 1.183560 -0.038107
v 0.611600 1.639662 -0.087139
v 0.582928 1.667935 -0.081682
v 0.620989 1.625673 -0.076289
v 0.583256 1.593918 -0.085510
v -0.646775 1.043063 0.056599
v 0.613308 1.673806 -0.049740
v 0.584506 1.596031 -0.050260
v 0.575637 1.605756 -0.061181
v -0.751442 1.020663 0.022685
v 0.575075 1.577235 -0.077646
v 0.617851 1.605747 -0.056737
v 0.569270 1.512752 -0.067286
v 0.613275 1.536729 -0.080839
v 0.600632 1.591752 -0.048044
v 0.572099 1.492173 -0.080175
v 0.598956 1.539773 -0.089776
v 0.573014 1.488826 -0.054740
v 0.609498 1.508307 -0.052900
v 0.586684 1.474730 -0.048271
v 0.564759 1.387187 -0.075670
v 0.581560 1.492994 -0.087652
v 0.563450 1.378817 -0.064228
v 0.615493 1.499641 -0.067795
v 0.571359 1.388791 -0.084259
v 0.571174 1.404507 -0.052233
v 0.597272 1.445911 -0.089138
v 0.607908 1.444028 -0.082645
v 0.599175 1.411719 -0.049434
v 0.569695 1.343432 -0.051067
v 0.560062 1.292416 -0.072003
v 0.603266 1.307237 -0.055750
v 0.566537 1.254198 -0.085201
v 0.608887 1.372063 -0.075382
v 0.579714 1.338048 -0.089325
v 0.597618 1.346703 -0.088001
v -0.593284 1.360656 -0.005215
v 0.609209 1.372655 -0.062727
v 0.576257 1.253040 -0.048488
v 0.592389 1.231961 -0.049508
v 0.607403 1.256163 -0.072241
v -0.636090 1.186958 -0.004592
v 0.563608 1.279737 -0.055903
v 0.557485 1.168176 -0.064507
v 0.586067 1.242535 -0.090265
v 0.573075 1.115201 -0.089604
v 0.561894 1.196743 -0.055603
v 0.594315 1.203842 -0.087768
v 0.559090 1.167276 -0.078940
v 0.603373 1.179766 -0.079565
v 0.572105 1.102474 -0.048428
v 0.586985 1.028279 -0.089435
v 0.568951 0.957575 -0.088682
v 0.599369 1.080171 -0.082459
v 0.555113 1.045736 -0.068135
v 0.602519 1.182546 -0.056533
v 0.564346 1.125700 -0.051831
v 0.593444 1.074754 -0.050280
v 0.595651 0.982140 -0.085505
v 0.603371 1.054201 -0.070926
v 0.575634 0.960947 -0.047975
v 0.557763 1.018046 -0.079708
v 0.602854 1.102968 -0.060100
v 0.558893 1.036465 -0.056956
v 0.597341 0.836950 -0.083600
v 0.555431 0.897801 -0.061722
v 0.602623 0.907143 -0.070892
v -0.664589 1.296841 -0.091028
v 0.573333 0.763719 -0.089682
v 0.562092 0.946296 -0.052738
v 0.599044 1.001168 -0.056133
v 0.591632 0.946080 -0.050285
v 0.554465 0.849729 -0.073367
v 0.588068 0.808663 -0.089614
v 0.569246 0.789439 -0.049081
v 0.603504 0.800128 -0.071874
v 0.558303 0.774843 -0.057950
v 0.601425 0.725126 -0.081586
v 0.561166 0.802896 -0.083504
v 0.586724 0.723860 -0.048427
v 0.605261 0.721596 -0.066892
v 0.556702 0.755804 -0.074190
v 0.569151 0.689594 -0.050077
v 0.599333 0.839759 -0.056276
v 0.598971 0.758763 -0.054333
v 0.599231 0.662608 -0.053005
v -0.709177 1.438728 -0.003375
v -0.738392 1.482057 -0.008686
v 0.557949 0.674260 -0.068323
v 0.599534 0.618051 -0.085485
v 0.605058 0.641103 -0.078619
v 0.571150 0.673156 -0.088411
v 0.590009 0.680105 -0.089157
v 0.571263 0.567213 -0.050378
v 0.607036 0.629787 -0.062714
v -0.642702 1.373060 -0.030967
v 0.561839 0.651440 -0.057242
v 0.562040 0.547424 -0.061413
v 0.564073 0.627608 -0.082608
v 0.579313 0.587640 -0.089949
v 0.605104 0.555934 -0.055410
v 0.562625 0.543042 -0.076596
v -0.589191 1.195750 -0.002762
v 0.581447 0.461842 -0.089216
v 0.606737 0.547386 -0.080120
v 0.611039 0.506546 -0.064897
v 0.596373 0.518749 -0.049416
v 0.570581 0.456419 -0.082970
v 0.607990 0.452181 -0.082644
v 0.571279 0.450707 -0.053482
v 0.565407 0.446440 -0.067904
v 0.613853 0.424679 -0.068805
v 0.595845 0.494629 -0.088901
v 0.584598 0.426091 -0.048272
v 0.608520 0.399804 -0.052838
v 0.581553 0.371857 -0.087601
v -0.727852 0.986640 -0.047216
v 0.594080 0.323052 -0.089912
v 0.617664 0.341947 -0.074263
v 0.592255 0.327210 -0.047898
v 0.569842 0.371083 -0.072506
v 0.573871 0.353971 -0.056081
v 0.614448 0.284026 -0.051739
v 0.609824 0.332862 -0.086186
v 0.618364 0.315136 -0.060390
v -0.649146 1.244400 -0.080197
v 0.577718 0.256918 -0.075330
v 0.579585 0.302293 -0.082775
v 0.606822 0.226539 -0.089848
v 0.577170 0.283981 -0.057543
v 0.622678 0.241852 -0.077236
v 0.620568 0.207657 -0.052987
v 0.588267 0.218882 -0.085717
v 0.618329 0.216190 -0.086007
v 0.607241 0.215061 -0.047660
v 0.673289 0.165981 -0.042547
v 0.644058 0.087916 -0.027277
v 0.620074 0.156694 -0.044911
v -0.730695 1.430901 -0.019290
v 0.667314 0.171261 -0.060178
v 0.718759 0.055318 -0.072008
v 0.629053 0.166000 -0.059001
v 0.727173 0.123383 -0.078011
v 0.656026 0.085958 -0.041648
v 0.617838 0.139613 -0.033126
v 0.592089 0.212596 -0.049694
v 0.625417 0.226634 -0.066546
v 0.670644 0.053173 -0.074898
v 0.642214 0.113854 -0.020000
v 0.641121 0.122111 -0.030422
v 0.656004 0.078297 -0.062122
v 0.602337 0.159542 -0.045766
v 0.661275 0.082334 -0.078296
v 0.668448 0.169271 -0.074470
v 0.683957 0.153432 -0.089293
v 0.709780 0.160618 -0.090525
v 0.717502 0.097850 -0.084153
v 0.653626 0.101741 -0.035561
v -0.605550 1.390656 -0.021449
v 0.603787 0.146305 -0.036623
v 0.589183 0.163791 -0.054782
v 0.580228 0.215023 -0.063069
v 0.628592 0.163014 -0.077733
v -0.606414 1.281715 -0.006163
v 0.527375 0.118430 -0.032524
v 0.615714 0.150190 -0.088193
v 0.610601 0.084926 -0.050013
v 0.693599 0.069979 -0.086212
v -0.618106 1.196254 -0.026606
v -0.643646 1.033925 -0.062795
v 0.269182 0.092664 0.004690
v 0.301792 0.091988 0.002477
v 0.299598 0.092110 0.002477
v 0.298500 0.092110 0.002477
v 0.390900 0.044120 -0.022277
v 0.363592 0.057451 -0.013344
v 0.302867 0.038780 -0.006228
v 0.297525 0.092842 0.003453
v 0.316759 0.240175 -0.014530
v 0.403320 0.203114 -0.035677
v 0.425169 0.128187 -0.031796
v 0.453479 0.117935 -0.031675
v 0.501433 0.092485 -0.042599
v 0.417072 0.063680 -0.006951
v 0.241054 0.097143 0.008542
v 0.249419 0.141685 0.001850
v 0.253440 0.240136 -0.026636
v 0.359981 0.212766 -0.021269
v 0.422582 0.145291 -0.024860
v 0.595484 0.153666 -0.086623
v 0.450080 0.084390 -0.027556
v 0.253268 0.113753 0.003986
v 0.162428 0.236524 -0.005191
v 0.276603 0.223409 -0.003058
v 0.521605 0.163722 -0.058603
v 0.583808 0.165130 -0.067451
v 0.678510 0.108620 -0.093416
v 0.603649 0.088550 -0.078503
v 0.398176 0.051806 -0.031032
v 0.353219 0.040789 -0.032355
v 0.265791 0.079713 0.008417
v 0.228559 0.193018 0.003264
v 0.195645 0.229427 -0.000183
v 0.184530 0.265775 -0.020822
v 0.275721 0.224785 -0.024144
v 0.587910 0.132710 -0.094488
v 0.609546 0.096408 -0.086438
v 0.256769 0.144664 0.006258
v 0.214971 0.259352 -0.024133
v 0.239925 0.236168 -0.025066
v 0.345046 0.219645 -0.030727
v 0.434442 0.123810 -0.033733
v 0.434320 0.123810 -0.033733
v 0.434077 0.123810 -0.033733
v 0.421101 0.089402 -0.020875
v 0.302318 0.040095 -0.023884
v 0.259730 0.146609 0.006257
v 0.259730 0.146731 0.006257
v 0.258876 0.147462 0.005769
v 0.248475 0.135433 0.006302
v 0.433101 0.124663 -0.033489
v 0.470598 0.140694 -0.036076
v 0.260583 0.145756 0.006257
v 0.255340 0.141976 0.006379
v 0.255218 0.141976 0.006379
v 0.254487 0.142586 0.005769
v 0.373100 0.227488 -0.033699
v 0.403049 0.142109 -0.035390
v 0.469476 0.099674 -0.036476
v 0.354800 0.072856 -0.027866
v 0.256072 0.141123 0.006257
v 0.278951 0.194224 -0.027445
v 0.293712 0.208665 -0.020566
v 0.322810 0.229038 -0.030471
v 0.232412 0.139913 0.004001
v 0.494832 0.085753 -0.051996
v 0.405611 0.066052 -0.035839
v 0.282671 0.057350 -0.002776
v 0.225599 0.154097 0.004131
v 0.375800 0.066548 -0.038380
v 0.217056 0.114441 0.005717
v 0.223130 0.169603 0.000331
v 0.210717 0.207603 0.001416
v 0.178669 0.199388 -0.004273
v 0.162970 0.238649 -0.022428
v 0.302462 0.206575 -0.033223
v 0.358503 0.151308 -0.040904
v 0.514462 0.144360 -0.090591
v 0.338048 0.069155 -0.039523
v 0.607737 0.083259 -0.067821
v 0.278580 0.054586 -0.007562
v 0.382488 0.151014 -0.041466
v 0.500116 0.155200 -0.044557
v 0.285006 0.049285 -0.021374
v 0.330164 0.179720 -0.037507
v 0.412071 0.106831 -0.032791
v 0.174163 0.203102 -0.023566
v 0.313529 0.047672 -0.035062
v 0.210890 0.162311 0.000911
v 0.338860 0.164862 -0.025440
v 0.255360 0.047132 -0.023937
v 0.246611 0.063148 -0.004184
v 0.225957 0.126004 0.002599
v 0.226079 0.126004 0.002599
v 0.227055 0.126858 0.002721
v 0.214673 0.175608 -0.028458
v 0.233655 0.191217 -0.028617
v 0.341372 0.093812 -0.042438
v 0.249917 0.049767 -0.004359
v 0.227177 0.088696 0.005403
v 0.223312 0.082976 0.006790
v 0.225104 0.126858 0.002843
v 0.170455 0.189303 -0.006725
v 0.280653 0.172995 -0.033834
v 0.501379 0.160204 -0.076958
v 0.506736 0.106630 -0.090882
v 0.291270 0.078501 -0.042127
v 0.276258 0.062611 -0.034546
v 0.186496 0.086175 0.006636
v 0.197382 0.126058 0.002565
v 0.260949 0.059435 -0.006179
v 0.260095 0.060411 -0.006545
v 0.260949 0.060655 -0.005448
v 0.231968 0.071670 0.004330
v -0.600601 1.305069 -0.004276
v 0.238254 0.172076 -0.032196
v 0.337525 0.144563 -0.035947
v 0.259120 0.060777 -0.005570
v 0.171062 0.190969 -0.021393
v 0.443985 0.161115 -0.054830
v 0.516169 0.084429 -0.065228
v 0.214984 0.082966 0.006623
v 0.182247 0.161940 -0.022150
v 0.215106 0.082966 0.006623
v 0.213643 0.082966 0.006623
v 0.212546 0.082966 0.006501
v 0.314224 0.145848 -0.037691
v 0.392516 0.160789 -0.070205
v -0.598572 1.256134 -0.025283
v -0.661651 1.261331 -0.033326
v 0.211571 0.081991 0.006501
v 0.226104 0.156698 -0.026228
v 0.256076 0.059776 -0.024852
v 0.182798 0.162484 -0.005280
v 0.237106 0.138287 -0.034624
v 0.366388 0.158909 -0.052244
v 0.389636 0.093572 -0.043720
v 0.197061 0.125957 -0.030249
v 0.463748 0.090582 -0.078324
v 0.472256 0.125447 -0.093863
v 0.077437 0.090868 -0.016534
v 0.077554 0.093946 -0.009867
v 0.073068 0.094671 -0.015933
v 0.073068 0.094671 -0.015811
v 0.073434 0.095158 -0.015079
v 0.073800 0.095158 -0.016542
v 0.077129 0.095472 -0.019274
v 0.118368 0.072663 -0.011032
v 0.118247 0.099319 0.000568
v 0.116919 0.090023 0.001020
v 0.164054 0.127646 -0.004180
v 0.249140 0.137688 -0.028716
v 0.264087 0.157473 -0.023012
v 0.161654 0.065848 -0.005618
v 0.431743 0.085380 -0.068558
v 0.213960 0.060059 -0.004034
v 0.311324 0.088847 -0.036091
v -0.751248 1.000676 -0.017786
v 0.102060 0.101457 -0.015964
v 0.219815 0.131419 -0.032724
v 0.305876 0.156747 -0.050412
v 0.111302 0.095948 -0.032201
v 0.085942 0.117042 -0.010715
v 0.427161 0.151678 -0.084913
v 0.346248 0.086270 -0.058948
v 0.301982 0.096667 -0.039548
v 0.083295 0.117914 -0.019234
v 0.274475 0.146665 -0.039332
v 0.333089 0.102423 -0.087579
v 0.296190 0.120466 -0.093311
v 0.165740 0.128876 -0.024037
v 0.194930 0.062293 -0.025395
v 0.139070 0.068668 -0.022475
v 0.118428 0.104345 -0.029386
v 0.141642 0.117291 -0.003233
v 0.198606 0.072213 -0.036031
v -0.692581 1.594280 -0.091372
v 0.362772 0.144020 -0.088940
v 0.319133 0.160330 -0.063301
v 0.341707 0.090929 -0.076639
v 0.169645 0.118072 -0.032844
v 0.247724 0.089231 -0.059206
v 0.212414 0.095709 -0.043976
v 0.129971 0.142634 -0.040777
v 0.228394 0.153161 -0.047817
v 0.124900 0.078213 -0.030334
v 0.275001 0.148837 -0.084359
v 0.139576 0.117325 -0.027986
v -0.708824 1.520401 -0.006986
v 0.150128 0.113317 -0.035531
v 0.066125 0.117836 -0.036391
v 0.171750 0.084677 -0.041050
v 0.135434 0.152398 -0.050316
v 0.298182 0.156874 -0.075686
v 0.011088 0.121338 0.072168
v 0.002136 0.162281 0.065556
v 0.023872 0.162505 0.062324
v 0.047624 0.140414 0.055127
v -0.025813 0.146792 0.066688
v 0.035412 0.099387 0.056841
v -0.011085 0.185233 0.047995
v 0.029547 0.192688 0.027923
v -0.630593 1.423549 -0.026633
v 0.042119 0.171965 0.043713
v -0.020813 0.112989 0.067818
v -0.040783 0.178359 0.038290
v 0.013684 0.081221 0.053955
v -0.635896 1.333663 -0.030772
v -0.053568 0.113675 0.049029
v 0.060168 0.119156 0.042454
v -0.026921 0.082002 0.049928
v 0.001264 0.204828 0.005655
v 0.046478 0.076917 0.026583
v 0.061008 0.163868 0.026584
v -0.057035 0.149274 0.042946
v 0.073337 0.126290 0.014229
v -0.595513 1.238716 -0.001558
v 0.034000 0.195222 -0.010772
v 0.018555 0.059122 0.019322
v 0.054327 0.180029 -0.000176
v -0.004546 0.070985 0.044920
v -0.069085 0.126885 0.028018
v 0.066476 0.095996 0.012937
v -0.030040 0.198222 0.006309
v 0.068427 0.159415 0.004523
v -0.642180 1.172394 -0.061481
v -0.053990 0.080243 0.018352
v 0.046917 0.070140 0.002134
v 0.023624 0.192270 -0.032365
v 0.055459 0.168828 -0.031166
v 0.073852 0.125352 -0.015885
v 0.013303 0.055731 -0.013315
v -0.022882 0.059013 0.016290
v -0.046613 0.184719 -0.021074
v -0.070604 0.105034 0.007956
v -0.002912 0.197787 -0.029524
v -0.073977 0.126527 -0.013881
v -0.065926 0.164209 0.011961
v -0.064843 0.158011 -0.023125
v 0.057109 0.082443 -0.018129
v -0.021123 0.177398 -0.053893
v 0.063616 0.136896 -0.038706
v 0.036999 0.171640 -0.048206
v 0.278471 0.130051 -0.092673
v 0.251397 0.091929 -0.074008
v -0.029031 0.062622 -0.021601
v -0.049473 0.166865 -0.040730
v 0.028317 0.069352 -0.036873
v -0.059533 0.087650 -0.022010
v -0.007769 0.072782 -0.050901
v 0.155597 0.103620 -0.040500
v 0.212767 0.157632 -0.063201
v 0.105435 0.101437 -0.047070
v 0.005649 0.180022 -0.054185
v -0.060676 0.110052 -0.040062
v -0.065366 0.130734 -0.036509
v 0.052550 0.150113 -0.048213
v 0.049744 0.099356 -0.049431
v 0.176840 0.151454 -0.079916
v -0.057795 0.146487 -0.044662
v 0.240954 0.122834 -0.092743
v 0.125391 0.095810 -0.057335
v -0.144475 0.111567 -0.037129
v 0.028787 0.154855 -0.064256
v 0.113581 0.155445 -0.068064
v 0.025623 0.095478 -0.063279
v 0.235474 0.101400 -0.085843
v -0.040981 0.097566 -0.055186
v -0.134315 0.136142 -0.037436
v -0.036881 0.154199 -0.058860
v 0.003160 0.153444 -0.072408
v 0.160988 0.120446 -0.092953
v 0.152880 0.095545 -0.072708
v 0.161738 0.141135 -0.088906
v -0.592795 1.382705 -0.007123
v -0.249237 0.050490 -0.025520
v -0.382522 0.164782 0.009042
v -0.429114 0.187921 0.007984
v -0.164660 0.117654 -0.034349
v -0.011957 0.096792 -0.066629
v -0.349784 0.013787 -0.025663
v -0.348088 0.014381 -0.003111
v -0.413560 0.251852 -0.025852
v -0.386445 0.256211 -0.023440
v -0.354005 0.224770 -0.001085
v 0.057462 0.096621 -0.062507
v 0.056609 0.096499 -0.063360
v 0.056487 0.096499 -0.063360
v 0.055634 0.096621 -0.062507
v -0.354405 0.056109 0.003893
v -0.109748 0.095977 -0.058751
v -0.435625 0.215625 -0.015296
v -0.359850 0.216589 -0.005824
v 0.065933 0.097621 -0.072911
v -0.260048 0.059000 -0.023987
v -0.470282 0.220657 0.003378
v -0.422403 0.227576 -0.014123
v -0.358646 0.212606 -0.020738
v -0.350440 0.209172 -0.031545
v -0.335350 0.231284 -0.029504
v -0.110509 0.155495 -0.058213
v 0.134275 0.104127 -0.085135
v 0.008288 0.096192 -0.067608
v 0.071160 0.144206 -0.085652
v -0.377689 0.097646 0.004351
v -0.386189 0.123627 0.006790
v -0.418152 0.207082 -0.007764
v -0.418273 0.208301 -0.008008
v -0.377836 0.234179 -0.035162
v -0.263583 0.159881 -0.022731
v -0.222004 0.134934 -0.034685
v -0.355208 0.071393 -0.000702
v -0.443041 0.177350 0.007000
v -0.469154 0.227595 -0.008208
v -0.418517 0.207569 -0.009105
v -0.279634 0.172409 -0.033785
v -0.186115 0.075615 -0.038571
v -0.381429 0.066402 0.005298
v -0.419371 0.208423 -0.009715
v -0.321043 0.208247 -0.036454
v -0.419927 0.206972 -0.018840
v 0.055786 0.127766 -0.092751
v -0.170786 0.099030 -0.042226
v -0.454633 0.214034 -0.028622
v -0.240205 0.137270 -0.032632
v 0.064472 0.112242 -0.090257
v -0.005457 0.102928 -0.082274
v -0.302337 0.066184 -0.039757
v -0.074067 0.139537 -0.088636
v -0.103518 0.099368 -0.079006
v -0.220896 0.091122 -0.053334
v -0.493213 0.233059 -0.019847
v -0.242499 0.081930 -0.042398
v -0.387134 0.045258 -0.006017
v -0.473792 0.185786 0.008620
v -0.544455 0.225922 0.008277
v -0.348467 0.186847 -0.024007
v -0.259896 0.138200 -0.032034
v -0.191524 0.153585 -0.049455
v -0.363861 0.056366 -0.012915
v -0.410811 0.176311 -0.033987
v -0.311592 0.148344 -0.038748
v -0.183020 0.092671 -0.067551
v -0.404234 0.050929 -0.003612
v -0.493349 0.214576 -0.036002
v -0.654483 1.195879 -0.086484
v -0.215111 0.095327 -0.043345
v -0.412606 0.077096 0.001795
v -0.413247 0.105765 0.003353
v -0.420637 0.138798 0.000553
v -0.277308 0.148029 -0.040204
v -0.052454 0.151129 -0.077886
v -0.346782 0.048924 -0.036622
v -0.482964 0.158607 0.003957
v -0.441036 0.157536 0.001518
v -0.328885 0.148897 -0.026215
v -0.213224 0.142729 -0.087956
v -0.043661 0.117477 -0.092575
v -0.333835 0.069393 -0.040554
v -0.437890 0.121051 0.000219
v -0.393051 0.044881 -0.023492
v -0.472801 0.183160 -0.035597
v -0.356070 0.188657 -0.033994
v -0.425023 0.149205 -0.023747
v -0.456873 0.150174 -0.025377
v -0.459516 0.143529 0.001202
v -0.609730 0.146311 0.001813
v -0.616700 0.145122 -0.001476
v -0.621941 0.147385 0.005193
v -0.638296 0.145022 0.010229
v -0.712691 0.076523 -0.024073
v -0.698433 0.072862 0.009388
v -0.713392 0.086621 -0.004055
v -0.698039 0.049631 -0.016712
v -0.710896 0.108352 0.003178
v -0.665970 0.077503 0.011146
v -0.672020 0.127568 0.012998
v -0.704587 0.057383 -0.026553
v -0.726010 0.049409 -0.023299
v -0.724281 0.035969 -0.008021
v -0.742973 0.063658 -0.020390
v -0.722409 0.054798 -0.017032
v -0.690637 0.139287 0.010443
v -0.586038 0.045724 0.005791
v -0.573478 0.045489 -0.005498
v -0.606743 0.013277 -0.006498
v -0.621617 0.032446 0.010476
v -0.661019 1.535712 0.004918
v -0.637225 0.061548 0.009485
v -0.572851 0.079446 -0.019412
v -0.602121 0.067954 0.009264
v -0.575792 0.049435 -0.032118
v -0.714264 0.114681 -0.020676
v -0.581263 0.029586 -0.015550
v -0.672089 0.047457 0.010713
v -0.753527 0.046758 -0.005722
v -0.604827 1.463525 -0.012246
v -0.578072 0.084779 -0.005200
v -0.579507 0.182345 0.008710
v -0.588739 0.164684 0.006152
v -0.572300 0.157686 -0.001872
v -0.652909 0.020520 0.002123
v -0.614821 0.133250 -0.015735
v -0.645223 0.110699 0.002413
v -0.683957 0.037626 -0.004374
v -0.686226 0.036602 -0.016737
v -0.702874 0.139022 -0.003844
v -0.755177 0.072634 -0.005796
v -0.714386 0.147629 -0.021133
v -0.603500 0.090441 -0.005785
v -0.602167 0.021681 -0.033657
v -0.715505 0.006062 -0.015935
v -0.743580 0.095841 -0.020001
v -0.670528 0.177743 0.007214
v -0.618145 0.188523 0.013160
v -0.600272 1.253225 0.000977
v -0.238204 0.158172 -0.059894
v -0.141491 0.151857 -0.078645
v -0.362451 0.062163 -0.025263
v -0.547684 0.164023 -0.017173
v -0.636978 0.010456 -0.017154
v -0.755521 0.019980 -0.017231
v -0.609435 1.188687 -0.023677
v -0.598654 1.243166 -0.025135
v -0.137718 0.110278 -0.089506
v -0.458997 0.122790 0.001918
v -0.525118 0.190818 0.009652
v -0.619299 0.135949 -0.012729
v -0.642612 0.085306 -0.003696
v -0.585177 0.085356 -0.030753
v -0.533071 0.237583 -0.003341
v -0.154176 0.129446 -0.092715
v -0.499180 0.162129 -0.004575
v -0.579945 0.150951 -0.010537
v -0.749334 0.112757 -0.004240
v -0.729310 0.127219 -0.022114
v -0.483315 0.170159 -0.024165
v -0.408347 0.189062 -0.031127
v -0.204962 0.100111 -0.083538
v -0.316270 0.087866 -0.035110
v -0.416205 0.065216 -0.026287
v -0.420274 0.070036 -0.012627
v -0.501226 0.104773 0.004728
v -0.740189 0.005768 -0.021627
v -0.771364 0.044246 -0.022557
v -0.328650 0.139701 -0.032137
v -0.485916 0.080730 -0.003281
v -0.523173 0.182200 0.002202
v -0.455686 0.123645 -0.025054
v -0.316758 0.157210 -0.050419
v -0.284979 0.093466 -0.039626
v -0.422769 0.086401 -0.015751
v -0.446003 0.080294 -0.006738
v -0.446388 0.118970 -0.033211
v -0.426897 0.126291 -0.033588
v -0.348981 0.150661 -0.041536
v -0.522980 0.105143 0.004835
v -0.538018 0.106729 -0.000209
v -0.528611 0.080889 -0.001901
v -0.542470 0.105598 -0.013255
v -0.514674 0.123540 -0.001133
v -0.772056 0.076226 -0.021792
v -0.518893 0.190757 -0.038235
v -0.500096 0.160169 -0.019822
v -0.599811 0.063481 -0.043106
v -0.679627 0.016979 -0.037672
v -0.721233 0.001428 -0.029748
v -0.755602 0.021377 -0.029633
v -0.769016 0.058719 -0.031243
v -0.511603 0.181826 -0.032047
v -0.522799 0.159514 -0.001748
v -0.545994 0.165044 -0.005202
v -0.616237 0.141576 -0.033605
v -0.659676 0.018395 -0.022825
v -0.576103 0.157041 -0.021907
v -0.546683 0.181641 -0.036188
v -0.568917 0.158906 -0.027020
v -0.754662 0.134137 -0.023700
v -0.665890 0.187987 -0.013106
v -0.534485 0.165300 -0.015890
v -0.533067 0.153594 -0.021058
v -0.484110 0.169498 -0.004390
v -0.397716 0.232863 -0.036905
v -0.315332 0.096316 -0.039918
v -0.398778 0.063962 -0.037807
v -0.686572 1.556548 -0.032437
v -0.344387 0.082568 -0.029104
v -0.368300 0.070200 -0.038808
v -0.513656 0.093907 -0.003136
v -0.334533 0.088189 -0.054607
v -0.537675 0.083917 -0.019939
v -0.472986 0.155751 -0.028542
v -0.378778 0.152411 -0.041977
v -0.344323 0.093342 -0.041933
v -0.518336 0.080274 -0.020117
v -0.517867 0.154287 -0.020830
v -0.402436 0.143186 -0.036022
v -0.490382 0.130587 -0.001995
v -0.445775 0.083306 -0.026781
v -0.484284 0.081911 -0.026275
v -0.530667 0.099283 -0.029280
v -0.473876 0.124943 -0.030186
v -0.614648 1.439447 -0.021485
v -0.332971 0.132223 -0.092468
v -0.311149 0.160057 -0.065363
v -0.238854 0.154494 -0.077431
v -0.513616 0.091400 -0.021046
v -0.295476 0.089195 -0.070300
v -0.512209 0.127551 -0.014805
v -0.490096 0.129138 -0.023563
v -0.459537 0.142795 -0.036675
v -0.297747 0.095813 -0.081749
v -0.517268 0.113818 -0.027752
v -0.397717 0.094726 -0.042001
v -0.416844 0.106667 -0.033358
v -0.518064 0.142917 -0.036496
v -0.336077 0.155359 -0.078654
v -0.464994 0.100383 -0.035943
v -0.416722 0.088682 -0.049183
v -0.506097 0.117476 -0.032578
v -0.448802 0.085388 -0.064262
v -0.505547 0.106782 -0.034104
v -0.399803 0.160576 -0.072124
v -0.513127 0.094456 -0.042060
v -0.430989 0.162060 -0.059853
v -0.601220 0.151612 -0.039374
v -0.486088 0.159468 -0.050495
v -0.409862 0.147020 -0.087476
v -0.541778 0.084112 -0.055400
v -0.735870 0.143534 -0.002883
v -0.592535 0.232328 0.000870
v -0.638957 0.088954 -0.021013
v -0.693472 0.020730 -0.029275
v -0.734729 1.003016 0.045372
v -0.682070 0.171762 -0.020099
v -0.623317 0.211241 0.006894
v -0.555580 0.236329 -0.029272
v -0.397412 0.096142 -0.084525
v -0.638681 0.026664 -0.039885
v -0.653678 0.196822 -0.001003
v -0.634622 0.124474 -0.030656
v -0.701760 0.991013 -0.062182
v -0.504681 0.162866 -0.068589
v -0.600283 0.101868 -0.036202
v -0.643684 0.083572 -0.034801
v -0.748950 0.032910 -0.037921
v -0.749833 0.116726 -0.041306
v -0.681023 0.188032 0.000573
v -0.670000 0.026309 -0.041604
v -0.700855 0.018479 -0.048413
v -0.709716 0.026320 -0.042429
v -0.711815 0.170765 -0.000839
v -0.686473 0.191334 -0.006239
v -0.654857 0.088914 -0.043286
v -0.564074 0.241628 -0.014022
v -0.658819 0.063668 -0.045327
v -0.587863 0.164251 -0.054167
v -0.646672 0.113118 -0.030457
v -0.668754 0.031285 -0.034296
v -0.672357 0.030052 -0.030929
v -0.662678 0.042087 -0.041669
v -0.671382 0.030784 -0.031783
v -0.675055 1.607751 -0.089650
v -0.604078 0.187662 -0.044192
v -0.543357 0.096693 -0.085582
v -0.670528 0.031028 -0.032636
v -0.727575 0.170967 -0.020109
v -0.676156 0.203004 0.004197
v -0.591817 0.168972 -0.039148
v -0.614495 0.237415 -0.049950
v -0.748534 0.056128 -0.039363
v -0.734995 0.052359 -0.035181
v -0.746697 0.070824 -0.034232
v -0.720269 0.193616 -0.005066
v -0.510035 0.155027 -0.083087
v -0.686803 0.026623 -0.067865
v -0.739821 0.100981 -0.031022
v -0.719586 0.037489 -0.044423
v -0.715636 0.217243 0.000574
v -0.711846 0.043932 -0.071810
v -0.585229 0.222592 -0.038574
v -0.615374 0.185865 -0.045844
v -0.497217 0.087046 -0.072311
v -0.649386 0.225856 -0.030737
v -0.615283 1.375890 -0.030203
v -0.718643 0.051194 -0.037438
v -0.709275 0.184290 -0.018165
v -0.585462 0.162699 -0.075158
v -0.465461 0.126171 -0.093893
v -0.743363 0.210980 -0.010334
v -0.621110 0.158524 -0.044985
v -0.667358 0.038597 -0.064428
v -0.730962 0.077838 -0.042484
v -0.734920 0.156884 -0.033553
v -0.750449 0.233071 -0.012544
v -0.663782 0.220861 -0.003721
v -0.577586 0.140174 -0.092576
v -0.722836 0.058667 -0.067526
v -0.727940 0.129487 -0.034787
v -0.735653 0.191954 -0.026728
v -0.630845 0.165014 -0.075028
v -0.588677 1.194174 -0.021679
v -0.532221 0.110718 -0.092598
v -0.654513 0.079551 -0.059382
v -0.682215 0.052796 -0.079941
v -0.600932 0.151160 -0.088606
v -0.592258 0.086389 -0.075773
v -0.702456 0.184747 -0.033378
v -0.742515 0.252385 -0.021882
v -0.629315 0.205970 -0.040968
v -0.722094 0.158176 -0.041868
v -0.752376 0.222757 -0.031226
v -0.669165 0.201274 -0.043451
v -0.732601 0.133383 -0.056803
v -0.718182 0.194191 -0.041335
v -0.654146 0.229580 -0.017795
v -0.672798 0.166509 -0.042690
v -0.731204 0.097713 -0.071453
v -0.671206 0.166899 -0.079151
v -0.627879 1.056372 0.032696
v -0.741525 0.216808 -0.041526
v -0.740295 0.239701 -0.037134
v -0.681761 0.231250 -0.015599
v -0.672984 0.193990 -0.038963
v -0.658794 0.081278 -0.075066
v -0.665979 0.091591 -0.085988
v -0.623756 0.156394 -0.084831
v -0.708200 0.235753 -0.037347
v -0.723824 0.216794 -0.047183
v -0.727254 0.206750 -0.068776
v -0.719408 0.229652 -0.045369
v -0.697565 0.071797 -0.086110
v -0.684211 0.226501 -0.034872
v -0.685985 1.020441 -0.089305
v -0.666699 0.171093 -0.058060
v -0.694087 0.142264 -0.092253
v -0.664418 0.222030 -0.076940
v -0.705957 0.107879 -0.091472
v -0.671860 0.214824 -0.040752
v -0.719472 0.177504 -0.084747
v -0.699472 0.323585 -0.035620
v -0.717681 0.251125 -0.082316
v -0.742505 0.478713 -0.037792
v -0.627124 0.511275 0.009183
v -0.683587 0.241259 -0.091714
v -0.780379 0.402133 -0.029729
v -0.674835 0.346859 -0.035118
v -0.654136 1.483806 -0.078956
v -0.734372 0.346372 -0.038724
v -0.727930 0.349887 -0.025140
v -0.748927 0.355412 -0.030249
v -0.764867 0.369537 -0.028807
v -0.726547 0.472677 -0.028949
v -0.723442 0.471894 -0.018127
v -0.723564 0.472870 -0.017152
v -0.676340 0.455699 0.005348
v -0.667305 0.310931 -0.040057
v -0.723442 0.471041 -0.018981
v -0.723564 0.471041 -0.017274
v -0.641633 0.474087 0.008440
v -0.654922 0.471041 0.007232
v -0.655776 0.471894 0.007354
v -0.655898 0.471894 0.007354
v -0.660684 0.478181 0.005005
v -0.651270 0.508078 0.004170
v -0.722245 0.274834 -0.053843
v -0.656629 0.472748 0.007110
v -0.634657 0.564422 0.009593
v -0.706026 0.227735 -0.090492
v -0.654759 0.368383 -0.027541
v -0.762968 0.402013 -0.046301
v -0.725365 0.434218 -0.009575
v -0.633860 0.443649 -0.025792
v -0.719864 0.309980 -0.067625
v -0.757250 0.379649 -0.046077
v -0.715595 0.323216 -0.046679
v -0.725437 0.356516 -0.040699
v -0.643443 0.428892 -0.032668
v -0.661254 0.378904 -0.040229
v -0.610671 0.585768 -0.001397
v -0.699711 0.442054 -0.009196
v -0.635051 0.612243 0.004582
v -0.645636 0.573930 0.003461
v -0.639620 0.474540 -0.029727
v -0.737724 0.420218 -0.041048
v -0.667391 0.501451 0.000823
v -0.661785 0.545404 -0.001684
v -0.660325 0.542129 0.004432
v -0.637223 0.558212 -0.030372
v -0.656956 0.311168 -0.051137
v -0.718192 0.342062 -0.055313
v -0.679875 0.529413 -0.000187
v -0.650912 0.404104 -0.046915
v -0.727083 0.432575 -0.028924
v -0.611116 0.511918 -0.027991
v -0.682587 0.474577 -0.010489
v -0.658013 0.582442 0.003149
v -0.653886 0.488518 -0.020658
v -0.671625 0.518189 -0.014613
v -0.698647 0.542416 0.002886
v -0.612034 0.595143 -0.013091
v -0.620368 0.584876 -0.026748
v -0.654660 0.294031 -0.064267
v -0.715685 0.368953 -0.051528
v -0.706309 0.438785 -0.026529
v -0.697864 0.518530 -0.004923
v -0.660728 0.426127 -0.036825
v -0.708011 0.422974 -0.042986
v -0.691422 0.446951 -0.033497
v -0.733429 0.536836 -0.007589
v -0.664660 0.469507 -0.034468
v -0.644540 0.415616 -0.059439
v -0.675336 0.490110 -0.033100
v -0.705247 0.512935 -0.018533
v -0.644944 0.556458 -0.019525
v -0.722933 0.553765 -0.002932
v -0.685456 0.337829 -0.092993
v -0.698712 0.558543 -0.002326
v -0.656420 0.622554 0.001748
v -0.660572 0.525614 -0.036489
v -0.648112 0.387460 -0.072302
v -0.657194 0.316748 -0.077057
v -0.732358 0.539194 -0.026641
v -0.600238 0.638283 -0.001630
v -0.590578 0.659194 -0.003891
v -0.601900 0.628133 -0.014310
v -0.713330 0.411514 -0.071385
v -0.688338 0.582236 -0.005481
v -0.632438 0.651450 0.004280
v -0.586121 0.657838 -0.017131
v -0.643489 0.494636 -0.058458
v -0.671990 0.519397 -0.032905
v -0.717113 0.525782 -0.030221
v -0.660866 0.649682 0.004489
v -0.619316 0.631060 -0.021659
v -0.646372 0.607936 -0.027518
v -0.709578 0.324494 -0.084392
v -0.713073 0.404552 -0.050884
v -0.647693 0.651918 0.000428
v -0.700479 0.484887 -0.042140
v -0.650090 0.502776 -0.044243
v -0.614510 0.676604 -0.012174
v -0.626484 0.681553 -0.027600
v -0.631368 0.634214 -0.018469
v -0.647808 0.587774 -0.020541
v -0.659361 0.577857 -0.036963
v -0.598086 0.652345 -0.027046
v -0.642687 0.602390 -0.055382
v -0.690537 0.522402 -0.036202
v -0.734330 0.586800 -0.018689
v -0.709177 0.570406 -0.003131
v -0.709543 0.571260 -0.002887
v -0.709543 0.571504 -0.002887
v -0.709543 0.571626 -0.002887
v -0.712009 0.590094 -0.005218
v -0.656027 0.621362 -0.025099
v -0.708847 0.476099 -0.053261
v -0.733323 0.592422 -0.008866
v -0.700839 0.557855 -0.031871
v -0.692102 0.579060 -0.021013
v -0.679821 0.656452 0.002479
v -0.649154 0.441482 -0.079566
v -0.694075 0.631075 -0.002563
v -0.667991 0.600324 0.002710
v -0.663335 0.638195 0.000405
v -0.663335 0.640145 0.000405
v -0.662359 0.639048 0.000405
v -0.661384 0.638195 0.001014
v -0.676350 0.684132 0.004057
v -0.635421 0.650845 -0.030766
v -0.711894 0.578860 -0.027677
v -0.737015 0.617773 -0.005061
v -0.697828 0.620499 -0.003952
v -0.737978 0.612463 -0.024257
v -0.631034 0.681269 0.003754
v -0.643979 0.529856 -0.072183
v -0.666750 0.322319 -0.086788
v -0.698819 0.615247 -0.022479
v -0.656026 0.679326 -0.036778
v -0.722529 0.644497 0.004888
v -0.666333 0.706086 0.007747
v -0.646825 0.659343 -0.045460
v -0.693694 0.546722 -0.038557
v -0.658824 0.639099 -0.036662
v -0.666144 0.405589 -0.090804
v -0.706112 0.497947 -0.074513
v -0.681770 0.590557 -0.034623
v -0.688597 0.638376 -0.037263
v -0.727183 0.637416 -0.035475
v -0.730152 0.643655 -0.027720
v -0.729352 0.645085 -0.003706
v -0.641416 0.623086 -0.067110
v -0.658717 0.501941 -0.088335
v -0.757383 0.652290 -0.006637
v -0.653219 0.655770 -0.024665
v -0.692688 0.656372 -0.038829
v -0.704533 0.606463 -0.028061
v -0.704418 0.424507 -0.083193
v -0.700233 0.571464 -0.046963
v -0.776361 0.656825 -0.002168
v -0.788688 0.658910 -0.019249
v -0.796567 0.676764 -0.006771
v -0.757194 0.652400 -0.024336
v -0.747153 0.664729 0.001965
v -0.745128 0.640225 -0.000267
v -0.706514 0.555093 -0.060432
v -0.698039 0.670676 0.007031
v -0.689448 0.416259 -0.091941
v -0.604953 1.188011 -0.003210
v -0.748784 0.641200 -0.030332
v -0.647378 0.588060 -0.080196
v -0.781319 0.667939 -0.034353
v -0.794277 0.682518 -0.025796
v -0.674197 0.506111 -0.092209
v -0.712820 0.688866 0.002309
v -0.636447 0.702450 -0.019121
v -0.656492 0.632381 -0.088105
v -0.788214 0.699352 -0.006599
v -0.645259 0.712652 -0.080080
v -0.711805 0.674704 -0.041980
v -0.781152 0.680145 0.004148
v -0.687957 0.748332 0.007675
v -0.649018 0.718289 -0.002308
v -0.692078 0.505363 -0.088427
v -0.744149 0.666444 -0.036821
v -0.617748 0.699235 -0.020819
v -0.787168 0.698281 -0.026442
v -0.708267 0.694209 0.008178
v -0.658625 0.721702 -0.035103
v -0.654561 0.697467 -0.038095
v -0.701732 0.666800 -0.052913
v -0.596660 0.715798 -0.022376
v -0.756961 0.713953 -0.005356
v -0.722892 0.686134 0.006882
v -0.686506 0.717887 0.004594
v -0.639227 0.717389 -0.062092
v -0.721540 0.661287 -0.035899
v -0.742040 0.694745 -0.039633
v -0.702632 0.586538 -0.074632
v -0.711130 0.702655 -0.038565
v -0.616362 0.736775 -0.005723
v -0.642740 0.727648 -0.032488
v -0.640875 0.725466 0.003453
v -0.653878 0.726312 -0.027164
v -0.691917 0.604234 -0.087746
v -0.697575 0.703359 -0.044660
v -0.696986 0.748675 0.006293
v -0.762063 0.711147 -0.024827
v -0.607900 0.743817 -0.002940
v -0.703979 0.650901 -0.064819
v -0.746425 0.711742 -0.033797
v -0.615956 0.736809 -0.022170
v -0.639753 0.791276 -0.070424
v -0.742155 0.698806 0.005989
v -0.662866 0.763469 0.002018
v -0.623116 0.764190 0.001112
v -0.600586 0.765572 -0.003968
v -0.654496 0.748159 -0.038027
v -0.709569 0.744629 0.004236
v -0.681133 0.753152 0.002717
v -0.604085 0.750379 -0.019512
v -0.708003 0.759083 -0.042956
v -0.643019 0.803861 -0.049527
v -0.672615 0.753099 0.007266
v -0.648418 0.809959 -0.084287
v -0.658375 0.748817 -0.090450
v -0.749671 0.734404 -0.006863
v -0.597608 0.787870 -0.023644
v -0.712440 0.760060 -0.038313
v -0.762287 0.730379 -0.024056
v -0.672794 0.660025 -0.092629
v -0.605192 1.489866 0.000938
v -0.694595 0.693745 -0.084091
v -0.703891 0.763247 -0.060006
v -0.661771 0.778775 0.004700
v -0.602453 0.845963 -0.022583
v -0.586389 0.836217 -0.022459
v -0.593608 0.799348 -0.024584
v -0.682323 0.763851 -0.091873
v -0.723497 0.743270 -0.041029
v -0.762484 0.758225 -0.004354
v -0.616697 0.836270 -0.025802
v -0.650123 0.750852 -0.030124
v -0.758282 0.765281 -0.024966
v -0.711161 0.781345 0.006606
v -0.595154 0.799245 0.000152
v -0.587665 0.835253 -0.002687
v -0.679223 0.949846 -0.036285
v -0.648280 0.967560 -0.048428
v -0.615710 0.838464 -0.005389
v -0.625114 0.979219 -0.032005
v -0.642796 0.883569 -0.058774
v -0.749019 0.734654 -0.023837
v -0.609705 0.996955 0.000758
v -0.627987 0.966122 -0.009771
v -0.751723 0.784221 -0.004934
v -0.663175 0.789544 0.003519
v -0.603372 0.844926 -0.001457
v -0.610212 0.779907 -0.027825
v -0.661630 0.967000 0.046281
v -0.732831 0.786690 -0.036435
v -0.743744 0.789127 -0.004443
v -0.724852 0.777825 0.005482
v -0.632161 0.847232 -0.021127
v -0.690474 0.907118 -0.041229
v -0.639324 0.969811 0.032513
v -0.713893 0.800761 -0.040108
v -0.709982 0.948436 -0.017820
v -0.659491 0.813085 -0.031463
v -0.656231 0.797203 0.003729
v -0.627245 0.844299 -0.002556
v -0.689329 0.828100 -0.039047
v -0.630250 0.977895 0.033069
v -0.644642 0.887255 -0.074336
v -0.703515 0.838878 -0.066400
v -0.696989 0.802993 -0.044274
v -0.702787 0.788754 0.005476
v -0.649094 0.840264 -0.002860
v -0.657846 0.836649 -0.024008
v -0.717099 0.955932 0.019286
v -0.695607 0.961323 0.041663
v -0.643475 0.989199 -0.059676
v -0.628953 0.815202 0.002651
v -0.662492 0.818857 -0.033501
v -0.654426 0.881786 -0.087544
v -0.671604 0.861735 -0.035510
v -0.746805 0.815596 -0.024155
v -0.722202 0.845834 -0.039471
v -0.680016 0.806624 0.006358
v -0.681976 0.841142 -0.001601
v -0.728373 0.831348 0.004413
v -0.712950 0.833077 0.007757
v -0.678951 0.840006 -0.025577
v -0.696428 0.857594 -0.028152
v -0.744080 0.860120 -0.024634
v -0.731380 0.886066 -0.032112
v -0.712665 0.900278 -0.030247
v -0.741370 0.877538 -0.003477
v -0.736669 0.907782 -0.020476
v -0.714095 0.918211 -0.001494
v -0.706997 0.880160 0.001601
v -0.717431 0.952854 -0.015057
v -0.728159 0.930978 -0.010363
v -0.716166 0.950378 -0.010677
v -0.697482 0.795238 -0.081590
v -0.700600 0.903022 -0.054232
v -0.695921 0.960722 -0.045466
v -0.669279 0.864291 -0.092304
v -0.740091 0.978549 0.020483
v -0.680348 0.977134 0.056585
v -0.714613 0.980571 0.050940
v -0.647366 1.004622 0.059824
v -0.646803 1.060497 -0.077883
v -0.700754 0.919051 -0.070057
v -0.610328 1.024966 0.018100
v -0.612800 1.044134 -0.018152
v -0.655373 0.958625 -0.086622
v -0.614277 1.015792 -0.033476
v -0.682249 0.912735 -0.090469
v -0.745599 0.980588 -0.000047
v -0.623792 1.016296 0.042856
v -0.694991 0.877865 -0.083279
v -0.662337 1.033618 -0.090617
v -0.692273 1.009175 0.068771
v -0.729625 0.969676 -0.029377
v -0.667076 1.031249 0.067481
v -0.628089 1.035617 -0.051531
v -0.669073 1.111744 -0.092237
v -0.642522 1.267988 -0.063930
v -0.590002 1.364026 -0.021968
v -0.613090 0.053251 -0.076574
v 0.613090 0.053251 -0.076574
v -0.613090 1.775181 -0.076574
v 0.613090 1.775181 -0.076574
vn 0.9957 0.0896 -0.0243
vn 0.9935 0.1105 0.0267
vn 0.9903 0.1358 0.0297
vn 0.9944 0.1034 -0.0228
vn 0.9935 0.0129 -0.1130
vn 0.9051 0.4062 -0.1255
vn 0.9084 0.3979 -0.1282
vn 0.9060 0.4039 -0.1263
vn 0.9019 0.4141 -0.1229
vn 0.9065 -0.1832 0.3803
vn 0.9133 -0.1876 0.3614
vn 0.9143 -0.1883 0.3585
vn 0.8976 -0.4062 -0.1711
vn 0.9285 -0.3676 0.0530
vn 0.8771 -0.4749 -0.0720
vn 0.8925 -0.4131 0.1811
vn 0.7904 0.4733 0.3889
vn 0.8218 0.4741 0.3160
vn 0.7122 0.6564 0.2488
vn 0.9228 -0.1940 0.3328
vn 0.8262 0.2579 0.5008
vn 0.7785 0.3488 -0.5218
vn 0.8248 0.2991 -0.4799
vn 0.7752 0.3521 -0.5245
vn 0.8759 0.0038 -0.4826
vn 0.8535 -0.0483 -0.5188
vn 0.7548 -0.0758 -0.6516
vn 0.7823 -0.5495 -0.2934
vn 0.7987 0.2086 0.5645
vn 0.6625 0.7111 0.2355
vn 0.8013 0.1347 0.5828
vn 0.8743 -0.4485 0.1856
vn 0.6400 0.7462 0.1834
vn 0.6190 0.7690 -0.1594
vn 0.6474 0.7313 -0.2147
vn 0.6383 0.7141 -0.2876
vn 0.6479 0.6854 -0.3324
vn 0.7237 0.3995 -0.5628
vn 0.7587 -0.1113 -0.6419
vn 0.7136 -0.6282 -0.3100
vn 0.5087 0.6566 0.5568
vn 0.5189 0.6855 0.5107
vn 0.5116 0.6646 0.5446
vn 0.6371 -0.0288 0.7702
vn 0.6105 -0.1664 0.7743
vn 0.6196 -0.2213 0.7531
vn 0.6047 0.4069 0.6847
vn 0.6191 0.6530 -0.4362
vn 0.6155 -0.3314 0.7151
vn 0.6009 -0.2888 0.7454
vn 0.4998 0.6330 0.5912
vn 0.5111 0.3136 -0.8003
vn 0.5219 0.3459 -0.7798
vn 0.5114 0.3145 -0.7998
vn 0.4751 -0.8794 -0.0310
vn 0.6194 -0.7851 0.0006
vn 0.6259 -0.7789 0.0397
vn 0.2837 0.9589 0.0067
vn 0.2725 0.9526 -0.1350
vn 0.2220 0.9744 0.0347
vn 0.5004 0.2832 -0.8182
vn 0.6518 -0.1193 -0.7489
vn 0.5387 -0.8401 -0.0631
vn 0.6056 -0.0976 -0.7898
vn 0.4530 -0.6428 -0.6177
vn 0.5559 -0.6133 -0.5611
vn 0.3281 -0.7370 -0.5909
vn 0.5234 -0.7961 0.3039
vn 0.5291 -0.7264 0.4387
vn 0.5171 -0.7317 0.4441
vn 0.1964 0.9499 0.2431
vn 0.2261 0.9530 -0.2017
vn 0.4154 0.2086 0.8854
vn 0.4175 0.2391 0.8767
vn 0.4177 0.2434 0.8754
vn 0.4193 0.2749 0.8652
vn 0.2005 0.8347 -0.5130
vn 0.2781 0.7529 -0.5965
vn 0.2738 0.7402 -0.6141
vn 0.5171 -0.6611 0.5437
vn 0.5146 -0.5653 0.6446
vn 0.5067 -0.6160 0.6032
vn 0.1415 0.9384 0.3152
vn 0.3124 0.6792 -0.6641
vn 0.0366 0.6124 0.7897
vn 0.2284 0.5441 0.8073
vn 0.2500 0.6110 0.7511
vn 0.3049 0.6527 -0.6935
vn 0.3586 -0.9314 -0.0619
vn 0.0535 0.3876 0.9203
vn 0.1602 0.9058 0.3923
vn -0.2379 0.9185 -0.3157
vn -0.2238 0.9135 -0.3398
vn -0.1816 0.8648 -0.4682
vn -0.2567 0.9349 -0.2451
vn -0.0802 0.4388 0.8950
vn 0.0459 0.7683 0.6385
vn -0.0582 0.7403 0.6697
vn 0.3306 -0.6743 -0.6603
vn 0.1040 -0.3343 0.9367
vn 0.2085 -0.0951 0.9734
vn 0.0796 -0.1782 0.9808
vn -0.2823 0.9527 0.1127
vn -0.2694 0.9530 0.1386
vn -0.3169 0.9476 0.0403
vn -0.0735 0.1589 -0.9846
vn 0.0301 0.2098 -0.9773
vn -0.0025 0.1659 -0.9861
vn 0.2242 -0.9741 -0.0305
vn -0.0446 0.2441 0.9687
vn -0.2355 0.9502 0.2042
vn -0.1108 0.1412 -0.9838
vn 0.2192 0.0467 0.9746
vn -0.2686 0.9346 -0.2330
vn 0.0370 0.5123 -0.8580
vn 0.1559 -0.2296 -0.9607
vn 0.2584 -0.2649 -0.9290
vn 0.1588 -0.2306 -0.9600
vn 0.2849 -0.7251 -0.6269
vn 0.1077 -0.5119 0.8523
vn -0.0320 -0.3518 0.9355
vn 0.0751 -0.2002 -0.9769
vn 0.2030 -0.8421 -0.4997
vn -0.1490 0.6512 0.7441
vn 0.0228 -0.9483 0.3165
vn 0.1334 -0.9635 0.2319
vn 0.0268 -0.9007 0.4336
vn 0.0352 -0.7883 0.6143
vn -0.0111 -0.8127 0.5826
vn -0.3128 0.0387 0.9490
vn -0.2899 0.1165 0.9499
vn -0.3156 0.0286 0.9485
vn -0.2308 0.1536 -0.9608
vn -0.0332 -0.8860 0.4625
vn -0.4695 0.7611 0.4477
vn -0.3568 0.8216 0.4447
vn -0.4669 0.7626 0.4477
vn -0.3437 0.6446 -0.6830
vn -0.3398 0.6248 -0.7029
vn -0.4473 0.4968 -0.7438
vn -0.0694 -0.9221 -0.3807
vn -0.0061 -0.9299 -0.3677
vn -0.0830 -0.9213 -0.3799
vn -0.1619 -0.2915 0.9428
vn -0.0381 -0.6814 -0.7309
vn -0.0914 -0.7217 -0.6861
vn -0.1014 -0.7288 -0.6772
vn -0.1211 -0.9142 -0.3867
vn -0.3935 0.5242 -0.7552
vn -0.1285 -0.3742 -0.9184
vn -0.3325 -0.0350 0.9424
vn -0.1556 -0.7647 -0.6254
vn -0.1315 -0.9152 -0.3810
vn -0.4166 0.4216 0.8054
vn -0.5025 0.4373 0.7458
vn -0.4952 0.4362 0.7513
vn -0.5183 0.3729 -0.7696
vn -0.7313 0.6117 -0.3019
vn -0.6121 0.6940 -0.3791
vn -0.7521 0.5645 -0.3401
vn -0.5164 -0.8269 0.2227
vn -0.4311 -0.8885 0.1571
vn -0.3367 -0.9283 0.1580
vn -0.3826 -0.6134 0.6909
vn -0.3822 -0.6151 0.6896
vn -0.3941 -0.5559 0.7319
vn -0.3706 -0.6624 0.6510
vn -0.5710 0.6908 0.4436
vn -0.6195 -0.0654 -0.7823
vn -0.5251 -0.1144 -0.8433
vn -0.6365 -0.0563 -0.7692
vn -0.5983 0.3283 -0.7309
vn -0.4040 -0.3514 -0.8446
vn -0.6224 -0.1164 0.7740
vn -0.6858 -0.1794 0.7053
vn -0.6941 -0.2082 0.6891
vn -0.5740 0.4472 0.6859
vn -0.7391 0.6595 0.1373
vn -0.7354 0.6709 0.0958
vn -0.7406 0.6524 0.1608
vn -0.7422 0.6394 0.2010
vn -0.5264 -0.5831 -0.6187
vn -0.5702 -0.6588 -0.4907
vn -0.5620 -0.5908 -0.5789
vn -0.6202 -0.7380 -0.2659
vn -0.6252 -0.6887 -0.3671
vn -0.5704 -0.7826 0.2494
vn -0.6901 -0.0248 -0.7233
vn -0.5974 -0.7242 0.3445
vn -0.7926 0.5630 -0.2343
vn -0.7950 0.5228 -0.3077
vn -0.7995 0.4238 -0.4256
vn -0.6908 -0.0251 -0.7226
vn -0.6654 -0.7317 -0.1476
vn -0.7346 -0.2354 0.6364
vn -0.7558 -0.2343 0.6115
vn -0.7833 -0.3933 -0.4814
vn -0.8539 -0.4287 -0.2952
vn -0.8307 -0.3775 -0.4092
vn -0.7909 0.2812 0.5435
vn -0.8057 0.2183 0.5507
vn -0.7979 0.2532 0.5470
vn -0.8747 0.3891 0.2890
vn -0.7683 0.3567 0.5315
vn -0.8923 0.0831 -0.4437
vn -0.9416 0.0113 -0.3366
vn -0.9318 0.0279 -0.3619
vn -0.8722 -0.4313 -0.2307
vn -0.8550 -0.5038 -0.1232
vn -0.8677 -0.4296 0.2500
vn -0.8150 -0.4651 0.3457
vn -0.8696 -0.4280 0.2461
vn -0.8905 0.0016 0.4549
vn -0.9971 0.0114 0.0748
vn -0.9910 -0.0335 0.1295
vn -0.9958 0.0657 0.0645
vn -0.9807 0.1903 0.0441
vn -0.9942 0.1023 0.0343
vn -0.9641 -0.0360 -0.2629
vn -0.9108 -0.3862 0.1461
vn 0.9814 0.1668 0.0955
vn 0.9918 0.1199 0.0436
vn 0.9889 0.1355 0.0608
vn 0.8612 0.0605 0.5047
vn 0.9642 0.2125 -0.1586
vn 0.9701 0.2425 -0.0005
vn 0.9645 0.1971 -0.1759
vn -0.6342 0.2130 0.7432
vn -0.1660 -0.0225 0.9859
vn -0.0780 -0.1197 0.9897
vn -0.2751 -0.0114 0.9613
vn 0.9966 0.0825 0.0023
vn 0.5370 -0.8077 -0.2434
vn 0.4988 -0.8633 -0.0767
vn 0.5168 -0.8322 -0.2008
vn 0.1582 -0.9771 0.1420
vn 0.5494 -0.7801 -0.2994
vn 0.5776 -0.7826 -0.2323
vn 0.7235 -0.6485 0.2368
vn 0.6729 -0.6997 0.2400
vn 0.7531 -0.6231 0.2110
vn 0.5724 -0.6711 0.4712
vn 0.6360 -0.6395 0.4319
vn 0.5426 -0.6741 0.5011
vn -0.7492 -0.6108 0.2562
vn -0.7992 -0.5458 0.2518
vn -0.7484 -0.6117 0.2563
vn -0.2166 -0.5944 0.7744
vn -0.6893 -0.6766 0.2591
vn -0.6597 -0.2201 -0.7186
vn -0.5875 -0.0473 0.8078
vn -0.2366 -0.1860 0.9536
vn 0.6179 0.7399 0.2661
vn 0.0183 0.7392 0.6733
vn 0.1038 -0.8617 0.4966
vn 0.7049 0.4871 0.5155
vn -0.6149 0.6941 0.3743
vn -0.7393 0.2308 0.6326
vn -0.6974 0.1075 0.7086
vn -0.7204 0.1696 0.6725
vn -0.6755 0.0560 0.7352
vn 0.4621 -0.6125 0.6414
vn 0.5310 -0.4838 0.6957
vn 0.5065 -0.5338 0.6772
vn 0.5963 -0.7364 0.3196
vn 0.5855 -0.7706 0.2517
vn 0.5940 -0.7451 0.3033
vn 0.5801 -0.7832 0.2236
vn -0.2584 -0.2598 0.9305
vn 0.6416 -0.7523 0.1494
vn -0.1212 -0.9909 0.0588
vn 0.6924 -0.5722 0.4395
vn -0.2764 -0.8794 -0.3875
vn -0.2382 -0.9009 -0.3629
vn -0.2902 -0.8711 -0.3963
vn 0.9593 -0.1354 -0.2479
vn 0.9606 -0.1227 -0.2493
vn 0.9464 -0.2191 -0.2374
vn -0.2866 -0.5710 0.7693
vn 0.5212 -0.4292 0.7377
vn 0.5664 -0.5260 -0.6344
vn 0.4788 -0.5033 -0.7194
vn 0.5131 -0.5128 -0.6883
vn 0.4435 -0.4926 -0.7488
vn -0.3392 -0.8384 -0.4268
vn 0.0956 -0.4162 0.9042
vn 0.9022 0.2324 0.3632
vn 0.9043 0.2595 0.3390
vn 0.9036 0.2482 0.3492
vn 0.9652 -0.0507 -0.2566
vn 0.7636 0.1699 -0.6230
vn 0.7621 0.1685 -0.6251
vn 0.8036 0.1205 -0.5828
vn -0.2766 -0.1885 -0.9423
vn -0.9472 -0.3193 -0.0281
vn -0.9178 -0.3618 -0.1638
vn -0.9405 -0.3328 -0.0691
vn 0.4148 0.0362 0.9092
vn -0.9547 -0.2945 0.0428
vn -0.5526 -0.3990 0.7317
vn 0.1039 -0.0611 -0.9927
vn 0.1110 -0.0161 -0.9937
vn 0.1298 -0.0050 -0.9915
vn 0.8302 0.0589 -0.5544
vn 0.9599 -0.0331 0.2783
vn 0.9843 0.0801 0.1573
vn 0.9811 0.0388 0.1895
vn 0.9011 0.2219 0.3725
vn 0.0847 0.1096 0.9904
vn 0.2546 0.0104 0.9670
vn 0.1414 0.0772 0.9869
vn 0.2260 0.0334 -0.9736
vn -0.6443 0.0275 -0.7643
vn -0.6190 -0.0810 -0.7812
vn -0.6377 -0.0043 -0.7703
vn 0.5739 0.0868 0.8143
vn 0.5440 0.0536 0.8374
vn 0.3964 -0.0387 0.9172
vn -0.9836 0.1804 -0.0011
vn -0.9833 0.1653 0.0763
vn -0.9799 0.1692 0.1061
vn 0.2557 0.0282 -0.9663
vn -0.9873 0.0209 0.1576
vn 0.2636 -0.5153 0.8155
vn -0.0486 -0.0831 0.9954
vn 0.0499 -0.0956 0.9942
vn 0.0333 -0.1537 0.9876
vn 0.8113 -0.4856 0.3257
vn -0.0943 -0.0665 0.9933
vn -0.1135 -0.0838 0.9900
vn -0.2190 -0.1798 0.9590
vn -0.4219 0.6121 0.6688
vn -0.4611 0.0731 0.8843
vn -0.0647 -0.0337 0.9973
vn 0.9926 -0.0156 0.1208
vn -0.5157 0.4023 0.7564
vn -0.5197 0.3953 0.7574
vn -0.5318 0.4052 0.7436
vn -0.1156 0.0523 0.9919
vn -0.0668 0.0707 0.9953
vn -0.1086 0.0550 0.9926
vn -0.2879 -0.5107 0.8101
vn -0.8201 -0.2798 0.4992
vn -0.7668 -0.3558 0.5343
vn -0.8488 -0.2318 0.4752
vn 0.1924 0.9801 0.0490
vn 0.2001 0.9776 0.0653
vn 0.2482 0.9537 0.1701
vn -0.0303 0.6432 0.7651
vn 0.0459 -0.0802 0.9957
vn -0.6551 0.0896 -0.7502
vn 0.2771 -0.0032 0.9608
vn 0.7952 -0.5997 0.0896
vn -0.8864 -0.1571 0.4354
vn -0.9177 0.3362 0.2119
vn -0.9021 0.3940 0.1759
vn -0.9067 0.3788 0.1855
vn -0.3141 0.9119 -0.2640
vn 0.2323 0.0206 0.9724
vn 0.7179 -0.0521 0.6942
vn -0.7057 0.2157 0.6749
vn -0.6389 0.3277 0.6960
vn -0.6619 0.3247 0.6756
vn -0.5918 0.5956 0.5432
vn -0.5151 0.6627 0.5436
vn -0.5760 0.6234 0.5289
vn -0.4299 0.7090 0.5591
vn -0.8866 0.4388 0.1465
vn -0.4051 0.3062 0.8615
vn -0.4739 0.0498 0.8792
vn -0.4569 0.0515 0.8880
vn -0.3517 0.0614 0.9341
vn -0.9149 0.1552 0.3725
vn -0.0238 -0.1267 0.9917
vn -0.3034 -0.3415 -0.8896
vn -0.3281 -0.2722 -0.9046
vn -0.1078 -0.4841 -0.8683
vn -0.3698 0.7384 0.5640
vn -0.3476 0.7660 0.5407
vn -0.9905 0.1090 -0.0842
vn 0.1418 0.9883 -0.0553
vn -0.0627 -0.0230 0.9978
vn 0.9617 0.0648 0.2664
vn -0.3950 0.0817 -0.9151
vn -0.3546 0.1206 -0.9272
vn -0.4854 0.0029 -0.8743
vn -0.9757 0.1750 -0.1321
vn -0.3376 0.0627 0.9392
vn 0.0800 -0.9837 -0.1613
vn -0.2867 -0.7152 -0.6374
vn -0.6250 0.2932 0.7235
vn -0.9500 -0.3053 -0.0661
vn -0.9862 -0.1559 0.0563
vn -0.9834 -0.1804 0.0184
vn 0.5679 -0.3963 0.7214
vn 0.2928 -0.8888 0.3526
vn -0.1767 0.3827 0.9068
vn 0.2874 0.2456 0.9258
vn -0.9677 0.1858 0.1703
vn 0.7024 -0.5924 0.3945
vn 0.3304 -0.7403 0.5854
vn -0.1788 -0.5061 -0.8438
vn 0.8196 0.2267 0.5261
vn 0.1004 0.2078 0.9730
vn 0.0378 0.3010 0.9529
vn 0.0906 0.3095 0.9466
vn 0.3050 -0.0971 0.9474
vn 0.2284 -0.0636 0.9715
vn 0.2424 -0.0697 0.9677
vn -0.1516 0.1489 -0.9772
vn -0.1986 0.1868 -0.9621
vn -0.2487 0.2153 -0.9443
vn 0.9555 0.0539 0.2902
vn 0.9267 0.0338 0.3744
vn 0.9366 0.0402 0.3482
vn 0.1433 -0.7489 0.6470
vn -0.8112 -0.5150 0.2770
vn -0.7191 0.2343 -0.6542
vn -0.7487 0.3858 -0.5391
vn -0.7393 0.3216 -0.5917
vn -0.3560 0.7025 -0.6163
vn 0.1566 -0.1045 0.9821
vn 0.0918 0.0943 0.9913
vn 0.0973 0.0379 0.9945
vn -0.5592 0.5863 0.5862
vn -0.5773 0.5772 0.5776
vn -0.5543 0.5885 0.5885
vn 0.7761 -0.5821 0.2425
vn 0.6667 -0.6667 0.3333
vn 0.7646 -0.5650 0.3102
vn 0.7133 -0.6269 0.3134
vn -0.5504 0.5904 0.5903
vn -0.7183 0.2614 -0.6448
vn -0.0553 -0.4061 0.9122
vn 0.0333 -0.2104 0.9771
vn -0.0002 -0.2861 0.9582
vn -0.9486 -0.3022 -0.0939
vn 0.8107 0.5213 0.2665
vn 0.2042 -0.0138 -0.9788
vn -0.2326 0.3553 0.9054
vn -0.5968 0.5647 0.5700
vn 0.8133 -0.4915 0.3113
vn -0.1720 0.1726 -0.9699
vn -0.2820 0.2400 -0.9289
vn -0.5717 -0.7872 0.2311
vn -0.6013 -0.7376 0.3073
vn -0.5738 -0.7842 0.2361
vn -0.9087 -0.4039 -0.1056
vn -0.9068 -0.4095 -0.1001
vn 0.4048 -0.1412 0.9034
vn 0.5911 -0.7663 -0.2516
vn 0.6082 -0.7555 -0.2435
vn 0.5088 -0.8279 -0.2361
vn 0.9816 -0.1623 0.1008
vn 0.9853 -0.1356 0.1036
vn 0.9932 -0.0000 0.1163
vn 0.9806 -0.0000 -0.1960
vn 0.9668 -0.2383 0.0925
vn -0.3520 -0.9350 -0.0437
vn 0.7785 0.3432 -0.5255
vn 0.7341 0.6578 0.1684
vn 0.8847 0.1475 -0.4422
vn -0.9505 -0.2058 -0.2328
vn 0.9642 0.2435 0.1048
vn 0.0046 0.2638 0.9646
vn -0.2535 -0.2113 0.9440
vn 0.1572 -0.0124 0.9875
vn 0.9518 0.0788 0.2966
vn 0.7301 0.0666 -0.6801
vn 0.7469 0.0193 -0.6646
vn -0.9327 -0.1343 0.3347
vn 0.8162 -0.4453 0.3681
vn 0.7105 -0.6658 -0.2277
vn 0.7277 -0.6483 -0.2242
vn 0.1194 -0.4423 0.8889
vn 0.1196 -0.4286 0.8956
vn 0.1118 -0.4650 0.8782
vn -0.9553 -0.2014 0.2165
vn 0.5355 -0.7558 0.3769
vn 0.5516 -0.7570 0.3504
vn 0.5967 -0.7561 0.2690
vn 0.6198 -0.7527 0.2221
vn 0.4938 -0.8012 -0.3380
vn 0.3354 -0.6295 0.7008
vn 0.2612 0.9473 -0.1856
vn 0.2430 0.9094 -0.3375
vn 0.2454 0.9148 -0.3208
vn 0.3814 -0.8633 0.3306
vn 0.3821 -0.8625 0.3319
vn 0.2984 -0.8798 0.3700
vn 0.4002 0.9012 0.1666
vn 0.0720 0.9242 0.3750
vn 0.3089 -0.5689 -0.7622
vn 0.3086 -0.5693 -0.7620
vn 0.3080 -0.5699 -0.7618
vn 0.2200 -0.4531 0.8639
vn 0.1435 -0.4519 0.8805
vn 0.1712 -0.4738 0.8638
vn 0.0724 0.0883 0.9935
vn 0.0652 0.0170 0.9977
vn 0.1179 0.0143 0.9929
vn -0.5780 -0.0797 0.8121
vn 0.0960 0.0735 0.9927
vn 0.0919 0.0541 0.9943
vn 0.0676 0.0473 0.9966
vn 0.4154 0.0693 0.9070
vn -0.1522 0.1196 0.9811
vn -0.0560 0.1193 0.9913
vn -0.2421 0.9695 0.0382
vn -0.2313 0.9724 0.0322
vn -0.2090 0.9778 -0.0153
vn -0.1550 0.9819 -0.1088
vn -0.2269 -0.1198 0.9665
vn -0.2551 -0.1721 0.9515
vn -0.2716 -0.1174 0.9552
vn -0.1477 0.0210 0.9888
vn 0.9872 0.1322 0.0892
vn 0.6240 0.6688 0.4042
vn 0.1229 0.0753 0.9896
vn -0.0525 0.0411 0.9978
vn 0.0764 0.3015 0.9504
vn 0.0926 0.3006 0.9492
vn 0.0736 0.3016 0.9506
vn -0.1167 0.9767 -0.1802
vn 0.1228 0.0749 0.9896
vn 0.0417 0.0472 0.9980
vn 0.0569 0.0611 0.9965
vn 0.7090 0.7048 -0.0229
vn 0.0687 0.2318 0.9703
vn 0.0483 0.2573 0.9651
vn 0.0626 0.2395 0.9689
vn -0.0000 0.3162 0.9487
vn -0.1771 0.0364 0.9835
vn -0.0455 0.0582 0.9973
vn -0.0940 0.0026 0.9956
vn -0.0481 -0.0469 0.9977
vn 0.4816 0.3820 0.7887
vn -0.1392 0.0385 0.9895
vn 0.1363 0.1879 0.9727
vn 0.0537 0.1004 0.9935
vn -0.0491 -0.0085 0.9988
vn -0.0609 -0.0230 0.9979
vn 0.0017 -0.0306 0.9995
vn -0.8611 0.5045 0.0630
vn -0.7088 0.6815 -0.1820
vn 0.7983 0.6015 -0.0304
vn 0.8012 0.5981 -0.0210
vn 0.8047 0.5936 -0.0088
vn 0.8071 0.5904 -0.0004
vn 0.1129 -0.0142 0.9935
vn -0.0227 -0.4554 0.8900
vn -0.0321 -0.4612 0.8867
vn -0.0395 -0.4656 0.8841
vn 0.1721 -0.0917 0.9808
vn 0.1144 0.1248 0.9856
vn 0.0581 0.3024 0.9514
vn 0.7101 0.4375 0.5517
vn 0.7136 0.4412 0.5442
vn 0.7096 0.4370 0.5527
vn -0.1290 0.2595 0.9571
vn -0.0424 0.2712 0.9616
vn -0.1340 0.2374 0.9621
vn 0.0705 0.0975 -0.9927
vn 0.0862 0.0411 -0.9954
vn -0.0320 0.1133 -0.9930
vn 0.0468 0.1211 0.9915
vn 0.1352 0.0376 -0.9901
vn 0.9442 -0.3277 -0.0325
vn 0.9264 -0.3648 -0.0931
vn 0.9353 -0.3478 -0.0650
vn -0.0148 -0.4506 0.8926
vn 0.2304 0.9725 0.0338
vn 0.2369 0.9707 0.0406
vn 0.2290 0.9729 0.0323
vn 0.9193 -0.3769 -0.1133
vn -0.0518 0.3320 0.9419
vn -0.0481 0.3264 0.9440
vn -0.0192 0.4850 0.8743
vn -0.0531 0.0743 0.9958
vn -0.1880 0.0945 0.9776
vn 0.0791 0.0216 -0.9966
vn 0.7173 -0.6921 0.0810
vn 0.2430 -0.8849 0.3974
vn 0.0387 -0.8220 0.5682
vn 0.1471 0.1566 0.9766
vn -0.1385 0.1130 -0.9839
vn -0.1542 0.1320 0.9792
vn -0.0157 0.0869 0.9961
vn -0.0977 0.1254 0.9873
vn -0.1497 0.3308 0.9318
vn 0.2204 0.9751 0.0234
vn 0.7674 0.6220 0.1557
vn 0.8037 0.5840 0.1137
vn 0.8164 0.5692 0.0979
vn 0.3620 -0.3458 -0.8657
vn 0.0526 0.1206 0.9913
vn -0.0175 0.4957 0.8683
vn 0.0332 0.6403 0.7674
vn -0.0189 0.6147 0.7886
vn 0.0117 0.6300 0.7765
vn -0.1385 -0.1328 0.9814
vn -0.1186 0.3883 0.9139
vn 0.8706 0.4916 0.0201
vn 0.9154 -0.4017 -0.0249
vn 0.9234 -0.3755 -0.0791
vn 0.9086 -0.4176 0.0094
vn 0.3050 -0.0457 0.9513
vn 0.2254 0.0579 0.9725
vn 0.1626 0.3392 0.9266
vn 0.1951 0.2727 0.9421
vn 0.1250 0.3859 0.9140
vn 0.1308 0.2955 0.9463
vn 0.2629 0.9501 -0.1681
vn 0.0146 0.0462 0.9988
vn 0.7139 0.4415 0.5435
vn 0.1557 -0.0204 -0.9876
vn 0.9272 -0.3552 -0.1190
vn 0.1472 0.3033 0.9415
vn -0.5547 0.8207 -0.1369
vn 0.3076 -0.5703 -0.7617
vn 0.0660 -0.3644 0.9289
vn 0.1833 0.2985 0.9366
vn 0.4665 0.4992 0.7302
vn -0.7324 0.6768 0.0742
vn -0.0593 0.3205 0.9454
vn 0.0553 -0.3241 0.9444
vn 0.3285 0.2082 0.9213
vn 0.3148 0.2042 0.9269
vn 0.4871 0.2833 0.8261
vn -0.0417 0.2059 -0.9777
vn 0.0487 0.2470 -0.9678
vn -0.0939 0.1143 -0.9890
vn 0.1158 0.1928 0.9744
vn 0.1448 -0.6598 0.7374
vn 0.5451 0.3309 0.7704
vn -0.2367 -0.1056 0.9658
vn -0.1082 0.1609 -0.9810
vn -0.5016 -0.5379 -0.6775
vn 0.2414 -0.0311 -0.9699
vn 0.1957 0.0861 -0.9769
vn 0.5215 0.8378 -0.1616
vn 0.0650 -0.2866 0.9558
vn 0.5720 0.7294 0.3751
vn -0.0897 0.9958 0.0178
vn -0.1871 0.9757 0.1139
vn -0.1668 0.9815 0.0937
vn 0.6038 0.1317 -0.7861
vn 0.6037 0.1317 -0.7862
vn 0.6260 0.2737 -0.7302
vn -0.4654 -0.0458 -0.8839
vn -0.4420 -0.0484 -0.8957
vn -0.2642 -0.0764 -0.9614
vn 0.2545 -0.8627 -0.4371
vn 0.2192 -0.8813 -0.4186
vn 0.1749 -0.9021 -0.3945
vn -0.0394 0.6039 0.7961
vn 0.0935 0.4985 -0.8618
vn 0.0050 0.9921 0.1254
vn 0.0200 0.9983 0.0541
vn 0.0070 0.9932 0.1160
vn 0.0228 0.9989 0.0406
vn -0.0163 -0.0486 0.9987
vn -0.0339 -0.0362 0.9988
vn -0.0687 0.0110 0.9976
vn 0.7227 0.6476 -0.2416
vn 0.7471 0.6487 -0.1448
vn 0.7309 0.6486 -0.2122
vn -0.2600 0.9474 0.1867
vn 0.8656 0.4984 0.0495
vn 0.8516 0.5157 0.0938
vn 0.8444 0.5234 0.1146
vn 0.1524 -0.8847 0.4405
vn -0.0556 0.0632 0.9965
vn -0.3504 -0.5489 0.7589
vn -0.3082 -0.5596 0.7693
vn -0.3241 -0.5586 0.7635
vn -0.0490 0.9985 0.0238
vn -0.9291 0.2121 -0.3029
vn 0.8741 0.4854 0.0180
vn 0.1650 -0.0847 -0.9827
vn 0.2641 0.0928 -0.9600
vn 0.2270 -0.0152 -0.9738
vn 0.0273 -0.9255 0.3777
vn 0.6350 -0.7653 -0.1058
vn 0.6643 -0.7473 -0.0171
vn 0.6735 -0.7390 0.0152
vn -0.2008 0.1960 0.9598
vn 0.4472 -0.8939 -0.0309
vn 0.4198 -0.1218 0.8994
vn -0.0958 0.3460 0.9333
vn -0.0871 0.3522 0.9319
vn -0.1057 0.3389 0.9349
vn -0.2265 -0.0032 -0.9740
vn -0.0427 0.0908 0.9949
vn 0.6275 -0.7684 -0.1259
vn 0.4034 -0.5655 0.7194
vn -0.1847 -0.5388 0.8219
vn 0.0995 0.0390 0.9943
vn 0.1110 0.0285 0.9934
vn 0.1068 0.0313 0.9938
vn -0.1408 0.5606 0.8160
vn -0.0892 0.5579 0.8251
vn -0.1476 0.5608 0.8147
vn -0.1929 0.5617 0.8045
vn -0.4932 -0.0354 0.8692
vn -0.5193 -0.0429 0.8535
vn -0.5124 -0.0409 0.8578
vn 0.4362 0.6973 0.5688
vn -0.1400 -0.0779 0.9871
vn -0.0278 0.8431 -0.5370
vn 0.6923 0.6404 -0.3325
vn -0.2614 -0.1230 -0.9574
vn 0.1974 0.1009 -0.9751
vn 0.2922 0.5566 -0.7777
vn 0.9243 -0.3807 0.0284
vn 0.8953 -0.4265 0.1289
vn 0.9101 -0.4061 0.0829
vn 0.3657 0.5154 0.7750
vn 0.3662 0.5147 0.7752
vn 0.3688 0.5165 0.7728
vn 0.3951 0.5424 0.7414
vn 0.1071 0.0202 0.9940
vn 0.1091 0.0205 0.9938
vn 0.2085 0.6823 -0.7008
vn 0.6179 0.2055 -0.7589
vn 0.1330 -0.8066 -0.5760
vn -0.1616 -0.7029 0.6927
vn -0.1975 -0.5261 0.8272
vn -0.1439 0.0218 -0.9894
vn 0.1594 0.1618 -0.9739
vn 0.1435 -0.9150 -0.3770
vn -0.9426 0.1649 -0.2903
vn 0.9336 -0.3579 -0.0179
vn 0.5262 0.8488 -0.0508
vn -0.3263 -0.0219 0.9450
vn -0.1629 0.3053 0.9382
vn 0.1854 0.8782 -0.4409
vn 0.2224 0.8799 -0.4199
vn 0.3156 0.8866 -0.3382
vn 0.0022 -0.0027 -1.0000
vn 0.0024 -0.0026 -1.0000
vn 0.0026 -0.0040 -1.0000
vn -0.1330 -0.4981 0.8569
vn -0.0536 -0.1110 0.9924
vn -0.1628 0.0434 0.9857
vn -1.0000 0.0001 0.0001
vn -0.0335 -0.9994 -0.0000
vn -0.0000 -0.0000 1.0000
vn -0.0000 -0.4304 0.9026
vn 1.0000 -0.0000 -0.0000
vn -0.7146 -0.6996 -0.0000
vn -0.7147 -0.6994 -0.0000
vn -0.7334 -0.6793 0.0244
vn -0.7434 -0.6688 0.0070
vn -0.7125 -0.7016 0.0103
vn -0.7338 -0.6790 0.0249
vn 0.1234 -0.3913 0.9120
vn -0.6077 -0.7300 0.3128
vn 0.9734 0.2106 -0.0902
vn 0.7147 0.6994 -0.0000
vn 0.9791 -0.0362 -0.2000
vn 0.9854 -0.1275 -0.1130
vn 0.9833 -0.0706 -0.1677
vn 0.0593 0.0293 0.9978
vn 0.0207 0.0347 0.9992
vn 0.0921 0.0270 0.9954
vn -0.0514 0.4848 0.8731
vn 0.0576 0.9818 0.1811
vn -0.1052 0.9742 -0.1998
vn -0.2674 0.2978 0.9164
vn 0.6692 -0.7219 -0.1762
vn 0.0052 -0.4085 -0.9127
vn 0.5450 0.7860 0.2918
vn -0.1906 -0.8583 0.4765
vn 0.4691 0.8824 0.0371
vn -0.0341 -0.2345 0.9715
vn -0.0539 -0.2670 0.9622
vn 0.0308 -0.0640 0.9975
vn -0.4261 -0.8991 0.1007
vn 0.0792 0.1534 0.9850
vn 0.0450 -0.0060 -0.9990
vn 0.0550 0.1123 -0.9921
vn 0.0499 0.0756 -0.9959
vn 0.0360 0.1186 -0.9923
vn -0.0989 0.9946 0.0316
vn -0.1156 0.9933 0.0040
vn -0.1292 0.9914 -0.0186
vn -0.1417 0.9891 -0.0395
vn 0.0453 -0.1367 0.9896
vn -0.6655 0.7365 -0.1211
vn -0.6121 0.7908 -0.0077
vn -0.6416 0.7641 -0.0674
vn 0.3840 -0.9138 -0.1321
vn 0.0557 -0.2136 0.9753
vn -0.6843 0.7096 -0.1681
vn 0.5057 -0.8485 0.1561
vn 0.0853 -0.0137 -0.9963
vn 0.0988 -0.0182 -0.9949
vn 0.1747 0.0695 0.9822
vn -0.9549 0.2850 0.0831
vn 0.9239 -0.2247 -0.3096
vn -0.7575 -0.6512 0.0451
vn -0.7354 -0.6771 0.0254
vn -0.7861 -0.6138 0.0721
vn -0.7953 -0.1155 -0.5951
vn 0.9375 0.2302 0.2608
vn -0.3047 -0.0621 0.9504
vn -0.3025 -0.0417 0.9522
vn -0.3009 -0.0276 0.9533
vn -0.2981 -0.0040 0.9545
vn -0.6989 -0.7152 -0.0053
vn 0.0535 0.0658 -0.9964
vn 0.0504 0.0811 -0.9954
vn 0.5152 0.8500 -0.1099
vn 0.5137 0.8514 -0.1060
vn 0.5177 0.8476 -0.1164
vn 0.0541 0.1980 -0.9787
vn -0.2526 -0.5115 -0.8213
vn 0.5200 0.8453 -0.1225
vn 0.5155 0.7666 0.3828
vn -0.0237 0.0020 0.9997
vn -0.3453 -0.8672 0.3587
vn 0.1264 0.2438 -0.9615
vn -0.2226 -0.7488 0.6243
vn -0.2209 -0.7386 -0.6369
vn 0.0994 0.9933 -0.0582
vn 0.0976 0.9933 -0.0626
vn 0.0934 0.9930 -0.0727
vn 0.0919 0.9928 -0.0765
vn 0.0384 0.2015 -0.9787
vn -0.0730 0.1732 0.9822
vn 0.0730 -0.8634 0.4992
vn 0.0927 0.7367 -0.6698
vn 0.1395 -0.3591 0.9228
vn 0.2064 -0.3402 0.9174
vn 0.0842 -0.3471 0.9340
vn 0.0268 -0.6339 -0.7730
vn 0.1819 -0.9833 -0.0065
vn -0.1311 0.2928 0.9472
vn 0.0506 -0.2209 -0.9740
vn -0.3401 0.9355 0.0959
vn -0.3621 0.9309 0.0481
vn -0.4156 0.9061 -0.0792
vn -0.2741 0.8862 -0.3736
vn -0.4314 0.8940 -0.1208
vn -0.2386 0.6612 -0.7113
vn -0.2564 -0.8718 0.4175
vn -0.2432 -0.8234 0.5128
vn -0.2548 -0.8661 0.4300
vn -0.4864 -0.3701 0.7915
vn -0.0344 -0.0547 0.9979
vn -0.0072 -0.0612 0.9981
vn 0.1031 -0.0485 0.9935
vn 0.0370 -0.0650 0.9972
vn 0.1911 -0.5488 0.8138
vn -0.2658 -0.9073 0.3258
vn -0.1045 0.1340 0.9855
vn -0.1144 0.1431 0.9831
vn -0.0893 0.1153 0.9893
vn -0.1120 0.1566 0.9813
vn 0.3353 -0.4770 0.8124
vn 0.3425 -0.5017 0.7943
vn 0.2854 -0.3204 0.9033
vn -0.2958 0.4771 0.8276
vn -0.2976 0.4786 0.8261
vn -0.2958 0.4774 0.8274
vn -0.3706 0.5241 0.7668
vn -0.3482 0.5464 0.7617
vn -0.4095 0.4258 0.8069
vn -0.6229 0.4477 0.6415
vn -0.6276 0.4672 0.6228
vn -0.6328 0.4507 0.6296
vn 0.5868 -0.4219 0.6911
vn -0.4063 0.4126 0.8153
vn -0.1268 0.1807 0.9753
vn -0.2380 0.2139 0.9474
vn -0.1212 0.1139 0.9861
vn -0.9269 0.3705 -0.0602
vn -0.9297 0.3560 -0.0945
vn -0.9288 0.3614 -0.0818
vn -0.1787 0.1938 0.9646
vn -0.2490 0.1733 0.9529
vn -0.2077 0.0494 0.9770
vn -0.9260 0.3740 -0.0516
vn -0.0708 -0.0275 0.9971
vn -0.0406 0.1218 0.9917
vn -0.0698 0.1864 0.9800
vn -0.2902 -0.0988 0.9518
vn -0.2643 -0.1039 0.9588
vn 0.0187 0.9989 0.0437
vn 0.0221 0.9990 0.0376
vn 0.0202 0.9990 0.0410
vn 0.0233 0.9991 0.0356
vn -0.1565 0.4548 0.8767
vn -0.6145 0.1675 0.7710
vn -0.8152 0.1695 0.5538
vn -0.9464 0.0288 0.3216
vn -0.0671 0.7986 0.5981
vn -0.6191 0.7787 -0.1021
vn 0.5089 0.4693 0.7217
vn -0.0101 0.1378 0.9904
vn 0.0688 0.1940 0.9786
vn 0.0266 0.1657 0.9858
vn 0.1206 0.1937 0.9736
vn -0.3755 -0.0712 0.9241
vn 0.5492 0.8245 0.1365
vn 0.6082 0.7833 0.1282
vn 0.6246 0.7767 0.0818
vn -0.8070 0.0680 -0.5866
vn -0.5036 0.6292 -0.5920
vn -0.5993 0.3112 -0.7375
vn 0.6969 0.7171 -0.0081
vn -0.1781 0.6912 -0.7003
vn -0.7862 -0.5962 0.1626
vn -0.7968 -0.5882 0.1380
vn -0.7569 -0.6141 0.2235
vn -0.7339 -0.5337 -0.4202
vn -0.7062 -0.3254 -0.6288
vn 0.7280 0.6797 -0.0899
vn -0.3984 -0.5290 0.7493
vn -0.5039 -0.4668 0.7267
vn -0.4063 -0.5248 0.7480
vn -0.7443 -0.6204 0.2473
vn 0.0081 0.5220 0.8529
vn 0.0204 0.5067 0.8619
vn -0.0058 0.5393 0.8421
vn -0.8644 -0.4988 0.0630
vn -0.8530 -0.5214 0.0208
vn -0.8395 -0.5429 -0.0217
vn -0.0391 0.0889 0.9953
vn -0.1688 0.1181 -0.9786
vn -0.0710 0.1231 -0.9899
vn -0.1098 0.0962 -0.9893
vn -0.1132 0.1647 -0.9798
vn 0.1259 0.1811 0.9754
vn -0.2629 -0.5657 0.7816
vn 0.2000 0.9788 -0.0439
vn 0.1959 0.9794 -0.0490
vn 0.2506 0.9679 0.0193
vn 0.7155 0.4884 -0.4995
vn 0.4841 0.3060 0.8198
vn -0.8258 -0.5608 -0.0594
vn 0.0031 0.1589 -0.9873
vn 0.0310 0.4931 0.8694
vn -0.4050 -0.7620 -0.5053
vn -0.4405 -0.7000 -0.5621
vn -0.3114 -0.8227 -0.4755
vn 0.1413 0.9833 -0.1148
vn 0.2766 -0.2947 0.9147
vn 0.0720 0.0055 0.9974
vn -0.1350 0.1325 0.9819
vn -0.0836 0.0960 0.9919
vn 0.2228 -0.1940 0.9554
vn 0.2251 -0.2604 0.9389
vn 0.1839 -0.0997 0.9779
vn -0.2978 0.4787 0.8259
vn -0.2939 -0.5799 0.7598
vn -0.4777 -0.2596 -0.8393
vn -0.0788 0.0919 -0.9926
vn 0.0575 0.0987 0.9935
vn -0.0270 0.1707 0.9850
vn 0.0105 -0.8858 0.4640
vn -0.2526 0.3719 0.8933
vn -0.0115 -0.7076 0.7065
vn -0.0477 -0.6884 0.7238
vn 0.0351 -0.6522 0.7572
vn 0.2186 0.2543 -0.9421
vn 0.7871 0.6164 -0.0210
vn 0.7693 0.6385 0.0249
vn 0.7983 0.5998 -0.0532
vn 0.0078 0.0126 0.9999
vn -0.0061 0.0148 0.9999
vn -0.0587 -0.6758 0.7347
vn -0.1596 -0.0894 -0.9831
vn -0.0999 0.0385 -0.9942
vn -0.1299 -0.0271 -0.9912
vn -0.0730 0.0942 -0.9929
vn 0.0829 0.1665 -0.9825
vn 0.1284 -0.1600 0.9787
vn -0.2284 0.1310 0.9647
vn -0.5351 0.3310 0.7772
vn -0.2627 -0.8294 0.4931
vn -0.1822 -0.8590 0.4784
vn -0.2393 -0.8387 0.4892
vn -0.4015 -0.9147 -0.0467
vn 0.0658 0.1418 -0.9877
vn -0.0298 -0.0108 -0.9995
vn 0.8110 0.5774 -0.0943
vn -0.3461 0.9242 -0.1613
vn -0.2960 0.9504 -0.0960
vn -0.3605 0.9151 -0.1805
vn 0.1291 0.2333 0.9638
vn 0.3514 -0.3868 0.8526
vn 0.4026 -0.2311 0.8857
vn 0.3719 -0.3058 0.8764
vn -0.0540 0.0063 0.9985
vn -0.2356 -0.8366 -0.4945
vn 0.3161 0.5080 -0.8012
vn 0.5957 0.7434 0.3040
vn 0.0274 0.7601 0.6492
vn 0.0286 0.7641 0.6445
vn -0.0005 0.6603 0.7510
vn -0.0197 0.2084 0.9778
vn -0.3276 -0.8002 0.5024
vn -0.3194 -0.5205 -0.7919
vn 0.1921 0.1463 0.9704
vn 0.0669 0.2695 0.9607
vn -0.0130 -0.1981 0.9801
vn -0.0247 -0.1547 0.9877
vn 0.1191 -0.0760 0.9900
vn -0.0787 -0.3098 -0.9475
vn -0.1970 -0.3013 -0.9330
vn -0.1031 -0.3068 -0.9462
vn -0.3905 0.8937 -0.2211
vn -0.2852 0.5678 0.7722
vn 0.5382 -0.1715 0.8252
vn -0.5233 0.3187 0.7904
vn -0.6727 -0.7389 -0.0396
vn 0.0853 0.3985 -0.9132
vn 0.0249 0.4010 -0.9158
vn -0.0262 0.3693 -0.9289
vn 0.0753 0.2751 0.9585
vn -0.0000 -0.2713 0.9625
vn -0.0000 -0.2706 0.9627
vn -0.0108 -0.1851 0.9827
vn 0.0086 -0.2562 0.9666
vn 0.0086 -0.2561 0.9666
vn 0.0131 -0.2097 0.9777
vn -0.0108 -0.1847 0.9827
vn -0.0464 0.2080 0.9770
vn -0.5030 0.4977 0.7067
vn -0.5118 0.5167 0.6863
vn -0.4420 0.3768 0.8140
vn 0.5696 -0.1838 0.8011
vn -0.5899 -0.7785 0.2143
vn -0.5487 0.8359 -0.0114
vn -0.5642 0.8255 0.0156
vn -0.4352 0.9002 -0.0143
vn -0.1620 -0.1025 -0.9814
vn 0.0481 0.3060 -0.9508
vn 0.0524 0.2873 -0.9564
vn 0.0102 0.3830 -0.9237
vn 0.0315 0.1973 0.9798
vn 0.0465 0.1809 0.9824
vn 0.0333 0.1953 0.9802
vn 0.1909 -0.1066 0.9758
vn -0.0000 -0.1907 0.9816
vn -0.0000 -0.1908 0.9816
vn -0.0000 -0.0000 -1.0000
vn 0.0940 -0.1503 0.9842
vn -0.0000 -0.1906 0.9817
vn -0.4184 0.0091 0.9082
vn -0.3895 0.0334 0.9204
vn -0.3945 0.0293 0.9184
vn -0.3461 0.0690 0.9356
vn -0.0000 0.5760 0.8175
vn 0.4715 0.6359 -0.6109
vn 0.1305 -0.0224 0.9912
vn 0.1330 -0.0335 0.9906
vn -0.0467 0.3294 -0.9430
vn 0.1016 0.6030 -0.7912
vn 0.0292 0.6767 -0.7357
vn 0.0753 0.6338 -0.7698
vn -0.0261 0.8534 0.5205
vn 0.2741 0.5528 0.7870
vn -0.4485 -0.4061 0.7962
vn -0.0119 0.6093 0.7929
vn -0.0082 0.6249 0.7807
vn -0.0000 0.5765 0.8171
vn 0.2237 -0.0913 0.9704
vn 0.0822 -0.1461 0.9858
vn -0.3747 0.8786 -0.2960
vn -0.3284 0.9442 -0.0243
vn -0.3357 0.9420 0.0028
vn -0.3293 0.9440 -0.0208
vn -0.4083 0.9116 -0.0475
vn -0.1230 -0.9903 0.0651
vn 0.0486 0.2527 -0.9663
vn -0.7628 0.3393 0.5505
vn -0.7678 0.3879 0.5098
vn -0.7343 0.2356 0.6366
vn -0.2475 -0.9678 0.0460
vn -0.2216 -0.9751 0.0116
vn -0.1149 -0.9934 0.0038
vn -0.6729 0.7371 -0.0621
vn -0.6807 0.7264 -0.0945
vn -0.2320 0.3094 0.9222
vn 0.0207 0.2089 0.9777
vn -0.0023 -0.1592 0.9872
vn -0.0003 -0.1661 0.9861
vn 0.0280 -0.2614 0.9648
vn -0.2395 0.1313 0.9620
vn -0.3367 0.9416 0.0067
vn -0.0815 0.1549 -0.9846
vn -0.1383 0.1606 -0.9773
vn -0.2848 0.4085 -0.8672
vn 0.1155 0.2002 -0.9729
vn -0.0759 0.4279 0.9006
vn -0.4345 0.3629 0.8243
vn -0.0608 -0.9981 0.0034
vn -0.0335 -0.0662 -0.9972
vn -0.0197 -0.0211 -0.9996
vn -0.0045 0.0067 -1.0000
vn 0.0156 -0.4073 -0.9132
vn 0.8187 0.5729 -0.0388
vn 0.0895 0.9959 -0.0116
vn 0.0476 0.9961 0.0746
vn 0.0721 0.9971 0.0243
vn -0.2513 0.1058 0.9621
vn 0.1337 -0.3334 0.9333
vn -0.2886 0.4235 -0.8587
vn -0.0140 0.0044 -0.9999
vn 0.3793 0.2430 -0.8928
vn -0.7573 0.2836 0.5883
vn -0.7575 0.3060 0.5767
vn -0.7679 0.2587 0.5860
vn -0.8032 0.5256 0.2803
vn -0.0660 0.1548 -0.9857
vn -0.0793 0.1555 -0.9846
vn -0.0705 0.1394 -0.9877
vn 0.1072 -0.1374 -0.9847
vn 0.0303 0.9935 0.1097
vn 0.2190 -0.2356 0.9469
vn -0.6322 0.7748 0.0070
vn -0.6084 0.7931 -0.0285
vn -0.6151 0.7882 -0.0187
vn 0.3258 0.1966 0.9248
vn 0.3433 0.1227 0.9312
vn 0.3490 0.1551 0.9242
vn -0.0309 0.3645 0.9307
vn 0.1097 -0.7800 0.6161
vn 0.0819 -0.7403 0.6672
vn 0.5786 -0.1827 0.7949
vn -0.6945 0.4740 0.5414
vn -0.2029 -0.7968 -0.5691
vn -0.2531 -0.6943 -0.6738
vn -0.5898 0.8057 -0.0550
vn -0.0171 0.9998 0.0100
vn -0.0215 0.9998 0.0004
vn -0.0285 0.9995 -0.0148
vn -0.0328 0.9992 -0.0243
vn -0.0174 0.6258 -0.7798
vn 0.2277 0.3824 0.8955
vn 0.2754 0.3111 0.9096
vn 0.0310 -0.2715 0.9619
vn -0.0979 0.7580 0.6449
vn -0.8338 -0.1555 0.5297
vn 0.0213 -0.9993 0.0305
vn 0.0297 -0.8739 -0.4852
vn -0.0118 -0.9136 -0.4064
vn 0.0036 -0.8936 -0.4489
vn 0.0694 -0.1374 0.9881
vn 0.1729 -0.0724 0.9823
vn 0.1454 -0.0971 0.9846
vn -0.0017 0.0458 0.9989
vn 0.2088 -0.9387 -0.2743
vn -0.6692 0.7332 0.1205
vn 0.0208 -0.9993 0.0310
vn 0.0090 0.2827 -0.9592
vn -0.1142 0.2791 -0.9535
vn -0.1413 0.1271 0.9818
vn -0.1578 0.1055 0.9818
vn -0.8103 0.5768 -0.1035
vn -0.8227 0.5632 -0.0777
vn -0.8159 0.5708 -0.0920
vn 0.5732 -0.4393 -0.6917
vn 0.3892 -0.2971 -0.8719
vn 0.4015 -0.2437 -0.8828
vn 0.4098 -0.2037 -0.8891
vn 0.4214 -0.1403 -0.8959
vn -0.4831 0.6772 0.5551
vn 0.1870 -0.0025 0.9824
vn -0.7686 0.2185 0.6013
vn -0.7730 0.2210 0.5947
vn -0.8298 0.5547 -0.0619
vn -0.0597 0.0903 -0.9941
vn -0.0613 0.1016 -0.9929
vn -0.0767 0.2114 -0.9744
vn -0.5684 0.6171 -0.5442
vn -0.5881 0.6127 -0.5280
vn -0.5995 0.6073 -0.5213
vn -0.1191 -0.5821 -0.8043
vn -0.0958 -0.5564 -0.8254
vn -0.0231 -0.4712 -0.8817
vn -0.1380 0.4028 0.9048
vn -0.2662 0.4718 0.8406
vn -0.2646 0.4646 0.8451
vn -0.2760 0.5160 0.8109
vn -0.2773 0.5220 0.8066
vn -0.4838 0.3190 -0.8150
vn -0.6658 0.5758 -0.4745
vn -0.2333 0.2334 -0.9440
vn 0.2723 -0.2770 -0.9215
vn 0.1306 -0.1933 -0.9724
vn 0.1127 -0.1824 -0.9767
vn -0.0802 0.2368 -0.9682
vn 0.0007 0.5705 -0.8213
vn 0.8960 0.4313 -0.1061
vn 0.8930 0.4347 -0.1166
vn 0.8857 0.4423 -0.1412
vn -0.7824 0.3772 0.4956
vn 0.6636 -0.2958 0.6871
vn -0.5737 0.5797 -0.5786
vn -0.5655 0.6129 -0.5519
vn 0.6824 -0.7194 -0.1294
vn 0.1805 -0.1677 0.9692
vn 0.0437 0.0436 -0.9981
vn 0.0612 0.0612 -0.9962
vn 0.0664 0.0663 -0.9956
vn -0.0297 0.8948 0.4456
vn 0.0200 -0.0589 -0.9981
vn 0.0121 -0.0483 -0.9988
vn 0.0176 -0.0557 -0.9983
vn 0.0086 -0.0436 -0.9990
vn -0.0123 0.1327 -0.9911
vn 0.0160 -0.4107 -0.9116
vn -0.0506 0.2468 -0.9677
vn 0.8817 0.4461 -0.1535
vn 0.0338 -0.0338 0.9989
vn 0.0452 -0.0612 0.9971
vn -0.6328 -0.6430 -0.4314
vn -0.2181 0.1486 -0.9645
vn -0.2906 0.1387 -0.9467
vn -0.2400 0.1457 -0.9598
vn 0.2915 -0.2881 -0.9122
vn -0.5010 0.6310 -0.5924
vn 0.0285 -0.6578 -0.7527
vn -0.2689 -0.2350 -0.9340
vn -0.0000 -0.7788 -0.6273
vn 0.4106 -0.4578 0.7886
vn -0.0060 -0.5939 -0.8045
vn -0.8983 0.4361 -0.0539
vn 0.8764 0.4739 0.0858
vn -0.0367 0.1403 0.9894
vn -0.1880 0.4624 0.8665
vn 0.2561 -0.0172 0.9665
vn 0.1310 -0.1311 0.9827
vn 0.1271 -0.2757 0.9528
vn 0.1261 -0.3003 0.9455
vn 0.1226 -0.3746 0.9191
vn 0.3850 -0.2397 0.8912
vn -0.0636 -0.0154 0.9979
vn -0.9722 -0.1474 -0.1819
vn 0.1251 -0.4018 -0.9071
vn 0.0803 -0.7757 -0.6260
vn -0.0046 -0.4484 -0.8938
vn 0.2215 -0.2290 0.9479
vn 0.3003 -0.2734 0.9139
vn 0.2619 -0.2519 0.9316
vn 0.8138 -0.0543 0.5786
vn -0.3464 0.2077 0.9148
vn -0.6581 0.1990 0.7262
vn -0.6643 0.2204 0.7142
vn -0.6448 0.1576 0.7479
vn -0.2719 -0.5510 0.7889
vn -0.8228 -0.3537 -0.4448
vn -0.8363 0.2231 0.5009
vn -0.0147 -0.0437 -0.9989
vn -0.5578 0.3418 -0.7563
vn -0.0396 -0.2089 -0.9771
vn -0.0201 -0.1376 -0.9903
vn -0.0000 -0.1327 -0.9912
vn 0.0319 0.0782 -0.9964
vn 0.0669 0.1222 -0.9902
vn 0.0222 0.0794 -0.9966
vn -0.0000 0.1433 -0.9897
vn -0.0000 0.1434 -0.9897
vn 0.1272 0.1802 -0.9754
vn -0.8771 0.2912 -0.3821
vn -0.0652 0.3404 -0.9380
vn -0.0668 0.3179 -0.9458
vn 0.0174 0.4318 -0.9018
vn 0.8934 0.1282 0.4307
vn 0.9053 0.1418 0.4003
vn 0.9137 0.1521 0.3769
vn 0.9175 0.1570 0.3654
vn 0.3414 0.1253 0.9315
vn 0.3482 0.1297 0.9284
vn 0.3629 0.1391 0.9214
vn -0.1980 0.4133 0.8888
vn -0.0538 0.0730 0.9959
vn 0.0405 -0.5523 -0.8326
vn 0.0161 -0.5446 -0.8386
vn 0.0155 -0.5444 -0.8387
vn -0.0104 -0.5357 -0.8444
vn -0.9719 0.1889 -0.1401
vn -0.8498 0.2188 0.4795
vn 0.4982 -0.8661 -0.0414
vn 0.3469 -0.4966 -0.7956
vn 0.3707 -0.5253 -0.7659
vn 0.3426 -0.4914 -0.8007
vn -0.1427 0.2992 -0.9435
vn 0.3681 0.1424 0.9188
vn -0.3324 0.4624 0.8220
vn -0.4948 0.4670 0.7329
vn -0.4391 0.4672 0.7674
vn -0.1274 -0.0783 0.9888
vn -0.0356 -0.0358 0.9987
vn -0.0507 -0.8009 0.5967
vn -0.8223 -0.1825 0.5391
vn -0.8241 -0.1815 0.5365
vn -0.8234 -0.1243 0.5537
vn 0.5805 -0.1821 0.7937
vn -0.8111 -0.2719 0.5179
vn -0.8185 -0.1317 0.5592
vn 0.5520 -0.7746 0.3086
vn 0.3081 -0.4495 -0.8385
vn -0.0211 0.0672 -0.9975
vn 0.0034 0.5632 -0.8263
vn -0.5156 0.5603 0.6483
vn 0.1171 -0.7916 0.5997
vn 0.7578 -0.3998 0.5157
vn 0.7542 -0.4280 0.4980
vn 0.7609 -0.3662 0.5356
vn -0.9584 0.2567 0.1250
vn -0.3184 0.1347 -0.9383
vn -0.4605 0.3990 -0.7929
vn -0.4906 0.4006 -0.7738
vn -0.4428 0.4192 -0.7926
vn 0.0213 0.2999 -0.9537
vn -0.0541 0.2342 -0.9707
vn -0.1155 0.3623 -0.9249
vn -0.0574 0.2249 -0.9727
vn -0.2829 0.4823 -0.8291
vn 0.0950 -0.7793 -0.6194
vn -0.5279 0.8396 -0.1279
vn 0.7111 0.1467 -0.6876
vn 0.6897 0.2436 -0.6819
vn 0.7125 0.1877 -0.6761
vn -0.1972 0.9739 0.1124
vn 0.2553 0.9088 -0.3300
vn -0.7297 0.4978 0.4688
vn -0.6251 0.7756 -0.0875
vn 0.8636 0.5016 -0.0512
vn -0.8727 0.4312 0.2289
vn -0.5388 0.3809 -0.7514
vn -0.5350 0.3820 -0.7535
vn -0.5456 0.3788 -0.7476
vn -0.5690 0.7954 -0.2086
vn -0.5968 0.7880 -0.1511
vn -0.5356 0.7985 -0.2748
vn -0.2180 0.6553 0.7232
vn -0.2534 0.6218 0.7411
vn -0.1565 0.6794 0.7168
vn -0.1747 0.9233 0.3419
vn -0.4162 0.8669 -0.2743
vn -0.3399 0.9189 -0.2004
vn -0.3597 0.9015 -0.2405
vn -0.3257 0.5518 -0.7677
vn -0.2266 0.5508 -0.8033
vn -0.2643 0.5504 -0.7920
vn -0.3621 0.9040 -0.2274
vn -0.4510 0.6797 0.5785
vn -0.3170 0.6889 0.6519
vn -0.4163 0.6953 0.5859
vn -0.1732 0.5655 -0.8064
vn 0.0023 0.1904 0.9817
vn 0.0006 0.1918 0.9814
vn -0.0018 0.1938 0.9810
vn -0.0059 0.1972 0.9803
vn -0.6744 0.6606 0.3298
vn -0.8923 -0.0131 0.4514
vn -0.3821 0.4796 0.7899
vn -0.2467 -0.2489 0.9366
vn -0.2805 -0.1961 0.9396
vn -0.2150 -0.2964 0.9306
vn 0.7217 -0.1712 0.6707
vn 0.9873 -0.0542 0.1495
vn 0.4586 0.5556 0.6936
vn 0.4641 0.5692 0.6787
vn 0.4449 0.5223 0.7275
vn 0.8837 0.4680 0.0059
vn 0.3414 0.1165 0.9327
vn 0.1011 0.0441 0.9939
vn 0.3518 0.0226 0.9358
vn 0.0060 -0.0307 0.9995
vn -0.0458 -0.0017 0.9989
vn 0.0285 0.0062 0.9996
vn -0.3087 -0.1771 0.9345
vn -0.3090 -0.1725 0.9353
vn -0.3091 -0.1770 0.9344
vn -0.1341 -0.0022 0.9910
vn 0.2177 -0.0636 0.9739
vn -0.5340 -0.3213 0.7821
vn -0.5379 -0.3357 0.7733
vn -0.5334 -0.3217 0.7823
vn 0.3465 0.4042 0.8465
vn 0.3385 0.3952 0.8539
vn 0.3459 0.4043 0.8467
vn -0.1131 -0.0475 0.9924
vn -0.1846 -0.6769 0.7125
vn 0.4777 -0.8034 0.3555
vn 0.3036 -0.7002 0.6462
vn 0.2345 -0.7383 0.6324
vn 0.1746 -0.5968 0.7832
vn 0.5224 -0.7561 0.3942
vn -0.3781 -0.3675 0.8497
vn -0.3354 -0.4606 0.8218
vn -0.3393 -0.4018 0.8505
vn -0.2925 -0.8320 0.4715
vn 0.0014 -0.9635 0.2678
vn -0.0430 -0.9929 0.1109
vn 0.0666 -0.9890 0.1319
vn -0.3961 -0.3224 0.8598
vn 0.6588 -0.7488 -0.0733
vn 0.0912 -0.9906 -0.1022
vn -0.1345 -0.9899 -0.0450
vn 0.1980 -0.5046 0.8403
vn -0.6407 -0.6888 0.3392
vn -0.5836 -0.7272 0.3614
vn -0.6800 -0.6179 0.3947
vn -0.0472 -0.3208 0.9460
vn -0.5704 -0.7700 0.2860
vn -0.7001 -0.2127 0.6816
vn -0.4526 -0.2582 0.8535
vn -0.7723 -0.4973 0.3954
vn -0.0711 -0.9396 -0.3349
vn -0.0653 -0.9431 -0.3261
vn -0.0739 -0.9379 -0.3391
vn 0.7127 -0.5811 -0.3930
vn 0.7730 -0.4252 -0.4709
vn 0.5470 -0.8367 0.0246
vn -0.5792 -0.7881 0.2081
vn -0.9348 -0.2953 0.1971
vn -0.9324 -0.3032 0.1969
vn -0.9149 -0.3533 0.1951
vn -0.8362 0.1039 0.5384
vn -0.8396 0.0029 0.5432
vn -0.8201 0.1535 0.5512
vn 0.2182 -0.9731 -0.0741
vn -0.3994 -0.9163 -0.0292
vn -0.9492 -0.2444 0.1983
vn 0.6122 -0.7589 -0.2220
vn 0.2269 -0.9449 -0.2358
vn 0.2040 -0.9101 -0.3606
vn -0.0843 -0.9312 -0.3546
vn -0.8165 0.1988 0.5420
vn 0.6617 -0.6994 -0.2700
vn 0.7530 0.3917 0.5287
vn 0.3707 0.2675 0.8894
vn 0.3954 0.2438 0.8856
vn 0.4147 0.2749 0.8675
vn 0.4611 -0.0447 0.8862
vn 0.5149 -0.0000 0.8573
vn 0.4560 -0.0483 0.8887
vn -0.5557 -0.3639 0.7475
vn 0.3766 -0.0880 0.9222
vn 0.3599 -0.0596 0.9311
vn 0.4121 -0.1505 0.8986
vn 0.0152 -0.0287 0.9995
vn 0.0338 -0.0248 0.9991
vn 0.1678 0.0042 0.9858
vn -0.6557 -0.6553 -0.3749
vn 0.5029 0.2008 0.8407
vn -0.1354 -0.3140 0.9397
vn 0.0496 0.0356 0.9981
vn -0.9574 0.0409 0.2858
vn -0.6384 0.4189 0.6458
vn 0.2034 -0.2414 0.9489
vn 0.1088 -0.0400 0.9933
vn 0.0637 -0.0101 0.9979
vn 0.0888 -0.0267 0.9957
vn 0.2902 0.1332 0.9476
vn -0.9711 -0.0290 0.2368
vn 0.3869 -0.0262 0.9218
vn 0.2263 -0.2688 0.9362
vn 0.1989 -0.2342 0.9516
vn 0.2851 -0.3429 0.8951
vn 0.8509 -0.5068 0.1382
vn 0.9091 -0.3921 0.1407
vn 0.9176 -0.3788 0.1207
vn 0.9137 -0.3962 0.0908
vn 0.1996 0.6887 0.6970
vn 0.2393 0.6385 0.7315
vn 0.2884 0.6300 0.7211
vn 0.5365 0.6576 0.5289
vn 0.3381 0.5651 0.7526
vn 0.2658 0.5316 -0.8042
vn 0.1797 0.7069 0.6841
vn 0.3073 0.6656 0.6801
vn -0.3603 -0.8401 0.4055
vn -0.3536 -0.8241 0.4425
vn -0.3549 -0.8272 0.4357
vn -0.3137 -0.7283 0.6093
vn -0.3418 -0.9113 0.2295
vn 0.4721 0.7099 0.5226
vn -0.1335 -0.1348 0.9818
vn -0.0363 -0.1012 0.9942
vn -0.1607 -0.1187 0.9798
vn -0.6964 0.1052 0.7099
vn 0.0477 0.0005 0.9989
vn 0.7131 0.0786 0.6966
vn 0.9813 0.1731 0.0841
vn 0.9745 0.1887 0.1213
vn 0.9892 0.1454 0.0193
vn -0.7944 -0.2630 0.5475
vn -0.7735 -0.3315 0.5402
vn -0.7885 -0.2158 0.5759
vn 0.8880 -0.0260 0.4591
vn -0.5142 0.7841 0.3475
vn -0.8465 -0.1856 0.4990
vn 0.9919 0.1231 -0.0319
vn 0.1194 -0.0433 0.9919
vn -0.1245 -0.8983 0.4213
vn 0.7736 -0.6194 0.1338
vn 0.8636 0.5017 0.0505
vn 0.8579 0.5129 0.0302
vn 0.8011 0.5982 0.0201
vn 0.8087 0.5880 -0.0126
vn -0.0139 -0.6742 0.7384
vn -0.0482 -0.6721 0.7389
vn -0.0091 -0.6424 0.7663
vn -0.4956 -0.7078 0.5034
vn -0.7291 -0.3944 0.5593
vn 0.3199 -0.3868 0.8649
vn 0.6234 -0.1205 0.7726
vn 0.6079 -0.1427 0.7811
vn 0.6111 -0.1381 0.7794
vn 0.5924 -0.1642 0.7888
vn 0.0738 -0.5227 0.8493
vn 0.0803 -0.5139 0.8541
vn -0.4371 -0.5249 0.7303
vn 0.4006 0.2766 0.8735
vn 0.7232 0.6854 0.0853
vn 0.6120 -0.6097 0.5037
vn 0.8120 -0.5378 0.2269
vn 0.1265 -0.8097 0.5730
vn -0.0700 0.6978 0.7129
vn 0.0293 0.7161 0.6974
vn 0.0308 0.7163 0.6971
vn 0.7299 -0.2752 0.6257
vn 0.6754 -0.1571 0.7206
vn 0.7092 -0.2263 0.6677
vn 0.7791 0.1776 0.6012
vn 0.8130 0.1291 0.5677
vn 0.7440 0.2223 0.6301
vn -0.0086 -0.6805 0.7327
vn -0.6802 -0.4200 0.6008
vn 0.8782 -0.0407 -0.4766
vn -0.2809 -0.1462 0.9485
vn 0.1283 0.4840 0.8656
vn 0.1122 0.4437 0.8891
vn 0.1321 0.6534 0.7454
vn -0.2997 0.8758 0.3784
vn -0.2284 0.8186 0.5269
vn -0.2427 0.8317 0.4994
vn 0.6956 0.6623 0.2782
vn 0.1245 0.7266 0.6756
vn 0.7083 0.2635 0.6549
vn 0.7014 0.7021 0.1229
vn 0.1247 0.6421 0.7564
vn 0.1477 -0.0120 0.9890
vn -0.0049 -0.1818 0.9833
vn 0.0575 -0.1412 0.9883
vn 0.1413 -0.9878 0.0663
vn 0.1206 -0.9887 0.0892
vn 0.1191 -0.9887 0.0907
vn -0.0040 0.0804 0.9968
vn -0.0100 -0.1977 0.9802
vn -0.0129 -0.1276 0.9917
vn -0.2495 0.7137 0.6545
vn -0.2483 0.5628 0.7884
vn -0.2475 0.5447 0.8013
vn 0.5600 -0.1578 0.8133
vn 0.0400 0.5942 0.8033
vn -0.2646 0.5903 0.7626
vn 0.3082 0.2706 0.9120
vn -0.5241 0.7196 0.4556
vn -0.2345 0.2123 0.9487
vn -0.1809 0.2051 0.9619
vn -0.2600 0.1315 0.9566
vn -0.0842 -0.0982 0.9916
vn -0.0531 -0.1087 0.9927
vn -0.1481 -0.1613 0.9757
vn 0.2070 -0.4250 0.8812
vn 0.2271 -0.5128 0.8279
vn 0.2298 -0.5214 0.8218
vn -0.2627 0.0971 0.9600
vn 0.2363 -0.4291 0.8718
vn -0.0526 -0.0117 0.9985
vn -0.0193 0.0216 0.9996
vn -0.0196 -0.0042 0.9998
vn -0.3459 0.8954 -0.2803
vn 0.6953 0.1788 0.6961
vn 0.7393 0.0535 0.6713
vn 0.7276 0.0909 0.6799
vn 0.0251 -0.0314 0.9992
vn 0.1079 -0.0272 0.9938
vn 0.3059 0.9204 -0.2434
vn 0.4900 0.8716 -0.0114
vn 0.1167 0.4353 0.8927
vn 0.0288 0.6056 0.7953
vn 0.1074 0.3453 0.9323
vn 0.0992 0.5670 0.8177
vn 0.7606 -0.0280 0.6487
vn -0.0929 0.1506 0.9842
vn -0.0260 0.1611 0.9866
vn -0.0962 0.1314 0.9867
vn 0.0560 -0.0730 0.9958
vn -0.3553 0.2002 0.9130
vn -0.0722 -0.5459 0.8347
vn -0.1393 -0.6241 0.7688
vn -0.0992 -0.5782 0.8098
vn 0.1679 0.0600 0.9840
vn 0.8970 0.4353 0.0775
vn 0.2466 -0.4316 0.8677
vn -0.3610 0.2425 0.9005
vn -0.5141 0.2548 0.8190
vn -0.4878 0.2531 0.8355
vn 0.0666 -0.3122 0.9477
vn 0.0375 -0.2701 0.9621
vn 0.1360 -0.0621 0.9888
vn -0.4188 0.5216 -0.7434
vn -0.4739 0.5467 -0.6903
vn -0.4334 0.5284 -0.7300
vn 0.4889 -0.1134 0.8649
vn 0.0958 -0.9886 0.1164
vn 0.0188 0.0674 0.9975
vn 0.0556 -0.1238 0.9908
vn 0.1218 0.4816 -0.8679
vn 0.9819 -0.0846 0.1697
vn 0.9844 0.1640 0.0646
vn 0.9512 0.2232 0.2132
vn 0.9730 0.1906 0.1301
vn -0.0287 0.0068 0.9996
vn -0.0209 -0.0161 0.9997
vn 0.0360 0.1145 0.9928
vn -0.5053 -0.8581 0.0908
vn 0.0617 -0.0464 0.9970
vn 0.4321 0.0027 0.9018
vn -0.7331 0.3282 0.5957
vn -0.6713 0.4172 0.6126
vn -0.7178 0.3518 0.6008
vn 0.9718 0.1169 -0.2046
vn -0.4973 0.8651 -0.0664
vn -0.0263 0.0525 0.9983
vn -0.0276 0.0577 0.9980
vn -0.0114 0.0727 0.9973
vn -0.0091 -0.2043 0.9789
vn 0.9737 -0.2257 0.0325
vn 0.0513 -0.3598 0.9316
vn -0.0679 -0.4683 0.8809
vn 0.0420 -0.3834 0.9226
vn -0.0599 -0.4855 0.8722
vn -0.0134 0.6510 0.7590
vn -0.2628 0.7719 -0.5789
vn -0.2615 0.7738 -0.5769
vn -0.2308 0.7655 -0.6006
vn 0.0373 -0.4945 0.8684
vn -0.0956 -0.4916 0.8656
vn -0.0109 -0.4944 0.8692
vn -0.1463 -0.4881 0.8604
vn 0.1626 -0.0253 0.9864
vn 0.5099 -0.3920 0.7657
vn 0.5633 -0.3569 0.7452
vn 0.4592 -0.4225 0.7814
vn 0.3728 -0.6734 0.6384
vn -0.3401 0.2404 0.9091
vn 0.1962 0.6272 0.7537
vn -0.9250 -0.3658 0.1024
vn -0.9451 -0.3214 0.0589
vn -0.9335 -0.3484 0.0852
vn -0.2314 -0.9639 -0.1315
vn 0.1657 -0.0349 0.9856
vn 0.6084 -0.3245 0.7242
vn 0.2893 0.0389 0.9564
vn 0.3407 0.0982 0.9350
vn 0.2481 -0.0074 0.9687
vn -0.0206 -0.7417 0.6705
vn -0.0263 -0.8655 0.5003
vn -0.0265 -0.8692 0.4938
vn -0.3593 0.4923 -0.7929
vn -0.2489 0.7318 0.6345
vn 0.2642 -0.0986 -0.9594
vn 0.2106 -0.1972 -0.9575
vn -0.9089 -0.3956 0.1322
vn -0.9876 0.1564 0.0103
vn -0.9930 0.1136 -0.0311
vn -0.9865 0.1636 0.0041
vn 0.1957 -0.0676 0.9783
vn 0.1896 -0.0713 0.9793
vn -0.0603 -0.0514 -0.9969
vn 0.0926 0.1637 0.9822
vn -0.2949 0.9533 -0.0645
vn 0.1855 0.5955 -0.7816
vn 0.1782 0.5911 -0.7867
vn 0.1823 0.5936 -0.7839
vn -0.0469 -0.4163 -0.9080
vn 0.4799 -0.7839 0.3941
vn -0.1161 -0.5594 0.8207
vn -0.1554 -0.5047 0.8492
vn -0.1669 -0.4879 0.8568
vn -0.1887 -0.7474 0.6370
vn -0.0133 0.0468 0.9988
vn -0.7738 0.2586 0.5782
vn -0.2606 0.5411 -0.7996
vn -0.2920 0.8695 0.3984
vn -0.4777 -0.7501 0.4572
vn -0.9787 0.2052 0.0071
vn -0.2524 0.2358 -0.9385
vn 0.9777 0.0168 -0.2091
vn 0.9761 -0.0132 -0.2168
vn 0.9780 0.0235 -0.2073
vn 0.3891 0.1559 0.9079
vn 0.1543 -0.1981 0.9680
vn 0.1307 -0.0850 0.9878
vn 0.1475 -0.1171 0.9821
vn 0.5041 0.4411 0.7425
vn -0.8806 0.4163 0.2265
vn 0.9350 0.2411 0.2599
vn 0.1175 0.1837 0.9759
vn -0.5997 -0.3157 -0.7353
vn -0.1325 -0.4452 0.8856
vn -0.1334 -0.4497 0.8832
vn -0.1891 -0.4547 0.8704
vn -0.1588 -0.6456 0.7470
vn -0.0317 0.6473 0.7616
vn 0.0634 -0.4399 0.8958
vn 0.0065 -0.4683 0.8835
vn -0.0328 -0.5053 0.8623
vn 0.9746 -0.1298 -0.1825
vn 0.9747 -0.1384 -0.1757
vn 0.9744 -0.1212 -0.1893
vn 0.4658 -0.1578 0.8707
vn -0.4455 -0.5827 0.6797
vn -0.4758 -0.8767 0.0711
vn -0.0228 0.0647 0.9976
vn -0.0366 0.0331 0.9988
vn 0.0418 -0.3655 0.9299
vn 0.5546 -0.8128 0.1780
vn 0.2620 0.9604 0.0951
vn 0.0927 0.9951 0.0351
vn 0.4143 0.8032 0.4280
vn 0.2685 -0.9632 -0.0108
vn 0.1666 -0.9860 -0.0037
vn 0.1846 -0.9828 -0.0049
vn 0.0894 -0.9960 0.0017
vn 0.0760 -0.0399 0.9963
vn 0.1174 -0.0973 0.9883
vn 0.0615 0.1828 0.9812
vn 0.0917 0.0714 0.9932
vn 0.1181 0.0860 0.9893
vn -0.9255 0.3667 -0.0952
vn 0.9784 0.0482 -0.2008
vn 0.8904 -0.2332 0.3908
vn 0.5274 -0.7421 -0.4137
vn -0.0017 -0.9268 0.3756
vn -0.0204 -0.8950 0.4455
vn -0.0289 -0.8775 0.4788
vn -0.5313 0.3936 0.7502
vn -0.5692 0.3618 0.7383
vn -0.5496 0.3761 0.7459
vn -0.2857 0.3069 0.9078
vn -0.2891 0.3152 0.9039
vn -0.2863 0.3086 0.9071
vn -0.2901 0.3175 0.9028
vn 0.5763 -0.0357 -0.8164
vn 0.4929 0.0648 -0.8677
vn 0.6129 -0.0161 -0.7900
vn 0.9737 -0.1053 -0.2019
vn -0.9787 0.2018 -0.0391
vn 0.1906 0.5987 -0.7780
vn 0.6582 0.3993 -0.6382
vn 0.1958 0.0702 0.9781
vn -0.9742 0.0845 0.2092
vn 0.9249 0.2211 0.3092
vn 0.9407 0.1668 0.2953
vn 0.9258 0.2183 0.3085
vn -0.9590 0.2456 -0.1415
vn -0.3033 0.2315 0.9244
vn 0.9092 0.2430 -0.3380
vn 0.9099 0.2406 -0.3379
vn 0.9098 0.2412 -0.3379
vn -0.0663 0.5427 0.8373
vn -0.0769 0.5053 0.8595
vn -0.0681 0.5365 0.8412
vn -0.0055 -0.3537 0.9353
vn 0.0373 0.1273 -0.9912
vn 0.0015 0.1143 -0.9934
vn 0.1856 0.1794 -0.9661
vn -0.6617 0.0901 -0.7443
vn -0.1493 0.7218 -0.6758
vn 0.0026 0.0785 0.9969
vn 0.9105 0.2386 -0.3377
vn 0.0222 -0.2486 -0.9684
vn 0.0120 -0.2923 -0.9563
vn 0.0511 -0.2967 -0.9536
vn -0.2478 0.9668 0.0623
vn -0.1621 0.9855 0.0509
vn -0.1818 0.9820 0.0508
vn -0.0818 0.4873 0.8694
vn -0.3644 -0.9140 -0.1783
vn -0.3080 -0.9475 -0.0862
vn -0.3883 -0.8952 -0.2190
vn 0.1719 -0.8790 -0.4447
vn 0.1043 0.4332 0.8952
vn 0.5564 -0.5584 0.6153
vn 0.7673 0.3107 0.5610
vn 0.8013 0.2947 0.5206
vn 0.7792 0.3054 0.5474
vn 0.8101 0.2902 0.5094
vn 0.7476 -0.3919 -0.5362
vn -0.2182 -0.7041 0.6757
vn 0.2487 -0.4246 0.8706
vn 0.2455 -0.3759 0.8936
vn 0.2430 -0.3432 0.9073
vn 0.5234 -0.4038 0.7503
vn 0.2204 0.1912 -0.9565
vn -0.1087 0.1293 -0.9856
vn -0.0928 0.1410 -0.9856
vn -0.0337 0.1840 -0.9823
vn -0.0061 0.4348 0.9005
vn -0.0275 0.4671 0.8838
vn -0.0657 0.5230 0.8498
vn 0.2063 -0.7143 0.6688
vn 0.1959 -0.7484 0.6337
vn 0.2006 -0.7333 0.6497
vn -0.3791 -0.4449 0.8114
vn -0.2493 -0.3771 0.8920
vn -0.3334 -0.4218 0.8432
vn -0.2129 -0.3569 0.9096
vn -0.4959 -0.6226 0.6054
vn 0.6524 -0.1153 0.7491
vn 0.4283 0.3385 0.8378
vn 0.4305 0.5200 0.7377
vn 0.4091 0.4878 0.7712
vn -0.3041 -0.7425 -0.5968
vn -0.1112 0.5863 0.8024
vn 0.3549 -0.9104 -0.2125
vn 0.4747 0.2303 0.8495
vn 0.4184 0.3369 0.8435
vn 0.9039 0.2801 0.3233
vn 0.1177 0.6839 0.7200
vn 0.1388 0.6494 0.7476
vn -0.3199 0.8881 0.3301
vn 0.9214 -0.3490 -0.1710
vn 0.8508 -0.4935 -0.1805
vn 0.8693 -0.4526 -0.1988
vn 0.6535 -0.7412 0.1538
vn -0.8797 -0.4700 0.0728
vn 0.0434 0.1162 0.9923
vn -0.4202 -0.8647 -0.2753
vn -0.0305 -0.4098 -0.9117
vn -0.0094 -0.4392 -0.8983
vn 0.0181 -0.4765 -0.8790
vn 0.7090 0.4860 -0.5110
vn 0.6524 0.6055 0.4557
vn 0.5880 0.6405 0.4940
vn -0.4409 -0.8427 0.3091
vn 0.9348 0.3367 -0.1131
vn 0.7022 0.1034 -0.7044
vn 0.7121 0.1032 -0.6945
vn 0.7087 0.1033 -0.6979
vn 0.0889 -0.7156 0.6928
vn -0.1984 -0.5986 0.7761
vn -0.1187 -0.5214 0.8450
vn -0.0247 0.8685 -0.4952
vn 0.8597 0.0060 -0.5107
vn 0.1765 -0.8040 0.5679
vn 0.2519 -0.4914 0.8337
vn -0.6736 -0.6581 -0.3364
vn -0.6687 -0.6630 -0.3364
vn -0.7557 -0.5641 -0.3326
vn -0.9801 0.0472 0.1928
vn -0.9792 0.0487 0.1968
vn -0.9773 0.0518 0.2052
vn -0.0275 -0.0073 0.9996
vn 0.0362 -0.0448 0.9983
vn -0.0060 -0.0259 0.9996
vn -0.0601 -0.4244 0.9035
vn -0.0910 -0.3533 0.9311
vn -0.5147 -0.8199 0.2508
vn 0.5149 -0.2970 -0.8042
vn 0.6618 0.6058 0.4416
vn 0.7000 0.1034 -0.7067
vn 0.3715 0.0291 -0.9280
vn -0.6337 -0.7221 -0.2775
vn -0.5943 -0.7312 0.3348
vn -0.3567 -0.1435 0.9231
vn -0.5788 -0.7436 -0.3347
vn -0.6426 0.0744 0.7626
vn -0.6408 0.0757 0.7640
vn -0.6379 0.0778 0.7662
vn -0.0338 0.8692 0.4934
vn 0.0281 0.8850 0.4648
vn -0.0446 0.8547 0.5173
vn 0.1668 0.5933 -0.7875
vn 0.7811 -0.5997 -0.1739
vn -0.0161 -0.9847 0.1735
vn -0.0725 0.0738 0.9946
vn -0.0396 0.0125 0.9991
vn -0.0354 0.9914 0.1258
vn -0.0776 0.9931 0.0873
vn 0.0974 -0.8717 0.4802
vn -0.6345 0.0802 0.7687
vn -0.0574 0.0127 0.9983
vn -0.3966 -0.9180 0.0049
vn -0.3946 -0.9179 -0.0427
vn -0.3950 -0.9181 -0.0337
vn -0.0562 -0.3729 -0.9262
vn 0.0043 -0.8143 -0.5804
vn -0.0696 -0.0318 -0.9971
vn -0.0686 0.0911 -0.9935
vn -0.0645 0.1739 -0.9826
vn -0.0893 0.1954 -0.9766
vn -0.0059 0.9877 0.1563
vn -0.3693 0.8764 -0.3090
vn -0.3573 0.8851 -0.2983
vn -0.3634 0.8807 -0.3037
vn -0.1493 0.7495 -0.6449
vn 0.7570 -0.6409 -0.1273
vn -0.9761 0.0539 0.2107
vn 0.5860 0.7524 -0.3010
vn 0.6217 0.7393 -0.2588
vn 0.6646 0.7190 -0.2034
vn 0.2141 -0.2852 -0.9343
vn 0.1615 -0.3627 -0.9178
vn 0.0761 -0.4113 -0.9083
vn -0.0775 0.1080 0.9911
vn -0.1067 -0.3677 0.9238
vn -0.3918 -0.9159 -0.0868
vn 0.0319 -0.4624 -0.8861
vn -0.0710 -0.4639 -0.8830
vn 0.0338 -0.9820 -0.1857
vn -0.7211 -0.2529 -0.6450
vn -0.7362 -0.1206 -0.6659
vn -0.7335 -0.1557 -0.6616
vn -0.0478 -0.0378 0.9981
vn 0.1073 -0.9192 -0.3788
vn 0.8600 0.4246 -0.2830
vn 0.8879 0.3023 -0.3468
vn 0.8685 0.3684 -0.3318
vn 0.6670 0.6663 -0.3335
vn 0.8312 0.3686 -0.4162
vn 0.8533 0.4257 -0.3012
vn -0.7804 -0.5428 -0.3103
vn -0.5627 -0.5396 -0.6262
vn -0.3284 -0.7783 -0.5351
vn -0.0342 0.7531 -0.6570
vn 0.1784 -0.9248 -0.3360
vn 0.1628 -0.9306 -0.3279
vn 0.1646 -0.9299 -0.3288
vn 0.1531 -0.9340 -0.3228
vn 0.5286 -0.8320 -0.1685
vn 0.6869 0.7061 -0.1721
vn -0.6137 -0.1169 -0.7808
vn -0.1161 -0.1085 -0.9873
vn -0.4043 -0.1630 0.9000
vn -0.3759 0.8716 -0.3148
vn 0.4316 0.4291 -0.7935
vn 0.6884 0.4197 -0.5916
vn 0.6929 0.4070 -0.5952
vn 0.7170 0.4033 -0.5685
vn -0.4126 0.0148 -0.9108
vn 0.5661 -0.8126 0.1387
vn 0.5642 -0.8131 0.1435
vn -0.7388 -0.0433 -0.6725
vn -0.0393 -0.0983 0.9944
vn -0.0032 0.7543 -0.6566
vn 0.1601 0.9851 -0.0628
vn 0.1037 0.9648 -0.2416
vn 0.1658 0.9851 -0.0449
vn 0.1009 0.9611 -0.2573
vn -0.5206 0.3548 -0.7765
vn 0.6110 -0.7799 0.1357
vn -0.8684 0.1057 -0.4845
vn -0.0649 -0.4754 0.8774
vn -0.0967 -0.9834 0.1535
vn 0.0153 -0.9905 0.1365
vn -0.0247 -0.9857 0.1668
vn -0.1747 0.8450 -0.5054
vn -0.3888 -0.0043 0.9213
vn -0.4038 0.0058 0.9148
vn -0.2437 -0.0646 0.9677
vn -0.1153 -0.0517 0.9920
vn -0.3570 -0.7897 -0.4989
vn 0.1048 0.9598 -0.2603
vn 0.2545 0.1108 -0.9607
vn 0.2838 0.0725 -0.9561
vn 0.3475 -0.0145 -0.9376
vn -0.4201 -0.3317 -0.8447
vn -0.3888 -0.2664 -0.8820
vn -0.3767 -0.2418 -0.8942
vn -0.0933 -0.8302 0.5497
vn -0.0346 -0.7504 0.6601
vn -0.0360 -0.7747 0.6312
vn 0.3005 -0.8770 -0.3750
vn 0.1838 -0.8995 -0.3964
vn 0.3114 -0.8742 -0.3726
vn 0.2222 0.0161 0.9749
vn 0.1907 0.1908 -0.9629
vn 0.3090 0.4403 -0.8430
vn 0.4839 0.3871 -0.7849
vn -0.0077 0.5220 -0.8529
vn -0.1097 -0.8512 0.5133
vn -0.1085 -0.4976 -0.8606
vn -0.2044 -0.4746 -0.8562
vn -0.2063 -0.3247 -0.9230
vn 0.0476 0.5240 0.8504
vn 0.0576 0.4585 0.8868
vn 0.0632 0.4194 0.9056
vn -0.2938 -0.3777 0.8781
vn -0.3270 -0.3255 0.8872
vn -0.4544 -0.2846 0.8441
vn -0.1770 -0.5476 -0.8178
vn -0.0824 -0.5436 -0.8353
vn -0.1198 -0.5458 -0.8293
vn 0.6389 0.0533 0.7674
vn 0.5281 0.0276 0.8488
vn 0.5464 0.0317 0.8369
vn 0.6865 -0.6446 0.3364
vn 0.4561 -0.8330 -0.3132
vn 0.4687 -0.8477 -0.2484
vn 0.4719 -0.8512 -0.2297
vn 0.4863 -0.8646 -0.1265
vn -0.2432 -0.7099 -0.6610
vn -0.0892 -0.5701 -0.8167
vn -0.2136 0.7282 0.6512
vn 0.0677 0.3874 0.9194
vn -0.2130 -0.5478 -0.8090
vn -0.0242 0.2322 -0.9724
vn -0.3204 -0.9330 0.1640
vn 0.0113 -0.9855 -0.1692
vn -0.5777 -0.2303 0.7831
vn -0.8415 -0.4494 0.2997
vn -0.8125 -0.5793 0.0654
vn 0.8182 -0.5140 0.2576
vn -0.6806 -0.3733 -0.6304
vn 0.0021 -0.3812 -0.9245
vn -0.0273 -0.3461 -0.9378
vn -0.0209 -0.3539 -0.9351
vn -0.0443 -0.3254 -0.9445
vn 0.0691 -0.1207 0.9903
vn 0.0733 -0.2056 0.9759
vn 0.0603 -0.0815 0.9948
vn 0.0662 -0.1992 0.9777
vn -0.7175 0.2174 0.6618
vn 0.4748 -0.2768 0.8354
vn 0.9519 -0.2132 -0.2199
vn 0.9347 -0.2130 -0.2847
vn 0.9377 -0.2131 -0.2744
vn -0.9696 0.2278 0.0890
vn -0.4075 0.1173 0.9056
vn -0.5251 0.1230 0.8421
vn -0.5123 0.1224 0.8500
vn -0.6568 0.1203 -0.7444
vn 0.8924 -0.2103 -0.3993
vn -0.9048 0.2738 -0.3261
vn -0.0078 -0.0730 0.9973
vn 0.0087 -0.0668 0.9977
vn 0.0200 -0.0496 0.9986
vn -0.7345 -0.0682 0.6751
vn -0.7172 -0.0652 0.6938
vn -0.5741 -0.0212 0.8185
vn -0.5616 -0.0271 0.8270
vn 0.6230 -0.6614 0.4177
vn 0.2937 -0.4673 0.8339
vn 0.7643 0.1311 0.6314
vn 0.9403 0.2909 -0.1769
vn 0.9301 0.2816 -0.2357
vn 0.9179 0.2722 -0.2887
vn 0.6308 -0.7756 -0.0228
vn 0.6461 -0.4023 -0.6486
vn 0.3053 0.1632 0.9381
vn 0.2688 0.0709 0.9606
vn 0.3572 0.2777 0.8918
vn 0.9499 0.3049 -0.0691
vn 0.1997 0.0179 0.9797
vn 0.1782 -0.9658 -0.1885
vn -0.1200 -0.7614 0.6371
vn -0.1164 -0.7628 0.6361
vn -0.1545 -0.7476 0.6460
vn -0.1296 0.6809 0.7208
vn 0.2557 0.1994 -0.9460
vn 0.2756 0.1353 -0.9517
vn 0.2847 0.1586 -0.9454
vn -0.0717 -0.7788 0.6232
vn 0.4360 0.7411 0.5106
vn 0.2985 0.8406 0.4520
vn 0.3277 0.8105 0.4855
vn 0.3308 -0.1623 -0.9296
vn 0.2894 -0.2005 -0.9360
vn 0.3045 -0.1868 -0.9340
vn -0.0000 0.9365 0.3507
vn 0.6079 0.7155 0.3443
vn 0.6262 0.7340 0.2628
vn 0.6365 0.7440 0.2033
vn 0.6451 0.7519 0.1359
vn -0.5823 -0.6986 0.4158
vn -0.0000 -1.0000 -0.0000
vn -0.7354 -0.5319 0.4198
vn 0.5597 0.7199 0.4104
vn 0.7458 0.5153 0.4222
vn 0.7280 0.4863 0.4832
vn 0.7432 0.5108 0.4321
vn 0.8900 0.1337 0.4359
vn 0.3107 -0.3953 0.8644
vn 0.4119 0.0890 0.9069
vn 0.3589 0.3859 0.8499
vn 0.7146 -0.3181 0.6231
vn 0.6665 -0.3780 0.6425
vn 0.6361 -0.4124 0.6522
vn -0.5090 -0.7349 0.4482
vn -0.5229 -0.7454 0.4135
vn -0.5248 -0.7468 0.4084
vn -0.5338 -0.7533 0.3841
vn 0.7620 0.5461 0.3481
vn 0.0267 0.0611 0.9978
vn 0.0460 0.0993 0.9940
vn 0.0441 -0.0706 0.9965
vn 0.0611 0.6657 0.7437
vn 0.5901 -0.4600 0.6635
vn -0.0483 0.1130 0.9924
vn 0.9777 0.0492 0.2041
vn -0.0874 -0.1072 0.9904
vn -0.0106 0.0118 0.9999
vn -0.0311 -0.0645 0.9974
vn 0.2065 0.9599 0.1894
vn 0.4912 0.6752 0.5503
vn 0.5667 0.6248 0.5371
vn -0.7239 0.4877 0.4880
vn -0.5922 -0.6066 0.5305
vn -0.3099 -0.4001 -0.8625
vn 0.5695 0.6194 0.5403
vn 0.5659 0.5061 0.6509
vn -0.0250 0.0915 0.9955
vn 0.6397 0.7665 -0.0565
vn -0.4543 -0.8903 0.0315
vn -0.8830 0.4343 0.1780
vn -0.9937 -0.0250 0.1094
vn -0.9957 -0.0255 0.0889
vn -0.9939 -0.0267 0.1068
vn 0.2494 0.1080 -0.9624
vn -0.2564 0.1408 -0.9563
vn -0.2838 0.0493 -0.9576
vn -0.2791 0.0653 -0.9581
vn -0.3903 0.4377 0.8099
vn 0.9398 -0.2575 0.2247
vn 0.6939 -0.5802 0.4264
vn -0.1731 -0.7379 0.6523
vn -0.2807 -0.6649 0.6922
vn -0.2079 -0.7160 0.6664
vn 0.4096 0.3978 0.8210
vn 0.5563 0.4804 0.6780
vn -0.7497 -0.6325 0.1944
vn -0.7607 -0.6041 0.2375
vn -0.7673 -0.6019 0.2212
vn 0.8481 -0.2928 0.4416
vn -0.5400 -0.4241 0.7270
vn 0.6166 0.6229 -0.4814
vn 0.9471 0.1285 -0.2942
vn 0.9509 0.1203 -0.2851
vn 0.9459 0.1309 -0.2968
vn -0.0147 0.2244 0.9744
vn 0.0657 0.1322 0.9890
vn 0.0311 0.1723 0.9845
vn -0.0286 -0.7197 -0.6937
vn -0.0136 -0.7181 -0.6959
vn -0.0185 -0.7186 -0.6952
vn 0.0195 0.0131 -0.9997
vn -0.9949 -0.0374 -0.0941
vn -0.9959 -0.0363 -0.0828
vn -0.9983 0.0165 0.0551
vn 0.9525 0.1168 -0.2813
vn -0.0856 -0.7862 0.6121
vn -0.4472 -0.8351 0.3203
vn -0.7588 -0.5187 0.3938
vn -0.7635 -0.5321 0.3660
vn 0.9891 0.1392 -0.0472
vn 0.9893 0.1389 -0.0448
vn 0.9908 0.1345 -0.0117
vn -0.3146 -0.2266 0.9218
vn -0.0877 -0.1071 0.9904
vn 0.6869 0.2756 -0.6725
vn -0.3927 0.1164 0.9122
vn 0.0591 -0.0491 0.9970
vn -0.0727 0.5693 0.8189
vn 0.5996 -0.7998 0.0281
vn 0.5844 -0.8019 0.1238
vn 0.5919 -0.8019 0.0811
vn -0.0710 0.2871 0.9553
vn -0.6459 -0.7409 -0.1841
vn -0.6711 -0.7130 -0.2032
vn -0.5210 -0.8382 -0.1609
vn 0.2990 -0.4445 -0.8444
vn 0.3313 -0.4272 -0.8413
vn 0.3244 -0.4310 -0.8420
vn -0.3792 0.5675 0.7309
vn -0.7588 -0.6286 -0.1704
vn 0.9639 0.0982 0.2474
vn 0.9445 0.0860 0.3171
vn 0.9494 0.0970 0.2988
vn -0.9982 -0.0126 0.0592
vn -0.6926 0.4596 0.5559
vn -0.2531 0.9487 -0.1897
vn -0.9948 -0.0273 0.0977
vn -0.9969 -0.0250 0.0740
vn -0.0142 0.0383 0.9992
vn -0.0125 0.0410 0.9991
vn -0.0199 0.0292 0.9994
vn -0.3877 0.3803 -0.8397
vn 0.3492 -0.1449 -0.9258
vn 0.9816 0.1850 -0.0466
vn 0.3598 -0.4112 -0.8375
vn 0.3728 0.0088 0.9279
vn 0.4563 0.1247 -0.8810
vn 0.3540 0.0953 -0.9304
vn 0.3827 0.1035 -0.9180
vn -0.5995 -0.7866 0.1477
vn 0.4199 -0.8390 -0.3461
vn 0.0758 0.7387 -0.6698
vn 0.0482 0.0116 0.9988
vn -0.4543 0.0192 0.8906
vn -0.4637 0.0170 0.8858
vn -0.3526 -0.0158 0.9356
vn -0.2902 0.0420 0.9560
vn -0.3319 0.0036 0.9433
vn -0.7366 0.6763 0.0050
vn 0.9150 -0.4012 -0.0425
vn 0.8986 -0.4384 -0.0200
vn 0.9076 -0.4187 -0.0320
vn 0.4436 0.4230 0.7901
vn -0.5052 -0.8513 -0.1415
vn 0.1784 -0.1700 -0.9692
vn 0.2124 -0.2311 -0.9495
vn 0.2226 -0.2497 -0.9424
vn 0.2042 0.3424 -0.9171
vn -0.4625 0.5757 -0.6743
vn -0.4285 -0.1454 0.8918
vn -0.7607 -0.6272 -0.1671
vn 0.8385 0.2399 0.4892
vn 0.1418 0.2292 -0.9630
vn -0.2107 0.9477 0.2397
vn -0.7337 0.0007 0.6795
vn -0.8593 -0.0659 0.5071
vn -0.7632 -0.0545 0.6438
vn -0.3814 -0.0532 0.9229
vn -0.7592 -0.6089 0.2298
vn -0.7897 -0.5539 0.2636
vn -0.8214 -0.5022 0.2704
vn 0.4996 0.1482 -0.8535
vn -0.3868 -0.0485 0.9209
vn -0.0596 0.6015 -0.7966
vn 0.9206 -0.3872 -0.0508
vn -0.1313 -0.4207 0.8976
vn 0.1110 -0.2485 -0.9622
vn -0.4322 -0.3582 -0.8276
vn 0.3378 0.0906 -0.9369
vn -0.1144 -0.8191 -0.5621
vn -0.0166 -0.7633 0.6458
vn -0.1769 0.0639 -0.9822
vn -0.2547 0.1309 -0.9581
vn -0.1249 0.0621 -0.9902
vn 0.1096 0.8557 0.5058
vn 0.3572 0.1527 0.9214
vn 0.3767 0.3579 0.8544
vn 0.3744 0.3209 0.8700
vn 0.5080 0.2770 0.8156
vn 0.4878 0.1479 0.8603
vn 0.5121 0.2301 0.8275
vn -0.0221 0.0256 0.9994
vn -0.1616 0.9861 -0.0386
vn -0.1520 0.9883 -0.0146
vn -0.1362 0.9904 0.0245
vn 0.0239 -0.5031 -0.8639
vn -0.3420 -0.2729 0.8992
vn -0.1294 -0.9791 0.1568
vn 0.2984 -0.1289 -0.9457
vn 0.0683 0.4785 -0.8754
vn -0.0098 0.4811 -0.8766
vn -0.0947 0.4497 -0.8882
vn -0.2887 -0.0131 -0.9573
vn -0.6857 0.0047 -0.7279
vn -0.6999 0.0184 -0.7140
vn -0.7330 0.0696 -0.6767
vn -0.9962 0.0780 -0.0376
vn -0.0397 0.0531 0.9978
vn -0.0939 0.0127 0.9955
vn 0.0467 -0.0554 0.9974
vn -0.2654 0.0884 0.9601
vn 0.8200 -0.2017 -0.5357
vn 0.8450 -0.3177 -0.4301
vn 0.8460 -0.2834 -0.4516
vn 0.6056 -0.7953 -0.0261
vn 0.6501 0.0560 0.7578
vn 0.9127 0.0490 0.4058
vn 0.9017 0.0561 0.4287
vn 0.9005 0.0569 0.4311
vn 0.2456 -0.2917 -0.9245
vn -0.0708 0.0426 -0.9966
vn -0.0127 0.5605 -0.8281
vn -0.1795 0.4794 -0.8591
vn -0.0952 0.5414 -0.8353
vn -0.1926 -0.9725 0.1309
vn -0.1166 -0.3787 -0.9181
vn -0.0831 -0.3686 -0.9259
vn -0.1121 -0.3774 -0.9193
vn -0.9958 -0.0914 -0.0040
vn -0.9836 -0.0764 -0.1637
vn -0.9940 -0.0689 -0.0855
vn 0.9733 0.0946 0.2091
vn -0.6648 0.1745 0.7263
vn 0.8084 -0.1781 -0.5610
vn 0.0163 0.8533 -0.5212
vn -0.0353 -0.7203 -0.6927
vn 0.7888 -0.0274 0.6141
vn 0.8088 0.0103 0.5880
vn 0.8374 0.0725 0.5417
vn 0.8140 -0.3528 0.4615
vn 0.9669 -0.1902 0.1698
vn -0.4660 -0.7490 -0.4711
vn -0.9602 0.0110 0.2790
vn -0.9685 0.0288 0.2472
vn -0.9303 -0.0384 0.3647
vn -0.3125 -0.7393 0.5964
vn 0.0861 0.4583 -0.8846
vn -0.9744 -0.1002 -0.2015
vn -0.8466 -0.0504 0.5298
vn 0.9926 0.0664 0.1016
vn 0.9910 0.1339 -0.0069
vn -0.1506 0.0197 -0.9884
vn -0.8482 0.2971 -0.4386
vn 0.0013 -0.9699 0.2434
vn -0.0282 -0.9594 0.2808
vn -0.0142 -0.9647 0.2631
vn -0.3450 -0.8033 -0.4855
vn 0.9140 0.0481 0.4028
vn -0.0481 0.9980 -0.0411
vn -0.0655 0.9973 -0.0322
vn -0.0360 0.9983 -0.0463
vn -0.5041 -0.5692 0.6496
vn -0.4844 -0.4972 0.7198
vn -0.4888 -0.5122 0.7062
vn 0.3512 0.1101 0.9298
vn 0.5146 -0.0000 0.8575
vn 0.4999 -0.0000 -0.8661
vn -0.5326 -0.8453 -0.0425
vn -0.1827 0.3852 -0.9046
vn 0.2299 -0.0312 -0.9727
vn 0.2135 0.1752 0.9611
vn 0.2444 0.2157 0.9454
vn 0.2857 0.2364 0.9287
vn 0.1443 0.0795 -0.9863
vn 0.1155 0.0255 -0.9930
vn 0.0824 -0.0334 -0.9960
vn 0.0187 -0.9751 0.2209
vn 0.9831 0.0272 -0.1813
vn 0.9955 0.0604 -0.0734
vn 0.9934 0.0891 -0.0721
vn 0.9947 0.1015 -0.0130
vn 0.8508 0.1067 0.5145
vn 0.9677 0.0518 0.2469
vn 0.9419 0.0035 0.3358
vn 0.9491 0.0152 0.3145
vn 0.6339 -0.5767 -0.5154
vn -0.8371 -0.4606 0.2953
vn -0.0244 0.9982 -0.0550
vn -0.8987 -0.0782 0.4316
vn -0.5064 -0.5785 0.6395
vn 0.6323 0.6031 0.4862
vn 0.6312 0.6604 0.4066
vn 0.6273 0.6945 0.3524
vn 0.6241 0.7116 0.3227
vn -0.6566 -0.6471 0.3876
vn -0.6694 -0.4640 0.5801
vn 0.2135 -0.6103 0.7628
vn 0.8623 0.5045 -0.0434
vn 0.8285 0.5590 0.0329
vn 0.8854 0.4513 -0.1115
vn 0.1350 -0.5329 -0.8353
vn -0.1917 -0.7107 -0.6769
vn -0.2497 -0.6206 -0.7433
vn -0.2223 -0.6237 -0.7494
vn -0.9931 -0.0653 -0.0973
vn -0.8367 -0.3883 0.3863
vn -0.7759 -0.3618 0.5168
vn -0.7582 -0.3787 0.5307
vn -0.8054 -0.3445 0.4824
vn 0.5750 0.2875 0.7660
vn 0.4643 0.3711 0.8042
vn 0.5226 0.4158 0.7443
vn 0.0074 0.8144 0.5802
vn -0.8434 0.0461 0.5352
vn -0.3099 0.1243 -0.9426
vn -0.2958 0.1539 -0.9428
vn -0.2941 0.1469 -0.9444
vn 0.8373 -0.3278 -0.4375
vn -0.1251 0.9908 0.0517
vn 0.8827 0.0570 -0.4665
vn 0.8834 0.0506 -0.4658
vn 0.8886 0.0559 -0.4552
vn 0.6075 0.3558 0.7102
vn 0.9712 0.0605 0.2305
vn 0.9499 -0.3081 0.0529
vn -0.4069 -0.9081 0.0988
vn -0.1979 -0.8899 0.4109
vn -0.2098 -0.9440 0.2547
vn -0.2337 -0.9199 0.3150
vn -0.7271 -0.4854 0.4854
vn -0.1564 -0.4556 0.8763
vn -0.4861 -0.8503 -0.2017
vn -0.5740 -0.8187 -0.0188
vn -0.5942 -0.7914 -0.1436
vn 0.8906 0.4357 -0.1305
vn -0.7116 0.0737 0.6987
vn -0.8803 -0.3908 0.2688
vn 0.4792 0.3879 0.7873
vn 0.2152 0.1227 0.9688
vn 0.1172 0.1429 0.9828
vn 0.3620 -0.4220 -0.8312
vn -0.0744 0.0915 -0.9930
vn 0.0513 0.5569 -0.8290
vn -0.0239 0.9981 -0.0565
vn -0.2659 -0.9070 0.3266
vn -0.2702 -0.9088 0.3181
vn -0.5735 -0.7714 0.2758
vn -0.1972 -0.5399 -0.8183
vn 0.1874 0.0420 0.9814
vn 0.1066 0.0308 0.9938
vn -0.0470 0.0535 0.9975
vn 0.3310 0.0248 0.9433
vn 0.2899 0.0143 0.9569
vn 0.6247 0.7583 0.1867
vn -0.3285 0.0971 -0.9395
vn 0.4144 -0.5591 -0.7181
vn 0.3489 -0.7689 -0.5358
vn 0.3476 -0.6788 -0.6469
vn 0.5989 0.7668 0.2309
vn 0.6395 0.7121 0.2899
vn 0.6249 0.7333 0.2681
vn 0.1715 -0.6005 0.7810
vn -0.3681 -0.9027 0.2228
vn -0.1266 -0.7308 -0.6707
vn -0.0159 0.1062 -0.9942
vn -0.7917 -0.0838 0.6052
vn 0.7247 0.1087 -0.6804
vn -0.0044 0.0583 0.9983
vn -0.2092 -0.6018 0.7708
vn -0.2649 -0.4114 0.8721
vn -0.2622 -0.4912 0.8306
vn 0.4969 -0.0871 -0.8634
vn 0.0402 -0.9759 -0.2147
vn 0.1019 -0.2403 -0.9653
vn 0.1533 -0.2449 -0.9573
vn 0.0957 -0.2397 -0.9661
vn -0.7664 -0.6423 -0.0117
vn 0.0333 0.1718 -0.9846
vn -0.4296 -0.0461 0.9019
vn -0.6869 -0.4170 0.5952
vn -0.9942 0.0887 -0.0612
vn 0.3387 0.1255 0.9325
vn 0.2807 0.1652 0.9455
vn -0.9511 -0.1336 -0.2786
vn 0.0861 0.5096 -0.8561
vn 0.5553 -0.0568 -0.8297
vn 0.5514 -0.0558 -0.8324
vn 0.4895 -0.0403 -0.8711
vn 0.3114 0.5152 0.7985
vn 0.3570 -0.5923 -0.7223
vn 0.6606 0.6777 0.3230
vn 0.9894 0.0098 0.1451
vn -0.5407 -0.7409 0.3984
vn 0.0579 0.1836 -0.9813
vn -0.9288 -0.0723 -0.3634
vn -0.7807 -0.3471 -0.5196
vn -0.7761 -0.3007 -0.5543
vn -0.8368 -0.2239 -0.4996
vn -0.0449 0.0395 0.9982
vn 0.0669 0.0231 0.9975
vn 0.5190 -0.3820 -0.7647
vn 0.4288 -0.4592 -0.7780
vn -0.6193 -0.0532 -0.7834
vn -0.6911 -0.0483 -0.7212
vn -0.5994 -0.0476 -0.7990
vn -0.1430 0.0422 -0.9888
vn -0.6214 0.1355 -0.7717
vn 0.9199 -0.1938 0.3408
vn -0.9600 0.1844 0.2105
vn 0.1454 0.1606 -0.9763
vn 0.8370 0.2250 -0.4989
vn 0.8002 0.2432 -0.5481
vn 0.7714 0.2559 -0.5827
vn -0.7693 -0.3589 -0.5285
vn -0.7617 -0.3756 -0.5279
vn 0.4246 -0.1773 0.8879
vn 0.4255 -0.1775 0.8874
vn 0.7573 0.1514 0.6352
vn 0.6855 0.2778 -0.6730
vn 0.6340 0.1954 0.7482
vn -0.0000 0.5137 0.8580
vn 0.0821 -0.0704 0.9941
vn 0.1082 -0.0630 0.9921
vn 0.0243 -0.0174 0.9996
vn 0.2496 0.0216 0.9681
vn 0.2982 0.9381 0.1765
vn 0.3075 0.9324 0.1898
vn 0.3012 0.9363 0.1808
vn 0.1336 0.0656 -0.9889
vn -0.8978 -0.0801 -0.4330
vn 0.2200 -0.0011 -0.9755
vn 0.2114 -0.0771 -0.9744
vn 0.0848 -0.0199 -0.9962
vn 0.4810 -0.0382 -0.8759
vn 0.8531 0.1319 0.5048
vn 0.7528 0.5845 0.3026
vn 0.7674 0.5755 0.2825
vn 0.7632 0.5782 0.2885
vn -0.8850 -0.0349 -0.4643
vn -0.3553 0.0747 -0.9318
vn -0.2139 -0.0329 -0.9763
vn -0.1205 -0.0075 -0.9927
vn -0.0867 -0.0181 -0.9961
vn -0.1791 0.1125 0.9774
vn -0.2509 -0.1214 0.9604
vn -0.2829 -0.0281 0.9587
vn -0.2847 0.0165 0.9585
vn 0.7899 0.2138 0.5747
vn 0.7820 0.2279 0.5802
vn 0.7877 0.2147 0.5775
vn -0.0776 0.0099 0.9969
vn 0.7786 0.5681 0.2666
vn 0.7444 0.6647 -0.0638
vn 0.7445 0.2666 -0.6121
vn -0.8324 -0.2785 -0.4791
vn -0.7944 0.2160 0.5678
vn 0.0424 -0.0353 -0.9985
vn 0.8753 0.0482 -0.4812
vn -0.2924 0.0965 0.9514
vn -0.2468 0.0989 0.9640
vn -0.3591 0.0771 -0.9301
vn 0.9844 -0.0135 0.1755
vn -0.1394 -0.0087 -0.9902
vn -0.8383 -0.1616 -0.5207
vn 0.3291 0.0185 -0.9441
vn -0.9564 0.2130 0.2000
vn -0.2899 -0.1530 0.9447
vn 0.4954 0.1635 0.8532
vn 0.4550 0.1361 0.8800
vn 0.4663 0.1437 0.8729
vn -0.0828 0.1931 0.9777
vn 0.2917 0.9418 0.1673
vn 0.4835 0.0084 0.8753
vn -0.3945 -0.0837 0.9151
vn -0.3661 -0.0767 0.9274
vn -0.0703 0.0308 0.9971
vn -0.3277 -0.1318 0.9356
vn 0.2822 -0.0390 0.9586
vn 0.3293 -0.0991 0.9390
vn 0.3031 -0.0654 0.9507
vn 0.8734 0.0457 -0.4849
vn -0.3572 -0.0049 -0.9340
vn -0.3542 -0.0087 -0.9351
vn -0.3525 -0.0109 -0.9358
vn -0.3498 -0.0144 -0.9367
vn -0.2946 0.0985 0.9505
vn -0.0300 0.0153 0.9994
vn 0.3782 -0.4755 0.7943
vn 0.2904 -0.5096 0.8099
vn 0.2861 -0.5112 0.8105
vn -0.0624 -0.2517 0.9658
vn 0.0714 0.8871 -0.4560
vn 0.9941 0.0808 -0.0729
vn 0.9947 0.0637 -0.0805
vn 0.9948 0.0780 -0.0651
vn -0.9371 -0.0605 -0.3439
vn -0.7209 -0.0006 0.6930
vn 0.1007 0.2788 -0.9551
vn 0.2168 -0.5340 0.8172
vn 0.9533 0.1213 0.2765
vn 0.9205 0.2123 0.3281
vn 0.9320 0.2059 0.2982
vn 0.3069 0.7526 -0.5826
vn -0.3077 0.2489 -0.9183
vn -0.6834 0.2410 -0.6891
vn -0.1459 -0.1239 0.9815
vn -0.1445 -0.0063 0.9895
vn -0.1446 -0.0574 0.9878
vn 0.1614 0.0496 0.9856
vn 0.1779 0.0702 0.9815
vn 0.1657 0.0594 0.9844
vn 0.6818 0.0163 -0.7314
vn 0.7288 0.0558 -0.6825
vn 0.6918 0.0244 -0.7217
vn 0.1981 -0.1085 0.9741
vn 0.0893 -0.0542 0.9945
vn 0.5265 -0.0186 0.8500
vn 0.5158 0.1775 0.8381
vn 0.2372 -0.4534 0.8591
vn 0.8380 0.2018 0.5070
vn 0.8582 0.2223 0.4626
vn -0.7534 -0.0022 0.6576
vn -0.0752 0.0480 -0.9960
vn -0.5842 0.2913 0.7575
vn -0.5865 0.2933 0.7550
vn -0.5709 0.2803 0.7717
vn 0.1231 -0.4162 0.9009
vn 0.1107 -0.3933 0.9127
vn 0.1459 -0.4583 0.8767
vn 0.2784 -0.1765 0.9441
vn 0.3402 -0.1647 0.9258
vn 0.3260 -0.2252 0.9182
vn 0.2588 0.2398 0.9357
vn 0.1585 0.2761 0.9480
vn 0.1185 0.2600 0.9583
vn 0.8966 -0.4208 -0.1381
vn -0.2105 -0.6366 0.7419
vn -0.1524 -0.6809 0.7163
vn 0.0944 -0.0728 -0.9929
vn 0.0882 0.1580 -0.9835
vn 0.9986 0.0525 0.0034
vn -0.3539 -0.0285 -0.9348
vn 0.1714 -0.5046 0.8461
vn -0.4498 -0.8856 0.1155
vn 0.2457 0.2691 0.9312
vn 0.9425 0.0566 0.3295
vn 0.7896 -0.6101 0.0659
vn 0.3566 -0.1348 0.9245
vn -0.9676 -0.0440 -0.2485
vn 0.1596 0.0346 0.9866
vn 0.9601 -0.2584 0.1072
vn 0.5814 0.7001 -0.4145
vn 0.5970 0.6807 -0.4244
vn 0.6048 0.6707 -0.4294
vn 0.1496 0.5773 -0.8027
vn -0.9742 -0.0590 0.2178
vn -0.9732 -0.0614 0.2216
vn -0.9759 -0.0476 0.2130
vn -0.7764 -0.0624 -0.6272
vn -0.8089 -0.0203 -0.5875
vn -0.8007 -0.0259 -0.5985
vn 0.3706 0.1191 -0.9211
vn -0.5529 0.2655 0.7898
vn 0.3314 -0.2292 0.9152
vn -0.4388 0.3742 0.8170
vn 0.9690 0.1014 0.2252
vn -0.2547 0.9557 -0.1477
vn 0.1655 0.0296 0.9858
vn 0.6201 -0.7733 0.1325
vn 0.5754 -0.7889 0.2156
vn 0.6516 -0.7558 0.0655
vn 0.9048 0.3705 -0.2098
vn 0.9036 0.3773 -0.2030
vn 0.8507 0.4985 -0.1671
vn 0.6203 0.6498 -0.4393
vn 0.6944 0.0391 -0.7185
vn 0.6400 0.0609 -0.7659
vn 0.6665 0.0431 -0.7443
vn 0.4504 0.0288 -0.8923
vn 0.4273 0.0275 -0.9037
vn -0.8324 -0.0452 -0.5523
vn 0.7728 -0.3052 -0.5564
vn 0.2470 -0.1127 0.9624
vn 0.6362 0.0333 0.7708
vn 0.5425 -0.7954 0.2702
vn 0.0558 0.3596 -0.9315
vn 0.7389 0.0648 -0.6707
vn -0.8967 0.3838 -0.2206
vn -0.8963 0.4242 -0.1289
vn -0.8955 0.3742 -0.2408
vn 0.2173 -0.9761 -0.0031
vn 0.1408 -0.9819 0.1265
vn 0.1838 -0.9814 0.0547
vn 0.8390 -0.1007 0.5347
vn 0.8546 -0.1113 0.5072
vn 0.8646 -0.1347 0.4841
vn 0.4770 -0.0416 0.8779
vn 0.3017 -0.0100 0.9533
vn 0.4666 -0.0397 0.8836
vn 0.2445 -0.0000 0.9697
vn 0.4417 -0.0597 0.8952
vn 0.8233 -0.0574 0.5647
vn 0.6986 0.0419 -0.7143
vn 0.2559 -0.0837 0.9631
vn -0.2853 -0.1615 0.9447
vn 0.9348 0.2840 -0.2132
vn 0.9352 0.2867 -0.2078
vn -0.7907 -0.0866 -0.6060
vn -0.7026 0.2703 -0.6583
vn -0.9897 0.1119 -0.0893
vn -0.1520 0.0391 0.9876
vn 0.2753 -0.4594 0.8445
vn 0.2998 -0.4320 0.8506
vn 0.3021 -0.4059 0.8625
vn -0.4058 0.0284 -0.9135
vn 0.1823 0.0141 0.9831
vn 0.8347 -0.1001 0.5416
vn 0.9030 0.4239 0.0696
vn 0.0402 -0.9978 0.0523
vn 0.0223 -0.9993 0.0301
vn 0.0269 -0.9990 0.0359
vn 0.0293 -0.2416 0.9699
vn 0.0378 0.0140 0.9992
vn 0.4334 -0.2688 0.8601
vn -0.4573 -0.4489 0.7677
vn -0.5520 -0.4187 0.7211
vn -0.5946 -0.4027 0.6959
vn 0.8779 -0.0183 -0.4785
vn 0.8753 -0.0128 -0.4834
vn 0.8638 0.0101 -0.5037
vn 0.8581 0.0210 -0.5131
vn 0.0627 0.0104 -0.9980
vn 0.0670 0.0026 -0.9977
vn -0.4709 -0.4601 -0.7527
vn -0.5150 -0.3800 -0.7684
vn -0.5162 -0.3776 -0.7687
vn -0.2597 0.0834 0.9621
vn 0.0128 -0.9997 0.0185
vn 0.7834 0.2596 0.5648
vn -0.0440 -0.9950 0.0902
vn -0.6569 0.0086 0.7540
vn -0.5535 -0.2992 -0.7772
vn -0.2049 0.3773 -0.9031
vn 0.5327 -0.4713 0.7029
vn -0.3789 0.1336 0.9157
vn 0.9963 -0.0661 0.0557
vn -0.4096 -0.4615 0.7870
vn 0.9355 0.0742 0.3455
vn 0.9335 0.0799 0.3496
vn 0.9439 0.0710 0.3224
vn -0.8936 0.4393 -0.0916
vn 0.0807 -0.5388 -0.8386
vn 0.1204 -0.5816 -0.8046
vn 0.0596 -0.5153 -0.8549
vn -0.1548 0.0397 0.9871
vn 0.5371 0.0204 0.8433
vn 0.6442 0.1393 0.7520
vn 0.6147 0.1024 0.7821
vn 0.4293 0.9012 0.0596
vn 0.4732 0.8696 0.1408
vn 0.4490 0.8884 0.0953
vn 0.9928 -0.0003 0.1197
vn 0.9779 0.0614 -0.2001
vn -0.7998 -0.0396 -0.5990
vn -0.0432 0.0102 -0.9990
vn 0.2565 -0.9638 -0.0731
vn 0.5816 0.1048 0.8067
vn 0.5540 0.1182 0.8241
vn 0.7097 0.0426 0.7032
vn -0.6054 -0.0161 0.7958
vn -0.6154 -0.0216 0.7879
vn -0.7685 0.0461 -0.6382
vn 0.8913 -0.1138 -0.4388
vn 0.8983 -0.1111 -0.4250
vn 0.8125 -0.1720 -0.5571
vn 0.0357 -0.4879 -0.8722
vn -0.5621 0.8253 -0.0539
vn -0.5966 0.7998 -0.0670
vn -0.5925 0.8050 0.0323
vn -0.5472 0.8256 0.1375
vn 0.3587 -0.1619 0.9193
vn 0.3272 0.2020 0.9231
vn 0.3995 0.9167 0.0082
vn 0.8234 -0.5416 -0.1693
vn 0.3224 -0.1625 0.9325
vn -0.0993 -0.9790 -0.1782
vn 0.9773 0.0866 0.1934
vn -0.0781 -0.2215 0.9720
vn -0.0863 -0.1669 0.9822
vn -0.0790 -0.2203 0.9722
vn 0.0979 -0.5348 -0.8393
vn 0.1116 -0.5085 -0.8538
vn 0.1015 -0.5279 -0.8432
vn 0.9735 0.1684 0.1546
vn -0.9389 -0.0213 0.3436
vn 0.8039 -0.2014 -0.5596
vn -0.6802 0.4412 0.5854
vn -0.6804 0.4106 0.6070
vn -0.6910 0.5312 0.4902
vn 0.7844 0.2728 0.5570
vn 0.3847 -0.4640 -0.7979
vn 0.3805 -0.4897 -0.7845
vn 0.3759 -0.5148 -0.7705
vn 0.3511 0.0980 0.9312
vn 0.7940 0.0506 -0.6058
vn -0.3710 0.2224 -0.9016
vn -0.3721 0.2314 -0.8989
vn -0.3717 0.2282 -0.8999
vn -0.2654 0.1848 0.9462
vn -0.2829 0.2681 0.9209
vn -0.2870 0.2009 0.9366
vn 0.0728 -0.0201 0.9971
vn 0.0930 -0.5441 -0.8339
vn 0.2966 -0.9492 0.1055
vn 0.2310 0.0304 0.9725
vn 0.0669 -0.0164 0.9976
vn 0.2057 0.0231 0.9783
vn 0.9718 0.0635 -0.2273
vn 0.8135 0.0545 -0.5790
vn -0.5397 0.8104 -0.2279
vn -0.7319 0.5488 0.4039
vn 0.1582 -0.4547 0.8765
vn -0.0617 0.0173 0.9979
vn -0.0416 0.0665 0.9969
vn 0.2419 0.5873 -0.7724
vn 0.2587 0.2848 -0.9230
vn 0.9799 -0.1988 0.0191
vn 0.9852 -0.1508 0.0819
vn 0.9835 -0.1732 0.0527
vn 0.9846 -0.1065 0.1385
vn 0.2019 0.0565 -0.9778
vn 0.1519 0.1207 -0.9810
vn 0.1840 0.0799 -0.9797
vn -0.8542 -0.0406 -0.5183
vn -0.6443 -0.0138 0.7646
vn -0.2895 0.3131 0.9045
vn -0.3162 0.2973 0.9009
vn -0.3212 0.2943 0.9001
vn 0.4411 -0.8866 0.1389
vn -0.8882 0.4408 0.1298
vn 0.3734 -0.5281 -0.7627
vn -0.9966 -0.0326 -0.0756
vn -0.9957 -0.0150 -0.0911
vn -0.9966 -0.0266 -0.0778
vn -0.7682 0.0733 -0.6360
vn 0.1319 -0.4479 0.8843
vn -0.1292 -0.2184 0.9673
vn -0.0224 -0.0398 0.9990
vn -0.0373 -0.0411 0.9985
vn -0.0698 -0.0186 0.9974
vn 0.9022 0.4234 0.0825
vn 0.9148 0.4007 0.0507
vn 0.9103 0.4092 0.0625
vn -0.1222 -0.9906 0.0616
vn -0.2543 -0.9597 0.1199
vn -0.1830 -0.9791 0.0885
vn -0.3333 -0.9301 0.1546
vn 0.9403 0.3243 0.1037
vn 0.9646 0.2617 0.0339
vn 0.9617 0.2706 0.0437
vn -0.8462 -0.4930 0.2020
vn -0.8258 -0.5344 0.1803
vn -0.8481 -0.4890 0.2041
vn 0.7588 0.5408 -0.3630
vn 0.1235 -0.6703 -0.7317
vn -0.9307 -0.0235 0.3651
vn -0.0319 -0.0182 -0.9993
vn -0.7495 0.5461 0.3741
vn -0.2716 0.3102 0.9110
vn -0.0122 -0.0344 0.9993
vn 0.1106 -0.9717 -0.2089
vn -0.6128 -0.7735 0.1619
vn 0.1444 0.1182 -0.9824
vn 0.2559 0.0376 0.9660
vn -0.8276 0.0216 -0.5610
vn -0.5913 -0.8030 0.0740
vn 0.9228 0.3843 0.0284
vn 0.9719 -0.1615 0.1713
vn 0.9747 -0.1906 0.1171
vn 0.9746 -0.2069 0.0859
vn 0.8053 -0.2379 -0.5430
vn 0.1555 -0.9813 -0.1132
vn 0.0694 -0.9976 -0.0021
vn 0.1308 -0.9881 -0.0812
vn -0.2417 0.2255 0.9438
vn 0.0266 0.5722 0.8197
vn 0.2435 -0.2349 0.9410
vn 0.1852 -0.0213 0.9825
vn 0.9779 0.2076 -0.0246
vn -0.8624 -0.4556 0.2207
vn 0.9683 -0.1429 0.2051
vn -0.8892 -0.0367 -0.4560
vn -0.7002 -0.6994 -0.1433
vn 0.0812 -0.1100 0.9906
vn -0.0531 -0.0986 0.9937
vn -0.1271 -0.3361 0.9332
vn -0.0756 0.0287 0.9967
vn -0.0665 -0.0651 0.9957
vn -0.0673 -0.0000 0.9977
vn 0.1353 -0.0058 0.9908
vn 0.8404 0.5419 0.0101
vn 0.8001 0.5897 -0.1099
vn 0.8203 0.5693 -0.0555
vn 0.4722 0.3134 -0.8239
vn 0.4671 -0.1508 -0.8712
vn -0.1551 -0.0080 -0.9879
vn -0.7641 -0.0119 0.6450
vn -0.6291 -0.0057 0.7773
vn -0.5797 -0.0359 0.8140
vn -0.7441 0.6675 0.0269
vn -0.1188 -0.1619 0.9796
vn -0.3466 0.2787 0.8957
vn 0.4832 0.0043 0.8755
vn 0.5197 0.1276 0.8448
vn 0.0651 -0.1033 -0.9925
vn 0.1101 -0.2223 -0.9688
vn 0.0803 -0.1327 -0.9879
vn -0.8841 -0.3759 -0.2777
vn 0.4068 0.4907 -0.7706
vn 0.4080 0.5044 -0.7610
vn 0.4036 0.4582 -0.7919
vn 0.7098 0.0399 0.7033
vn 0.2141 -0.9582 -0.1898
vn -0.2335 0.2483 0.9401
vn 0.5421 0.0719 0.8372
vn 0.4478 0.2663 0.8536
vn 0.4009 0.2951 -0.8673
vn 0.4162 0.3106 -0.8546
vn 0.4056 0.2998 -0.8635
vn -0.0866 -0.0110 0.9962
vn 0.2463 0.1714 -0.9539
vn -0.1849 0.0995 -0.9777
vn -0.2220 0.0751 -0.9721
vn -0.1944 0.1050 -0.9753
vn -0.0978 0.0260 0.9949
vn -0.1268 -0.0247 0.9916
vn 0.4179 0.3123 -0.8531
vn -0.4139 -0.6642 -0.6225
vn 0.8814 -0.1030 -0.4611
vn 0.1673 -0.0000 0.9859
vn -1.0000 -0.0000 -0.0000
vn -0.1673 -0.0000 -0.9859
vn 0.7344 -0.5219 -0.4339
vn -0.6872 0.5093 -0.5180
vn -0.6787 0.5193 -0.5192
vn -0.7425 0.5071 -0.4377
vn -0.7556 0.6455 0.1112
vn -0.7516 0.6520 0.0997
vn -0.7593 0.6393 0.1219
vn -0.0826 -0.2069 0.9749
vn -0.1668 -0.0361 0.9853
vn -0.1700 0.0454 0.9844
vn -0.9761 -0.1305 -0.1739
vn 0.8521 0.5201 0.0580
vn 0.2320 0.0029 -0.9727
vn 0.4024 0.4479 -0.7984
vn -0.8809 -0.0155 0.4730
vn -0.3704 0.2173 -0.9031
vn -0.6809 0.0479 -0.7308
vn -0.6708 0.0350 -0.7408
vn -0.6769 0.0430 -0.7348
vn -0.6408 -0.0000 -0.7677
vn 0.6879 -0.7070 -0.1642
vn 0.2660 -0.4271 -0.8642
vn -0.0687 0.0957 0.9930
vn -0.2842 -0.5106 -0.8115
vn 0.8773 0.2987 -0.3756
vn 0.8362 0.2682 -0.4783
vn 0.8475 0.2761 -0.4534
vn 0.9992 0.0249 0.0314
vn -0.1255 -0.0032 -0.9921
vn -0.8997 -0.0343 -0.4351
vn -0.8604 -0.0672 -0.5051
vn -0.8784 -0.0609 -0.4739
vn -0.1955 -0.1885 -0.9624
vn 0.7281 0.0092 -0.6854
vn 0.3984 0.0491 -0.9159
vn 0.4082 0.0540 -0.9113
vn 0.3380 0.0155 -0.9410
vn -0.6212 -0.0102 -0.7836
vn -0.6192 -0.0184 -0.7850
vn -0.6190 -0.0090 -0.7853
vn -0.8713 -0.0190 -0.4904
vn -0.1395 0.1358 0.9809
vn -0.1458 0.0945 0.9848
vn 0.7096 0.1413 -0.6903
vn 0.7750 0.2395 -0.5848
vn 0.7719 0.1401 -0.6201
vn 0.9758 0.2186 0.0014
vn 0.9770 0.2126 0.0162
vn 0.9878 0.1459 0.0552
vn 0.9946 0.0981 0.0335
vn 0.5381 -0.4176 -0.7321
vn 0.7448 0.0228 0.6669
vn 0.5662 0.0493 0.8228
vn 0.9932 0.1166 -0.0003
vn 0.9802 0.1976 0.0158
vn 0.9909 0.1343 0.0023
vn -0.1043 -0.0519 -0.9932
vn -0.1144 -0.0507 -0.9921
vn -0.1762 -0.0432 -0.9834
vn -0.1931 -0.0411 -0.9803
vn -0.4734 0.8808 -0.0098
vn -0.4114 0.9101 0.0501
vn -0.4832 0.8753 -0.0197
vn 0.9789 0.2026 0.0273
vn 0.9724 0.0466 -0.2284
vn -0.9997 -0.0211 -0.0153
vn 0.1852 -0.4212 -0.8879
vn 0.1639 -0.4152 -0.8949
vn 0.2098 -0.4583 -0.8637
vn 0.1788 -0.4362 -0.8819
vn 0.0668 -0.3415 -0.9375
vn -0.9149 0.3996 0.0568
vn 0.0223 0.2166 -0.9760
vn 0.0367 0.2383 -0.9705
vn 0.0277 0.2247 -0.9740
vn 0.0404 -0.0556 -0.9976
vn 0.0450 -0.0539 -0.9975
vn -0.7636 0.6314 0.1352
vn -0.5433 0.8355 -0.0823
vn -0.0704 0.1358 0.9882
vn -0.9938 0.0152 0.1098
vn 0.6116 0.7568 0.2307
vn 0.5491 -0.0235 0.8354
vn 0.9902 0.0366 -0.1349
vn -0.2351 0.0146 -0.9719
vn -0.6796 0.4709 -0.5625
vn -0.2287 0.2046 -0.9518
vn -0.2470 0.2364 -0.9397
vn -0.2431 0.2295 -0.9425
vn -0.2716 0.2794 -0.9210
vn -0.9504 -0.2971 0.0918
vn -0.1808 0.1099 0.9774
vn -0.1744 0.0713 0.9821
vn -0.2075 0.1260 0.9701
vn 0.0431 0.2479 -0.9678
vn 0.7879 0.1482 -0.5977
vn 0.0283 -0.2513 -0.9675
vn 0.0207 -0.2592 -0.9656
vn 0.0415 -0.2088 -0.9771
vn 0.0204 -0.2594 -0.9656
vn 0.8650 0.0276 0.5009
vn 0.8285 0.0358 -0.5588
vn 0.8252 0.0324 -0.5638
vn 0.0271 -0.2269 -0.9735
vn -0.7734 -0.6335 -0.0207
vn -0.8383 -0.5347 -0.1067
vn -0.8295 -0.5505 -0.0937
vn -0.8664 -0.4753 -0.1532
vn -0.9902 -0.0012 -0.1395
vn -0.8977 -0.4404 0.0163
vn -0.8800 -0.4739 0.0300
vn -0.9410 -0.3369 0.0315
vn -0.2322 0.1479 0.9614
vn 0.8821 0.3027 -0.3609
vn 0.4969 -0.1767 -0.8496
vn -0.9783 -0.2066 0.0172
vn -0.9794 -0.1998 0.0286
vn 0.6551 0.7465 0.1166
vn 0.6987 0.6978 0.1579
vn 0.6171 0.7826 0.0827
vn 0.0195 0.2874 0.9576
vn 0.7334 0.0919 -0.6735
vn 0.0293 -0.1742 -0.9843
vn -0.9992 -0.0284 -0.0270
vn -0.9523 -0.3034 0.0324
vn 0.5594 0.8282 0.0345
vn 0.6067 0.0188 -0.7947
vn 0.3477 0.0032 -0.9376
vn -0.2127 0.0008 -0.9771
vn -0.8337 -0.0746 -0.5472
vn -0.4006 0.0077 -0.9162
vn -0.4985 0.8661 0.0376
vn -0.4775 0.8761 0.0666
vn -0.4718 0.8786 0.0742
vn -0.4464 0.8883 0.1078
vn -0.9319 0.3596 0.0478
vn -0.9663 0.2504 -0.0606
vn -0.9509 0.3094 -0.0029
vn 0.6045 0.0071 -0.7965
vn 0.4279 -0.0206 -0.9036
vn 0.0708 0.0579 -0.9958
vn 0.1963 0.0348 -0.9799
vn 0.1692 0.0399 -0.9848
vn -0.6431 -0.2473 -0.7247
vn -0.7758 -0.0106 -0.6309
vn -0.7858 0.0041 -0.6185
vn -0.7121 -0.0063 0.7020
vn -0.8349 -0.1265 -0.5357
vn -0.4469 -0.0460 -0.8934
vn -0.4174 -0.3575 -0.8354
vn -0.0243 0.0550 -0.9982
vn 0.0239 0.1683 -0.9854
vn -0.1465 0.1106 -0.9830
vn -0.8783 -0.1572 -0.4515
vn -0.6903 0.3432 -0.6370
vn -0.0775 0.0276 -0.9966
vn -0.0908 0.0476 -0.9947
vn -0.1515 0.4638 0.8729
vn -0.2666 0.1342 0.9544
vn -0.2367 -0.0635 -0.9695
vn -0.3785 -0.0185 -0.9254
vn -0.2172 -0.0694 -0.9736
vn -0.2087 -0.1424 -0.9676
vn -0.3658 -0.1820 -0.9127
vn -0.1508 -0.0257 -0.9882
vn 0.5393 -0.0286 0.8417
vn 0.8806 0.0113 0.4737
vn -0.2408 -0.0394 -0.9698
vn -0.6512 0.4581 -0.6050
vn -0.0999 0.0342 -0.9944
vn 0.4927 0.8702 -0.0076
vn 0.4932 0.8699 -0.0085
vn 0.4926 0.8702 -0.0074
vn -0.3989 -0.0118 -0.9169
vn -0.8849 -0.0095 0.4657
vn -0.1714 0.0096 -0.9852
vn -0.1929 -0.1440 -0.9706
vn -0.9037 0.4149 0.1059
vn 0.0076 0.0691 -0.9976
vn 0.3449 0.0025 -0.9386
vn -0.2638 -0.0119 -0.9645
vn -0.9503 -0.0441 -0.3082
vn 0.4922 0.8705 -0.0068
vn -0.7710 0.6270 -0.1114
vn 0.0038 -0.1500 -0.9887
vn 0.8205 0.0017 0.5716
vn -0.4162 0.0994 -0.9038
vn 0.3123 0.0112 -0.9499
vn -0.7107 -0.0118 0.7034
vn -0.1611 -0.0559 -0.9854
vn -0.3271 0.9406 0.0912
vn -0.3572 0.9326 0.0517
vn -0.3328 0.9393 0.0839
vn 0.3398 0.0234 -0.9402
vn 0.9493 -0.0136 -0.3142
vn 0.9484 -0.0133 -0.3169
vn 0.9091 -0.0081 -0.4164
vn 0.9029 -0.0073 -0.4298
vn 0.9799 0.0175 -0.1987
vn -0.6594 0.0391 -0.7508
vn -0.1152 0.0556 -0.9918
vn 0.1832 -0.0258 -0.9827
vn 0.1682 -0.1391 -0.9759
vn 0.7623 0.0115 -0.6471
vn -0.9991 -0.0298 -0.0299
vn -0.1221 0.0661 -0.9903
vn 0.0516 0.3864 -0.9209
vn 0.0514 0.3428 -0.9380
vn 0.0516 0.4326 -0.9001
vn -0.3079 0.9444 0.1157
vn 0.8844 0.0115 0.4667
vn -0.9700 0.0022 0.2431
vn 0.0516 0.4538 -0.8896
vn -0.7568 -0.0142 -0.6534
vn -0.7234 -0.0493 0.6887
vn 0.2133 0.0144 -0.9769
vn 0.1701 0.0047 -0.9854
vn 0.8934 0.0108 0.4492
vn -0.9200 0.0831 -0.3831
vn -0.9355 -0.0000 0.3533
vn -0.8005 0.1094 -0.5892
vn 0.2363 0.0189 -0.9715
vn -0.7770 0.0831 0.6240
vn -0.7767 0.0965 0.6224
vn -0.7748 0.0926 0.6253
vn -0.8395 0.0947 0.5350
vn -0.8309 0.0712 0.5519
vn -0.9542 0.0059 0.2990
vn -0.9633 -0.0000 0.2685
vn -0.9613 0.0018 0.2754
vn -0.9456 0.0145 0.3249
vn -0.9546 0.0055 0.2979
vn -0.8869 0.0757 0.4556
vn -0.1662 0.3160 -0.9341
vn -0.4672 0.4792 -0.7430
vn -0.4732 0.4770 -0.7407
vn -0.4802 0.4743 -0.7379
vn 0.8951 -0.0021 0.4459
vn 0.2619 -0.0040 -0.9651
vn -0.6509 -0.0033 -0.7591
vn 0.7541 0.0063 -0.6567
vn 0.9883 -0.0001 -0.1525
vn 0.1802 0.0048 -0.9836
vn -0.9436 0.0025 -0.3312
vn -0.9284 -0.0131 -0.3713
vn -0.9435 0.0041 -0.3314
vn -0.6405 -0.0001 0.7680
vn -0.6371 0.0140 0.7706
vn -0.6455 -0.0058 0.7638
vn -0.8200 0.4960 0.2856
vn -0.4592 0.4822 -0.7461
vn -0.2704 -0.0085 -0.9627
vn -0.1844 0.1600 -0.9697
vn 0.9084 0.0461 0.4156
vn 0.8938 0.0342 0.4471
vn -0.9736 0.0141 -0.2278
vn 0.2503 0.0568 0.9665
vn 0.2273 0.0447 0.9728
vn 0.1541 0.0106 0.9880
vn 0.4369 0.0289 -0.8990
vn -0.9743 0.0187 0.2244
vn -0.9807 0.0105 0.1954
vn 0.0663 0.0112 0.9977
vn 0.3623 0.0055 -0.9320
vn -0.6507 0.0075 -0.7593
vn -0.9341 0.0526 -0.3531
vn 0.9869 0.0217 -0.1601
vn 0.7473 0.0043 -0.6645
vn -0.5318 0.1070 0.8401
vn 0.9811 -0.0011 -0.1935
vn 0.6833 0.0178 0.7299
vn 0.8478 0.0222 0.5299
vn 0.8252 0.0188 0.5645
vn 0.7484 0.0064 -0.6632
vn 0.7436 0.0094 -0.6686
vn -0.1184 0.0048 -0.9930
vn -0.1519 0.0087 -0.9884
vn -0.9719 0.0117 0.2349
vn -0.2014 0.0228 0.9793
vn -0.2118 0.0181 0.9771
vn -0.2784 -0.0117 0.9604
vn 0.0565 0.0127 0.9983
vn -0.4086 0.1814 0.8945
vn -0.3668 0.1117 0.9236
vn -0.4029 0.1717 0.8990
vn 0.5811 -0.2719 0.7671
vn 0.4413 -0.3226 0.8374
vn 0.5574 -0.3341 0.7601
vn 0.6245 -0.3084 0.7176
vn 0.6174 -0.4104 0.6711
vn 0.1401 -0.0039 0.9901
vn 0.1967 0.1180 0.9733
vn 0.0932 0.0866 0.9919
vn 0.8873 -0.4460 0.1174
vn 0.9189 -0.3709 0.1347
vn 0.8245 -0.5293 0.2002
vn 0.9360 -0.3407 0.0890
vn -0.6901 0.0142 0.7235
vn -0.2904 -0.0172 0.9567
vn -0.8060 -0.5876 -0.0716
vn -0.8771 -0.4766 -0.0596
vn -0.8093 -0.5831 -0.0712
vn 0.3375 -0.7534 -0.5644
vn 0.3408 -0.7664 -0.5445
vn 0.3368 -0.7505 -0.5686
vn -0.4477 0.2507 0.8583
vn 0.9078 -0.0070 0.4194
vn -0.6306 0.0164 -0.7759
vn -0.7272 -0.6815 -0.0818
vn 0.1529 0.1667 0.9741
vn 0.7637 -0.3183 -0.5617
vn -0.9105 -0.2510 -0.3285
vn -0.9096 -0.2508 -0.3311
vn -0.9108 -0.2511 -0.3277
vn -0.9971 -0.0637 -0.0422
vn -0.7902 0.2493 0.5599
vn 0.3333 -0.7370 -0.5881
vn -0.7367 0.0373 0.6752
vn -0.5779 -0.7404 -0.3433
vn -0.5645 -0.7274 -0.3901
vn -0.5475 -0.7333 -0.4032
vn -0.0174 0.1682 0.9856
vn -0.9116 -0.2512 -0.3254
vn 0.9645 -0.2409 0.1083
vn 0.7625 -0.2046 -0.6137
vn -0.5064 -0.7361 -0.4493
vn -0.5467 -0.7246 -0.4196
vn -0.9190 0.3616 -0.1574
vn -0.9775 0.2101 -0.0197
vn -0.9474 0.3104 -0.0786
vn 0.6813 -0.1871 0.7077
vn -0.7359 0.5446 0.4023
vn -0.7373 0.5478 0.3953
vn -0.7171 0.5073 0.4778
vn 0.3208 0.2537 0.9125
vn 0.9687 -0.2020 0.1441
vn 0.9886 0.0280 -0.1479
vn 0.6035 0.2007 0.7717
vn 0.7169 0.2443 0.6530
vn 0.6862 0.3580 0.6332
vn 0.8473 -0.0763 0.5256
vn 0.9505 -0.1453 -0.2747
vn 0.6800 0.0171 0.7330
vn -0.5540 -0.0092 -0.8325
vn -0.5756 0.0396 0.8168
vn -0.6094 0.0307 0.7923
vn 0.4119 -0.4412 -0.7973
vn 0.4744 -0.5308 -0.7022
vn 0.4205 -0.4535 -0.7858
vn 0.9119 -0.0169 0.4101
vn -0.0944 0.0118 -0.9955
vn -0.7523 0.5880 0.2973
vn -0.3931 0.5567 0.7318
vn -0.2310 0.5238 0.8199
vn -0.2362 0.5977 0.7661
vn 0.7257 -0.1511 -0.6712
vn 0.9896 0.0078 -0.1437
vn -0.9756 0.0038 0.2197
vn -0.7195 -0.4039 -0.5649
vn -0.6577 -0.3530 -0.6654
vn -0.6784 -0.3697 -0.6349
vn -0.7166 0.0951 -0.6910
vn -0.8367 0.0998 -0.5385
vn -0.7431 0.1152 -0.6591
vn 0.0519 0.5846 0.8097
vn -0.8950 0.4048 -0.1874
vn 0.9954 -0.0342 -0.0892
vn 0.5612 -0.0025 -0.8277
vn 0.4735 -0.0365 -0.8800
vn 0.5112 -0.1094 -0.8525
vn 0.5013 -0.0568 -0.8634
vn 0.9802 -0.0324 -0.1953
vn -0.8698 0.4265 -0.2482
vn -0.4580 0.6125 0.6443
vn 0.7385 0.4476 0.5043
vn 0.8268 0.2251 0.5155
vn 0.3570 -0.3648 -0.8599
vn 0.7474 0.0015 -0.6643
vn -0.9793 0.0083 0.2024
vn 0.2201 0.6202 0.7529
vn 0.9572 0.2516 0.1431
vn 0.9471 0.3123 0.0738
vn 0.9283 0.3671 0.0597
vn -0.5991 -0.3071 -0.7395
vn -0.8667 0.4308 -0.2516
vn 0.4864 -0.0005 -0.8738
vn 0.3104 0.5903 0.7451
vn 0.9164 0.2654 -0.2996
vn 0.8610 0.2821 -0.4231
vn 0.8744 0.2972 -0.3834
vn 0.5637 -0.0071 -0.8260
vn -0.5092 0.8457 0.1596
vn -0.6215 0.7687 0.1509
vn -0.3904 0.8746 0.2874
vn 0.0111 -0.0046 -0.9999
vn -0.4905 0.0054 -0.8714
vn -0.8419 -0.0046 -0.5395
vn 0.7176 0.2998 -0.6287
vn 0.6447 0.4318 -0.6307
vn 0.5311 0.4158 -0.7383
vn 0.5754 -0.0373 -0.8171
vn 0.0109 -0.0066 -0.9999
vn -0.9797 0.0090 0.2002
vn -0.6504 0.0998 -0.7530
vn -0.6801 0.6918 -0.2427
vn -0.5577 0.7795 -0.2853
vn -0.5845 0.7287 -0.3568
vn -0.4178 -0.0016 -0.9086
vn -0.6176 0.0684 -0.7835
vn -0.6427 0.4478 -0.6217
vn -0.6271 0.4615 -0.6275
vn -0.6463 0.4445 -0.6203
vn 0.3956 0.6225 0.6752
vn 0.9113 0.4111 0.0237
vn 0.2204 0.4034 -0.8881
vn -0.9945 0.0224 -0.1024
vn -0.9941 0.0218 -0.1061
vn -0.9863 0.0093 -0.1645
vn 0.4306 0.5704 -0.6995
vn -0.7535 0.0044 -0.6575
vn -0.9850 0.0136 -0.1721
vn -0.6662 0.4261 -0.6121
vn -0.3592 0.9098 0.2081
vn 0.5798 0.7017 0.4139
vn 0.9181 -0.0006 -0.3964
vn 0.5539 -0.0130 -0.8325
vn -0.4588 0.8117 -0.3614
vn 0.8755 0.0447 0.4812
vn 0.9509 -0.0271 0.3084
vn 0.8879 0.0336 0.4588
vn -0.3036 0.9066 -0.2931
vn 0.8759 0.4812 0.0355
vn -0.9951 -0.0279 -0.0949
vn -0.1615 0.8372 0.5226
vn -0.2013 0.8793 0.4317
vn -0.0334 0.8176 0.5749
vn 0.5920 0.0242 0.8056
vn 0.9745 -0.0124 0.2241
vn 0.9940 -0.0086 0.1092
vn 0.1812 0.0059 -0.9834
vn 0.2002 0.0083 -0.9797
vn -0.3589 0.0039 -0.9334
vn -0.7259 -0.0007 -0.6878
vn -0.9371 -0.0080 0.3490
vn -0.9403 -0.0169 0.3399
vn -0.9392 -0.0143 0.3432
vn 0.2669 -0.0215 0.9635
vn -0.9707 -0.0020 -0.2401
vn -0.5403 0.6864 -0.4868
vn -0.2389 0.9211 -0.3073
vn 0.4178 0.6138 -0.6698
vn 0.1711 0.9007 0.3993
vn 0.2850 0.8637 0.4157
vn 0.4338 0.8539 0.2876
vn 0.6129 0.7529 0.2400
vn 0.6925 0.6741 -0.2569
vn 0.6975 0.6223 -0.3553
vn 0.7117 0.6507 -0.2647
vn 0.4002 0.6283 -0.6672
vn -0.1293 0.9527 -0.2752
vn 0.1128 0.9928 0.0394
vn -0.0087 0.9962 0.0870
vn 0.0419 0.9941 0.0998
vn 0.2258 0.8800 -0.4180
vn 0.1238 0.8877 -0.4434
vn 0.2182 0.8730 -0.4362
vn 0.7066 0.6778 -0.2031
vn 0.1466 0.9873 0.0611
vn 0.2727 0.8541 -0.4430
vn 0.7595 0.6051 -0.2388
vn 0.2313 0.8275 -0.5116
vn 0.5574 0.8264 0.0794
vn 0.5512 0.7862 -0.2795
vn 0.2871 0.9414 -0.1771
vn 0.2632 0.9610 -0.0851
vn 0.5648 0.8208 0.0853
vn 0.4629 -0.3088 -0.8309
vn 0.4788 -0.3195 -0.8177
vn 0.4737 -0.3198 -0.8206
vn 0.4695 -0.3215 -0.8223
vn 0.2650 -0.2459 0.9324
vn 0.3703 -0.1325 0.9194
vn 0.3581 -0.2084 0.9101
vn 0.3820 -0.2522 -0.8891
vn 0.7463 -0.2946 0.5968
vn 0.1889 -0.2633 0.9460
vn -0.3057 -0.1568 0.9391
vn -0.9996 0.0285 -0.0048
vn -0.9968 0.0552 -0.0582
vn -0.9984 0.0441 -0.0360
vn 0.1441 0.1954 0.9701
vn 0.1430 0.2474 0.9583
vn 0.0429 0.1327 0.9902
vn 0.4307 0.0022 0.9025
vn -0.9955 0.0622 -0.0721
vn -0.0476 -0.0812 0.9956
vn 0.0121 0.0287 0.9995
vn -0.0875 -0.0986 0.9913
vn 0.5556 -0.0358 0.8307
vn -0.5813 -0.4143 0.7004
vn 0.1662 0.0345 0.9855
vn 0.1510 0.0967 0.9838
vn 0.1592 0.1167 0.9803
vn -0.1497 0.0982 0.9838
vn -0.1692 -0.5067 0.8453
vn -0.1697 -0.5072 0.8449
vn -0.1693 -0.5071 0.8451
vn -0.1693 -0.5074 0.8449
vn 0.1251 0.3761 0.9181
vn 0.1292 0.3716 0.9194
vn 0.1239 0.3583 0.9254
vn 0.2421 0.1903 0.9514
vn 0.9926 -0.1166 0.0327
vn 0.9845 -0.1711 0.0388
vn 0.9913 -0.1259 0.0390
vn 0.3571 -0.2346 -0.9041
vn -0.9764 -0.2139 0.0291
vn -0.9706 -0.2405 -0.0093
vn -0.9599 -0.2741 -0.0589
vn -0.0928 -0.2536 0.9629
vn -0.1205 -0.5713 0.8119
vn -0.0046 0.6073 0.7945
vn 0.0317 0.8692 0.4935
vn -0.0946 -0.0695 0.9931
vn 0.9855 0.0001 -0.1695
vn 0.2737 -0.4464 0.8520
vn 0.2544 -0.5171 0.8172
vn 0.2936 -0.3620 0.8847
vn 0.3074 -0.3041 0.9017
vn 0.3245 -0.3024 0.8962
vn -0.0787 0.0517 0.9956
vn -0.0749 0.0140 0.9971
vn -0.0693 0.0178 0.9974
vn 0.9933 -0.1039 0.0515
vn -0.9509 -0.2957 -0.0915
vn -0.3676 -0.1030 0.9243
vn -0.2140 -0.1871 0.9588
vn -0.3018 -0.1489 0.9417
vn 0.0349 0.3792 0.9247
vn 0.2808 -0.5271 0.8021
vn 0.4537 -0.0423 0.8902
vn -0.6028 -0.5300 0.5964
vn -0.4286 0.0881 0.8992
vn 0.9082 -0.2252 0.3529
vn -0.0585 -0.1244 -0.9905
vn -0.1374 -0.1118 -0.9842
vn -0.1177 -0.1605 -0.9800
vn -0.1307 -0.2591 0.9570
vn -0.0837 0.5827 0.8084
vn -0.5960 -0.6422 -0.4821
vn -0.1875 -0.7687 0.6116
vn 0.2245 0.3708 0.9012
vn 0.4746 0.5964 0.6474
vn 0.3986 -0.9135 0.0814
vn 0.3278 -0.9446 0.0149
vn 0.4881 -0.8667 0.1024
vn 0.5703 -0.0430 0.8203
vn -0.0957 0.0869 0.9916
vn -0.0077 0.1229 0.9924
vn -0.0138 0.2200 0.9754
vn -0.0086 0.1477 0.9890
vn -0.0094 0.2256 0.9742
vn -0.0000 0.2168 0.9762
vn 0.4348 -0.0908 0.8960
vn -0.0000 -0.6928 0.7212
vn -0.2763 -0.0944 0.9564
vn -0.2463 -0.1152 0.9623
vn -0.3055 -0.0832 0.9485
vn 0.1127 0.9835 0.1418
vn 0.9859 -0.1570 -0.0582
vn -0.1288 -0.2644 0.9558
vn -0.0944 -0.1595 0.9827
vn 0.2055 -0.3658 0.9077
vn 0.0950 -0.5018 0.8598
vn -0.0943 0.0279 0.9952
vn -0.0843 0.0025 0.9964
vn -0.0976 -0.0253 0.9949
vn 0.3810 -0.8645 0.3280
vn 0.7725 -0.5358 -0.3408
vn 0.9800 -0.1738 -0.0969
vn -0.0736 0.0568 0.9957
vn 0.6288 -0.0605 0.7752
vn -0.1214 0.1284 0.9843
vn 0.8908 -0.4439 -0.0975
vn 0.8577 -0.5076 0.0818
vn 0.8772 -0.4801 -0.0019
vn -0.7585 -0.6403 0.1214
vn -0.1096 -0.0725 0.9913
vn 0.2090 0.3776 0.9021
vn -0.1924 -0.0278 0.9809
vn -0.1682 0.0321 0.9852
vn 0.5449 -0.4062 -0.7335
vn 0.4543 0.2396 0.8580
vn -0.3065 0.3279 0.8936
vn -0.3051 0.3572 0.8828
vn -0.3061 0.3373 0.8902
vn -0.0068 0.1181 0.9930
vn -0.0364 0.1318 0.9906
vn 0.0523 0.0904 0.9945
vn 0.8942 -0.4221 -0.1492
vn 0.5159 -0.0023 -0.8566
vn 0.6419 -0.0191 -0.7666
vn 0.5865 -0.0422 -0.8089
vn 0.6641 -0.0158 -0.7475
vn 0.0328 -0.3608 0.9321
vn 0.0520 -0.3761 0.9251
vn -0.2820 -0.9559 0.0824
vn -0.3257 -0.9365 0.1297
vn -0.2833 -0.9554 0.0837
vn -0.1330 0.1756 0.9754
vn 0.5685 0.5558 -0.6065
vn 0.5857 0.5908 -0.5549
vn 0.5598 0.5391 -0.6293
vn 0.2120 -0.4620 -0.8611
vn 0.1915 -0.5112 -0.8379
vn 0.2052 -0.4788 -0.8536
vn 0.6087 -0.7932 0.0175
vn 0.5662 -0.8199 0.0842
vn 0.9829 -0.1746 0.0577
vn 0.9709 -0.2393 -0.0084
vn 0.9708 -0.2398 -0.0089
vn 0.0405 -0.0933 -0.9948
vn -0.2412 -0.9697 0.0390
vn 0.5375 0.0454 -0.8420
vn -0.3047 0.3647 0.8798
vn -0.0437 -0.0115 -0.9990
vn -0.5459 -0.8321 -0.0980
vn -0.1354 -0.0774 0.9878
vn -0.1646 -0.0405 0.9855
vn 0.3766 0.8645 0.3328
vn 0.5317 0.4874 -0.6927
vn -0.1490 0.9674 -0.2046
vn -0.1128 -0.9894 0.0913
vn 0.3146 -0.9366 -0.1542
vn 0.4113 -0.9067 -0.0940
vn 0.4059 -0.9087 -0.0975
vn 0.0479 -0.9542 0.2953
vn 0.1275 -0.9674 -0.2188
vn -0.1153 0.0251 0.9930
vn 0.2622 0.1932 0.9455
vn 0.2227 -0.4349 -0.8725
vn 0.5182 -0.0094 -0.8552
vn -0.4305 -0.8986 -0.0847
vn -0.9720 0.1988 0.1254
vn -0.9792 0.1825 0.0890
vn -0.9886 0.1498 0.0174
vn -0.9838 0.0800 -0.1602
vn -0.9868 -0.1059 -0.1223
vn -0.9896 -0.0047 -0.1436
vn -0.3625 0.5667 0.7399
vn 0.9517 -0.2987 -0.0710
vn 0.5013 -0.8646 -0.0330
vn 0.4860 -0.8740 0.0005
vn -0.6349 0.7720 0.0318
vn -0.0580 0.4005 0.9144
vn -0.6338 -0.7730 0.0258
vn -0.6799 -0.7168 0.1544
vn -0.6607 -0.7444 0.0961
vn 0.1103 0.4093 0.9057
vn 0.4292 0.8546 -0.2922
vn -0.5539 -0.2812 -0.7836
vn -0.4957 -0.3582 -0.7912
vn -0.4863 -0.3698 -0.7917
vn -0.9913 0.1280 -0.0294
vn -0.1255 -0.0006 0.9921
vn -0.1199 -0.0008 0.9928
vn -0.1335 0.0614 0.9891
vn 0.8182 -0.2842 0.4998
vn 0.8236 -0.2852 0.4903
vn 0.8577 -0.2695 0.4379
vn 0.7504 -0.1219 -0.6497
vn 0.7407 -0.1338 -0.6584
vn 0.7406 -0.1461 -0.6559
vn 0.1315 -0.0303 -0.9909
vn 0.1526 -0.0440 -0.9873
vn 0.8582 -0.2731 0.4347
vn 0.9087 -0.2922 0.2981
vn -0.9405 0.2962 0.1665
vn -0.8247 0.5483 -0.1385
vn -0.7191 0.6884 0.0946
vn -0.1492 0.1605 0.9757
vn 0.1017 0.4065 0.9080
vn -0.5872 -0.5639 0.5807
vn 0.1950 0.1236 0.9730
vn 0.1488 0.1545 0.9767
vn 0.2029 0.0960 0.9745
vn -0.1152 -0.0693 -0.9909
vn -0.1240 -0.0651 -0.9901
vn -0.1620 0.0303 -0.9863
vn -0.6371 0.7472 0.1893
vn 0.6800 0.2530 0.6882
vn 0.8691 -0.2494 0.4272
vn 0.9263 -0.0016 -0.3768
vn 0.5517 -0.0092 -0.8340
vn -0.0737 -0.0282 0.9969
vn -0.9766 0.1318 -0.1699
vn -0.6078 -0.7934 -0.0340
vn -0.6284 -0.7334 0.2592
vn -0.6059 -0.7763 0.1740
vn -0.6111 -0.7680 0.1917
vn 0.3798 -0.2432 0.8925
vn -0.9449 0.0002 0.3274
vn -0.1187 -0.3364 -0.9342
vn -0.3107 -0.0151 -0.9504
vn -0.4207 0.8985 -0.1255
vn -0.9934 0.0219 0.1127
vn -0.3598 -0.1641 0.9185
vn -0.6103 0.1851 0.7702
vn -0.0800 0.2388 0.9678
vn -0.0864 0.2339 0.9684
vn -0.0133 0.9501 0.3116
vn 0.9388 -0.0260 -0.3436
vn -0.4189 -0.4471 -0.7903
vn 0.1512 -0.4140 -0.8976
vn 0.0654 -0.3565 -0.9320
vn 0.0987 -0.3793 -0.9200
vn -0.2329 0.1248 -0.9645
vn -0.5081 -0.7308 0.4558
vn -0.5117 -0.7142 0.4775
vn 0.3017 0.1605 0.9398
vn -0.3597 -0.1460 0.9216
vn -0.0667 0.8400 -0.5385
vn 0.2153 -0.0818 -0.9731
vn -0.3208 -0.0003 -0.9472
vn 0.0495 -0.3455 -0.9371
vn -0.2989 0.2237 -0.9277
vn -0.1867 0.1782 -0.9661
vn -0.8163 0.3116 -0.4863
vn 0.9812 -0.1843 0.0572
vn 0.3135 -0.1421 -0.9389
vn 0.2748 -0.0631 -0.9594
vn -0.2322 0.0025 0.9727
vn 0.0085 -0.0408 0.9991
vn -0.2074 -0.0021 0.9783
vn 0.0152 0.1918 -0.9813
vn 0.0570 0.1703 -0.9837
vn -0.0625 0.1765 -0.9823
vn 0.8905 -0.0094 0.4548
vn 0.8041 -0.0239 0.5940
vn 0.8353 -0.0192 0.5494
vn -0.9919 0.0045 -0.1268
vn -0.9623 -0.0014 -0.2720
vn -0.1118 -0.0431 -0.9928
vn -0.6330 -0.7218 0.2798
vn -0.1344 0.1420 0.9807
vn -0.0064 0.3582 0.9336
vn 0.9254 -0.3368 -0.1737
vn -0.0733 0.1903 -0.9790
vn -0.9121 0.0119 0.4099
vn -0.1061 0.0336 -0.9938
vn 0.4053 0.2867 0.8681
vn -0.2229 0.9265 -0.3030
vn -0.9997 0.0100 0.0235
vn -0.9992 0.0150 -0.0360
vn 0.0217 -0.0431 0.9988
vn -0.2421 0.9699 0.0270
vn 0.4370 0.3747 0.8177
vn 0.3338 -0.2014 -0.9209
vn -0.5433 -0.8127 -0.2108
vn 0.8917 -0.0139 0.4525
vn -0.6881 -0.0095 0.7256
vn -0.6815 -0.0082 0.7318
vn -0.6130 0.0039 0.7900
vn -0.3095 -0.1955 -0.9306
vn -0.2559 -0.2580 -0.9316
vn -0.2988 -0.0979 -0.9493
vn -0.3566 0.3721 0.8570
vn 0.9301 0.3671 0.0079
vn 0.2663 0.3615 -0.8935
vn 0.3840 0.3376 -0.8594
vn 0.3077 0.3538 -0.8832
vn 0.3149 0.0025 -0.9491
vn 0.3022 -0.0177 -0.9531
vn -0.8950 -0.4147 -0.1643
vn -0.2674 0.9025 -0.3376
vn -0.3130 0.8984 -0.3079
vn -0.2420 0.9036 -0.3535
vn -0.0490 -0.0088 0.9988
vn 0.3859 0.0309 0.9220
vn 0.4098 0.0239 0.9119
vn 0.1493 -0.0723 0.9861
vn 0.0501 -0.0223 0.9985
vn -0.1214 0.0300 0.9921
vn 0.1697 -0.0052 0.9855
vn 0.1693 -0.0088 0.9855
vn 0.8266 0.5334 -0.1796
vn 0.6887 -0.0714 -0.7215
vn 0.6512 -0.0956 -0.7528
vn 0.6738 -0.0813 -0.7345
vn -0.5180 0.0438 -0.8543
vn -0.5390 0.0071 -0.8423
vn -0.4891 0.0917 -0.8674
vn 0.9826 -0.0215 0.1847
vn 0.9421 -0.0335 -0.3337
vn -0.1800 0.0148 -0.9836
vn -0.7135 0.0042 -0.7007
vn 0.1601 0.4150 -0.8956
vn 0.0241 0.3896 -0.9207
vn 0.0671 0.3985 -0.9147
vn 0.0145 0.9597 -0.2805
vn -0.3222 -0.1794 -0.9295
vn -0.2918 -0.1246 -0.9483
vn -0.3242 -0.1168 -0.9387
vn -0.2877 -0.1116 -0.9512
vn -0.1239 0.0310 0.9918
vn 0.5506 -0.1377 -0.8233
vn 0.1764 0.0084 0.9843
vn 0.1643 -0.0294 0.9860
vn 0.5026 -0.0046 -0.8645
vn -0.6033 0.0013 0.7975
vn -0.1313 0.2176 0.9672
vn 0.7756 0.1335 0.6169
vn 0.4794 0.0985 0.8721
vn -0.8716 0.4780 0.1091
vn -0.9463 0.3147 0.0738
vn -0.9352 0.3512 0.0459
vn -0.9617 0.2673 0.0605
vn -0.9736 0.2259 -0.0335
vn -0.9389 0.3306 0.0959
vn -0.9828 0.1666 -0.0795
vn -0.9945 0.0724 0.0752
vn 0.9870 -0.0194 0.1598
vn 0.5550 -0.0172 -0.8317
vn -0.1128 -0.0056 -0.9936
vn -0.0401 -0.0051 0.9992
vn 0.1222 -0.1617 0.9792
vn 0.1164 -0.1916 0.9746
vn 0.1335 -0.1297 0.9825
vn -0.1287 0.1592 -0.9788
vn -0.2064 0.9037 -0.3750
vn 0.3566 0.0096 0.9342
vn 0.8026 -0.0086 -0.5965
vn 0.8119 -0.0134 -0.5836
vn 0.8003 0.0091 -0.5996
vn -0.3768 -0.1267 -0.9176
vn -0.3407 -0.0884 -0.9360
vn 0.2172 0.4233 -0.8796
vn 0.0713 0.3845 0.9204
vn 0.9169 -0.3804 -0.1205
vn -0.1206 0.1586 -0.9800
vn -0.4645 0.1303 -0.8759
vn 0.9207 0.0520 -0.3868
vn 0.8915 -0.0186 0.4526
vn -0.9983 0.0146 -0.0559
vn 0.6349 -0.1056 -0.7653
vn -0.9165 0.0185 0.3997
vn -0.6024 0.0008 0.7982
vn -0.3327 -0.0926 -0.9385
vn -0.3164 -0.1505 0.9366
vn 0.8579 0.1143 0.5009
vn 0.9866 -0.0160 0.1623
vn -0.7631 0.0192 -0.6460
vn -0.9413 -0.1577 0.2983
vn -0.7455 -0.5868 -0.3160
vn -0.7190 -0.5738 -0.3922
vn -0.7269 -0.5778 -0.3711
vn -0.4279 -0.1025 0.8980
vn 0.3070 -0.2637 0.9144
vn 0.9991 -0.0311 -0.0272
vn 0.9415 -0.1759 -0.2875
vn 0.8857 -0.0849 -0.4565
vn 0.9062 -0.1126 -0.4077
vn 0.2055 0.3714 -0.9054
vn 0.1424 0.0500 -0.9885
vn -0.2002 0.0370 -0.9790
vn -0.0549 0.1767 -0.9827
vn -0.0659 0.1728 -0.9827
vn -0.0636 0.1736 -0.9828
vn -0.0061 0.5569 -0.8306
vn 0.1318 -0.1291 0.9828
vn -0.8015 -0.0492 0.5960
vn -0.7944 -0.0395 0.6061
vn -0.7722 0.0023 0.6354
vn -0.1589 0.8733 -0.4604
vn -0.7486 -0.5882 -0.3059
vn 0.0229 -0.0299 0.9993
vn 0.0379 -0.0294 0.9989
vn -0.0105 -0.0217 0.9997
vn 0.1404 0.3236 0.9357
vn 0.1446 0.3244 0.9348
vn 0.1568 0.3267 0.9320
vn 0.9490 -0.1959 -0.2470
vn -0.9903 0.0075 0.1386
vn 0.7640 0.3875 -0.5158
vn 0.6912 -0.0781 -0.7184
vn 0.2600 0.9221 0.2865
vn 0.2379 -0.0918 -0.9669
vn 0.2456 -0.0872 -0.9654
vn 0.2326 -0.1802 -0.9557
vn -0.8450 0.5185 0.1312
vn 0.0875 0.0718 -0.9936
vn -0.8879 -0.4590 0.0305
vn -0.7763 -0.3409 0.5302
vn 0.4708 0.5520 0.6882
vn 0.9752 0.0087 0.2211
vn -0.2935 0.1626 -0.9420
vn -0.1752 0.2249 -0.9585
vn -0.2578 0.2199 -0.9409
vn -0.0958 0.2532 0.9627
vn -0.1200 0.1999 -0.9724
vn 0.8581 -0.0344 0.5123
vn 0.9144 -0.0270 -0.4040
vn 0.9038 -0.0151 -0.4278
vn -0.8689 -0.4746 -0.1408
vn 0.9716 -0.2307 -0.0524
vn -0.9116 0.0249 0.4104
vn -0.0488 0.1788 -0.9827
vn 0.5301 0.5575 -0.6389
vn 0.5272 0.5427 -0.6539
vn 0.5365 0.5954 -0.5980
vn 0.1611 0.3275 0.9310
vn 0.7004 0.7078 -0.0924
vn 0.8117 0.4450 -0.3784
vn 0.2590 -0.1606 -0.9524
vn 0.5356 0.1586 -0.8295
vn 0.5374 0.2462 -0.8066
vn 0.5351 0.1487 -0.8316
vn 0.5118 -0.0036 -0.8591
vn -0.7644 0.0177 -0.6445
vn -0.3057 0.3938 0.8668
vn 0.2272 -0.9052 0.3591
vn -0.7795 0.0256 0.6259
vn 0.5387 0.6107 -0.5803
vn 0.1625 0.6801 0.7149
vn -0.2940 0.0068 0.9558
vn -0.2797 0.0078 0.9601
vn -0.0746 0.0092 0.9972
vn 0.5288 0.0634 -0.8464
vn 0.5606 0.0051 0.8281
vn 0.7259 0.0105 0.6878
vn 0.6210 0.0357 0.7830
vn -0.1163 -0.0094 -0.9932
vn 0.1928 -0.0074 -0.9812
vn -0.8485 -0.3189 -0.4223
vn 0.8779 -0.2432 0.4125
vn 0.9333 -0.2468 0.2607
vn 0.9236 -0.2929 0.2472
vn -0.0476 0.9358 0.3493
vn -0.0356 0.9394 0.3409
vn -0.0277 0.9417 0.3354
vn -0.9812 0.0269 -0.1909
vn -0.9944 0.1011 -0.0324
vn 0.8738 -0.2412 0.4223
vn -0.7231 0.0170 0.6905
vn 0.6653 -0.1418 0.7330
vn 0.5710 -0.0705 0.8179
vn 0.3639 0.0442 -0.9304
vn 0.3647 0.0431 -0.9301
vn 0.3631 0.0452 -0.9306
vn -0.1781 -0.9072 -0.3812
vn 0.8078 -0.0550 -0.5869
vn 0.8955 -0.0361 -0.4435
vn -0.9040 0.0217 0.4269
vn -0.3246 -0.2301 -0.9175
vn -0.4835 -0.2327 -0.8439
vn -0.3044 -0.2293 -0.9245
vn -0.0164 -0.0117 0.9998
vn 0.2210 -0.2580 -0.9405
vn -0.6418 0.0347 0.7661
vn -0.0457 -0.0733 -0.9963
vn -0.0409 -0.0958 -0.9946
vn -0.0757 -0.0664 -0.9949
vn -0.5085 -0.2325 -0.8291
vn -0.0617 0.9313 0.3591
vn 0.1613 0.9424 -0.2930
vn 0.1417 0.9140 -0.3802
vn 0.1200 0.8886 -0.4427
vn 0.1361 -0.2890 -0.9476
vn 0.9776 -0.0577 0.2022
vn -0.9788 0.0193 -0.2040
vn 0.5682 -0.0718 0.8198
vn 0.5419 -0.0617 0.8382
vn -0.7497 0.0075 -0.6618
vn -0.6353 0.0329 0.7716
vn 0.8009 0.1464 -0.5806
vn 0.7977 0.1203 -0.5909
vn 0.7984 0.1358 -0.5866
vn -0.9525 -0.1582 0.2604
vn -0.9476 -0.1511 0.2814
vn -0.9174 -0.0849 0.3889
vn -0.4649 -0.0884 0.8810
vn 0.2204 -0.0052 0.9754
vn -0.0271 0.0186 0.9995
vn 0.1046 0.8572 -0.5042
vn -0.7295 0.0118 -0.6839
vn 0.9478 -0.2596 0.1853
vn 0.9831 -0.0307 0.1804
vn -0.9592 -0.1989 -0.2008
vn -0.0000 0.0052 1.0000
vn 0.0035 -0.0145 0.9999
vn 0.9111 -0.3253 0.2532
vn 0.9445 -0.2941 -0.1466
vn 0.9262 -0.3419 -0.1588
vn 0.9805 -0.1935 -0.0345
vn 0.1070 0.8313 -0.5454
vn 0.3615 0.0474 -0.9312
vn 0.6341 -0.0774 0.7694
vn 0.0846 0.0024 -0.9964
vn -0.0000 -0.0322 0.9995
vn 0.5836 0.2175 0.7823
vn 0.1132 -0.2598 0.9590
vn 0.1703 -0.1553 0.9731
vn 0.1369 -0.3304 0.9339
vn 0.1450 -0.2044 0.9681
vn -0.9248 -0.0471 0.3775
vn 0.3012 0.0820 0.9500
vn 0.7950 -0.3308 0.5084
vn 0.9854 -0.1686 0.0239
vn 0.8748 -0.0489 -0.4819
vn -0.7326 -0.0798 -0.6760
vn -0.7481 -0.0773 -0.6591
vn -0.7547 -0.1045 -0.6477
vn 0.2025 -0.1176 0.9722
vn 0.6031 -0.3251 0.7284
vn -0.9779 0.0117 -0.2088
vn -0.1793 -0.0362 -0.9831
vn -0.1552 0.0203 0.9877
vn 0.8040 -0.5883 -0.0862
vn 0.8763 -0.0831 0.4746
vn 0.8445 -0.0384 0.5343
vn 0.8361 -0.0278 0.5478
vn 0.6074 -0.0328 -0.7937
vn 0.8198 0.1039 -0.5632
vn 0.6301 -0.6610 0.4075
vn -0.3969 0.0236 -0.9175
vn -0.4022 0.0182 -0.9154
vn -0.3987 0.0213 -0.9168
vn -0.7273 0.0125 -0.6862
vn -0.1958 -0.0368 -0.9800
vn -0.1543 -0.4955 0.8548
vn 0.1437 -0.9873 0.0674
vn 0.5391 -0.7095 0.4540
vn 0.2019 -0.9794 -0.0000
vn 0.1065 -0.9943 -0.0000
vn 0.1525 -0.9883 -0.0000
vn -0.0662 -0.9956 0.0661
vn -0.0663 -0.9943 0.0830
vn -0.0663 -0.9939 0.0884
vn -0.0662 -0.9932 0.0962
vn -0.3484 -0.9306 -0.1127
vn -0.4038 -0.9125 -0.0654
vn -0.2063 -0.9449 -0.2541
vn -0.4927 -0.3927 0.7766
vn 0.5545 -0.8319 0.0199
vn -0.0730 -0.9268 -0.3683
vn -0.1536 -0.9441 -0.2916
vn -0.2544 -0.9482 -0.1903
vn -0.6346 -0.7728 0.0070
vn -0.0319 -0.6167 -0.7865
vn -0.5975 -0.0123 0.8018
vn -0.6620 -0.0633 0.7469
vn -0.6415 -0.0434 0.7659
vn -0.8741 -0.2916 -0.3885
vn 0.3783 -0.7527 0.5388
vn 0.6705 -0.0580 0.7396
vn -0.9327 -0.0202 0.3602
vn -0.5532 0.0297 0.8325
vn 0.9738 -0.0735 0.2151
vn 0.2159 -0.1281 0.9680
vn 0.5688 -0.5056 -0.6487
vn 0.5879 -0.4554 -0.6686
vn 0.5765 -0.4861 -0.6568
vn 0.9094 -0.3961 -0.1265
vn 0.1655 -0.0712 0.9836
vn 0.1603 -0.0736 0.9843
vn 0.1494 -0.0786 0.9856
vn 0.6182 -0.0272 -0.7856
vn -0.9559 0.0219 0.2929
vn -0.6369 -0.0396 -0.7699
vn 0.8226 0.1030 -0.5592
vn 0.1863 -0.2529 0.9494
vn 0.6827 -0.4976 0.5350
vn -0.2330 -0.9415 0.2435
vn 0.7395 -0.5824 -0.3375
vn 0.7418 -0.5743 -0.3463
vn 0.7405 -0.5789 -0.3414
vn -0.6630 0.0716 0.7452
vn -0.1590 0.0270 0.9869
vn -0.5674 0.0061 0.8234
vn 0.5571 -0.5332 -0.6366
vn -0.9670 -0.0526 -0.2491
vn 0.1130 -0.0062 -0.9936
vn -0.9746 0.0447 0.2193
vn -0.1018 0.0379 0.9941
vn -0.1009 0.0185 0.9947
vn -0.1013 0.0277 0.9945
vn -0.9922 0.0914 0.0853
vn 0.9877 -0.0435 -0.1501
vn 0.9874 -0.0330 -0.1549
vn 0.9768 -0.0741 -0.2011
vn 0.1453 -0.0805 0.9861
vn 0.8720 -0.0508 -0.4869
vn -0.1004 0.0097 0.9949
vn 0.2109 -0.1343 0.9682
vn 0.0717 -0.5711 0.8177
vn 0.0481 -0.5065 0.8609
vn 0.0961 -0.6351 0.7664
vn 0.0433 0.2088 0.9770
vn -0.3793 -0.1583 -0.9116
vn -0.3891 -0.2224 -0.8939
vn -0.3787 -0.1551 -0.9124
vn -0.6653 0.0201 0.7463
vn -0.6161 -0.0275 -0.7872
vn -0.4664 -0.0575 0.8827
vn 0.9336 -0.1850 0.3068
vn 0.9906 0.0442 -0.1291
vn 0.9951 -0.0908 -0.0387
vn 0.9955 -0.0415 -0.0847
vn 0.8827 -0.0931 0.4607
vn -0.8744 0.0420 -0.4833
vn -0.8770 0.0652 -0.4760
vn -0.8808 0.0351 -0.4721
vn -0.3937 0.8923 0.2209
vn -0.4258 0.8904 0.1611
vn -0.4532 0.8850 0.1064
vn -0.4926 0.8700 0.0200
vn 0.2919 0.9466 0.1366
vn -0.3375 0.6675 -0.6637
vn 0.5148 0.7917 -0.3288
vn -0.9691 0.2373 -0.0673
vn -0.9483 0.2840 -0.1414
vn -0.9799 0.1994 -0.0090
vn 0.1561 0.5715 -0.8056
vn -0.3420 0.3990 0.8508
vn -0.3990 0.2544 0.8810
vn -0.3770 0.3140 0.8713
vn -0.9859 0.1595 0.0508
vn -0.9813 -0.1925 -0.0012
vn -0.5350 0.2322 -0.8123
vn 0.9572 0.2888 0.0214
vn 0.9549 0.2969 -0.0013
vn 0.9606 0.2586 0.1015
vn 0.5785 0.4089 0.7058
vn 0.9396 0.3287 -0.0951
vn -0.9217 -0.2672 0.2813
vn 0.4086 0.2755 0.8701
vn -0.4224 0.1839 0.8875
vn 0.1896 -0.1432 0.9714
vn 0.7337 -0.0806 0.6747
vn -0.6635 0.0144 0.7480
vn 0.5403 -0.1306 -0.8313
vn 0.5124 -0.1011 -0.8528
vn 0.5101 -0.0799 -0.8564
vn -0.1689 -0.0154 -0.9855
vn -0.6883 -0.0353 -0.7246
vn -0.7011 -0.0288 -0.7125
vn -0.7840 0.0138 -0.6206
vn -0.9941 0.0322 0.1038
vn -0.9946 0.0312 0.0987
vn -0.9989 0.0192 0.0433
vn -0.9991 0.0179 0.0372
vn 0.7382 -0.5868 -0.3327
vn 0.4559 -0.0824 -0.8862
vn 0.4002 -0.1324 -0.9068
vn 0.5101 -0.0180 -0.8599
vn -0.3693 -0.1020 -0.9237
vn -0.8624 0.0243 -0.5057
vn -0.1791 0.0117 -0.9838
vn -0.7486 -0.2309 -0.6215
vn -0.4393 -0.0025 0.8983
vn 0.0632 -0.0847 0.9944
vn -0.0031 -0.1781 0.9840
vn 0.0447 -0.1316 0.9903
vn 0.0541 0.0825 -0.9951
vn 0.4072 -0.0460 0.9122
vn -0.9039 0.0454 0.4254
vn 0.1451 0.0343 -0.9888
vn 0.1121 0.0052 -0.9937
vn 0.2335 0.1131 -0.9658
vn -0.2912 -0.0457 -0.9556
vn -0.2164 -0.0550 -0.9748
vn -0.1243 -0.0117 -0.9922
vn 0.2282 0.0098 -0.9736
vn -0.6021 -0.1995 0.7731
vn 0.0274 0.0781 0.9966
vn 0.0765 0.0302 0.9966
vn 0.0231 0.0759 0.9968
vn 0.9866 0.1032 -0.1263
vn 0.5677 -0.0162 -0.8231
vn 0.3736 -0.0086 -0.9275
vn 0.3943 -0.0172 -0.9188
vn -0.8465 0.0046 -0.5324
vn -0.2748 -0.0381 0.9608
vn 0.9069 -0.0363 0.4198
vn 0.9561 0.0700 0.2844
vn 0.9460 0.0235 0.3233
vn 0.0320 -0.4612 0.8867
vn -0.7795 0.0970 -0.6189
vn 0.5638 -0.0288 -0.8254
vn 0.3284 -0.0283 0.9441
vn 0.2838 -0.0402 0.9580
vn 0.1398 -0.0266 0.9898
vn -0.3554 0.2472 0.9014
vn -0.3129 0.2738 0.9095
vn -0.3493 0.2672 0.8981
vn 0.0445 -0.0105 0.9990
vn 0.0656 -0.0334 0.9973
vn -0.9972 0.0503 -0.0552
vn -0.9972 0.0520 -0.0539
vn -0.9972 0.0504 -0.0554
vn -0.8515 0.0031 -0.5244
vn -0.0840 -0.0126 -0.9964
vn -0.6336 0.3481 0.6909
vn 0.0888 -0.7474 -0.6584
vn 0.1293 -0.7766 -0.6165
vn 0.1245 -0.7733 -0.6217
vn 0.1451 -0.7873 -0.5993
vn -0.7855 0.0663 -0.6154
vn -0.7664 0.1357 -0.6279
vn -0.7912 0.0417 -0.6101
vn 0.9673 -0.1382 0.2126
vn -0.1415 0.2384 0.9608
vn -0.1833 0.2525 0.9501
vn 0.5633 0.0652 0.8236
vn 0.9863 0.1381 -0.0902
vn 0.5176 0.1542 -0.8416
vn 0.7612 -0.0651 0.6453
vn 0.9558 -0.2744 -0.1056
vn 0.0319 0.0275 0.9991
vn 0.0755 -0.2931 -0.9531
vn -0.0363 -0.2675 -0.9629
vn 0.0839 -0.3693 -0.9255
vn -0.8206 0.5245 0.2269
vn -0.8262 0.4986 0.2623
vn -0.7745 0.5984 0.2050
vn 0.1262 -0.3987 -0.9083
vn 0.0873 -0.5202 -0.8496
vn -0.4243 0.0210 -0.9053
vn 0.4145 0.1827 -0.8915
vn 0.9939 -0.0874 -0.0673
vn -0.1520 0.5543 0.8183
vn -0.0263 0.5193 0.8542
vn -0.0847 0.5637 0.8216
vn 0.9982 -0.0594 -0.0052
vn -0.8052 -0.0318 -0.5922
vn 0.0775 0.4805 0.8736
vn 0.1525 0.4108 0.8989
vn -0.6830 0.0207 0.7301
vn 0.8584 -0.0614 0.5093
vn 0.0035 -0.0069 -1.0000
vn -0.5968 0.0871 -0.7977
vn -0.6038 0.0588 -0.7949
vn -0.6019 0.0668 -0.7958
vn -0.7704 0.0380 -0.6364
vn -0.6083 0.0396 -0.7927
vn 0.2710 0.1470 -0.9513
vn 0.9382 -0.1345 0.3189
vn 0.9629 -0.1051 0.2486
vn 0.7339 0.2400 0.6355
vn 0.9333 0.3465 -0.0944
vn 0.9371 -0.1600 0.3101
vn 0.8754 -0.0617 0.4795
vn -0.4053 0.0287 -0.9137
vn 0.3571 0.8624 -0.3587
vn 0.4115 0.8607 -0.2996
vn 0.4643 0.8478 -0.2563
vn 0.4892 0.8410 -0.2313
vn 0.9900 -0.0787 -0.1174
vn -0.0687 0.0134 -0.9975
vn -0.9974 0.0605 -0.0401
vn -0.0402 0.9646 0.2607
vn 0.1806 0.9448 0.2735
vn 0.0357 0.9667 0.2533
vn 0.2630 0.9347 0.2391
vn 0.2543 0.2120 -0.9436
vn 0.4080 0.2900 -0.8657
vn 0.6419 0.5071 0.5752
vn 0.6982 0.4795 0.5316
vn 0.5727 0.5350 0.6211
vn 0.4930 0.5607 0.6653
vn 0.5075 0.8283 -0.2374
vn 0.8640 0.4959 -0.0872
vn 0.8805 0.4486 -0.1535
vn 0.8500 0.5267 -0.0147
vn 0.5983 0.3990 -0.6948
vn 0.4538 0.8524 -0.2596
vn 0.8396 0.5386 0.0704
vn 0.7551 0.4725 -0.4544
vn 0.8777 0.4373 0.1957
vn 0.3568 -0.1766 -0.9173
vn 0.2911 -0.1650 -0.9424
vn 0.3387 -0.1819 -0.9231
vn 0.4062 -0.2835 0.8687
vn 0.5033 -0.3230 0.8015
vn 0.4246 -0.2911 0.8573
vn -0.9991 0.0195 0.0382
vn -0.9989 0.0167 0.0449
vn -0.9990 0.0184 0.0409
vn -0.9987 0.0149 0.0491
vn 0.5287 -0.3330 0.7808
vn 0.9585 -0.2456 -0.1449
vn -0.9271 0.0259 0.3740
vn 0.3324 0.0353 0.9425
vn 0.3568 0.0315 0.9336
vn 0.3238 0.0367 0.9454
vn 0.9218 0.3212 0.2171
vn 0.9721 0.1993 -0.1233
vn 0.2515 -0.1369 -0.9581
vn 0.6039 0.7854 0.1363
vn 0.6929 0.6904 -0.2079
vn -0.6303 -0.4463 0.6352
vn -0.6255 -0.3247 0.7094
vn -0.6301 -0.4023 0.6642
vn 0.1556 -0.9770 -0.1456
vn 0.1232 -0.9908 -0.0565
vn 0.1673 -0.9696 -0.1785
vn 0.0950 -0.9953 0.0190
vn 0.3031 0.0399 0.9521
vn -0.6271 -0.5148 0.5846
vn 0.4323 -0.0548 -0.9001
vn -0.7578 0.0389 -0.6514
vn -0.9028 0.0575 0.4262
vn 0.5845 -0.0329 -0.8107
vn -0.7536 0.6304 0.1860
vn -0.0876 0.7621 0.6416
vn 0.3077 -0.1404 -0.9411
vn 0.5735 -0.0550 -0.8173
vn 0.7807 -0.0458 -0.6232
vn 0.7870 -0.0417 -0.6156
vn 0.1020 -0.2978 -0.9492
vn 0.0823 -0.2728 -0.9586
vn 0.0886 -0.2808 -0.9557
vn 0.5149 -0.3017 0.8024
vn 0.5010 -0.2726 0.8214
vn 0.5554 -0.3690 0.7452
vn 0.2450 0.4740 -0.8458
vn -0.1414 -0.3040 -0.9421
vn 0.0371 -0.0311 -0.9988
vn 0.2211 0.6646 -0.7137
vn 0.1235 -0.2318 -0.9649
vn 0.0262 -0.1534 0.9878
vn -0.0420 -0.1486 0.9880
vn -0.0198 -0.0800 0.9966
vn 0.4120 0.2502 -0.8762
vn -0.7091 0.0167 0.7049
vn 0.5681 -0.4142 0.7111
vn -0.5420 0.7337 0.4098
vn -0.4031 0.8046 0.4361
vn -0.4147 0.8029 0.4282
vn 0.1263 0.2910 0.9483
vn -0.0136 0.3290 0.9442
vn -0.0138 0.3290 0.9442
vn 0.8942 -0.0099 -0.4476
vn 0.9970 0.0212 0.0748
vn -0.5392 0.7479 0.3872
vn -0.1517 0.9674 0.2029
vn -0.0205 -0.2353 0.9717
vn -0.1242 0.3542 0.9269
vn -0.9356 -0.0059 -0.3529
vn 0.9260 -0.3737 0.0532
vn 0.1932 0.1566 -0.9686
vn -0.8540 0.4576 0.2474
vn -0.8504 0.4763 0.2236
vn -0.8498 0.4340 0.2993
vn 0.8575 -0.4715 -0.2057
vn -0.9953 0.0725 -0.0642
vn 0.0039 -0.0630 0.9980
vn 0.1261 -0.6169 0.7768
vn -0.5333 0.0274 -0.8455
vn -0.5344 0.0276 -0.8448
vn -0.5092 0.0664 -0.8581
vn -0.8852 0.2294 -0.4048
vn -0.8758 0.2927 -0.3839
vn -0.8603 0.3363 -0.3832
vn -0.7115 -0.1736 0.6809
vn -0.9461 -0.3101 0.0936
vn 0.0738 0.2437 -0.9670
vn 0.3205 -0.1643 -0.9329
vn -0.9109 0.0552 0.4089
vn 0.1078 -0.3051 -0.9462
vn 0.5449 -0.5610 0.6232
vn -0.2908 0.3962 -0.8709
vn 0.3244 -0.9458 0.0122
vn 0.9544 -0.0894 0.2848
vn -0.7282 0.0127 0.6853
vn -0.0252 -0.0411 0.9988
vn -0.7963 0.4612 -0.3915
vn 0.5661 -0.5384 0.6243
vn 0.5473 -0.2476 -0.7995
vn 0.6030 -0.2008 -0.7720
vn 0.5670 -0.2590 -0.7820
vn 0.9772 -0.0868 -0.1936
vn 0.0288 0.8198 -0.5719
vn 0.9773 -0.0917 -0.1911
vn 0.6140 -0.0269 -0.7889
vn 0.4171 -0.6859 0.5962
vn 0.4395 -0.6737 0.5941
vn 0.3137 -0.7389 0.5963
vn -0.8080 0.4779 0.3445
vn -0.7597 0.5463 0.3527
vn -0.1891 0.7575 0.6249
vn -0.2395 0.7849 0.5715
vn -0.4356 0.7830 0.4440
vn 0.0916 -0.0022 -0.9958
vn -0.4399 0.0134 -0.8979
vn 0.9467 -0.0104 0.3221
vn 0.9426 -0.0039 0.3338
vn 0.9600 -0.0312 0.2784
vn -0.8567 0.0716 -0.5108
vn -0.4351 0.7921 0.4281
vn 0.1064 0.4808 -0.8704
vn -0.3137 0.9309 0.1873
vn -0.4214 0.8886 -0.1811
vn -0.4456 0.8743 -0.1923
vn -0.5280 0.8301 -0.1796
vn 0.9581 -0.0428 -0.2831
vn -0.7762 0.4980 -0.3866
vn -0.3260 -0.2368 0.9152
vn -0.3651 -0.1115 0.9243
vn -0.3371 -0.2034 0.9192
vn 0.6869 0.3948 -0.6102
vn 0.7221 0.3741 -0.5819
vn 0.7852 0.3080 -0.5372
vn 0.5958 0.4541 -0.6625
vn 0.9666 0.0064 -0.2564
vn 0.8113 0.3047 -0.4989
vn -0.7362 0.0120 -0.6767
vn 0.3267 0.0533 -0.9436
vn 0.9194 -0.0735 0.3863
vn 0.5050 0.1376 0.8521
vn 0.5063 0.1485 0.8495
vn 0.5041 0.1301 0.8538
vn 0.6422 0.3833 0.6638
vn 0.6460 0.3523 0.6772
vn 0.6517 0.3950 0.6475
vn -0.7822 -0.3778 0.4953
vn -0.6998 -0.4405 0.5623
vn -0.7470 -0.4099 0.5233
vn 0.2105 0.0848 -0.9739
vn 0.1365 -0.0124 -0.9906
vn 0.1295 -0.0213 -0.9913
vn 0.5070 0.1551 0.8479
vn -0.7742 -0.2805 -0.5673
vn -0.7682 -0.1216 0.6285
vn 0.2268 0.1067 -0.9681
vn -0.4110 -0.0262 -0.9113
vn 0.1233 0.0470 -0.9913
vn 0.1493 0.1183 -0.9817
vn 0.1268 0.0563 -0.9903
vn 0.6324 0.5542 0.5412
vn 0.6395 0.5738 0.5117
vn 0.6414 -0.1595 -0.7504
vn 0.7058 -0.4006 0.5842
vn 0.5733 0.4537 -0.6822
vn -0.6565 -0.5327 0.5340
vn 0.1033 -0.0262 0.9943
vn 0.1149 -0.0003 0.9934
vn 0.1425 0.0874 0.9859
vn -0.6108 -0.5698 0.5498
vn 0.8436 0.2130 -0.4929
vn -0.7189 0.6943 -0.0340
vn -0.7297 0.6837 0.0038
vn -0.6706 0.7226 -0.1679
vn 0.2370 0.0105 0.9715
vn -0.9311 0.2075 0.2999
vn 0.1515 0.0856 0.9847
vn -0.6444 0.7303 -0.2268
vn 0.6736 0.4803 -0.5618
vn 0.6405 0.4335 -0.6340
vn 0.6697 0.4746 -0.5712
vn 0.6372 0.4291 -0.6401
vn 0.6322 -0.4446 -0.6346
vn 0.6614 -0.5041 -0.5553
vn 0.6664 -0.5730 -0.4770
vn 0.1839 -0.3220 -0.9287
vn 0.1880 -0.3397 -0.9216
vn 0.1837 -0.3212 -0.9290
vn 0.4333 -0.3863 0.8143
vn 0.4322 -0.3852 0.8154
vn 0.4344 -0.3873 0.8132
vn 0.4381 -0.3911 0.8094
vn 0.1582 0.1133 0.9809
vn -0.4667 -0.3889 -0.7943
vn -0.4740 -0.4044 -0.7821
vn -0.4683 -0.3924 -0.7916
vn 0.3343 -0.0504 -0.9411
vn 0.1815 -0.3114 -0.9328
vn 0.6841 -0.5932 -0.4244
vn -0.5084 0.6538 0.5604
vn -0.6829 0.0071 0.7305
vn -0.1054 0.0232 0.9942
vn -0.1989 -0.0048 0.9800
vn -0.1684 0.0314 0.9852
vn 0.1222 -0.1378 0.9829
vn 0.8863 -0.2290 0.4025
vn 0.1177 0.0681 -0.9907
vn 0.1110 0.0667 -0.9916
vn 0.0943 0.0700 -0.9931
vn 0.1089 0.0953 -0.9895
vn 0.4311 0.6559 -0.6196
vn 0.4217 -0.6765 0.6038
vn 0.4171 -0.6827 0.6000
vn 0.4290 -0.6663 0.6099
vn -0.2564 -0.7065 0.6596
vn 0.9868 -0.0949 0.1311
vn 0.5264 0.6920 0.4941
vn 0.1145 0.1033 -0.9880
vn -0.3941 -0.0000 0.9191
vn -0.4399 -0.0489 -0.8967
vn -0.4601 -0.6693 0.5833
vn 0.5651 0.6785 0.4693
vn -0.4762 -0.4090 -0.7784
vn 0.8304 0.5476 0.1025
vn 0.8293 0.5462 0.1182
vn 0.8104 0.5671 0.1473
vn 0.6596 -0.6536 -0.3710
vn -0.5082 0.8240 0.2504
vn -0.5140 0.7038 0.4903
vn 0.9162 0.2605 0.3044
vn 0.3245 -0.0000 0.9459
vn 0.3351 0.0043 0.9422
vn 0.3786 0.0226 0.9253
vn 0.3516 -0.3870 -0.8524
vn 0.9400 0.3391 0.0385
vn 0.9620 0.2704 -0.0369
vn 0.9291 0.3689 0.0271
vn 0.8866 0.2611 0.3817
vn 0.9237 0.2256 0.3096
vn 0.8995 0.2498 0.3585
vn 0.9182 -0.0492 0.3931
vn 0.8366 0.1687 0.5212
vn 0.4983 0.6343 -0.5911
vn 0.5312 0.6578 -0.5340
vn 0.5315 0.6631 -0.5270
vn 0.9362 0.2113 0.2809
vn 0.2427 -0.8350 -0.4938
vn 0.3243 -0.8233 -0.4658
vn 0.4006 -0.8368 -0.3732
vn -0.3122 0.9200 0.2368
vn -0.1707 0.0930 0.9809
vn -0.0162 0.0184 0.9997
vn -0.1087 0.0724 0.9914
vn -0.2323 0.8022 -0.5500
vn 0.8283 0.5468 0.1219
vn 0.9788 -0.1082 -0.1738
vn 0.0997 -0.0164 -0.9949
vn -0.0641 -0.0228 0.9977
vn -0.1815 0.1325 0.9744
vn 0.3986 0.7163 0.5727
vn 0.7072 -0.2018 0.6776
vn 0.6936 -0.1472 0.7052
vn 0.7242 -0.2939 0.6238
vn 0.7314 -0.3600 0.5792
vn 0.7783 -0.5488 -0.3050
vn 0.2532 0.7293 0.6356
vn 0.2592 0.7374 0.6237
vn 0.2569 0.7344 0.6282
vn 0.2666 0.7471 0.6089
vn 0.8148 0.2483 -0.5240
vn 0.4777 -0.6686 0.5699
vn 0.4804 0.0694 0.8743
vn 0.4034 0.1952 0.8940
vn 0.4415 0.1353 0.8870
vn 0.3514 0.2708 0.8962
vn 0.5838 0.1702 -0.7939
vn 0.6119 0.1433 -0.7778
vn 0.5636 0.1887 -0.8042
vn 0.5957 -0.1812 -0.7825
vn 0.4645 0.2718 -0.8428
vn 0.4439 -0.8642 -0.2367
vn 0.4417 -0.8647 -0.2392
vn 0.4452 -0.8640 -0.2352
vn -0.0951 0.6339 -0.7675
vn 0.0350 0.6626 -0.7482
vn -0.1060 0.6296 -0.7697
vn 0.0394 -0.9373 0.3464
vn 0.2043 -0.2949 -0.9334
vn 0.2704 -0.3227 -0.9071
vn 0.1690 -0.2795 -0.9452
vn 0.4468 -0.8637 -0.2333
vn 0.5355 0.6467 -0.5431
vn 0.9626 -0.0300 0.2691
vn 0.9622 -0.0326 0.2705
vn -0.5155 0.0556 -0.8551
vn -0.6383 0.6648 0.3882
vn -0.1198 0.6242 0.7720
vn -0.0303 -0.1148 0.9929
vn 0.0992 -0.5022 0.8590
vn 0.1437 -0.5851 0.7981
vn 0.1361 -0.5600 0.8172
vn -0.4823 0.0401 -0.8751
vn -0.8377 0.0789 -0.5404
vn -0.9967 0.0647 -0.0480
vn 0.7993 -0.5321 0.2793
vn 0.8768 -0.4389 0.1962
vn 0.8264 -0.4875 0.2817
vn -0.3769 -0.7174 0.5859
vn 0.7578 0.5075 -0.4100
vn -0.7844 0.0623 0.6171
vn 0.2498 -0.3225 0.9130
vn 0.2372 -0.3026 0.9231
vn 0.2417 -0.3100 0.9195
vn 0.8473 0.5280 0.0571
vn 0.3706 0.3060 -0.8770
vn 0.5776 0.4936 -0.6502
vn 0.5840 0.4970 -0.6419
vn 0.5564 0.4820 -0.6769
vn 0.9731 -0.0023 -0.2304
vn 0.5929 -0.0223 -0.8049
vn 0.2278 -0.3010 0.9260
vn 0.4422 -0.8262 0.3491
vn 0.8032 -0.5122 0.3041
vn 0.1592 -0.1925 0.9683
vn 0.4350 -0.6579 0.6147
vn 0.8008 0.0449 0.5973
vn 0.7677 0.1162 0.6302
vn 0.7641 0.0932 0.6383
vn 0.8384 0.5450 0.0112
vn 0.1414 -0.9759 -0.1660
vn 0.8721 0.1868 -0.4522
vn 0.8931 0.2216 -0.3914
vn 0.8746 0.1664 -0.4553
vn -0.6531 0.6196 0.4353
vn -0.5962 0.6970 0.3983
vn -0.5430 0.7584 0.3605
vn 0.3153 -0.2821 0.9061
vn 0.5081 -0.2757 0.8160
vn 0.4486 -0.2599 0.8551
vn -0.2528 0.6761 0.6921
vn -0.4883 0.0993 -0.8670
vn 0.1458 -0.8458 -0.5132
vn -0.0741 -0.7196 0.6904
vn -0.1036 -0.6786 0.7272
vn -0.1366 -0.6287 0.7656
vn 0.1852 -0.3463 0.9197
vn -0.0458 -0.1537 0.9871
vn -0.2814 -0.6994 0.6570
vn 0.3628 0.6985 0.6168
vn 0.0401 -0.4793 0.8767
vn -0.2478 -0.5887 -0.7694
vn 0.5443 0.4752 -0.6913
vn 0.9774 0.0071 -0.2113
vn -0.7727 0.1025 0.6265
vn -0.2227 0.1933 0.9555
vn 0.5301 0.2095 0.8217
vn 0.1286 -0.2616 -0.9566
vn -0.1655 -0.2515 -0.9536
vn -0.1597 -0.2620 -0.9518
vn -0.1556 -0.2306 -0.9605
vn 0.1201 -0.0059 -0.9927
vn -0.5533 0.8106 -0.1919
vn 0.6556 -0.7027 0.2764
vn 0.1063 -0.1015 0.9891
vn 0.0017 -0.9956 -0.0934
vn 0.0018 -0.9957 -0.0922
vn 0.0013 -0.9954 -0.0959
vn 0.8029 0.5740 0.1606
vn 0.8224 0.1453 -0.5500
vn -0.7420 0.5698 -0.3532
vn -0.6184 0.7731 -0.1410
vn -0.1430 0.8969 0.4186
vn -0.1628 0.8909 0.4241
vn -0.2299 0.8774 0.4210
vn 0.7470 0.6458 0.1578
vn -0.3911 0.8414 -0.3730
vn -0.1458 0.6344 -0.7591
vn -0.1399 0.6384 -0.7569
vn 0.4499 0.6275 -0.6355
vn -0.4066 0.0150 -0.9135
vn -0.6205 0.7724 -0.1353
vn 0.5856 0.0412 0.8095
vn 0.5512 0.0096 0.8343
vn 0.5101 -0.0265 0.8597
vn 0.4804 -0.0516 0.8756
vn -0.5520 0.6855 0.4747
vn 0.0398 0.5336 0.8448
vn -0.0731 0.3561 0.9316
vn 0.0312 0.5168 0.8555
vn -0.0750 0.3211 0.9441
vn -0.0701 -0.8929 -0.4447
vn -0.0539 -0.8895 -0.4537
vn -0.0512 -0.8592 -0.5090
vn -0.0802 -0.8195 -0.5674
vn -0.9385 0.2528 0.2352
vn 0.5480 0.1751 0.8180
vn -0.1882 -0.6192 0.7624
vn -0.1672 0.8812 0.4422
vn -0.2231 0.8958 0.3844
vn -0.2024 0.8911 0.4063
vn -0.0889 0.3254 -0.9414
vn -0.0843 0.2894 -0.9535
vn -0.0365 0.1184 -0.9923
vn 0.3114 0.6642 -0.6797
vn -0.1198 0.0015 0.9928
vn -0.2031 0.0257 0.9788
vn -0.1065 0.0097 0.9943
vn 0.0728 -0.0319 0.9968
vn -0.0215 -0.0140 0.9997
vn -0.4804 0.2496 -0.8408
vn -0.4521 0.2638 -0.8520
vn -0.4583 0.2608 -0.8497
vn -0.8194 0.5296 -0.2194
vn -0.4388 0.2704 -0.8570
vn 0.7207 0.6585 0.2169
vn -0.0257 -0.4169 0.9086
vn 0.7109 0.6569 0.2511
vn -0.8521 -0.4472 0.2718
vn 0.1420 0.5429 0.8277
vn -0.0369 0.1052 -0.9938
vn -0.0839 -0.1795 -0.9802
vn 0.4458 0.2416 0.8619
vn 0.3635 0.6347 -0.6819
vn 0.4704 0.8274 -0.3069
vn -0.2821 0.3610 -0.8889
vn -0.3223 0.3781 -0.8679
vn -0.3040 0.3048 -0.9026
vn -0.5961 -0.4019 -0.6951
vn -0.9312 -0.3250 -0.1652
vn -0.5250 -0.2708 0.8069
vn -0.0920 -0.5551 0.8267
vn -0.2606 -0.3743 -0.8899
vn -0.2274 -0.3567 -0.9061
vn -0.3345 -0.4240 -0.8416
vn -0.0525 -0.3677 0.9285
vn -0.1316 -0.7777 -0.6147
vn -0.6481 -0.7203 -0.2474
vn -0.0060 0.0994 -0.9950
vn -0.0632 -0.1679 -0.9838
vn 0.0244 0.2199 0.9752
vn 0.5261 0.6693 -0.5247
vn -0.3924 -0.4431 -0.8061
vn -0.6933 0.0954 -0.7143
vn 0.0035 0.6100 -0.7924
vn -0.0046 0.0965 -0.9953
vn -0.3296 0.3007 -0.8950
vn -0.1466 0.8744 0.4625
vn -0.0249 0.8793 -0.4757
vn -0.7539 -0.3884 -0.5299
vn 0.0633 0.1096 0.9920
vn 0.5100 0.7054 0.4922
vn -0.0207 -0.5515 0.8339
vn 0.1404 0.5451 0.8266
vn -0.2332 -0.3277 -0.9156
vn -0.6888 -0.5540 0.4675
vn 0.0885 0.9913 0.0974
vn -0.4705 -0.7003 -0.5369
vn -0.4502 -0.7341 -0.5083
vn -0.4286 -0.7769 -0.4613
vn -0.0365 0.6364 -0.7705
vn -0.9811 0.1749 0.0830
vn -0.0104 -0.1748 0.9846
vn 0.1266 -0.0786 0.9888
vn 0.1106 -0.1178 0.9869
vn -0.4189 -0.2682 0.8675
vn 0.0629 0.7704 0.6345
vn 0.0936 0.7931 0.6019
vn 0.0708 0.7764 0.6262
vn -0.4557 -0.7417 0.4922
vn -0.4236 -0.7255 0.5424
vn -0.3564 -0.6985 0.6205
vn -0.6001 -0.7323 0.3220
vn 0.1055 0.8015 0.5887
vn 0.0191 0.5385 -0.8424
vn -0.1646 -0.4184 -0.8932
vn 0.0259 0.2642 0.9641
vn -0.0716 0.1923 -0.9787
vn -0.0838 0.2158 -0.9728
vn -0.0730 0.1193 -0.9902
vn 0.8720 0.4357 -0.2232
vn 0.2426 0.9701 -0.0089
vn 0.9823 -0.1118 0.1503
vn 0.1555 0.0593 -0.9861
vn 0.1563 0.0552 -0.9862
vn 0.1453 0.1093 -0.9833
vn 0.1183 0.8730 -0.4731
vn 0.1690 0.0636 0.9836
vn 0.1679 0.0690 0.9834
vn 0.1611 0.1086 0.9810
vn 0.1094 0.1408 0.9840
vn 0.1081 0.6828 0.7225
vn 0.0957 0.1421 -0.9852
vn 0.0369 -0.9992 0.0133
vn 0.0421 -0.9991 -0.0004
vn 0.0527 -0.9982 -0.0285
vn 0.0552 -0.9979 -0.0351
vn 0.0169 0.5167 -0.8560
vn 0.1038 0.5191 -0.8484
vn 0.0053 0.5161 -0.8565
vn -0.0243 0.9925 -0.1201
vn -0.0734 0.8250 0.5603
vn -0.0317 0.8512 0.5239
vn -0.1177 0.7936 0.5970
vn -0.5215 0.7504 0.4061
vn -0.4788 0.7875 0.3881
vn -0.4502 0.8190 0.3558
vn -0.1597 0.7603 0.6297
vn -0.5308 0.8003 -0.2788
vn 0.0071 0.9857 -0.1684
vn 0.7185 -0.4087 0.5628
vn -0.0496 -0.1987 0.9788
vn 0.5856 -0.8105 0.0120
vn 0.5983 -0.8012 -0.0055
vn 0.5906 -0.8063 0.0331
vn 0.0114 0.5235 -0.8519
vn -0.0791 -0.1252 -0.9890
vn -0.4580 -0.6336 -0.6235
vn -0.4508 -0.6261 -0.6362
vn -0.3119 -0.6919 0.6512
vn 0.6105 -0.7918 -0.0205
vn -0.6217 0.7425 0.2494
vn -0.5981 0.7370 0.3147
vn -0.2302 0.7715 -0.5931
vn -0.0708 0.1013 -0.9923
vn 0.8689 0.2349 -0.4358
vn 0.9045 0.2036 -0.3747
vn 0.8877 0.2191 -0.4049
vn 0.7845 0.3716 0.4965
vn 0.1751 -0.2024 0.9635
vn -0.0922 -0.9935 -0.0670
vn 0.8241 -0.5665 0.0054
vn 0.0698 0.0071 -0.9975
vn 0.1002 -0.0199 -0.9948
vn 0.1391 -0.0545 -0.9888
vn -0.2826 0.9267 0.2476
vn -0.2441 0.9553 0.1669
vn -0.2680 0.9388 0.2166
vn 0.0189 0.1588 0.9871
vn 0.0534 -0.0182 0.9984
vn 0.7626 -0.3390 0.5510
vn -0.5647 -0.1285 -0.8152
vn 0.1955 -0.1051 -0.9750
vn 0.4411 -0.0616 -0.8953
vn 0.0650 -0.3999 -0.9143
vn 0.2075 0.1320 -0.9693
vn -0.2204 0.9682 0.1187
vn -0.5511 0.3771 -0.7444
vn 0.8377 0.3947 -0.3775
vn -0.5324 0.8013 -0.2729
vn 0.6069 -0.7947 0.0124
vn -0.6373 0.1359 0.7585
vn -0.1112 -0.0941 -0.9893
vn -0.2148 -0.1929 -0.9574
vn -0.1581 -0.0960 -0.9827
vn 0.1029 -0.8181 -0.5658
vn 0.1221 -0.8674 -0.4825
vn 0.1797 0.1969 -0.9638
vn -0.3972 -0.8668 0.3015
vn -0.3784 -0.8856 0.2693
vn -0.3871 -0.8772 0.2841
vn 0.0673 -0.3921 0.9175
vn -0.0233 0.2639 0.9643
vn -0.0174 0.2491 0.9683
vn 0.0616 0.2673 0.9617
vn -0.0050 0.2963 0.9551
vn 0.1043 0.2478 0.9632
vn 0.0997 -0.9608 -0.2585
vn -0.5887 0.4116 -0.6957
vn -0.5694 0.4159 -0.7091
vn -0.5794 0.4079 -0.7056
vn 0.5874 -0.8073 0.0561
vn -0.6788 -0.6903 -0.2503
vn -0.5389 0.8289 0.1501
vn -0.5523 0.8117 0.1902
vn -0.5105 0.8568 0.0733
vn -0.4874 0.8730 0.0172
vn 0.1681 -0.8818 0.4407
vn -0.0130 0.0228 0.9997
vn 0.0335 0.0315 0.9989
vn 0.0151 0.0281 0.9995
vn 0.0178 -0.2693 -0.9629
vn 0.4717 -0.8799 -0.0576
vn -0.0323 0.1779 -0.9835
vn -0.0009 0.2183 -0.9759
vn 0.0850 0.3055 -0.9484
vn 0.0089 -0.4707 0.8823
vn 0.0382 0.9983 -0.0445
vn 0.2970 0.7168 0.6308
vn 0.1095 0.3338 -0.9363
vn -0.1713 -0.9825 0.0735
vn -0.4814 -0.8220 -0.3043
vn 0.0691 0.1324 0.9888
vn -0.5817 -0.6466 0.4935
vn 0.0658 0.0376 0.9971
vn 0.1260 0.3283 -0.9361
vn 0.6915 0.7179 -0.0798
vn -0.7773 -0.6268 0.0536
vn -0.7774 -0.6269 0.0515
vn -0.7755 -0.6297 -0.0464
vn 0.9804 0.1964 0.0166
vn 0.9687 0.1890 0.1609
vn 0.9844 0.1684 -0.0503
vn 0.1051 0.0558 -0.9929
vn 0.9820 0.1871 -0.0271
vn 0.9806 0.1513 -0.1247
vn -0.8855 0.2495 -0.3919
vn -0.9273 0.2024 -0.3149
vn -0.9076 0.2261 -0.3536
vn -0.7726 -0.6291 -0.0860
vn 0.8240 -0.5631 -0.0624
vn 0.8612 -0.4741 -0.1834
vn 0.8406 -0.5306 -0.1089
vn 0.3672 -0.2197 0.9038
vn -0.1371 0.0776 0.9875
vn -0.9570 0.1583 -0.2430
vn 0.8014 -0.5981 -0.0085
vn 0.1154 -0.1269 0.9852
vn -0.0629 0.0215 -0.9978
vn -0.0491 -0.0552 -0.9973
vn -0.0492 0.0169 -0.9986
vn -0.4332 0.5223 -0.7345
vn -0.6983 0.6945 0.1731
vn 0.5215 -0.8287 -0.2033
vn -0.0909 0.0571 -0.9942
vn -0.0701 0.0672 -0.9953
vn 0.4029 -0.9001 0.1659
vn 0.1798 -0.4068 0.8956
vn -0.1738 0.9777 0.1184
vn -0.0400 0.3442 -0.9380
vn -0.3038 0.8714 -0.3853
vn 0.0147 -0.2232 -0.9747
vn 0.0500 -0.1830 -0.9818
vn 0.0349 -0.1979 -0.9796
vn -0.0186 0.1509 0.9884
vn 0.1901 0.9732 0.1296
vn 0.0099 -0.2652 -0.9641
vn -0.0872 -0.4251 0.9009
vn -0.0874 -0.4324 0.8975
vn -0.1946 -0.4259 0.8836
vn -0.0456 -0.9823 -0.1815
vn -0.1670 -0.4356 0.8845
vn -0.1786 -0.9530 0.2449
vn 0.1034 0.4167 0.9032
vn 0.1035 0.3873 0.9161
vn 0.1023 0.2023 0.9740
vn 0.1019 0.1829 0.9778
vn 0.4719 0.8797 0.0583
vn 0.4272 0.9026 -0.0523
vn 0.4395 0.8979 -0.0235
vn 0.0456 0.6533 -0.7557
vn 0.4849 0.8695 0.0941
vn 0.0119 -0.2709 -0.9625
vn 0.1334 0.2224 -0.9658
vn -0.4699 -0.8470 -0.2485
vn 0.6703 0.4538 0.5872
vn 0.2831 0.6131 -0.7375
vn -0.0000 0.8941 -0.4479
vn -0.1561 0.8561 0.4927
vn -0.9184 -0.0200 0.3950
vn -0.9739 -0.0452 -0.2222
vn -0.3915 0.4278 0.8147
vn -0.5660 0.2510 -0.7853
vn -0.2259 0.7107 -0.6662
vn 0.2000 0.7310 0.6525
vn 0.1929 0.7099 0.6774
vn 0.1574 0.6039 0.7814
vn -0.6253 -0.3662 0.6892
vn -0.0900 0.3429 0.9350
vn -0.1818 0.3149 0.9315
vn -0.0454 0.3553 0.9336
vn 0.0095 0.3695 0.9292
vn -0.2810 -0.1943 0.9398
vn -0.3986 -0.1839 0.8985
vn -0.2532 -0.2206 0.9419
vn 0.1520 0.5872 0.7950
vn -0.6079 -0.6463 -0.4613
vn -0.5099 -0.6047 -0.6119
vn -0.4805 -0.6194 -0.6208
vn 0.0738 0.6013 -0.7956
vn 0.4343 0.8961 0.0913
vn -0.3379 0.0934 -0.9365
vn 0.0075 0.2099 -0.9777
vn -0.0112 0.2331 -0.9724
vn 0.0431 0.2126 -0.9762
vn 0.2861 0.7227 -0.6291
vn 0.2880 0.7090 -0.6437
vn 0.2657 0.8264 -0.4965
vn -0.5770 -0.7084 0.4065
vn -0.0817 -0.1145 0.9901
vn -0.0968 -0.1349 0.9861
vn -0.3603 -0.4945 -0.7910
vn -0.4170 -0.5700 -0.7080
vn 0.1571 -0.7099 0.6866
vn 0.1149 0.2451 -0.9627
vn -0.5131 -0.4122 0.7529
vn -0.0821 0.9939 0.0739
vn -0.0566 0.9971 0.0516
vn -0.0681 0.9960 0.0576
vn -0.9867 0.0854 -0.1381
vn -0.1673 0.7380 0.6537
vn -0.0546 0.6978 0.7142
vn -0.2111 0.7459 0.6317
vn -0.2136 0.7406 0.6371
vn 0.4142 0.8060 0.4229
vn 0.1611 0.7978 0.5810
vn 0.1139 0.7596 0.6403
vn -0.1469 0.3725 -0.9163
vn -0.1397 0.2421 -0.9601
vn -0.1440 0.3522 -0.9248
vn 0.0446 0.8930 -0.4478
vn -0.0934 0.8911 -0.4440
vn -0.0461 0.9060 -0.4207
vn 0.2861 0.9582 -0.0021
vn 0.0087 -0.8888 0.4581
vn -0.2182 -0.9416 0.2563
vn -0.9345 -0.3058 0.1823
vn -0.0519 -0.4617 -0.8855
vn 0.1437 -0.3156 0.9380
vn 0.9066 -0.3841 -0.1747
vn -0.1981 -0.9728 -0.1198
vn -0.3133 -0.9481 -0.0551
vn -0.2916 -0.9527 -0.0861
vn -0.2595 -0.5818 -0.7708
vn -0.9155 -0.0743 -0.3955
vn -0.9183 -0.1436 -0.3690
vn -0.9118 -0.0366 -0.4089
vn 0.1014 -0.9858 0.1335
vn -0.1899 -0.9725 -0.1348
vn -0.1292 0.0420 0.9907
vn -0.0883 -0.9846 -0.1507
vn 0.3908 0.0652 -0.9182
vn 0.1842 0.0519 -0.9815
vn 0.2018 0.0531 -0.9780
vn 0.1637 0.0505 -0.9852
vn 0.9914 0.1220 -0.0476
vn 0.9897 0.1424 -0.0159
vn 0.9907 0.1324 -0.0314
vn -0.0883 0.9957 0.0262
vn -0.0769 0.9970 0.0010
vn -0.0844 0.9963 0.0174
vn -0.0712 0.9974 -0.0116
vn 0.1632 0.1447 0.9759
vn 0.0962 0.1280 0.9871
vn 0.1260 0.0719 0.9894
vn 0.1663 0.2348 0.9577
vn 0.9322 0.3618 0.0115
vn 0.9300 0.3667 0.0254
vn 0.9361 0.3512 -0.0174
vn 0.1844 0.0701 0.9803
vn -0.8047 0.5925 0.0372
vn -0.8077 0.5888 0.0300
vn -0.8057 0.5913 0.0348
vn -0.1383 0.2015 -0.9697
vn -0.1860 0.1446 -0.9719
vn -0.1569 0.1977 -0.9676
vn -0.8023 0.5954 0.0426
vn -0.0497 0.1112 0.9926
vn -0.5061 0.2395 0.8285
vn 0.9374 0.3470 -0.0287
vn 0.0688 0.2064 -0.9761
vn 0.1313 0.1558 -0.9790
vn 0.1411 0.1527 -0.9781
vn 0.8373 -0.5462 -0.0235
vn 0.8381 -0.5449 -0.0264
vn 0.8395 -0.5424 -0.0319
vn -0.0911 0.1545 0.9838
vn -0.0878 0.1345 0.9870
vn 0.4078 0.9127 0.0246
vn 0.1965 0.0744 -0.9777
vn 0.1847 -0.1966 -0.9629
vn 0.2295 -0.1982 -0.9529
vn 0.1378 -0.1945 -0.9712
vn -0.4178 0.2589 0.8708
vn 0.1537 0.9690 -0.1934
vn 0.1949 -0.0188 0.9806
vn 0.0186 0.5202 0.8538
vn 0.0385 0.0702 0.9968
vn -0.7570 0.6534 -0.0033
vn -0.7845 0.6171 0.0604
vn -0.7775 0.6275 0.0429
vn -0.8027 0.5861 0.1101
vn -0.7299 0.5502 -0.4057
vn 0.1768 0.0799 -0.9810
vn 0.6554 -0.5099 0.5572
vn -0.0470 0.2568 0.9653
vn -0.1126 0.2289 -0.9669
vn -0.0889 0.2143 -0.9727
vn 0.1089 -0.1929 -0.9751
vn 0.0758 -0.5381 0.8395
vn 0.1173 -0.5462 0.8294
vn -0.0098 -0.5626 0.8267
vn -0.0091 -0.5801 0.8145
vn 0.2020 0.0324 -0.9788
vn 0.8404 -0.5408 -0.0355
vn -0.0174 0.5603 -0.8281
vn -0.0129 0.5006 -0.8656
vn -0.0409 0.3518 -0.9352
vn -0.1537 0.9787 0.1365
vn -0.1302 0.9905 -0.0450
vn -0.1009 0.9947 0.0182
vn -0.1134 0.9935 -0.0086
vn 0.2158 0.0338 -0.9759
vn 0.6397 0.7069 0.3017
vn -0.1414 0.9875 -0.0693
vn -0.1687 0.9850 0.0366
vn -0.1543 0.9866 0.0530
vn -0.2122 0.9771 -0.0137
vn 0.5152 0.8514 -0.0986
vn -0.2657 0.9228 0.2792
vn 0.6071 0.5965 -0.5250
vn 0.6782 0.5324 -0.5065
vn 0.6957 0.5149 -0.5009
vn 0.8551 0.0490 0.5161
vn 0.7738 0.4256 -0.4692
vn 0.3324 0.4959 0.8022
vn 0.8884 -0.2572 0.3803
vn 0.4660 0.2603 0.8457
vn 0.0560 0.5568 0.8288
vn -0.6609 0.7497 0.0340
vn -0.6747 0.7380 -0.0116
vn -0.6674 0.7446 0.0133
vn 0.1613 0.3779 -0.9117
vn 0.6825 -0.0577 -0.7286
vn 0.8237 -0.4520 -0.3424
vn -0.6566 0.7528 0.0472
vn 0.6421 -0.7350 -0.2178
vn 0.6692 -0.6693 -0.3230
vn 0.6556 -0.7069 -0.2655
vn -0.2950 0.3564 0.8865
vn -0.2653 0.3493 0.8987
vn -0.3348 0.3656 0.8685
vn -0.0375 0.5916 0.8054
vn 0.0219 0.5963 0.8024
vn 0.0219 0.5962 0.8026
vn -0.4147 0.2461 -0.8761
vn -0.0440 0.3349 -0.9412
vn 0.6515 -0.4646 -0.5998
vn -0.0856 0.9878 0.1299
vn -0.2881 0.4069 -0.8669
vn -0.2857 0.4217 -0.8606
vn -0.2838 0.4326 -0.8558
vn -0.2611 0.9181 0.2983
vn -0.0278 0.2152 0.9762
vn -0.0182 0.2112 0.9773
vn -0.0322 0.2170 0.9756
vn -0.0464 0.2228 0.9738
vn -0.0132 0.9992 0.0383
vn -0.0111 0.9994 0.0336
vn -0.0124 0.9993 0.0365
vn -0.0103 0.9994 0.0318
vn 0.6881 0.7211 -0.0808
vn 0.6834 0.7246 -0.0890
vn 0.6864 0.7224 -0.0839
vn 0.2425 -0.3453 -0.9066
vn -0.2281 0.3399 0.9124
vn 0.6910 0.7189 -0.0757
vn -0.0182 0.5632 -0.8262
vn 0.1485 -0.0072 0.9889
vn 0.1371 0.0342 0.9900
vn 0.1199 -0.1288 0.9844
vn -0.0218 0.5753 0.8176
vn -0.3739 -0.3842 0.8441
vn -0.4822 -0.2832 0.8290
vn -0.4724 -0.3127 0.8240
vn 0.5432 0.4365 0.7172
vn 0.3677 0.3757 0.8507
vn 0.5303 0.4325 0.7291
vn 0.4162 0.5814 0.6991
vn 0.3723 0.5801 0.7245
vn 0.5248 0.5778 0.6251
vn -0.2515 -0.4387 0.8627
vn -0.2683 -0.3982 0.8772
vn -0.2887 -0.3458 0.8928
vn -0.0798 -0.0320 0.9963
vn -0.0771 -0.0245 0.9967
vn -0.0487 0.0293 0.9984
vn 0.1814 0.4032 0.8970
vn 0.3447 0.3669 0.8640
vn 0.1257 0.3847 0.9144
vn 0.0747 0.4056 0.9110
vn 0.1305 0.3827 0.9146
vn 0.5616 0.5741 0.5958
vn -0.0425 0.0320 0.9986
vn 0.1337 0.2213 0.9660
vn -0.8306 -0.2085 0.5164
vn -0.0464 -0.0020 0.9989
vn -0.0434 0.0014 0.9991
vn -0.0463 -0.0057 0.9989
vn 0.7305 0.0331 0.6821
vn -0.0828 -0.7295 0.6789
vn -0.1040 -0.7645 0.6361
vn -0.0769 -0.7397 0.6686
vn -0.3016 -0.3106 0.9014
vn -0.7003 -0.2031 0.6843
vn -0.0288 0.0208 0.9994
vn -0.5416 -0.0469 0.8393
vn 0.4541 0.3554 0.8170
vn -0.0000 -0.1358 0.9907
vn 0.1972 0.9466 0.2552
vn -0.0053 -0.5134 -0.8581
vn -0.0008 -0.4724 -0.8814
vn -0.0012 -0.4757 -0.8796
vn 0.2929 0.0624 -0.9541
vn 0.2024 -0.0215 -0.9791
vn 0.2137 0.0071 -0.9769
vn 0.1831 0.3597 0.9149
vn 0.4382 0.2252 0.8702
vn 0.4298 0.2244 0.8746
vn 0.4693 0.2281 0.8531
vn 0.4735 0.0819 0.8770
vn -0.5330 -0.3580 0.7666
vn -0.6737 -0.5363 0.5084
vn -0.0971 -0.6999 0.7076
vn -0.0735 -0.7991 0.5967
vn -0.0373 -0.4118 0.9105
vn 0.0018 0.3157 -0.9489
vn -0.0028 0.3105 -0.9506
vn 0.0464 0.2577 -0.9651
vn -0.0055 -0.5149 -0.8572
vn -0.2809 0.4491 -0.8482
vn 0.5455 -0.7128 0.4408
vn 0.5644 -0.5177 0.6430
vn 0.2122 -0.5573 0.8027
vn 0.6872 0.1226 0.7160
vn 0.7334 0.1722 0.6577
vn 0.7231 0.1608 0.6717
vn 0.5148 0.2320 0.8253
vn -0.0262 0.0300 0.9992
vn -0.4875 -0.0230 0.8728
vn -0.3527 0.0067 0.9357
vn -0.3798 0.0152 0.9249
vn -0.0581 -0.6281 0.7760
vn -0.0700 -0.3796 0.9225
vn -0.0000 0.2806 0.9598
vn -0.0000 0.2810 0.9597
vn -0.0000 0.2811 0.9597
vn 0.0877 0.6416 -0.7620
vn 0.0102 0.6891 -0.7246
vn -0.1123 0.6837 -0.7210
vn 0.0101 0.6893 -0.7244
vn -0.1863 0.8968 -0.4014
vn -0.0127 0.4763 0.8792
vn -0.0183 0.4972 0.8674
vn -0.0113 0.4800 0.8772
vn -0.0603 -0.7069 0.7048
vn -0.0244 0.3068 0.9514
vn 0.0008 0.2256 0.9742
vn 0.0020 0.2289 0.9735
vn -0.0414 0.2324 -0.9718
vn 0.5707 0.6386 0.5163
vn 0.4758 0.6334 0.6103
vn 0.5402 0.6448 0.5408
vn 0.1234 -0.0496 0.9911
vn 0.1789 -0.0548 0.9823
vn -0.0529 0.0043 0.9986
vn 0.6146 0.3310 0.7160
vn 0.4623 0.2836 0.8402
vn 0.5945 0.3278 0.7342
vn -0.3214 0.1791 0.9298
vn 0.0114 0.1680 -0.9857
vn 0.0006 0.2125 -0.9772
vn 0.0171 0.2087 -0.9778
vn -0.2182 0.6665 -0.7129
vn -0.0805 0.6876 -0.7216
vn 0.6211 -0.7687 -0.1532
vn -0.0035 0.2250 0.9743
vn -0.0043 -0.7962 0.6050
vn 0.2431 -0.1205 0.9625
vn -0.2151 -0.3974 0.8921
vn 0.0344 0.2029 -0.9786
vn 0.0367 -0.1390 0.9896
vn 0.0286 -0.1479 0.9886
vn 0.0568 -0.1295 0.9900
vn -0.6628 -0.5161 0.5425
vn 0.4885 0.6866 0.5385
vn -0.8929 0.4502 0.0005
vn -0.8708 0.4823 -0.0949
vn -0.8874 0.4602 -0.0275
vn -0.8622 0.4912 -0.1241
vn 0.1469 -0.1372 0.9796
vn 0.4091 0.1910 0.8923
vn -0.0055 0.2832 0.9590
vn -0.0045 0.5043 -0.8635
vn -0.0102 0.4952 -0.8687
vn -0.0159 0.4859 -0.8739
vn 0.1282 -0.1407 -0.9817
vn -0.0786 -0.2333 0.9692
vn -0.1991 -0.2587 0.9452
vn -0.1236 -0.2432 0.9621
vn 0.4407 0.5262 0.7273
vn -0.8508 0.4029 0.3372
vn 0.4071 -0.1781 0.8958
vn 0.3699 -0.1773 0.9120
vn -0.4984 -0.0275 0.8665
vn -0.3279 0.0284 0.9443
vn -0.0843 0.0757 0.9936
vn -0.0511 -0.6201 0.7829
vn 0.2330 0.4180 0.8780
vn 0.1939 0.4136 0.8896
vn 0.3121 0.3977 0.8628
vn -0.0204 0.4783 -0.8780
vn -0.6570 -0.1630 0.7361
vn -0.0030 0.0153 0.9999
vn -0.3126 0.0529 0.9484
vn 0.0189 -0.5657 0.8244
vn 0.0950 -0.6016 0.7932
vn -0.0109 -0.5504 0.8348
vn 0.7813 0.4004 0.4788
vn -0.1152 0.2234 -0.9679
vn -0.0410 0.0274 0.9988
vn -0.5602 0.0784 0.8247
vn -0.5058 0.1083 0.8558
vn -0.5173 0.1021 0.8497
vn -0.1430 -0.6786 0.7204
vn 0.2411 -0.6817 0.6908
vn 0.9886 0.1508 -0.0027
vn -0.1477 -0.3615 0.9206
vn -0.0442 -0.2540 0.9662
vn -0.0862 -0.2982 0.9506
vn 0.1168 -0.6110 0.7830
vn -0.1727 0.2123 -0.9618
vn -0.8332 0.0910 0.5455
vn 0.8844 0.4609 0.0732
vn 0.8805 0.4652 0.0911
vn 0.8949 0.4459 0.0159
vn -0.1062 -0.1152 -0.9877
vn -0.1247 -0.1369 -0.9827
vn -0.1215 -0.1331 -0.9836
vn -0.1185 -0.8437 -0.5236
vn -0.1092 -0.8169 -0.5664
vn -0.1477 -0.8480 -0.5090
vn 0.4339 0.6609 -0.6123
vn -0.0708 -0.7505 -0.6570
vn -0.0010 0.0227 0.9997
vn -0.0038 0.0215 0.9998
vn -0.0206 0.0454 0.9988
vn -0.6482 -0.1572 0.7451
vn 0.0147 -0.9999 0.0083
vn 0.2588 0.2754 0.9258
vn 0.2405 0.2486 0.9383
vn 0.2249 0.9728 -0.0551
vn -0.0612 -0.7580 -0.6493
vn -0.0238 0.8748 0.4839
vn 0.0540 -0.0606 -0.9967
vn 0.2856 -0.8312 0.4770
vn -0.2355 -0.2657 0.9348
vn -0.2995 -0.4945 0.8159
vn -0.3493 -0.4667 0.8125
vn -0.3463 -0.4684 0.8128
vn 0.7925 0.3927 0.4666
vn 0.2310 0.1656 0.9588
vn -0.4580 -0.8712 0.1771
vn 0.2244 -0.7201 -0.6566
vn 0.8978 0.4404 -0.0040
vn -0.2873 0.2099 -0.9346
vn 0.3237 0.7702 0.5495
vn 0.4375 0.5053 0.7438
vn 0.0135 -0.0126 0.9998
vn -0.1174 0.0549 0.9916
vn -0.1278 0.0076 0.9918
vn -0.0921 0.0525 0.9944
vn 0.5400 0.8310 -0.1338
vn -0.5958 0.8030 0.0135
vn -0.5615 0.8261 0.0477
vn -0.6047 0.7965 0.0043
vn -0.0902 0.4807 0.8722
vn -0.0990 0.5451 0.8325
vn -0.0910 0.4863 0.8690
vn 0.6463 0.3355 -0.6854
vn -0.1089 -0.8585 -0.5011
vn 0.0428 0.6031 -0.7965
vn -0.4585 -0.2261 0.8594
vn -0.5884 0.0621 0.8062
vn -0.9995 0.0078 -0.0290
vn -0.9987 -0.0008 -0.0511
vn -0.9991 0.0021 -0.0435
vn 0.2665 -0.9591 -0.0955
vn 0.0708 -0.4587 -0.8858
vn -0.0224 -0.2308 0.9727
vn 0.8844 0.4568 0.0957
vn -0.1301 -0.0969 0.9867
vn -0.0417 0.1042 -0.9937
vn 0.0292 0.1518 -0.9880
vn -0.0572 0.1633 -0.9849
vn 0.2219 -0.4620 -0.8587
vn 0.2691 0.4466 0.8533
vn 0.2584 0.4402 0.8599
vn 0.3259 0.4576 0.8273
vn 0.4919 -0.6668 0.5599
vn 0.4682 -0.7032 0.5351
vn 0.4282 -0.7574 0.4930
vn -0.1836 0.9829 0.0103
vn -0.1662 0.9861 -0.0083
vn -0.1838 0.9829 0.0105
vn -0.0648 0.2526 0.9654
vn -0.0937 0.2874 0.9532
vn -0.0615 0.2277 0.9718
vn 0.4290 0.6649 0.6115
vn -0.0859 0.4489 0.8894
vn 0.0503 0.9009 -0.4312
vn -0.1015 -0.1098 -0.9888
vn -0.0713 0.0923 -0.9932
vn -0.0753 -0.6924 -0.7175
vn -0.0306 -0.7740 0.6325
vn 0.6767 0.1119 0.7277
vn -0.9999 -0.0017 -0.0137
vn -0.9997 0.0100 -0.0233
vn 0.9354 -0.3528 -0.0249
vn 0.9345 -0.3549 -0.0264
vn 0.9350 -0.3536 -0.0255
vn -0.6402 0.7674 -0.0337
vn 0.3968 0.1620 0.9035
vn 0.2942 0.3313 -0.8965
vn -0.3679 -0.5246 -0.7678
vn 0.6363 0.1358 0.7594
vn 0.6276 0.2234 0.7458
vn 0.6133 0.1499 0.7755
vn 0.0124 0.0085 0.9999
vn 0.0484 -0.0800 0.9956
vn -0.7362 -0.6379 -0.2259
vn 0.0755 0.6509 -0.7554
vn 0.5661 0.3107 -0.7635
vn -0.5787 -0.3743 -0.7246
vn 0.0017 0.1728 -0.9850
vn 0.1584 0.1859 -0.9697
vn 0.1010 0.1762 -0.9792
vn -0.0944 -0.5913 -0.8009
vn -0.6947 0.4843 0.5319
vn -0.5443 -0.5652 0.6199
vn 0.5358 -0.5885 0.6055
vn 0.3574 -0.7736 -0.5232
vn -0.0898 0.0453 0.9949
vn -0.5248 0.8368 0.1557
vn 0.7469 0.3600 -0.5591
vn 0.7421 0.3587 -0.5663
vn 0.7457 0.3596 -0.5610
vn 0.7422 0.3585 -0.5662
vn 0.9485 -0.0000 -0.3167
vn -0.5395 -0.8417 -0.0236
vn 0.2851 -0.8931 -0.3479
vn 0.2546 -0.9339 -0.2510
vn 0.2587 -0.9293 -0.2636
vn 0.1541 -0.6262 0.7643
vn 0.6642 0.2444 0.7065
vn 0.8247 -0.0000 -0.5655
vn 0.6272 -0.3668 0.6871
vn -0.1333 -0.5115 0.8489
vn -0.0359 0.3245 0.9452
vn -0.0275 0.1455 -0.9890
vn -0.0812 -0.8510 -0.5189
vn -0.0659 -0.8198 -0.5689
vn 0.8401 0.4851 -0.2428
vn -0.4457 -0.0189 -0.8950
vn -0.4251 0.0311 -0.9046
vn -0.5067 -0.1922 -0.8405
vn 0.1109 0.7663 -0.6329
vn 0.1109 0.7662 -0.6329
vn -0.4955 -0.0000 -0.8686
vn 0.0663 -0.8807 -0.4689
vn 0.0267 -0.8724 -0.4881
vn 0.0629 -0.8780 -0.4744
vn -0.8659 0.0242 0.4997
vn -0.8234 -0.0000 0.5675
vn -0.7631 -0.0371 0.6452
vn 0.6830 -0.0094 0.7303
vn 0.6839 -0.0000 0.7296
vn 0.6823 -0.0161 0.7309
vn -0.9520 -0.0161 0.3057
vn -0.2856 -0.3659 -0.8858
vn -0.9849 -0.1727 0.0159
vn -0.9915 -0.1211 0.0482
vn -0.9755 -0.2196 -0.0139
vn -0.1787 -0.0338 0.9833
vn 0.1895 0.0557 -0.9803
vn 0.0279 -0.0426 -0.9987
vn 0.0592 -0.0317 -0.9977
vn 0.2104 -0.6760 -0.7063
vn 0.0205 0.0661 0.9976
vn -0.8659 0.0242 0.4996
vn -0.8780 0.0325 0.4775
vn 0.0831 0.0046 0.9965
vn 0.6822 -0.0176 0.7310
vn -0.9207 0.1333 -0.3668
vn -0.1923 0.1446 -0.9706
vn -0.3138 0.1860 0.9311
vn 0.2868 0.6213 -0.7292
vn 0.2404 0.9309 -0.2751
vn 0.5259 0.4122 -0.7440
vn 0.6420 0.3795 -0.6661
vn 0.6059 0.3910 -0.6928
vn 0.5783 0.6805 -0.4500
vn 0.5846 0.6788 -0.4444
vn 0.6011 0.6528 -0.4610
vn -0.1174 -0.3163 -0.9414
vn -0.1325 -0.3224 -0.9373
vn -0.1725 -0.3160 -0.9329
vn -0.8907 0.0420 0.4527
vn -0.2252 -0.1897 -0.9557
vn 0.0091 -0.8144 0.5803
vn -0.4709 -0.2586 0.8434
vn -0.4806 -0.0742 0.8738
vn -0.5022 -0.1384 0.8536
vn -0.0260 -0.7405 0.6715
vn -0.9710 -0.2336 0.0508
vn -0.4671 -0.0182 -0.8840
vn -0.3132 0.0360 -0.9490
vn -0.3444 -0.0069 -0.9388
vn 0.4810 0.4220 -0.7685
vn 0.0189 0.2099 -0.9775
vn 0.2276 -0.9737 0.0109
vn 0.0146 -0.0088 0.9999
vn 0.5369 -0.7627 -0.3605
vn 0.5322 -0.7682 -0.3559
vn 0.5421 -0.7435 -0.3917
vn -0.8009 0.0707 -0.5947
vn -0.4236 -0.0464 -0.9046
vn -0.3926 -0.0569 -0.9180
vn -0.3990 -0.0549 -0.9153
vn -0.4389 -0.0371 -0.8978
vn -0.9617 -0.2703 -0.0466
vn -0.1362 -0.4606 -0.8771
vn -0.0979 -0.4432 -0.8911
vn -0.0507 -0.4207 -0.9058
vn -0.0171 -0.9998 0.0040
vn -0.0155 -0.9999 0.0055
vn -0.0865 -0.9943 -0.0622
vn -0.0502 -0.6209 0.7822
vn 0.1315 0.2551 -0.9579
vn 0.1311 0.0760 -0.9885
vn 0.1402 0.1949 -0.9708
vn -0.3733 -0.0809 -0.9242
vn 0.0488 0.1895 0.9807
vn 0.0484 0.1763 0.9831
vn 0.0429 -0.0069 0.9991
vn 0.1322 0.5151 0.8469
vn 0.1334 0.5257 0.8401
vn 0.1406 0.5866 0.7975
vn -0.9481 0.0535 0.3135
vn -0.9791 0.1978 -0.0480
vn 0.0515 -0.9963 0.0692
vn -0.0222 0.0194 -0.9996
vn -0.0229 0.0205 -0.9995
vn -0.0515 0.0286 -0.9983
vn 0.0016 0.0937 0.9956
vn -0.0060 0.1131 0.9936
vn -0.0748 -0.4113 0.9084
vn -0.0444 -0.3651 0.9299
vn -0.0658 -0.3976 0.9152
vn -0.0195 -0.3265 0.9450
vn 0.0422 -0.0257 0.9988
vn 0.1454 0.6288 0.7639
vn -0.0303 0.1235 -0.9919
vn -0.0414 0.0747 -0.9963
vn -0.0946 0.0364 -0.9948
vn -0.0706 -0.0377 -0.9968
vn 0.9357 -0.3519 -0.0242
vn -0.0185 0.2009 0.9794
vn 0.0301 0.2319 0.9723
vn -0.0330 0.2069 0.9778
vn 0.3128 0.9199 0.2367
vn 0.3308 0.9227 0.1981
vn 0.3205 0.9212 0.2204
vn -0.0104 0.0948 -0.9954
vn -0.0021 -0.0023 -1.0000
vn -0.5401 0.0717 -0.8385
vn -0.5361 0.0682 -0.8414
vn -0.5293 0.0624 -0.8461
vn -0.1996 0.9795 0.0276
vn 0.3369 0.9232 0.1847
vn -0.5267 0.0602 -0.8479
vn -0.0479 -0.1348 -0.9897
vn -0.0333 -0.1309 0.9908
vn -0.0742 -0.1690 0.9828
vn -0.1187 -0.1871 0.9751
vn 0.0884 0.3100 -0.9466
vn 0.6965 0.5669 0.4399
vn 0.6858 0.5678 0.4554
vn 0.7448 0.5600 0.3628
vn 0.1318 0.9912 -0.0097
vn -0.0921 -0.5196 -0.8494
vn -0.2236 -0.5771 -0.7855
vn -0.1424 -0.5430 -0.8276
vn 0.2360 -0.1478 0.9604
vn -0.0065 -0.4760 -0.8794
vn 0.7820 -0.2607 0.5662
vn -0.2655 -0.1267 0.9558
vn -0.3493 0.8345 0.4261
vn 0.7580 0.5571 0.3392
vn -0.9668 0.2212 -0.1278
vn -0.9885 0.1495 -0.0232
vn -0.9836 0.1781 -0.0266
vn -0.9906 0.1275 0.0493
vn -0.9844 0.1415 0.1045
vn 0.1066 0.5942 -0.7972
vn 0.7483 0.4310 -0.5043
vn 0.2286 0.6012 -0.7657
vn -0.0798 -0.2403 -0.9674
vn 0.1827 0.9215 -0.3427
vn 0.2252 0.2687 0.9365
vn -0.1147 -0.2666 -0.9569
vn -0.2443 0.3008 0.9219
vn -0.2786 0.2837 0.9176
vn -0.3017 0.2718 0.9138
vn -0.3109 -0.0881 0.9463
vn 0.0881 0.3173 -0.9442
vn -0.1192 -0.2538 -0.9599
vn -0.9044 0.3681 0.2160
vn 0.3793 0.3723 -0.8471
vn -0.0118 -0.4013 -0.9159
vn -0.9544 0.2656 -0.1362
vn -0.3375 0.2528 0.9068
vn 0.1753 -0.9697 -0.1704
vn 0.2105 -0.9495 -0.2327
vn 0.1462 -0.9820 -0.1197
vn 0.1212 -0.6381 0.7603
vn 0.1025 -0.6559 0.7479
vn 0.0625 -0.6919 0.7193
vn -0.0938 0.1499 0.9842
vn 0.2397 -0.9281 -0.2850
vn 0.1676 -0.5913 0.7889
vn -0.8787 0.4401 -0.1848
vn -0.8574 0.4591 -0.2326
vn -0.9142 0.3965 -0.0842
vn 0.0468 0.2345 -0.9710
vn 0.1204 0.2513 -0.9604
vn 0.0264 0.2923 -0.9560
vn 0.4769 -0.8790 0.0052
vn -0.1679 0.5835 0.7945
vn -0.8215 0.3870 -0.4188
vn -0.7716 0.0245 0.6356
vn -0.1138 0.1189 0.9864
vn 0.6974 0.1966 0.6892
vn -0.9034 0.0217 -0.4283
vn 0.0941 0.1913 -0.9770
vn -0.0273 -0.6954 -0.7181
vn 0.0266 -0.6442 -0.7644
vn 0.0624 -0.6074 -0.7919
vn 0.2156 0.2076 0.9542
vn 0.4485 -0.6415 0.6224
vn 0.4809 -0.5981 0.6411
vn 0.4410 -0.6508 0.6180
vn 0.3903 -0.7098 0.5864
vn 0.1176 -0.5462 -0.8294
vn -0.9271 0.3732 -0.0344
vn -0.2204 0.3503 -0.9103
vn 0.1838 0.0728 -0.9803
vn -0.9703 0.1963 0.1415
vn 0.5376 0.7720 0.3392
vn 0.4055 0.8278 0.3877
vn 0.1577 0.8481 -0.5059
vn -0.1188 0.1489 -0.9817
vn 0.3323 -0.0986 0.9380
vn 0.4745 -0.0133 0.8801
vn 0.3973 -0.0608 0.9157
vn 0.2352 0.0843 -0.9683
vn -0.1448 0.1030 0.9841
vn -0.1474 0.0985 0.9842
vn -0.1307 0.1146 0.9848
vn -0.5649 0.3823 -0.7313
vn 0.2642 -0.1364 0.9548
vn 0.4812 0.6291 0.6104
vn -0.0404 -0.9988 0.0285
vn -0.0299 -0.9980 0.0553
vn -0.0567 -0.9983 -0.0137
vn 0.2015 0.7783 -0.5947
vn -0.0614 -0.9978 -0.0259
vn 0.6128 0.7881 0.0579
vn 0.3826 -0.6698 -0.6363
vn 0.2777 -0.8270 -0.4888
vn 0.2927 -0.7791 -0.5543
vn -0.5693 -0.8221 -0.0030
vn -0.5009 -0.8544 0.1384
vn -0.5653 -0.8227 0.0607
vn 0.3052 0.4657 0.8306
vn 0.3224 0.4743 0.8192
vn 0.2116 0.4165 0.8842
vn -0.1318 0.2049 -0.9699
vn 0.4099 -0.6038 -0.6837
vn 0.2422 -0.8714 -0.4266
vn 0.4903 0.5675 -0.6615
vn 0.4971 -0.5153 -0.6981
vn -0.4089 -0.7227 0.5572
vn 0.5342 0.7576 -0.3750
vn 0.1966 0.4082 0.8915
vn 0.2040 0.7684 -0.6066
vn -0.0623 -0.0309 0.9976
vn -0.0679 0.0233 0.9974
vn -0.0598 0.0971 0.9935
vn -0.1115 0.0919 0.9895
vn -0.6013 -0.7967 -0.0615
vn -0.5746 -0.8039 -0.1537
vn -0.0726 0.1242 0.9896
vn -0.5541 -0.7635 -0.3317
vn 0.1216 0.5356 -0.8357
vn 0.1471 0.3106 -0.9391
vn 0.2997 0.3684 -0.8800
vn 0.2617 0.3547 -0.8976
vn 0.0986 0.0145 -0.9950
vn 0.1277 -0.0414 -0.9909
vn 0.6703 -0.7420 -0.0137
vn 0.5112 -0.8583 -0.0455
vn 0.5747 -0.8162 -0.0595
vn -0.4961 -0.4505 0.7423
vn -0.1121 0.1255 -0.9857
vn -0.0824 -0.3693 -0.9256
vn 0.3793 -0.9200 -0.0988
vn -0.5407 -0.8412 0.0092
vn -0.5103 -0.8593 0.0339
vn -0.5423 -0.8402 0.0003
vn -0.0241 0.0167 -0.9996
vn 0.5288 -0.0394 0.8478
vn -0.0778 0.0880 -0.9931
vn -0.2702 -0.6257 0.7318
vn -0.0744 0.6021 0.7949
vn -0.1283 0.7052 0.6973
vn -0.1186 0.6875 0.7164
vn 0.0418 0.8843 0.4651
vn -0.1382 0.4819 0.8653
vn -0.2575 -0.8369 0.4831
vn -0.2278 -0.8690 0.4393
vn -0.1920 -0.9023 0.3860
vn -0.1385 -0.4014 -0.9054
vn 0.2608 0.8440 -0.4687
vn -0.6498 -0.6141 -0.4479
vn -0.6764 -0.6008 -0.4260
vn -0.7651 -0.5458 -0.3415
vn 0.1464 -0.1047 0.9837
vn 0.3300 -0.7674 0.5497
vn 0.3739 -0.7524 0.5423
vn 0.3952 -0.7433 0.5398
vn -0.5641 -0.8257 -0.0044
vn -0.5979 -0.7996 -0.0564
vn 0.1086 -0.5552 0.8246
vn 0.0740 -0.5453 0.8350
vn 0.0324 -0.5325 0.8458
vn -0.0392 0.9907 0.1305
vn -0.0400 0.9917 0.1218
vn 0.1146 0.2973 -0.9479
vn 0.0625 -0.5507 0.8323
vn 0.4539 -0.7012 0.5499
vn -0.1608 -0.9270 0.3389
vn 0.1440 0.2681 -0.9526
vn 0.2176 -0.9662 -0.1381
vn -0.0605 0.5739 0.8167
vn 0.5458 -0.6402 0.5405
vn -0.5685 0.6441 0.5118
vn -0.4268 0.7067 0.5643
vn -0.4338 0.7125 0.5516
vn -0.1480 -0.8140 -0.5617
vn 0.2141 -0.9654 -0.1490
vn 0.0999 -0.2042 0.9738
vn 0.2276 -0.0830 0.9702
vn 0.1098 -0.1238 0.9862
vn -0.6476 0.0462 0.7606
vn -0.4858 0.7232 0.4910
vn 0.1041 -0.9240 0.3680
vn -0.1155 -0.9806 -0.1585
vn -0.0773 -0.9750 -0.2083
vn 0.0045 -0.9505 -0.3107
vn -0.7907 -0.5283 -0.3094
vn 0.2505 -0.6103 -0.7515
vn 0.3051 -0.6116 -0.7300
vn 0.2276 -0.6091 -0.7598
vn 0.0441 -0.1039 0.9936
vn 0.0450 -0.0504 0.9977
vn 0.0612 -0.1164 0.9913
vn 0.0498 -0.0663 0.9966
vn 0.7145 -0.4419 0.5424
vn 0.6660 -0.5078 0.5464
vn 0.7881 -0.3637 0.4966
vn 0.0364 0.6136 -0.7887
vn -0.0123 0.7611 -0.6486
vn 0.0046 0.5553 -0.8316
vn -0.7763 -0.6004 -0.1920
vn -0.7880 -0.5942 -0.1611
vn -0.8156 -0.5737 -0.0754
vn 0.1965 -0.3625 -0.9110
vn 0.1533 -0.3669 -0.9176
vn 0.2038 -0.3735 -0.9050
vn -0.7600 0.6420 0.1014
vn -0.7699 0.6315 0.0924
vn -0.7420 0.6614 0.1098
vn -0.5117 0.6360 0.5776
vn -0.6276 0.3758 0.6818
vn -0.6181 0.4048 0.6738
vn -0.6325 0.4185 0.6517
vn 0.1872 -0.4446 0.8759
vn 0.5398 -0.5911 0.5993
vn -0.4872 0.1605 0.8584
vn -0.4406 0.1995 0.8753
vn -0.4626 0.1814 0.8678
vn 0.8328 -0.3259 0.4475
vn -0.6074 0.6410 0.4692
vn 0.1735 -0.6049 -0.7772
vn 0.3100 -0.9416 -0.1314
vn -0.0005 -0.5215 0.8532
vn 0.0062 -0.1596 0.9872
vn 0.0382 -0.0996 0.9943
vn 0.0253 -0.1055 0.9941
vn 0.4165 -0.5754 0.7039
vn -0.0000 0.1248 0.9922
vn 0.5277 -0.4210 0.7377
vn 0.0927 -0.7497 -0.6553
vn 0.0413 -0.7731 -0.6330
vn 0.0742 -0.7532 -0.6536
vn -0.0157 0.7431 -0.6690
vn -0.7910 -0.5287 -0.3079
vn -0.0960 0.2914 0.9518
vn -0.1781 0.2689 0.9466
vn -0.5490 0.5527 -0.6271
vn -0.3523 0.1735 0.9197
vn -0.2094 0.3191 0.9243
vn 0.0379 -0.9356 -0.3509
vn -0.8279 -0.5603 -0.0274
vn 0.3011 -0.9445 -0.1314
vn -0.5136 0.1383 0.8468
vn -0.5101 0.1432 0.8481
vn -0.5125 0.1399 0.8472
vn -0.0178 0.4707 -0.8821
vn -0.0424 0.4415 -0.8963
vn -0.2612 0.2189 0.9401
vn 0.0225 -0.0312 0.9993
vn -0.7522 -0.2095 0.6248
vn -0.7816 0.0759 0.6192
vn 0.1388 -0.6694 -0.7298
vn -0.8587 0.5054 0.0842
vn -0.8294 0.5539 0.0730
vn 0.7898 -0.1083 0.6037
vn -0.0180 0.5745 -0.8183
vn 0.3559 -0.7248 -0.5899
vn 0.2985 -0.7520 -0.5877
vn 0.3202 -0.7421 -0.5888
vn 0.3672 -0.7194 0.5896
vn -0.5145 0.1366 0.8465
vn -0.0075 -0.5017 0.8650
vn 0.7881 0.0099 0.6154
vn 0.7872 -0.0000 0.6167
vn 0.7886 0.0146 0.6148
vn 0.7341 0.4359 0.5206
vn -0.5162 0.1346 0.8458
vn -0.9545 0.1553 0.2546
vn -0.5508 0.6596 -0.5114
vn -0.4710 0.7707 -0.4291
vn -0.4688 0.7695 -0.4337
vn -0.4611 0.7849 -0.4139
vn 0.1423 -0.6524 -0.7444
vn 0.1985 -0.3344 -0.9213
vn -0.0125 -0.0459 0.9989
vn -0.5086 -0.0000 0.8610
vn -0.4912 -0.0201 0.8708
vn -0.4917 -0.0198 0.8705
vn -0.4599 -0.0245 0.8876
vn -0.4316 -0.0240 0.9017
vn -0.4864 -0.0244 0.8734
vn 0.7888 0.0180 0.6143
vn 0.1319 -0.7658 -0.6294
vn -0.0000 -0.0667 0.9978
vn -0.0000 -0.0663 0.9978
vn -0.0000 -0.0669 0.9978
vn 0.3377 -0.8952 0.2910
vn -0.0315 -0.0593 0.9977
vn 0.0625 0.0459 0.9970
vn -0.2663 -0.1682 0.9491
vn -0.2673 -0.1679 0.9489
vn -0.2525 -0.1714 0.9523
vn -0.8809 0.4288 -0.2001
vn -0.8120 0.5836 0.0041
vn -0.8803 0.4257 -0.2094
vn -0.8578 0.5111 -0.0543
vn -0.4645 0.7826 -0.4144
vn -0.0000 0.0667 -0.9978
vn -0.2302 0.6461 -0.7277
vn -0.3467 0.5744 -0.7415
vn -0.3729 0.6080 -0.7010
vn -0.3297 0.5317 -0.7802
vn 0.0629 0.1157 -0.9913
vn 0.0773 0.2071 -0.9753
vn 0.0641 0.1579 -0.9854
vn 0.1925 -0.3530 -0.9156
vn 0.2131 -0.4759 0.8533
vn 0.8177 0.3560 0.4523
vn -0.8151 0.0140 -0.5791
vn -0.7720 0.6327 0.0606
vn -0.5439 0.6529 -0.5271
vn -0.2334 0.3895 -0.8910
vn -0.4716 0.6280 -0.6190
vn -0.4989 0.6335 -0.5914
vn 0.4820 0.0425 0.8751
vn -0.2729 -0.1666 0.9475
vn -0.1946 0.5607 -0.8048
vn -0.2448 0.6495 -0.7199
vn -0.2096 0.5878 -0.7814
vn -0.2715 0.6957 -0.6650
vn 0.1950 -0.3707 -0.9081
vn 0.0913 -0.2454 -0.9651
vn 0.1418 -0.2414 -0.9600
vn -0.0000 -0.3164 -0.9486
vn 0.6913 0.5967 0.4074
vn -0.5999 0.0034 -0.8001
vn -0.1212 -0.1366 -0.9832
vn 0.3670 -0.2492 -0.8962
vn 0.4349 -0.8941 -0.1071
vn -0.9604 0.2696 0.0699
vn -0.9587 0.2531 0.1294
vn -0.9967 0.0749 -0.0315
vn 0.7883 0.5816 0.2009
vn 0.1619 -0.3315 -0.9294
vn 0.3252 0.8259 -0.4605
vn -0.4314 -0.3053 -0.8489
vn -0.4355 -0.3004 -0.8486
vn -0.4661 -0.2622 -0.8450
vn 0.2582 -0.7690 -0.5848
vn -0.7388 -0.3800 -0.5566
vn -0.7462 -0.3744 -0.5505
vn -0.7411 -0.3783 -0.5547
vn 0.2164 -0.3800 -0.8993
vn -0.4971 -0.2213 -0.8390
vn 0.7618 -0.6468 -0.0354
vn 0.7607 -0.6480 -0.0367
vn 0.7612 -0.6476 -0.0360
vn 0.8639 -0.0000 0.5036
vn 0.7587 -0.6502 -0.0397
vn 0.1512 -0.5430 0.8260
vn -0.9945 0.0349 -0.0985
vn -0.3620 -0.5960 0.7167
vn -0.4905 -0.5384 0.6853
vn -0.3896 -0.6002 0.6985
vn -0.6169 0.5824 -0.5294
vn 0.3559 -0.6287 -0.6914
vn 0.3747 -0.6438 -0.6672
vn 0.3590 -0.6234 -0.6946
vn -0.4222 0.8896 -0.1742
vn -0.5288 0.4532 -0.7176
vn -0.8939 -0.0000 -0.4483
vn -0.8815 0.0243 -0.4715
vn -0.8758 0.0346 -0.4815
vn -0.8745 0.0370 -0.4836
vn 0.0802 -0.8340 0.5459
vn 0.1189 0.0438 0.9919
vn 0.1093 0.0012 0.9940
vn 0.0750 0.0166 0.9970
vn -0.2079 -0.0583 0.9764
vn -0.5681 0.2051 -0.7970
vn -0.5962 0.3427 -0.7261
vn -0.5968 0.3183 -0.7366
vn 0.0654 0.0958 -0.9932
vn -0.3044 -0.6364 -0.7087
vn 0.5445 -0.6796 0.4915
vn 0.5383 -0.7042 0.4630
vn 0.5506 -0.6507 0.5229
vn -0.4929 -0.3085 0.8135
vn -0.5536 0.1868 -0.8116
vn 0.2078 -0.4435 -0.8718
vn -0.4179 0.2082 0.8843
vn -0.4226 0.1938 0.8854
vn -0.5588 0.3795 -0.7374
vn 0.1884 -0.4255 -0.8851
vn 0.2026 -0.4036 -0.8922
vn -0.5709 0.5880 -0.5729
vn 0.0766 -0.2160 0.9734
vn 0.0810 -0.2006 0.9763
vn 0.0783 -0.2101 0.9745
vn 0.0830 -0.1935 0.9776
vn -0.6899 -0.6388 -0.3406
vn -0.7353 -0.3826 -0.5594
vn 0.1622 -0.4799 -0.8622
vn 0.3790 -0.6420 -0.6665
vn 0.4154 -0.6881 -0.5949
vn -0.5616 0.7899 -0.2465
vn 0.0831 0.0924 -0.9923
vn 0.3291 -0.8791 0.3448
vn 0.3791 -0.8417 0.3845
vn 0.3323 -0.8769 0.3473
vn -0.0573 -0.9581 0.2806
vn -0.2290 -0.6094 0.7591
vn 0.2082 -0.4609 -0.8627
vn 0.0819 0.7743 0.6274
vn 0.0818 0.7744 0.6274
vn 0.0817 0.7745 0.6273
vn -0.1933 -0.5875 0.7858
vn -0.4748 0.1930 0.8587
vn -0.6781 -0.1287 0.7236
vn 0.0885 -0.0651 -0.9939
vn 0.7375 -0.0338 -0.6745
vn -0.8055 -0.5425 0.2383
vn -0.8885 -0.3598 0.2848
vn -0.8784 -0.3965 0.2669
vn 0.4826 -0.4282 -0.7640
vn -0.7628 0.6424 -0.0731
vn -0.8164 -0.5437 0.1946
vn -0.3176 -0.9253 -0.2072
vn -0.2391 0.1660 -0.9567
vn -0.1454 0.1837 -0.9722
vn -0.1073 0.2068 -0.9725
vn 0.2741 -0.9135 0.3005
vn 0.1225 0.0542 0.9910
vn 0.3701 -0.1856 -0.9102
vn 0.3933 -0.1376 0.9091
vn 0.3761 -0.1236 0.9183
vn 0.4369 -0.1738 0.8825
vn -0.7873 0.4794 0.3878
vn -0.7845 0.4993 0.3678
vn -0.7917 0.4228 0.4410
vn -0.4091 -0.7982 -0.4421
vn -0.1286 0.4558 -0.8807
vn 0.2842 0.3070 -0.9083
vn 0.4707 -0.2023 0.8588
vn -0.4065 -0.0850 0.9097
vn -0.4357 -0.0792 0.8966
vn -0.3247 -0.1004 0.9405
vn -0.7924 0.1643 -0.5874
vn -0.0106 0.6910 -0.7227
vn -0.1010 0.3260 -0.9400
vn -0.6083 0.4166 -0.6756
vn -0.6183 0.4197 -0.6644
vn -0.6096 0.4170 -0.6742
vn -0.6189 0.4199 -0.6638
vn 0.6129 0.7312 -0.2996
vn -0.0950 0.0534 -0.9940
vn 0.5043 -0.2023 -0.8395
vn 0.5060 -0.2973 -0.8097
vn 0.4529 -0.1793 -0.8734
vn 0.5548 -0.6266 0.5473
vn -0.3033 -0.1042 0.9472
vn -0.6898 -0.6588 0.3003
vn -0.2366 -0.0706 -0.9690
vn -0.3280 -0.1826 -0.9269
vn -0.2431 -0.0784 -0.9668
vn 0.1731 0.1225 0.9773
vn -0.2903 0.9546 -0.0668
vn -0.2826 0.9552 -0.0874
vn -0.2930 0.9543 -0.0594
vn -0.3008 0.9529 -0.0379
vn -0.4121 0.2602 -0.8732
vn 0.5809 0.7177 -0.3840
vn -0.8894 0.4137 0.1945
vn -0.0308 0.6819 0.7308
vn -0.9711 0.1687 -0.1687
vn 0.8056 0.5906 0.0465
vn -0.1779 0.4333 0.8835
vn -0.1211 0.0366 -0.9920
vn -0.5245 0.0749 -0.8481
vn -0.5289 0.2384 0.8145
vn 0.3101 0.0261 -0.9503
vn 0.2552 0.1739 -0.9511
vn 0.3787 0.0557 -0.9238
vn 0.5935 0.5691 0.5691
vn 0.2311 -0.0652 -0.9707
vn -0.9729 -0.0981 0.2092
vn -0.9642 -0.2043 0.1691
vn -0.9697 -0.1457 0.1959
vn -0.9856 -0.1365 -0.0999
vn 0.9528 0.2870 -0.0990
vn 0.5866 -0.0743 -0.8065
vn -0.5018 -0.0310 0.8644
vn 0.2323 -0.0431 0.9717
vn 0.1406 -0.0412 0.9892
vn 0.1541 -0.0201 0.9879
vn 0.1416 -0.0339 -0.9893
vn 0.3079 -0.0542 0.9499
vn 0.7604 -0.2501 -0.5994
vn -0.7583 -0.1827 -0.6258
vn -0.7713 -0.0864 -0.6306
vn -0.7709 -0.0907 -0.6305
vn 0.9590 -0.1160 0.2586
vn 0.9566 -0.1223 0.2644
vn 0.9323 -0.2298 0.2793
vn 0.9315 -0.2280 0.2834
vn -0.0387 -0.0235 0.9990
vn -0.7770 0.0099 -0.6294
vn -0.9718 -0.0419 0.2320
vn -0.1168 -0.3275 -0.9376
vn -0.0415 -0.2416 -0.9695
vn -0.0953 -0.3033 -0.9481
vn -0.8429 -0.5111 0.1685
vn -0.8530 0.3192 0.4129
vn -0.8564 0.2907 0.4267
vn -0.8595 0.2548 0.4432
vn -0.5436 -0.6964 0.4685
vn -0.3116 -0.8682 0.3862
vn -0.2940 -0.9042 0.3097
vn -0.2930 -0.9061 0.3053
vn -0.9400 -0.1522 0.3053
vn -0.9830 -0.0440 0.1783
vn -0.9633 -0.1030 0.2480
vn -0.1997 -0.0838 0.9763
vn -0.1997 -0.0807 0.9765
vn -0.1997 -0.0919 0.9755
vn -0.2721 -0.9362 0.2225
vn -0.9916 -0.0030 0.1291
vn 0.3064 0.3161 0.8979
vn 0.3117 0.4785 0.8209
vn 0.3074 0.4320 0.8478
vn -0.1998 -0.0769 0.9768
vn 0.5025 0.7773 0.3785
vn 0.4985 0.7822 0.3738
vn 0.5241 0.7496 0.4042
vn -0.7736 -0.5785 -0.2587
vn -0.5489 0.4480 0.7057
vn -0.5241 -0.7401 -0.4215
vn -0.8474 0.3552 0.3948
vn 0.0182 0.4144 0.9099
vn 0.7510 0.6376 0.1718
vn 0.7928 0.5566 0.2483
vn 0.7587 0.6209 0.1969
vn -0.0668 -0.0415 0.9969
vn -0.0695 0.0869 0.9938
vn -0.0705 -0.0698 0.9951
vn -0.0813 -0.1460 0.9859
vn -0.0685 -0.1034 0.9923
vn -0.0818 -0.1438 0.9862
vn 0.1311 0.2521 0.9588
vn -0.9500 0.0438 -0.3091
vn -0.8658 0.3394 -0.3677
vn -0.8795 0.3337 -0.3393
vn -0.7943 0.3601 -0.4892
vn 0.4641 0.8205 0.3337
vn 0.2824 -0.9449 -0.1654
vn -0.8585 0.5024 0.1028
vn -0.8715 0.4773 0.1130
vn -0.8562 0.5066 0.1012
vn -0.3926 0.6933 0.6043
vn -0.5614 -0.3482 0.7508
vn -0.5365 -0.3063 0.7863
vn -0.5472 -0.3180 0.7742
vn 0.0918 -0.4393 0.8937
vn 0.7950 0.5489 0.2583
vn -0.0810 -0.0577 0.9950
vn 0.9922 -0.1100 0.0591
vn -0.0520 0.6313 0.7738
vn -0.4968 -0.3361 0.8002
vn 0.6222 0.0436 -0.7817
vn 0.6274 0.0087 -0.7786
vn 0.6268 0.0129 -0.7791
vn 0.1964 0.0161 -0.9804
vn 0.8715 0.1114 0.4776
vn -0.2744 -0.5660 -0.7774
vn -0.7079 -0.1215 -0.6958
vn -0.7783 -0.0652 -0.6245
vn -0.7668 -0.0750 -0.6374
vn 0.7401 0.6548 0.1534
vn 0.3764 0.3346 0.8639
vn -0.7385 -0.5301 0.4167
vn -0.4131 -0.1321 0.9011
vn -0.0215 -0.2183 -0.9756
vn 0.6313 -0.0213 -0.7752
vn 0.4157 -0.0566 0.9077
vn -0.6978 -0.1289 -0.7046
vn -0.7665 0.3655 -0.5281
vn -0.2686 -0.2302 0.9353
vn -0.2631 -0.2440 0.9334
vn -0.3103 -0.1857 0.9323
vn 0.3543 0.2175 -0.9095
vn 0.0618 0.0549 0.9966
vn -0.4095 -0.2609 0.8742
vn -0.3887 -0.2452 0.8882
vn -0.4182 -0.2006 0.8859
vn -0.5169 -0.0908 0.8512
vn -0.9862 0.0766 -0.1470
vn 0.3921 0.2650 0.8809
vn 0.2099 -0.6461 -0.7338
vn -0.8273 0.5560 0.0804
vn -0.3136 -0.0001 -0.9495
vn -0.2508 0.0069 -0.9680
vn -0.2168 0.0144 -0.9761
vn -0.4883 0.8704 0.0634
vn -0.4585 0.8855 0.0753
vn -0.4966 0.8619 0.1026
vn -0.2132 -0.2509 0.9442
vn 0.5896 0.0213 0.8074
vn 0.5115 -0.0227 0.8590
vn 0.5872 0.0329 0.8088
vn 0.8877 0.0156 -0.4601
vn 0.9229 0.0022 -0.3850
vn 0.9197 0.0042 -0.3926
vn -0.0264 -0.0416 0.9988
vn 0.4509 -0.2853 0.8457
vn 0.8573 -0.4662 0.2185
vn -0.3181 -0.1598 -0.9345
vn -0.6056 0.7837 -0.1380
vn -0.9321 0.3085 0.1898
vn -0.5040 0.1463 0.8512
vn -0.4173 0.8951 0.1569
vn -0.9578 -0.2767 0.0783
vn -0.4709 -0.2819 0.8359
vn -0.3977 -0.2954 0.8687
vn -0.4600 -0.2841 0.8413
vn -0.3905 -0.2214 -0.8936
vn -0.4492 -0.2161 -0.8669
vn -0.5609 -0.2028 -0.8026
vn -0.3543 -0.3023 0.8849
vn -0.8695 0.4346 -0.2347
vn -0.5762 -0.2006 -0.7923
vn 0.0135 0.4091 0.9124
vn 0.0121 0.4466 0.8947
vn 0.0140 0.3953 0.9184
vn -0.0919 -0.1825 -0.9789
vn -0.3615 0.9239 -0.1255
vn -0.2072 0.1928 0.9591
vn 0.7593 -0.1942 0.6210
vn 0.9574 0.0226 0.2879
vn 0.9999 0.0121 0.0077
vn 0.9993 -0.0016 0.0372
vn 0.9979 -0.0140 0.0637
vn 0.0147 0.3750 0.9269
vn 0.9963 -0.0228 0.0826
vn -0.4785 0.1742 -0.8606
vn -0.4042 0.1737 -0.8980
vn -0.4102 0.1738 -0.8953
vn 0.5027 -0.6355 0.5860
vn -0.0565 -0.5509 0.8327
vn 0.4606 0.0434 -0.8865
vn 0.4733 0.0714 -0.8780
vn 0.4168 -0.0470 -0.9078
vn -0.5802 0.3257 -0.7465
vn -0.5203 0.4013 -0.7538
vn -0.4670 0.4190 -0.7787
vn -0.2122 -0.2475 0.9454
vn 0.7911 0.2281 -0.5675
vn 0.7467 0.2124 -0.6303
vn 0.7187 0.2172 -0.6605
vn -0.6781 -0.1663 -0.7159
vn -0.5949 -0.0856 -0.7992
vn -0.5742 -0.0669 -0.8160
vn 0.2020 -0.0067 -0.9794
vn 0.1478 0.4348 -0.8883
vn 0.1742 0.4747 -0.8628
vn 0.1305 0.4082 -0.9035
vn -0.3281 -0.7319 0.5972
vn -0.4255 -0.6741 0.6038
vn -0.4148 -0.6850 0.5989
vn 0.8250 0.5381 0.1726
vn 0.7697 0.6023 0.2116
vn 0.8712 0.4802 0.1024
vn 0.7030 0.0252 0.7107
vn 0.7966 0.0955 -0.5970
vn 0.8115 0.0604 -0.5812
vn 0.8111 0.0278 -0.5842
vn -0.9873 -0.0348 0.1547
vn 0.8553 -0.2628 0.4466
vn 0.9170 -0.1319 0.3765
vn 0.9038 -0.1342 0.4065
vn 0.0256 -0.0911 0.9955
vn 0.0253 -0.0901 0.9956
vn 0.0254 -0.0905 0.9956
vn 0.0515 0.0469 -0.9976
vn 0.0847 0.0150 -0.9963
vn 0.1634 -0.0616 -0.9846
vn 0.7730 -0.3046 0.5565
vn 0.2540 0.8197 0.5135
vn 0.1888 0.7874 0.5868
vn 0.4215 0.8019 0.4235
vn 0.4011 -0.0771 -0.9128
vn -0.3253 -0.0069 -0.9456
vn 0.4248 0.2666 0.8651
vn -0.0913 -0.4593 0.8836
vn -0.0745 -0.4481 0.8909
vn -0.0774 -0.4500 0.8897
vn 0.1322 0.9330 0.3346
vn 0.1577 0.9359 0.3151
vn 0.1244 0.9320 0.3405
vn -0.1312 -0.9600 -0.2475
vn -0.1424 -0.9519 -0.2713
vn -0.1099 -0.9731 -0.2024
vn -0.0180 0.1132 -0.9934
vn 0.6817 0.3862 -0.6215
vn -0.5869 -0.4615 0.6652
vn -0.5728 -0.4761 0.6673
vn -0.5805 -0.4505 0.6783
vn 0.4947 -0.0329 0.8684
vn 0.1420 -0.0445 -0.9889
vn -0.3622 0.0568 -0.9304
vn -0.4359 0.1078 -0.8935
vn -0.2712 -0.0036 -0.9625
vn -0.5139 -0.2322 -0.8258
vn 0.3764 0.8436 0.3829
vn 0.7761 0.5558 0.2978
vn 0.8116 0.5734 0.1120
vn 0.8370 0.5227 0.1622
vn 0.8636 0.5020 0.0467
vn -0.5988 -0.4491 0.6632
vn 0.1005 0.9282 0.3582
vn 0.0257 -0.0913 0.9955
vn -0.3352 0.1722 -0.9263
vn 0.9381 -0.3405 -0.0638
vn -0.5372 -0.5564 0.6339
vn -0.5238 -0.5899 0.6146
vn 0.7745 0.5626 0.2892
vn 0.7036 0.2170 -0.6767
vn -0.3177 0.0015 -0.9482
vn -0.0856 -0.1772 0.9804
vn 0.9507 -0.0043 0.3100
vn 0.5599 -0.1344 -0.8176
vn 0.5593 -0.1889 -0.8071
vn 0.5598 -0.1165 -0.8204
vn -0.4056 0.9131 0.0425
vn -0.1210 -0.7826 -0.6107
vn -0.7090 -0.1992 -0.6765
vn 0.8385 0.4626 0.2879
vn -0.3721 0.4866 -0.7904
vn -0.0974 -0.9796 -0.1759
vn 0.0959 -0.7476 -0.6572
vn -0.0540 -0.4342 0.8992
vn 0.9174 0.0527 0.3945
vn 0.8838 0.0541 0.4646
vn 0.9087 0.0672 0.4119
vn 0.7174 0.0237 0.6963
vn 0.6340 0.0305 0.7727
vn 0.7734 -0.0782 -0.6291
vn -0.1407 -0.0438 -0.9891
vn -0.4439 -0.2649 0.8560
vn 0.0252 0.0333 -0.9991
vn 0.1035 0.3665 -0.9247
vn 0.7248 0.5998 0.3390
vn 0.7310 0.5991 0.3268
vn 0.8933 0.0672 0.4444
vn 0.5590 -0.0849 -0.8248
vn 0.9688 0.0394 0.2449
vn 0.0860 -0.0433 -0.9954
vn 0.1205 0.0034 0.9927
vn -0.2834 -0.8910 0.3548
vn -0.2839 -0.8907 0.3551
vn -0.3445 -0.8507 0.3970
vn -0.2214 -0.9243 0.3108
vn 0.9755 0.0731 0.2077
vn -0.1392 0.8795 -0.4550
vn 0.1307 0.9860 0.1038
vn 0.5096 0.7280 0.4587
vn 0.5331 0.6737 0.5117
vn 0.6091 0.0165 0.7929
vn 0.8598 -0.0667 -0.5062
vn 0.8439 -0.0213 -0.5360
vn 0.9249 0.0306 0.3789
vn 0.9694 0.0466 0.2411
vn -0.9103 0.0875 -0.4047
vn 0.3645 0.0640 0.9290
vn 0.1109 0.0395 0.9930
vn 0.4992 0.2436 0.8315
vn 0.7754 0.0905 -0.6250
vn -0.6383 -0.7505 -0.1713
vn -0.3708 0.5475 -0.7501
vn -0.7507 0.1128 -0.6510
vn -0.1941 -0.1836 0.9636
vn -0.6114 -0.6135 0.4998
vn -0.2400 -0.0239 -0.9705
vn -0.2959 0.4999 -0.8140
vn -0.7602 -0.6378 -0.1235
vn 0.5855 0.2643 0.7664
vn -0.1246 -0.7742 -0.6205
vn -0.1251 -0.7662 -0.6303
vn -0.1588 -0.7785 -0.6072
vn -0.9967 -0.0776 -0.0244
vn -0.9972 -0.0700 -0.0259
vn -0.9969 -0.0779 -0.0131
vn 0.5228 0.8485 -0.0816
vn 0.5114 0.8577 -0.0525
vn 0.6476 0.7292 -0.2212
vn 0.9933 0.0713 -0.0913
vn 0.9931 0.0766 -0.0891
vn 0.9938 0.0666 -0.0887
vn 0.7303 0.0116 0.6830
vn -0.9905 -0.0337 0.1335
vn -0.0814 -0.3439 -0.9355
vn -0.2289 -0.5174 -0.8246
vn 0.2957 0.8692 -0.3962
vn 0.3936 0.8381 -0.3778
vn 0.3270 0.8604 -0.3908
vn -0.0946 0.2648 -0.9596
vn 0.6956 0.2346 -0.6790
vn 0.9886 0.1500 -0.0143
vn -0.1443 -0.1049 0.9840
vn -0.2045 -0.7559 -0.6219
vn -0.1669 -0.7759 -0.6084
vn -0.7073 -0.2409 -0.6646
vn -0.7282 -0.2596 -0.6343
vn -0.6997 -0.2343 -0.6749
vn 0.6515 0.7179 -0.2453
vn 0.8343 -0.0944 -0.5431
vn 0.8279 -0.1091 -0.5502
vn 0.9300 0.0149 0.3673
vn -0.7797 -0.0737 0.6218
vn -0.7713 -0.0789 0.6316
vn -0.7774 -0.0751 0.6245
vn -0.3520 -0.6514 -0.6721
vn -0.1736 0.0040 -0.9848
vn -0.2223 -0.6671 -0.7110
vn -0.1047 -0.0654 -0.9923
vn -0.0817 -0.0120 -0.9966
vn -0.0851 -0.0543 -0.9949
vn 0.8377 -0.5447 0.0393
vn 0.3280 0.3004 0.8956
vn 0.3468 0.3051 0.8869
vn 0.3691 0.3106 0.8760
vn 0.0551 -0.0545 0.9970
vn 0.0534 -0.0374 0.9979
vn 0.0829 0.0131 0.9965
vn 0.7276 0.6449 -0.2341
vn 0.9077 0.0335 -0.4184
vn 0.8121 0.0702 -0.5793
vn 0.9434 0.0504 -0.3278
vn 0.9448 0.0097 0.3274
vn 0.9431 0.0158 0.3321
vn 0.8655 -0.0970 -0.4915
vn 0.0055 -0.0804 -0.9968
vn -0.7980 -0.5956 0.0919
vn -0.9246 -0.1095 0.3650
vn -0.9160 -0.1183 0.3834
vn -0.9697 -0.0498 0.2391
vn -0.6934 -0.2289 -0.6833
vn 0.2126 0.8879 -0.4080
vn 0.5373 -0.3281 -0.7770
vn 0.2124 0.2143 0.9534
vn 0.1061 0.0020 0.9944
vn -0.3233 0.4846 -0.8128
vn -0.7920 0.4074 0.4547
vn 0.9614 -0.1680 0.2180
vn 0.9594 -0.2375 0.1520
vn 0.9617 -0.1851 0.2021
vn 0.3439 -0.7131 0.6109
vn 0.3364 -0.7384 0.5845
vn 0.3659 -0.6187 0.6952
vn -0.1832 0.0078 0.9830
vn -0.1324 0.0403 0.9904
vn -0.1721 0.0150 0.9850
vn 0.7318 0.4985 -0.4648
vn 0.7602 0.4601 -0.4586
vn 0.7326 0.4974 -0.4647
vn 0.9512 0.0411 -0.3058
vn 0.9546 0.0150 0.2975
vn 0.9574 0.0194 0.2880
vn 0.9822 -0.0731 0.1733
vn 0.9756 -0.0567 0.2120
vn -0.3734 -0.0406 -0.9268
vn -0.4523 -0.0171 -0.8917
vn -0.3361 -0.0257 -0.9415
vn -0.7886 -0.0524 -0.6127
vn -0.8853 -0.0611 -0.4610
vn -0.7931 -0.0539 -0.6067
vn -0.2009 -0.0037 0.9796
vn 0.7045 0.5322 -0.4695
vn 0.7473 -0.5428 -0.3832
vn 0.7553 -0.5440 -0.3654
vn 0.6955 -0.5560 -0.4551
vn 0.2615 -0.1000 -0.9600
vn 0.2358 -0.0838 -0.9682
vn 0.2597 -0.1102 -0.9594
vn 0.5342 -0.2579 -0.8051
vn 0.4126 -0.1215 -0.9028
vn 0.4398 -0.1547 -0.8847
vn 0.8174 -0.1170 -0.5640
vn -0.6266 -0.6856 -0.3706
vn -0.6440 -0.6706 -0.3683
vn -0.6388 -0.6751 -0.3690
vn -0.9945 -0.1043 0.0004
vn -0.9960 -0.0845 0.0306
vn -0.9943 -0.1012 -0.0339
vn -0.7691 -0.0802 0.6340
vn 0.5072 0.2256 -0.8318
vn 0.5199 -0.4495 -0.7264
vn 0.6363 -0.5762 -0.5130
vn 0.6317 -0.6338 -0.4464
vn 0.6278 -0.6594 -0.4136
vn 0.6140 -0.7164 -0.3315
vn 0.1977 -0.9738 -0.1127
vn 0.8893 0.0597 0.4535
vn 0.3038 0.2942 0.9062
vn 0.0081 0.0436 0.9990
vn 0.0128 0.0062 0.9999
vn -0.0155 0.0801 0.9967
vn -0.0941 -0.4946 0.8640
vn -0.0880 -0.4701 0.8782
vn -0.2113 -0.5457 0.8109
vn 0.9956 0.0745 -0.0560
vn 0.9549 -0.0998 0.2796
vn -0.5119 -0.6028 0.6120
vn 0.3474 -0.8814 0.3200
vn 0.6344 0.1019 0.7663
vn 0.7748 0.0505 0.6302
vn 0.6513 0.0956 0.7528
vn 0.9991 0.0423 -0.0099
vn 0.5489 0.0159 -0.8357
vn 0.5800 0.0320 -0.8140
vn 0.5858 0.0357 -0.8097
vn -0.9647 -0.0283 0.2617
vn -0.9576 -0.0556 0.2828
vn -0.9765 -0.0261 0.2141
vn -0.9076 0.1187 0.4027
vn -0.9229 0.0907 0.3741
vn -0.9177 0.1006 0.3843
vn -0.7354 0.5407 -0.4085
vn -0.6175 0.5320 -0.5793
vn -0.7343 0.3752 -0.5657
vn 0.3753 -0.5631 0.7363
vn -0.9970 0.0062 0.0770
vn -0.9975 0.0251 -0.0658
vn -0.6367 0.4538 -0.6234
vn 0.6999 0.5381 -0.4696
vn 0.4706 0.8345 0.2866
vn -0.2443 -0.5874 0.7715
vn -0.6586 -0.6709 0.3407
vn 0.7227 0.0381 -0.6901
vn -0.9029 0.1267 0.4107
vn -0.5003 0.5288 -0.6856
vn 0.9219 -0.3452 0.1761
vn 0.4175 0.0241 0.9084
vn 0.3443 0.0043 0.9388
vn 0.3751 0.0126 0.9269
vn -0.9946 -0.0932 -0.0457
vn -0.9339 0.3426 0.1022
vn -0.9365 0.3473 0.0474
vn -0.9363 0.3465 0.0576
vn 0.7283 0.0314 -0.6846
vn -0.9912 0.0307 -0.1289
vn -0.9367 0.3502 0.0063
vn 0.7287 0.2335 -0.6439
vn 0.0006 0.0790 0.9969
vn 0.0082 -0.4736 0.8807
vn 0.4257 0.0263 0.9045
vn -0.8243 -0.0679 -0.5621
vn -0.9237 -0.0323 -0.3816
vn -0.9139 -0.0374 -0.4042
vn 0.0853 0.4277 0.8999
vn 0.0742 0.4191 0.9049
vn 0.0950 0.4353 0.8953
vn -0.2303 -0.8385 0.4938
vn -0.4986 -0.8650 0.0559
vn -0.4746 -0.8788 0.0503
vn -0.5639 -0.8228 0.0713
vn 0.8294 0.0676 0.5545
vn 0.9716 0.0765 0.2239
vn 0.9705 0.0705 0.2306
vn 0.9696 0.0658 0.2358
vn 0.9681 0.0590 0.2434
vn 0.7565 0.6338 -0.1614
vn 0.1151 0.4505 0.8853
vn -0.8715 0.2139 -0.4413
vn -0.9169 0.2059 -0.3418
vn 0.2784 0.6465 -0.7103
vn 0.2644 0.6528 -0.7099
vn 0.2745 0.6530 -0.7059
vn 0.2066 0.9782 0.0232
vn 0.9810 0.0679 -0.1816
vn 0.3326 0.8553 0.3973
vn 0.1494 -0.1985 0.9687
vn 0.1577 -0.2025 0.9665
vn 0.1663 -0.2067 0.9642
vn 0.2127 0.0054 -0.9771
vn 0.1101 0.0053 -0.9939
vn 0.0809 0.0095 -0.9967
vn -0.9237 -0.0322 -0.3817
vn 0.1821 -0.2144 0.9596
vn 0.9983 0.0202 -0.0553
vn 0.1220 -0.9241 0.3623
vn 0.1347 -0.9152 0.3799
vn 0.1110 -0.9313 0.3468
vn -0.4212 -0.9062 0.0381
vn -0.4455 -0.0069 -0.8953
vn -0.7756 0.2479 -0.5805
vn 0.1411 0.9893 -0.0380
vn 0.1581 0.9830 -0.0939
vn 0.1530 0.9866 -0.0568
vn 0.3208 0.8848 -0.3380
vn 0.5418 -0.7754 -0.3243
vn 0.2224 0.4141 -0.8827
vn 0.1422 0.4256 -0.8937
vn 0.1254 0.3940 -0.9105
vn 0.7349 0.3773 -0.5635
vn 0.2309 0.7678 0.5976
vn 0.2392 0.7739 0.5863
vn 0.1287 0.7673 0.6282
vn 0.0995 -0.9385 0.3307
vn 0.0365 -0.9956 -0.0858
vn 0.9720 0.0779 -0.2216
vn -0.5011 -0.0106 -0.8653
vn 0.2477 0.6375 -0.7295
vn 0.4937 -0.1350 0.8591
vn 0.8439 0.0745 0.5312
vn 0.2778 0.0313 -0.9601
vn 0.2579 0.6491 -0.7156
vn 0.2687 0.6418 -0.7182
vn 0.2636 0.6453 -0.7170
vn 0.4512 0.4246 0.7849
vn 0.4786 -0.7132 0.5121
vn 0.4506 -0.7731 0.4465
vn 0.4569 -0.7608 0.4609
vn -0.2639 -0.9228 -0.2807
vn 0.1415 0.7696 0.6227
vn -0.6187 0.0406 -0.7846
vn -0.6428 0.0594 -0.7637
vn -0.1712 0.2826 -0.9438
vn -0.0475 0.3142 -0.9482
vn 0.4307 -0.8077 0.4027
vn -0.0499 -0.9389 -0.3404
vn 0.6102 0.0433 -0.7911
vn -0.6396 0.0690 -0.7656
vn -0.0305 -0.8693 0.4934
vn -0.0547 -0.8163 0.5750
vn -0.0350 -0.8347 0.5496
vn 0.6528 0.6586 0.3744
vn -0.2118 -0.6235 -0.7526
vn 0.1247 0.9813 -0.1466
vn 0.2597 0.5455 -0.7969
vn 0.7712 -0.4217 0.4769
vn -0.0692 -0.9681 -0.2408
vn -0.0299 -0.9858 -0.1651
vn 0.0007 -0.9944 -0.1056
vn 0.4034 -0.0119 -0.9150
vn 0.3809 -0.0337 -0.9240
vn 0.3962 -0.0214 -0.9179
vn -0.0608 -0.0094 -0.9981
vn -0.1472 0.0121 -0.9890
vn -0.0401 -0.0051 -0.9992
vn -0.1565 0.0129 -0.9876
vn 0.9690 -0.0730 -0.2362
vn 0.9665 -0.0640 -0.2486
vn 0.9268 -0.0628 -0.3702
vn 0.6018 -0.0280 0.7982
vn 0.3249 0.0309 0.9453
vn 0.4809 -0.0471 0.8755
vn 0.9232 -0.0644 -0.3790
vn -0.9952 0.0844 0.0493
vn -0.9972 0.0431 0.0609
vn -0.9970 0.0727 0.0272
vn -0.7934 0.0601 -0.6057
vn -0.7807 0.0625 -0.6217
vn -0.6890 0.0266 -0.7243
vn -0.7333 0.0505 0.6781
vn -0.6080 -0.0114 0.7939
vn -0.6813 0.0379 0.7310
vn 0.9491 -0.0740 0.3062
vn 0.9482 -0.0639 0.3112
vn 0.9435 -0.0660 0.3246
vn -0.1245 0.0275 0.9918
vn -0.0742 0.0732 0.9946
vn -0.0383 -0.0005 0.9993
vn 0.3036 -0.0217 -0.9526
vn -0.6740 0.0269 -0.7382
vn -0.9541 0.0731 -0.2905
vn -0.9545 0.0714 -0.2896
vn -0.9499 0.0711 -0.3045
vn -0.9967 0.0329 0.0740
vn -0.0081 0.0133 0.9999
vn 0.9220 -0.0703 -0.3808
vn 0.9924 -0.0486 0.1132
vn -0.7963 0.0595 0.6019
vn 0.5812 -0.0283 0.8132
vn 0.5857 -0.0274 0.8101
vn -0.8248 0.0268 0.5648
vn 0.4376 -0.0203 -0.8989
vn 0.7770 -0.0551 -0.6271
vn 0.7617 -0.0237 -0.6475
vn 0.7671 -0.0346 -0.6406
vn -0.1738 -0.0004 -0.9848
vn -0.0520 0.0030 0.9986
vn 0.9939 -0.0607 0.0917
vn 0.7819 -0.0658 -0.6199
vn -0.8609 0.0160 -0.5085
vn 0.4614 -0.0237 -0.8869
vn -0.6727 0.0275 -0.7394
vn -0.1755 0.0044 -0.9845
vn -0.8339 0.0125 0.5518
vn -0.8514 0.0143 -0.5243
vn -0.9868 0.0671 0.1475
vn -0.9890 0.0621 0.1345
vn -0.9996 0.0189 0.0227
vn -0.0107 0.0008 0.9999
vn 0.6501 -0.0316 0.7592
vn 0.6674 -0.0220 0.7443
vn 0.9939 -0.0705 0.0845
vn -0.6002 0.0410 0.7988
vn -0.5482 0.0192 0.8361
vn -0.5947 0.0380 0.8031
vn 0.9793 -0.0118 -0.2020
vn 0.9790 -0.0420 -0.1993
vn 0.9789 -0.0467 -0.1988
vn 0.9777 -0.0761 -0.1960
vn 0.8797 -0.0354 -0.4743
vn 0.8796 -0.0349 -0.4744
vn 0.8796 -0.0347 -0.4744
vn 0.0033 -0.0071 1.0000
vn 0.2374 -0.0012 -0.9714
vn 0.1977 -0.0153 -0.9801
vn -0.9999 0.0135 0.0087
vn 0.9965 -0.0373 0.0741
vn 0.9965 -0.0399 0.0732
vn 0.9965 -0.0389 0.0736
vn -0.1720 -0.0115 -0.9850
vn 0.6389 -0.0289 0.7688
vn -0.9410 0.0333 0.3368
vn -0.9369 0.0440 0.3469
vn -0.9382 0.0388 0.3439
vn -0.4466 0.0229 0.8944
vn 0.6428 -0.0255 0.7656
vn 0.1112 -0.0017 0.9938
vn 0.0897 -0.0019 -0.9960
vn -0.4897 0.0250 -0.8715
vn -0.4842 0.0320 -0.8744
vn -0.5498 -0.0084 -0.8352
vn -0.8509 0.0147 -0.5251
vn 0.0464 0.0097 0.9989
vn 0.8796 -0.0342 -0.4745
vn 0.5928 0.0003 -0.8054
vn 0.6023 -0.0058 -0.7982
vn 0.6006 -0.0033 -0.7996
vn -0.3722 0.0075 -0.9281
vn -0.9530 0.0252 -0.3018
vn -0.9657 0.0348 -0.2572
vn -0.9649 0.0335 -0.2606
vn -0.3962 -0.0068 0.9181
vn -0.5939 0.0233 0.8042
vn 0.6306 -0.0186 0.7759
vn 0.9231 -0.0132 0.3843
vn 0.9167 -0.0173 0.3992
vn 0.9174 -0.0168 0.3977
vn -0.4870 0.0251 -0.8730
vn 0.9965 -0.0414 0.0726
vn 0.9765 -0.0138 -0.2149
vn 0.9731 -0.0221 -0.2292
vn 0.9758 -0.0163 -0.2179
vn -0.9593 0.0351 0.2802
vn -0.5986 0.0241 0.8007
vn 0.0326 -0.0054 -0.9995
vn -0.8719 0.0367 -0.4882
vn -0.8966 0.0109 -0.4428
vn -0.0437 0.0086 -0.9990
vn 0.0330 0.0058 0.9994
vn -0.9822 0.0119 0.1877
vn 0.4417 -0.0184 -0.8970
vn 0.9314 -0.0173 0.3636
vn 0.9590 -0.0167 -0.2829
vn -0.9957 0.0273 0.0889
vn 0.4506 -0.0157 -0.8926
vn -0.7388 0.0049 0.6740
vn -0.9275 0.0174 -0.3735
vn -0.0614 0.0073 0.9981
vn -0.5224 0.0042 -0.8527
vn 0.9472 -0.0250 -0.3196
vn -0.7420 0.0042 0.6703
vn -0.0473 0.0079 0.9988
vn -0.1246 -0.0023 -0.9922
vn 0.3725 -0.0035 -0.9280
vn -0.5304 -0.0021 -0.8477
vn 0.5103 -0.0068 0.8600
vn 0.9034 -0.0071 -0.4288
vn 0.8896 -0.0191 -0.4563
vn -0.1031 -0.0080 -0.9946
vn 0.9241 -0.0173 0.3817
vn -0.7711 -0.0021 -0.6367
vn -0.8533 0.0294 -0.5206
vn -0.9996 0.0163 0.0242
vn 0.4639 0.0066 -0.8859
vn 0.5079 -0.0066 0.8614
vn 0.9181 -0.0077 0.3963
vn 0.8726 -0.0184 -0.4882
vn 0.8713 -0.0180 -0.4904
vn 0.4824 -0.0026 -0.8760
vn -0.7977 -0.0107 -0.6030
vn -0.1344 -0.0159 0.9908
vn -0.2561 -0.0054 -0.9666
vn -0.3327 0.0036 -0.9430
vn -0.9996 0.0099 0.0277
vn -0.8291 -0.0016 -0.5591
vn -0.9999 -0.0142 0.0031
vn -0.3165 0.0066 0.9486
vn 0.2845 -0.0202 0.9585
vn 0.2089 0.0071 0.9779
vn 0.1990 0.0122 0.9799
vn 0.9975 0.0058 -0.0699
vn 0.9970 0.0067 -0.0768
vn 0.9899 0.0074 -0.1416
vn 0.9853 0.0173 -0.1697
vn -0.9997 0.0015 0.0240
vn -0.7960 0.0061 0.6053
vn -0.8049 0.0160 0.5932
vn 0.5080 -0.0052 0.8614
vn 0.3380 0.0077 -0.9411
vn 0.3949 0.0067 0.9187
vn -0.0810 0.0174 -0.9966
vn -0.7960 -0.0048 0.6053
vn -0.3739 -0.0093 0.9274
vn 0.8720 0.0048 0.4895
vn 0.3067 -0.0086 -0.9518
vn 0.8742 0.0003 0.4855
vn -0.8163 0.0015 -0.5776
vn -0.7377 -0.0267 -0.6746
vn 0.9554 -0.0026 -0.2952
vn 0.9283 0.0268 -0.3708
vn -0.7886 -0.0012 0.6150
vn -0.0120 0.0052 0.9999
vn 0.0078 0.0094 0.9999
vn -0.0141 0.0047 0.9999
vn 0.0292 0.0033 0.9996
vn 0.5338 -0.0044 0.8456
vn -0.9987 -0.0088 0.0511
vn 0.9255 0.0177 0.3784
vn 0.9279 0.0176 0.3724
vn 0.9730 0.0111 -0.2304
vn -0.9990 -0.0039 0.0455
vn 0.5737 0.0087 0.8190
vn -0.3808 -0.0125 0.9246
vn 0.2993 -0.0146 -0.9540
vn -0.0209 -0.0133 -0.9997
vn -0.0138 -0.0060 0.9999
vn -0.7109 -0.0385 0.7022
vn -0.6422 0.0022 0.7665
vn -0.8307 -0.0166 0.5565
vn -0.7189 -0.0230 -0.6947
vn -0.9997 -0.0165 -0.0159
vn 0.0692 -0.0072 -0.9976
vn 0.9629 0.0219 -0.2689
vn 0.6615 0.0255 -0.7495
vn 0.6449 0.0142 -0.7641
vn 0.6586 0.0229 -0.7521
vn -0.9980 -0.0479 0.0407
vn -0.8419 -0.0130 0.5395
vn -0.5032 -0.0061 0.8642
vn -0.4925 -0.0072 0.8703
vn -0.6392 -0.0207 0.7687
vn -0.0190 -0.0013 0.9998
vn 0.9223 0.0197 0.3861
vn -0.9971 -0.0545 0.0536
vn -0.6615 -0.0005 0.7500
vn 0.9556 0.0171 -0.2941
vn 0.5933 0.0178 -0.8048
vn -0.3163 0.0094 -0.9486
vn -0.3349 0.0028 -0.9422
vn -0.2090 0.0147 -0.9778
vn 0.4827 0.0125 0.8757
vn 0.4853 0.0107 0.8743
vn 0.9515 0.0333 0.3057
vn 0.0796 -0.0046 -0.9968
vn -0.7171 -0.0221 -0.6966
vn -0.9300 -0.0250 -0.3666
vn -0.9405 0.0068 -0.3396
vn -0.9370 -0.0078 -0.3493
vn 0.5776 0.0077 -0.8163
vn -0.5358 -0.0168 0.8442
vn 0.9551 0.0166 -0.2960
vn -0.9018 -0.0251 -0.4315
vn -0.9352 -0.0031 0.3540
vn -0.9354 -0.0030 0.3535
vn -0.9367 -0.0180 0.3497
vn 0.9631 0.0189 0.2685
vn -0.1894 -0.0024 -0.9819
vn 0.5741 0.0049 -0.8187
vn 0.8275 0.0573 -0.5585
vn 0.7551 0.0003 -0.6556
vn 0.8195 0.0482 -0.5711
vn -0.1782 -0.0297 -0.9835
vn -0.8895 -0.0311 -0.4558
vn -0.5227 -0.0149 0.8524
vn -0.9420 -0.0343 0.3338
vn -0.4154 -0.0230 -0.9094
vn -0.4331 -0.0060 -0.9013
vn -0.4279 -0.0110 -0.9038
vn 0.1557 0.0231 -0.9875
vn 0.1638 0.0285 -0.9861
vn 0.1070 0.0021 -0.9943
vn 0.0966 0.0095 0.9953
vn 0.9648 0.0161 0.2626
vn 0.6002 0.0296 -0.7993
vn -0.9724 -0.0349 0.2305
vn 0.4843 0.0083 0.8748
vn -0.8625 -0.0306 -0.5051
vn 0.8575 0.0378 0.5132
vn 0.8573 0.0375 0.5135
vn 0.8525 0.0370 0.5214
vn -0.9737 -0.0403 0.2241
vn 0.9987 0.0483 -0.0155
vn 0.9987 0.0480 -0.0178
vn 0.9983 0.0551 0.0204
vn 0.1044 0.0052 0.9945
vn 0.8745 0.0469 -0.4827
vn 0.9089 0.0394 -0.4152
vn 0.9073 0.0398 -0.4185
vn -0.0639 0.0050 -0.9979
vn -0.5015 -0.0071 0.8651
vn -0.8451 -0.0487 -0.5323
vn 0.5297 0.0238 -0.8478
vn -0.4105 -0.0277 -0.9115
vn 0.5320 0.0243 -0.8464
vn -0.0848 -0.0094 -0.9964
vn 0.8679 0.0434 -0.4948
vn -0.4596 -0.0186 0.8879
vn -0.9538 -0.0577 0.2947
vn 0.1044 -0.0030 0.9945
vn 0.0885 0.0031 0.9961
vn 0.7281 0.0414 0.6842
vn 0.9937 0.0695 -0.0884
vn -0.9454 -0.0547 0.3214
vn -0.4587 -0.0257 0.8882
vn 0.7174 0.0394 0.6956
vn -0.4933 -0.0382 -0.8690
vn -0.5242 -0.0129 -0.8515
vn -0.5165 -0.0193 -0.8561
vn -0.9020 -0.0618 -0.4273
vn -0.0917 -0.0218 -0.9955
vn -0.4264 -0.0301 0.9040
vn 0.6454 0.0451 -0.7626
vn -0.9123 -0.0485 -0.4066
vn 0.1657 0.0148 -0.9861
vn 0.1698 0.0192 -0.9853
vn 0.1412 0.0048 -0.9900
vn 0.0667 0.0009 0.9978
vn -0.4167 -0.0332 0.9084
vn 0.9635 0.0317 -0.2660
vn 0.8673 0.0429 -0.4960
vn -0.9265 -0.0666 0.3703
vn -0.8804 -0.0500 0.4715
vn 0.9090 0.0710 -0.4108
vn 0.6168 0.0551 -0.7852
vn -0.9021 -0.0669 -0.4262
vn 0.5363 0.0388 0.8432
vn -0.9889 -0.0456 -0.1415
vn -0.9896 -0.0491 -0.1351
vn -0.9844 -0.0631 -0.1641
vn 0.9593 0.0803 0.2709
vn 0.9572 0.0598 0.2833
vn 0.9517 0.0354 0.3051
vn 0.0293 0.0046 0.9996
vn 0.5262 0.0378 0.8495
vn -0.8568 -0.0632 0.5118
vn -0.4882 -0.0425 0.8717
vn -0.4855 -0.0445 -0.8731
vn -0.7118 -0.0418 -0.7011
vn -0.7170 -0.0360 -0.6962
vn -0.7268 -0.0241 -0.6865
vn 0.9255 0.0318 0.3774
vn 0.4590 0.0095 -0.8884
vn -0.0578 0.0160 -0.9982
vn -0.6291 -0.0297 0.7768
vn -0.8533 -0.0658 0.5172
vn -0.0266 -0.0112 0.9996
vn 0.8974 0.0788 -0.4341
vn 0.4504 0.0070 -0.8928
vn -0.0643 0.0172 -0.9978
vn 0.9214 0.0347 0.3872
vn -0.9979 -0.0410 0.0498
vn -0.9987 -0.0443 0.0236
vn -0.0050 -0.0007 -1.0000
vn -0.3123 0.1914 -0.9305
vn -0.2766 0.1907 -0.9419
vn 0.7433 0.6351 -0.2100
vn 0.6752 0.0073 -0.7376
vn -0.6477 -0.0276 0.7614
vn 0.9957 0.0860 -0.0330
vn 0.9927 0.0727 -0.0963
vn 0.9920 0.0710 -0.1044
vn -0.0919 -0.9544 -0.2841
vn 0.5965 0.0452 -0.8014
vn -0.0204 0.0200 -0.9996
vn 0.2679 0.5113 -0.8166
vn 0.9382 -0.3294 0.1065
vn 0.1833 -0.7114 -0.6784
vn 0.2614 -0.6288 -0.7324
vn 0.2129 -0.6818 -0.6999
vn 0.1049 0.9000 0.4231
vn 0.1193 0.9262 0.3576
vn 0.8021 0.5929 0.0718
vn -0.0365 -0.0143 0.9992
vn 0.5400 0.0348 0.8410
vn 0.5741 -0.6858 -0.4473
vn 0.5606 -0.7009 -0.4410
vn 0.5757 -0.6840 -0.4480
vn -0.7341 -0.0186 -0.6788
vn 0.0674 0.5569 0.8279
vn 0.0655 0.5614 0.8249
vn 0.0511 0.5868 0.8081
vn -0.0390 -0.8849 0.4642
vn -0.0974 -0.8903 0.4449
vn 0.0472 0.5888 0.8069
vn 0.1514 -0.7412 -0.6539
vn 0.5415 0.0345 0.8400
vn -0.0337 -0.0345 -0.9988
vn -0.7346 -0.0185 -0.6783
vn -0.0340 0.0052 -0.9994
vn 0.7173 0.5152 -0.4690
vn 0.5896 -0.6679 -0.4542
vn -0.0102 -0.1206 -0.9926
vn 0.2549 0.6511 -0.7149
vn 0.0896 0.9874 -0.1301
vn -0.0329 -0.5410 0.8404
vn 0.0669 -0.7374 0.6721
vn 0.0225 -0.6998 0.7140
vn -0.0420 -0.6806 -0.7315
vn -0.0585 -0.6138 -0.7873
vn -0.0624 -0.5970 -0.7998
vn 0.1708 0.8154 -0.5531
vn 0.1563 0.8064 -0.5703
vn 0.0707 0.7049 -0.7058
vn -0.0331 -0.7141 -0.6993
vn 0.1339 0.4469 -0.8845
vn 0.0307 0.1644 0.9859
vn 0.0212 0.1591 0.9870
vn 0.0308 0.1640 0.9860
vn 0.7303 0.1581 -0.6646
vn 0.8881 -0.4187 -0.1894
vn 0.9958 0.0878 -0.0243
vn -0.0162 -0.1475 -0.9889
vn 0.0291 0.3986 -0.9167
vn 0.0263 0.4095 -0.9119
vn 0.0431 0.3399 -0.9395
vn -0.0743 -0.5872 0.8060
vn 0.0820 0.9639 0.2534
vn -0.0703 -0.9781 -0.1957
vn -0.0655 -0.9782 -0.1968
vn 0.0055 0.1454 0.9894
vn -0.0158 -0.1925 0.9812
vn -0.0229 -0.3781 0.9255
vn -0.0513 -0.8293 0.5564
vn -0.0500 -0.8332 0.5508
vn -0.0483 -0.8664 0.4969
vn -0.0655 -0.8801 0.4702
vn 0.0808 0.9897 -0.1185
vn -0.0163 -0.4272 0.9040
vn -0.0629 -0.9792 -0.1928
vn -0.0185 -0.1404 -0.9899
vn -0.0258 -0.1298 -0.9912
vn 0.0427 0.3288 -0.9434
vn 0.0056 -0.6708 -0.7416
vn 0.0124 -0.6857 -0.7278
vn -0.0313 -0.5992 -0.8000
vn 0.0519 0.8153 -0.5767
vn 0.0448 0.5838 0.8107
vn -0.0572 -0.6169 -0.7850
vn 0.0712 0.8326 -0.5494
vn 0.0006 0.0950 0.9955
vn 0.0549 0.9634 0.2625
vn 0.0449 0.5833 0.8110
vn -0.0240 -0.4596 -0.8878
vn 0.0339 0.3434 -0.9386
vn -0.0492 -0.9398 0.3382
vn -0.0359 -0.4694 0.8823
vn 0.0013 0.0880 0.9961
vn -0.5080 -0.1967 -0.8386
vn 0.2921 -0.8814 -0.3713
vn 0.1652 0.1780 0.9701
vn 0.1886 0.2700 0.9442
vn -0.7203 -0.6740 0.1640
vn -0.9390 0.0069 -0.3438
vn -0.9580 0.0145 -0.2864
vn -0.9009 -0.0053 -0.4340
vn -0.0194 -0.6985 -0.7153
vn -0.1729 -0.5792 -0.7966
vn -0.1056 -0.5814 -0.8068
vn -0.3790 -0.4598 -0.8031
vn -0.2413 -0.5008 -0.8313
vn -0.5071 0.1058 -0.8554
vn -0.5070 0.0097 -0.8619
vn 0.7040 0.5297 0.4730
vn 0.6986 0.5125 0.4993
vn 0.6604 0.4185 0.6235
vn -0.7424 -0.2026 0.6386
vn -0.4969 -0.0832 0.8638
vn -0.0739 -0.9970 0.0222
vn -0.1042 -0.9878 0.1153
vn -0.0884 -0.9939 0.0665
vn -0.0613 0.3567 0.9322
vn 0.2749 0.0323 0.9609
vn 0.2025 0.0888 -0.9752
vn 0.3144 -0.2111 0.9255
vn 0.4048 -0.4388 0.8022
vn -0.8065 -0.5707 -0.1547
vn -0.8225 -0.5647 -0.0673
vn -0.8113 -0.5696 -0.1319
vn -0.0114 -0.2197 0.9755
vn -0.0094 -0.1119 -0.9937
vn 0.4825 0.1823 -0.8567
vn 0.5215 0.1507 -0.8398
vn 0.5919 0.0893 -0.8010
vn -0.0223 -0.8870 -0.4612
vn -0.1235 -0.9113 -0.3929
vn 0.0085 0.0101 0.9999
vn -0.0036 0.0099 0.9999
vn -0.3940 -0.4399 0.8070
vn -0.2422 -0.0417 0.9693
vn -0.0192 0.0287 0.9994
vn -0.3881 -0.4164 0.8222
vn -0.4418 -0.3592 0.8221
vn 0.5553 -0.7010 -0.4476
vn -0.5798 -0.1307 -0.8042
vn 0.0362 0.7370 0.6749
vn 0.0312 0.7421 0.6695
vn 0.0222 0.7551 0.6552
vn 0.6665 0.4690 -0.5795
vn 0.6918 0.4649 -0.5526
vn 0.7957 0.4124 -0.4437
vn 0.6229 0.5636 -0.5426
vn 0.1006 0.1312 -0.9862
vn 0.0175 -0.0004 -0.9998
vn 0.0287 -0.0010 -0.9996
vn 0.1602 -0.0425 0.9862
vn -0.3889 -0.4491 0.8044
vn -0.0611 -0.9980 -0.0167
vn -0.7846 -0.5721 -0.2390
vn 0.0493 0.8501 -0.5244
vn -0.0529 -0.0130 -0.9985
vn 0.0159 0.0125 -0.9998
vn 0.1205 0.2035 -0.9716
vn -0.3189 -0.1433 -0.9369
vn 0.0479 -0.0089 0.9988
vn -0.2317 -0.1519 0.9609
vn -0.3104 -0.0971 0.9457
vn -0.2674 -0.1274 0.9551
vn 0.0095 -0.8035 0.5953
vn 0.4872 -0.8586 -0.1596
vn 0.5298 -0.8079 -0.2580
vn 0.5361 -0.8005 -0.2680
vn -0.0124 -0.4590 -0.8883
vn 0.0047 -0.0528 -0.9986
vn 0.6356 0.0478 -0.7706
vn -0.4662 -0.2521 -0.8480
vn -0.4513 -0.2497 -0.8567
vn -0.5069 -0.1822 -0.8425
vn -0.8763 -0.0120 -0.4816
vn -0.0245 -0.5923 0.8054
vn -0.0363 -0.9930 -0.1126
vn 0.0442 0.8652 -0.4995
vn 0.0253 0.9897 0.1407
vn 0.0263 0.9915 0.1271
vn 0.1288 0.0537 -0.9902
vn 0.8052 0.3539 -0.4759
vn 0.5628 -0.6503 -0.5102
vn -0.0154 -0.8015 -0.5978
vn -0.0308 -0.8195 -0.5723
vn -0.0290 -0.8167 -0.5764
vn -0.1173 0.1559 -0.9808
vn 0.3834 0.2385 -0.8923
vn 0.3072 0.2720 -0.9120
vn 0.3327 0.2611 -0.9062
vn 0.0761 0.0890 0.9931
vn 0.6519 0.4006 0.6439
vn -0.2036 -0.7256 -0.6573
vn -0.2470 -0.7911 -0.5596
vn -0.2062 -0.7298 -0.6519
vn 0.0310 -0.3366 -0.9411
vn 0.4814 0.8756 0.0392
vn 0.5818 0.8081 -0.0923
vn 0.5337 0.8449 -0.0357
vn -0.3573 -0.0629 0.9319
vn 0.2416 -0.0520 0.9690
vn 0.3383 -0.6451 0.6851
vn -0.1845 -0.9809 -0.0614
vn 0.5927 -0.5488 0.5895
vn -0.6906 -0.1446 -0.7087
vn -0.6232 -0.1358 -0.7702
vn -0.6490 -0.1392 -0.7479
vn -0.0295 -0.9949 -0.0965
vn 0.0260 0.3478 -0.9372
vn -0.8710 0.0983 -0.4813
vn -0.4770 -0.1613 -0.8640
vn 0.1312 0.0649 0.9892
vn 0.7351 0.0644 0.6749
vn -0.8201 -0.3218 0.4732
vn 0.5651 -0.7503 -0.3430
vn 0.3263 -0.3994 -0.8567
vn -0.0015 -0.4409 -0.8976
vn 0.6307 0.7720 -0.0783
vn 0.4458 0.3896 0.8059
vn -0.6977 -0.3401 0.6305
vn -0.7403 -0.2242 0.6338
vn -0.7171 -0.3144 0.6221
vn -0.0169 -0.9100 0.4142
vn 0.0258 0.7791 0.6263
vn 0.7893 0.3384 -0.5123
vn 0.6407 0.7659 -0.0540
vn 0.6296 -0.7749 0.0552
vn 0.6884 -0.6206 -0.3755
vn 0.1087 0.1459 0.9833
vn 0.1111 0.1356 0.9845
vn 0.0781 -0.0693 0.9945
vn 0.1002 -0.1201 0.9877
vn 0.0899 0.0483 0.9948
vn -0.1648 -0.6334 0.7561
vn 0.2339 -0.9357 0.2640
vn -0.0077 -0.7254 0.6883
vn -0.0208 -0.6033 0.7973
vn 0.2690 0.3565 -0.8947
vn 0.0779 0.1480 -0.9859
vn 0.1416 0.2382 -0.9608
vn -0.7042 -0.7100 -0.0033
vn -0.7710 -0.6307 -0.0883
vn -0.7657 -0.6382 -0.0802
vn 0.3663 -0.0492 -0.9292
vn 0.0684 0.1389 -0.9879
vn -0.2482 -0.0414 0.9678
vn -0.6449 -0.4112 0.6442
vn -0.6228 -0.4132 0.6644
vn 0.0879 -0.8759 -0.4744
vn 0.5724 -0.7439 -0.3449
vn -0.1542 -0.6441 -0.7493
vn -0.5792 -0.1298 -0.8048
vn 0.7138 0.5323 -0.4551
vn 0.2519 0.3744 -0.8924
vn 0.0454 -0.0217 -0.9987
vn 0.3243 0.9457 0.0239
vn 0.3252 0.9451 0.0307
vn 0.3377 0.9313 0.1362
vn 0.3390 0.9289 0.1491
vn 0.2082 -0.2043 0.9565
vn 0.5287 -0.7996 0.2850
vn 0.0407 -0.9574 -0.2860
vn 0.7919 0.0586 0.6079
vn 0.1021 -0.5070 -0.8559
vn 0.0003 -0.9937 0.1124
vn 0.0005 -0.8444 -0.5357
vn -0.4128 -0.1437 -0.8994
vn -0.4486 -0.5755 -0.6837
vn 0.5090 -0.2624 0.8198
vn 0.5528 -0.2161 0.8048
vn 0.5878 -0.1765 0.7895
vn 0.3790 -0.7567 -0.5327
vn -0.8047 -0.5781 -0.1353
vn -0.0073 -0.5663 0.8242
vn 0.1477 0.1628 -0.9755
vn 0.1392 0.3897 -0.9104
vn -0.6220 -0.7146 -0.3200
vn -0.3373 -0.2272 -0.9135
vn -0.0151 -0.7616 0.6479
vn -0.0043 -0.9867 0.1625
vn -0.6935 0.0760 -0.7164
vn -0.1258 0.1512 -0.9805
vn 0.7347 0.5281 -0.4259
vn -0.2706 -0.1988 -0.9420
vn -0.2674 -0.2052 -0.9415
vn -0.2711 -0.1929 -0.9430
vn 0.0804 0.1462 -0.9860
vn 0.0886 0.1747 -0.9806
vn -0.8053 -0.5784 -0.1300
vn 0.0501 0.8481 -0.5275
vn 0.0294 0.8503 0.5255
vn 0.0073 0.7403 0.6722
vn 0.7840 0.3411 -0.5186
vn -0.5905 -0.1812 -0.7864
vn -0.4176 -0.1448 -0.8970
vn 0.0260 -0.1679 0.9855
vn 0.0866 0.0498 0.9950
vn 0.0685 0.0519 0.9963
vn 0.6477 -0.1020 0.7550
vn 0.7829 -0.5716 0.2454
vn -0.0132 -0.9052 0.4247
vn 0.4123 0.2250 -0.8828
vn -0.7093 0.6932 -0.1282
vn -0.1454 0.1009 0.9842
vn -0.0611 0.1109 0.9920
vn -0.4987 -0.6635 -0.5578
vn -0.9020 -0.4305 -0.0338
vn -0.0017 -0.8466 -0.5322
vn -0.6214 -0.2457 -0.7440
vn 0.1461 -0.9861 -0.0797
vn 0.1133 -0.9933 -0.0230
vn 0.0241 -0.9980 0.0578
vn 0.2255 0.1836 0.9568
vn -0.0095 -0.0316 0.9995
vn 0.0757 -0.0000 0.9971
vn 0.0165 -0.0135 0.9998
vn 0.1242 -0.0000 0.9923
vn -0.0519 -0.1992 0.9786
vn 0.6212 -0.6518 0.4351
vn 0.0026 -0.9961 0.0879
vn -0.0408 -0.0039 0.9992
vn -0.0727 0.0993 0.9924
vn 0.0069 0.4169 -0.9089
vn -0.0690 0.9185 0.3893
vn 0.0280 -0.0146 -0.9995
vn -0.4335 -0.6963 -0.5721
vn -0.4379 -0.6447 -0.6265
vn -0.4342 -0.6896 -0.5795
vn -0.2259 -0.2633 0.9379
vn -0.2222 -0.2489 0.9427
vn -0.2242 -0.2483 0.9424
vn 0.9473 -0.2703 0.1718
vn 0.9412 -0.2799 0.1893
vn 0.9484 -0.2686 0.1687
vn 0.0989 -0.1808 -0.9785
vn 0.0929 -0.1754 -0.9801
vn 0.0186 -0.1071 -0.9941
vn -0.0043 0.6985 0.7156
vn 0.7119 0.2709 0.6479
vn 0.7122 0.2717 0.6473
vn 0.7011 0.2650 0.6620
vn 0.5665 -0.3404 -0.7505
vn 0.5403 -0.3516 -0.7645
vn 0.5748 -0.3368 -0.7458
vn -0.3384 -0.3980 -0.8527
vn 0.5495 0.1803 0.8158
vn 0.5783 0.1958 0.7920
vn 0.8087 -0.3535 -0.4702
vn -0.7893 -0.5957 0.1487
vn 0.9558 -0.2556 0.1452
vn -0.6295 -0.0362 -0.7761
vn -0.6401 -0.0284 -0.7677
vn -0.6715 -0.0048 -0.7410
vn -0.4000 -0.4422 -0.8028
vn -0.6800 0.0019 -0.7332
vn 0.6056 -0.1343 -0.7843
vn 0.6798 -0.0713 -0.7299
vn 0.6366 -0.1090 -0.7634
vn 0.1709 -0.2461 -0.9541
vn 0.5456 0.5704 -0.6140
vn 0.0664 -0.0664 -0.9956
vn 0.0694 -0.0664 -0.9954
vn 0.0706 -0.0664 -0.9953
vn 0.0720 -0.0664 -0.9952
vn -0.1066 -0.3347 -0.9363
vn -0.1320 -0.3685 -0.9202
vn -0.2010 -0.3626 -0.9100
vn -0.0641 -0.9968 0.0486
vn 0.8177 0.5756 -0.0029
vn 0.8251 0.5642 0.0283
vn 0.8225 0.5685 0.0170
vn -0.2095 -0.1549 -0.9655
vn -0.2189 -0.1591 -0.9627
vn -0.1973 -0.1495 -0.9689
vn 0.0168 0.4717 -0.8816
vn 0.0357 0.8590 0.5107
vn 0.0374 0.8558 0.5159
vn 0.0362 0.8340 0.5506
vn -0.3523 -0.2018 -0.9139
vn 0.0073 -0.0073 -0.9999
vn -0.0627 -0.0778 -0.9950
vn -0.0636 -0.0787 -0.9949
vn -0.1324 -0.1479 -0.9801
vn -0.0838 -0.1956 -0.9771
vn -0.2090 -0.3328 -0.9195
vn -0.4383 -0.6369 -0.6342
vn -0.0106 0.6306 0.7760
vn 0.1439 0.1545 -0.9775
vn -0.3373 -0.3415 -0.8773
vn 0.8148 0.5796 -0.0143
vn 0.5680 -0.3782 -0.7309
vn 0.6992 -0.0534 -0.7129
vn -0.0007 -0.0260 -0.9997
vn 0.0335 0.9015 -0.4314
vn 0.0518 0.9871 0.1512
vn 0.0394 0.9921 0.1191
vn 0.6351 0.5216 -0.5697
vn 0.6144 0.4220 -0.6667
vn 0.6255 0.4902 -0.6070
vn 0.6255 -0.3130 -0.7147
vn 0.0673 -0.9817 0.1780
vn -0.0061 -0.7738 0.6334
vn -0.0134 -0.8034 -0.5953
vn 0.0131 0.8199 0.5724
vn -0.4216 -0.1427 -0.8955
vn 0.9798 0.1978 0.0292
vn 0.9807 0.1701 -0.0965
vn 0.9664 0.2335 -0.1077
vn 0.9686 0.1668 -0.1844
vn 0.0047 0.5007 -0.8656
vn 0.2238 -0.0628 -0.9726
vn 0.2933 -0.0693 -0.9535
vn 0.2624 -0.0664 -0.9627
vn -0.1814 -0.1424 -0.9730
vn 0.7285 0.3240 -0.6036
vn 0.1231 0.3521 -0.9278
vn 0.4136 0.2524 -0.8747
vn 0.5458 0.3231 -0.7731
vn 0.5123 0.3053 -0.8027
vn 0.9557 0.2538 0.1492
vn 0.0358 0.9007 -0.4331
vn 0.1371 0.1638 -0.9769
vn 0.0477 0.5618 -0.8259
vn -0.5766 -0.7092 0.4057
vn 0.6791 0.1118 -0.7255
vn 0.7739 0.1201 -0.6218
vn 0.6575 0.1098 -0.7454
vn 0.4068 0.2487 -0.8790
vn 0.7901 0.1214 -0.6008
vn -0.0737 -0.6687 0.7399
vn -0.8348 -0.2976 -0.4632
vn 0.1959 -0.0601 -0.9788
vn 0.0428 0.6128 0.7891
vn 0.0323 0.6282 0.7773
vn 0.0334 0.6241 0.7806
vn 0.2357 -0.0445 -0.9708
vn 0.2646 -0.1501 -0.9526
vn 0.2309 -0.0656 -0.9708
vn -0.0820 -0.6546 0.7515
vn -0.0031 0.0394 -0.9992
vn 0.0027 0.8145 0.5802
vn 0.9155 0.2305 -0.3296
vn 0.0060 -0.9362 0.3514
vn 0.0461 0.6087 0.7921
vn -0.1920 -0.1439 -0.9708
vn -0.2045 -0.1483 -0.9676
vn 0.0142 -0.9776 -0.2100
vn 0.0137 -0.9778 -0.2090
vn 0.0117 -0.9796 -0.2008
vn 0.0037 -0.4124 -0.9110
vn 0.0299 0.6122 0.7902
vn -0.5015 -0.1793 -0.8464
vn -0.4992 -0.1775 -0.8481
vn -0.5009 -0.1788 -0.8469
vn 0.0186 0.9543 0.2982
vn 0.1720 0.0118 -0.9850
vn 0.0084 0.0718 -0.9974
vn 0.0127 0.5362 -0.8440
vn 0.5915 0.4094 -0.6946
vn 0.0046 -0.7814 -0.6240
vn 0.0067 -0.4095 -0.9123
vn -0.4982 -0.1767 -0.8488
vn 0.0067 -0.9279 0.3728
vn -0.0025 -0.8541 0.5201
vn 0.1437 0.0156 -0.9895
vn 0.0282 -0.6479 0.7612
vn 0.0315 0.5555 0.8309
vn -0.0518 -0.8796 0.4729
vn -0.0482 -0.8649 0.4995
vn -0.0486 -0.8664 0.4969
vn 0.6818 0.3066 -0.6642
vn 0.6832 0.2589 -0.6828
vn 0.6619 0.3579 -0.6586
vn 0.0325 0.9358 0.3510
vn 0.0209 0.9151 0.4026
vn -0.0523 -0.8817 0.4689
vn 0.0138 0.8511 -0.5248
vn 0.0296 0.4334 -0.9007
vn 0.0213 0.0662 0.9976
vn 0.0560 0.0414 0.9976
vn 0.0384 0.0563 0.9977
vn 0.0032 0.0661 0.9978
vn 0.0364 0.9768 -0.2108
vn 0.0357 0.9763 -0.2134
vn 0.0261 0.9723 -0.2321
vn 0.0194 0.8231 -0.5676
vn 0.0105 0.9214 0.3884
vn 0.0061 0.0457 0.9989
vn 0.0481 -0.5424 0.8387
vn 0.0721 -0.5415 0.8376
vn 0.1032 -0.5280 0.8429
vn 0.0110 -0.7568 -0.6535
vn 0.0060 -0.5083 0.8612
vn 0.0117 0.5328 0.8462
vn 0.0028 -0.7481 -0.6636
vn 0.0053 0.9849 -0.1732
vn 0.0063 -0.3360 -0.9418
vn 0.0147 -0.9847 -0.1739
vn -0.0043 0.0394 -0.9992
vn 0.0013 -0.2026 0.9793
vn 0.0056 -0.9891 -0.1474
vn 0.0027 0.3418 -0.9398
vn 0.0108 -0.4330 0.9013
vn 0.0178 -0.8964 0.4429
vn 0.0002 -0.3097 -0.9508
vn 0.0004 -0.7457 -0.6662
vn 0.0040 0.4870 0.8734
vn 0.0048 -0.3276 -0.9448
vn 0.0047 0.9725 -0.2329
vn -0.0362 -0.1480 0.9883
vn -0.0130 0.9333 0.3590
vn 0.0122 -0.9749 -0.2221
vn -0.0075 -0.5370 -0.8435
vn -0.0002 0.7284 -0.6851
vn -0.0198 0.9483 -0.3168
vn -0.0085 -0.8920 -0.4520
vn -0.0147 0.4444 0.8957
vn 0.0049 -0.8772 0.4801
vn -0.0006 0.9413 0.3377
vn -0.0065 0.3824 -0.9240
vn -0.0207 0.7792 -0.6264
vn -0.0023 -0.2339 0.9723
vn -0.0055 -0.9998 -0.0189
vn -0.0383 0.5139 0.8570
vn 0.0033 -0.8668 0.4986
vn -0.0200 0.9507 0.3093
vn -0.0211 -0.2003 0.9795
vn -0.0079 -0.8494 0.5276
vn -0.0212 0.9919 0.1249
vn -0.0135 -0.5295 -0.8482
vn 0.0009 -0.1080 -0.9941
vn -0.0096 0.9206 -0.3905
vn -0.0106 0.9100 0.4145
vn -0.0042 -0.0913 -0.9958
vn -0.0018 0.4446 -0.8957
vn -0.0091 -0.8764 -0.4816
vn -0.0165 -0.9963 -0.0849
vn -0.0281 0.5254 -0.8504
vn -0.0226 0.7840 -0.6203
vn -0.0097 -0.9945 -0.1046
vn -0.0449 0.5062 0.8612
vn -0.0079 -0.8442 0.5360
vn -0.0049 -0.4882 -0.8727
vn -0.0266 0.5278 -0.8490
vn 0.0204 0.5292 -0.8482
vn 0.4484 -0.2413 -0.8607
vn 0.3316 -0.2318 -0.9145
vn 0.4350 -0.2434 -0.8669
vn -0.2278 0.6715 -0.7051
vn -0.6826 0.5475 -0.4840
vn 0.7017 0.0813 -0.7078
vn 0.0545 0.2597 -0.9642
vn 0.0771 0.2671 -0.9606
vn -0.0053 0.1743 -0.9847
vn -0.1655 -0.8848 -0.4357
vn -0.2325 -0.8371 -0.4952
vn -0.2950 -0.7996 -0.5231
vn 0.6071 -0.7944 0.0170
vn -0.3242 0.3165 0.8915
vn -0.1579 0.5525 0.8184
vn -0.1565 0.5761 0.8022
vn -0.1573 0.5622 0.8119
vn 0.1155 -0.7913 0.6004
vn -0.1042 0.2982 0.9488
vn -0.0619 0.3371 0.9394
vn 0.0062 0.3969 0.9178
vn 0.5838 -0.0250 0.8115
vn 0.5707 -0.0284 0.8206
vn 0.5726 -0.0279 0.8193
vn 0.5753 -0.2847 -0.7668
vn 0.5802 -0.2972 -0.7583
vn 0.5785 -0.2929 -0.7613
vn -0.6250 0.3227 -0.7108
vn -0.6569 0.2624 -0.7068
vn -0.6436 0.4052 -0.6493
vn -0.7278 0.4017 -0.5559
vn 0.3890 0.2950 -0.8727
vn -0.0847 0.5090 -0.8566
vn 0.8473 0.2513 -0.4680
vn -0.2944 -0.6968 0.6541
vn -0.1023 -0.2202 0.9701
vn -0.0171 0.1662 0.9859
vn 0.1429 0.2297 0.9627
vn -0.1563 0.5793 0.8000
vn 0.0188 -0.4183 0.9081
vn 0.1221 -0.4431 0.8881
vn 0.0536 -0.4272 0.9025
vn -0.7283 -0.6097 -0.3128
vn -0.7275 -0.6102 -0.3138
vn -0.7265 -0.6107 -0.3150
vn -0.7245 -0.6118 -0.3175
vn -0.0403 0.9295 0.3667
vn 0.0034 0.1769 -0.9842
vn 0.3192 -0.2113 -0.9238
vn -0.1645 0.3434 -0.9247
vn -0.1580 0.7320 -0.6628
vn -0.1550 0.7379 -0.6569
vn -0.1566 0.7347 -0.6600
vn -0.1214 0.0846 -0.9890
vn -0.8628 0.2507 -0.4390
vn -0.0331 0.0848 0.9959
vn -0.0403 0.9908 0.1295
vn -0.0349 0.5512 0.8336
vn -0.1602 0.3750 -0.9131
vn 0.6878 0.0639 -0.7230
vn -0.0020 0.1576 -0.9875
vn -0.0188 0.2163 -0.9761
vn 0.6725 -0.3099 0.6721
vn -0.4332 0.4949 0.7533
vn -0.2068 -0.2293 0.9511
vn -0.0529 0.0430 0.9977
vn -0.0671 0.0387 0.9970
vn -0.1291 0.0197 0.9914
vn -0.4353 0.0471 0.8990
vn 0.8274 -0.3847 -0.4093
vn -0.5232 0.3980 -0.7536
vn -0.4973 0.4259 -0.7559
vn -0.4319 0.4905 -0.7569
vn -0.1150 -0.2691 0.9562
vn -0.1355 0.2686 0.9537
vn 0.4540 -0.5526 0.6989
vn -0.0173 -0.8630 -0.5049
vn 0.6394 -0.1636 -0.7512
vn 0.6107 -0.1665 -0.7741
vn -0.0499 -0.3992 0.9155
vn -0.1277 0.2244 0.9661
vn -0.2157 0.2048 0.9547
vn -0.0590 0.2193 0.9739
vn -0.2767 0.4575 0.8451
vn 0.4264 0.0120 0.9045
vn -0.0400 -0.3558 0.9337
vn -0.0941 -0.3197 0.9428
vn -0.0500 -0.3493 0.9357
vn 0.7570 -0.6502 0.0658
vn 0.7692 -0.6389 0.0138
vn 0.7901 -0.6011 -0.1202
vn -0.0172 0.9197 -0.3921
vn 0.0129 0.7800 0.6257
vn -0.0358 0.2190 -0.9751
vn -0.0287 0.2073 -0.9779
vn 0.7687 -0.3775 -0.5164
vn 0.7344 -0.4232 -0.5306
vn 0.7336 -0.4242 -0.5309
vn -0.1330 -0.9167 -0.3767
vn -0.1097 -0.9029 -0.4156
vn -0.4179 -0.9030 -0.0999
vn -0.4036 -0.8599 0.3125
vn -0.1479 0.0139 0.9889
vn 0.5856 -0.0246 0.8103
vn -0.6356 0.2148 -0.7415
vn -0.6396 0.2140 -0.7384
vn -0.0153 -0.3533 0.9354
vn -0.0097 -0.8411 0.5408
vn 0.2394 0.5466 -0.8025
vn -0.0894 0.5076 -0.8570
vn -0.1588 0.7303 -0.6644
vn -0.1766 -0.3403 -0.9236
vn -0.1577 -0.5246 0.8366
vn -0.1522 -0.5395 0.8281
vn -0.1142 -0.6342 0.7647
vn 0.0382 0.5214 0.8525
vn -0.2447 0.1027 0.9642
vn 0.3780 -0.3689 0.8492
vn 0.4053 -0.2879 0.8677
vn 0.3969 -0.3140 0.8625
vn 0.0138 -0.0035 0.9999
vn 0.5755 -0.0223 0.8175
vn -0.0057 -0.0153 -0.9999
vn 0.0038 0.0040 -1.0000
vn -0.0418 0.9308 -0.3632
vn -0.2284 -0.2906 -0.9292
vn -0.3799 -0.5084 -0.7728
vn -0.0000 -0.1643 -0.9864
vn 0.0984 -0.0833 -0.9917
vn 0.0316 0.0682 -0.9972
vn 0.0190 0.0973 -0.9951
vn -0.0447 0.2383 -0.9702
vn -0.0539 0.2584 -0.9645
vn 0.0607 -0.0451 -0.9971
vn -0.4728 0.4464 -0.7598
vn -0.1520 0.3204 -0.9350
vn 0.6981 -0.4668 -0.5429
vn -0.8686 -0.1424 0.4747
vn 0.2390 -0.7114 -0.6609
vn -0.9777 -0.0925 -0.1886
vn -0.0341 0.5547 0.8314
vn -0.2780 0.1349 -0.9511
vn 0.0149 0.1636 -0.9864
vn 0.2265 -0.3447 -0.9110
vn -0.1746 0.5749 -0.7994
vn 0.1578 -0.8716 -0.4642
vn -0.3167 -0.5403 -0.7796
vn -0.3171 -0.5391 -0.7803
vn -0.2886 -0.6301 -0.7209
vn 0.8585 0.3683 0.3568
vn 0.7942 -0.2693 0.5447
vn 0.0047 -0.3845 0.9231
vn 0.7799 -0.1009 0.6177
vn 0.6622 -0.5619 0.4957
vn -0.5246 -0.3049 -0.7949
vn 0.5857 -0.2140 -0.7817
vn -0.4655 0.4877 -0.7385
vn 0.8942 -0.0000 -0.4477
vn 0.8373 -0.1154 -0.5344
vn 0.8099 -0.1597 -0.5645
vn 0.8040 -0.1684 -0.5703
vn -0.0440 0.1216 0.9916
vn -0.0021 -0.7808 -0.6248
vn -0.0035 -0.4876 -0.8731
vn 0.0863 -0.0000 -0.9963
vn 0.8527 -0.5016 -0.1459
vn 0.8527 -0.5024 -0.1436
vn 0.8524 -0.5046 -0.1371
vn -0.3209 -0.5254 -0.7881
vn 0.9017 -0.2230 -0.3703
vn -0.6812 0.1631 -0.7137
vn -0.1653 -0.0000 -0.9862
vn 0.7596 -0.2512 -0.5999
vn 0.9435 -0.3054 -0.1284
vn -0.8255 0.3238 -0.4623
vn -0.8356 0.3281 -0.4405
vn -0.8860 0.2943 -0.3582
vn -0.8764 0.2660 -0.4014
vn -0.8926 0.2683 -0.3622
vn -0.7526 -0.0000 -0.6584
vn 0.8186 -0.3152 0.4802
vn -0.8220 0.3224 0.4694
vn 0.0965 -0.8995 -0.4262
vn -0.5952 0.3123 -0.7404
vn -0.0449 0.1891 0.9809
vn -0.0560 0.1280 0.9902
vn 0.0059 0.0152 0.9999
vn -0.0470 0.1381 0.9893
vn -0.0452 0.1225 0.9914
vn 0.0053 0.0819 0.9966
vn 0.0205 0.0645 0.9977
vn 0.7934 -0.5868 -0.1616
vn -0.0142 -0.3465 0.9379
vn 0.0187 0.7964 0.6045
vn 0.3300 -0.0596 -0.9421
vn 0.1144 0.8954 -0.4304
vn -0.8278 0.3227 -0.4588
vn -0.7148 0.3461 -0.6077
vn -0.7657 0.3670 -0.5282
vn -0.7534 0.3443 -0.5603
vn -0.7768 0.4391 -0.4514
vn -0.7775 0.4677 -0.4204
vn -0.2230 0.5950 -0.7722
vn 0.0954 0.0865 -0.9917
vn 0.1758 -0.5737 -0.8000
vn -0.4208 -0.7571 0.4997
vn 0.0391 -0.2244 0.9737
vn 0.1070 -0.2236 0.9688
vn 0.1213 -0.2288 0.9659
vn 0.4209 -0.2359 0.8759
vn 0.1141 0.0587 0.9917
vn -0.6242 0.0362 -0.7804
vn -0.6575 0.0631 -0.7508
vn -0.6976 0.0975 -0.7098
vn -0.0044 -0.9983 -0.0583
vn 0.0029 -0.4620 -0.8869
vn -0.0496 0.9341 -0.3536
vn -0.0067 0.9957 0.0928
vn -0.0196 0.9955 0.0928
vn -0.0197 0.9953 0.0952
vn -0.5656 0.5050 -0.6520
vn 0.4246 0.0540 -0.9038
vn -0.0250 0.0481 -0.9985
vn -0.1014 -0.6632 0.7415
vn -0.1434 -0.2961 0.9443
vn 0.1493 -0.1083 0.9828
vn 0.2034 -0.1359 0.9696
vn 0.1596 -0.1135 0.9806
vn -0.4152 0.0548 0.9081
vn -0.4514 -0.1057 0.8860
vn -0.4251 -0.0238 0.9048
vn 0.7570 0.3014 0.5798
vn 0.7104 0.2609 0.6536
vn 0.6582 0.2186 0.7204
vn 0.6202 -0.5576 -0.5517
vn -0.7259 0.1232 -0.6766
vn 0.0761 -0.0324 -0.9966
vn 0.0852 -0.7606 0.6436
vn 0.8129 -0.4969 0.3037
vn 0.1474 -0.1073 0.9832
vn -0.0500 0.1026 0.9935
vn -0.1259 -0.3448 -0.9302
vn 0.7791 -0.2325 -0.5822
vn 0.5737 -0.2806 -0.7695
vn -0.2572 -0.1007 0.9611
vn 0.0442 -0.0613 0.9971
vn 0.1111 -0.2428 0.9637
vn 0.3057 -0.2749 0.9116
vn 0.2860 -0.2680 0.9200
vn 0.3044 -0.2745 0.9121
vn 0.1326 -0.0345 -0.9906
vn -0.0041 -0.4560 -0.8900
vn -0.0204 0.2242 -0.9743
vn -0.0065 0.0046 -1.0000
vn -0.0051 0.0751 -0.9972
vn -0.0649 0.1957 -0.9785
vn -0.0842 0.2399 -0.9671
vn -0.0183 0.1351 -0.9907
vn -0.0426 -0.0569 -0.9975
vn -0.0179 -0.0153 -0.9997
vn -0.0537 -0.0356 -0.9979
vn -0.1020 0.0627 -0.9928
vn -0.4612 -0.1690 0.8710
vn -0.0294 -0.9424 0.3332
vn -0.1200 -0.9667 0.2260
vn -0.0722 -0.9563 0.2834
vn -0.6016 -0.6085 0.5174
vn -0.3603 0.1296 -0.9238
vn 0.8524 -0.5050 -0.1357
vn 0.0002 -0.1905 0.9817
vn -0.0202 -0.2153 0.9763
vn -0.0750 -0.2892 0.9543
vn -0.4857 -0.1897 0.8533
vn -0.1573 -0.9711 0.1796
vn -0.3655 -0.6825 0.6330
vn -0.0010 0.3862 -0.9224
vn -0.5451 0.2379 -0.8039
vn -0.0491 0.2376 -0.9701
vn -0.0686 0.2190 -0.9733
vn 0.0036 -0.6040 0.7970
vn 0.0399 -0.6333 0.7728
vn 0.0129 -0.6117 0.7910
vn 0.6446 0.2080 0.7357
vn 0.3314 -0.2839 0.8998
vn 0.6583 -0.7502 0.0618
vn 0.6396 -0.7612 0.1068
vn 0.6531 -0.7536 0.0748
vn 0.5772 -0.3569 -0.7345
vn 0.0773 0.7618 0.6432
vn -0.0226 0.6932 0.7204
vn 0.0858 -0.9083 -0.4094
vn -0.1501 0.2267 -0.9623
vn 0.4258 -0.7604 0.4903
vn -0.1176 -0.9515 0.2843
vn 0.0024 -0.0537 -0.9986
vn -0.0091 0.1718 -0.9851
vn -0.1300 -0.0808 -0.9882
vn 0.1155 -0.4102 0.9046
vn 0.7649 -0.6353 -0.1061
vn 0.1397 0.0171 0.9900
vn 0.0945 0.0878 0.9916
vn 0.2333 0.0618 0.9704
vn -0.1509 -0.1068 0.9828
vn -0.1867 -0.9772 -0.1007
vn -0.7186 -0.6841 -0.1246
vn -0.0021 -0.9987 -0.0514
vn 0.0014 -0.7798 -0.6260
vn 0.0116 0.1601 -0.9870
vn 0.4226 -0.5848 -0.6925
vn 0.8863 0.1592 0.4349
vn 0.0121 -0.9998 0.0140
vn 0.1174 -0.9892 0.0878
vn 0.0368 -0.9988 0.0313
vn 0.2052 -0.3568 -0.9114
vn 0.1439 -0.2905 -0.9460
vn 0.1057 -0.1985 -0.9744
vn 0.1523 -0.2732 -0.9498
vn 0.9072 0.2994 -0.2955
vn -0.0829 -0.9952 -0.0527
vn -0.0225 -0.5820 0.8129
vn -0.6308 -0.7586 0.1634
vn -0.0132 -0.6159 -0.7877
vn 0.0248 -0.6395 -0.7684
vn -0.0198 -0.6117 -0.7908
vn 0.5794 -0.7690 0.2702
vn 0.5566 -0.7769 0.2941
vn 0.5369 -0.7830 0.3142
vn -0.0519 -0.5904 -0.8054
vn 0.3234 -0.7256 -0.6074
vn 0.6706 -0.7407 -0.0408
vn 0.6897 -0.7240 -0.0115
vn 0.6643 -0.7458 -0.0502
vn 0.5170 -0.7883 0.3337
vn 0.5748 -0.7353 -0.3590
vn -0.1803 -0.9835 0.0176
vn -0.1878 -0.9822 0.0019
vn -0.1675 -0.9849 0.0440
vn -0.1556 -0.9854 0.0684
vn 0.0102 -0.9526 0.3040
vn -0.4118 -0.7730 0.4826
vn -0.4483 -0.6537 0.6097
vn -0.4715 -0.6424 0.6041
vn -0.4279 -0.5596 0.7098
vn -0.4643 -0.5976 0.6537
vn 0.6366 -0.7660 -0.0895
vn 0.7436 0.1788 0.6443
vn -0.5467 -0.6367 -0.5438
vn -0.4884 -0.6977 -0.5241
vn -0.4736 -0.7118 -0.5187
vn 0.1810 -0.1941 0.9642
vn 0.9802 0.0024 -0.1978
vn 0.9756 -0.0110 -0.2193
vn 0.9865 0.0247 -0.1618
vn 0.9302 -0.3232 0.1741
vn -0.3900 -0.7825 -0.4854
vn 0.9880 0.0311 -0.1513
vn -0.0826 -0.4691 0.8793
vn -0.2518 0.1863 0.9497
vn -0.9792 0.0360 -0.1999
vn 0.1169 0.0666 0.9909
vn -0.9840 0.1730 0.0431
vn -0.8837 0.1238 -0.4514
vn -0.0071 -1.0000 -0.0057
vn 0.0201 -0.9992 -0.0350
vn -0.0860 -0.9931 0.0794
vn -0.5997 0.1522 0.7856
vn -0.0840 0.1397 -0.9866
vn -0.0747 0.1409 -0.9872
vn -0.1142 0.1356 -0.9842
vn 0.0903 -0.9898 -0.1106
vn 0.4625 -0.0099 -0.8866
vn 0.0068 -0.4518 -0.8921
vn -0.1333 0.1329 -0.9821
vn 0.1492 0.2929 0.9444
vn 0.1934 -0.9737 0.1207
vn 0.2070 -0.9735 0.0971
vn 0.2160 -0.9730 0.0813
vn 0.2626 -0.5186 0.8137
vn 0.9907 0.1331 -0.0285
vn 0.9745 0.2184 -0.0511
vn 0.9897 0.1420 -0.0161
vn 0.2304 -0.9715 0.0555
vn 0.9954 0.0932 -0.0235
vn 0.1736 0.9842 -0.0362
vn 0.2136 0.9768 0.0161
vn 0.1816 0.9830 -0.0258
vn -0.3902 -0.2179 -0.8946
vn 0.1524 -0.5056 -0.8492
vn 0.0336 -0.4532 -0.8908
vn 0.0813 -0.4752 -0.8761
vn 0.0561 -0.0390 0.9977
vn 0.0588 0.0011 0.9983
vn -0.0011 -0.0038 1.0000
vn 0.2945 0.5668 -0.7694
vn 0.2009 -0.2301 -0.9522
vn -0.1266 0.0097 0.9919
vn -0.0210 0.0132 0.9997
vn 0.1487 0.9865 -0.0681
vn -0.0420 -0.9870 0.1552
vn -0.9821 -0.0302 -0.1861
vn -0.8376 -0.5381 0.0941
vn -0.4028 -0.4738 -0.7831
vn 0.0728 -0.0820 -0.9940
vn 0.9965 0.0727 -0.0416
vn -0.7565 -0.5096 0.4099
vn 0.0678 0.0266 0.9973
vn -0.0513 0.3285 0.9431
vn 0.1943 0.0002 0.9809
vn 0.6668 -0.7442 0.0400
vn -0.0180 0.7847 -0.6196
vn -0.0061 0.7816 -0.6237
vn -0.0270 0.7918 -0.6102
vn 0.5144 -0.3469 -0.7842
vn -0.0555 -0.9983 -0.0193
vn -0.5933 0.3463 -0.7267
vn -0.5076 0.4202 -0.7522
vn -0.5278 0.4014 -0.7485
vn -0.4261 0.4751 -0.7699
vn 0.0228 0.0069 -0.9997
vn -0.5276 -0.7785 -0.3401
vn 0.0111 -0.8478 0.5302
vn -0.0112 -0.8264 0.5630
vn -0.0010 -0.0515 -0.9987
vn -0.1939 0.2443 -0.9501
vn 0.9921 -0.0755 0.1001
vn 0.0958 0.0065 0.9954
vn 0.1054 -0.8403 -0.5318
vn 0.0011 0.3932 -0.9195
vn -0.0386 0.7671 0.6404
vn 0.7438 0.6614 -0.0968
vn 0.8288 -0.1085 0.5489
vn 0.8305 -0.1032 0.5474
vn 0.8312 -0.1010 0.5467
vn 0.5596 -0.7610 -0.3282
vn -0.1747 0.9737 -0.1461
vn -0.7898 0.6012 0.1213
vn -0.1153 -0.5926 0.7972
vn 0.8328 -0.0960 0.5452
vn 0.8890 -0.4574 0.0230
vn 0.3166 -0.1084 -0.9424
vn -0.0228 0.8532 -0.5211
vn 0.4448 0.8887 0.1116
vn 0.0250 0.0433 -0.9988
vn -0.0016 0.0412 -0.9991
vn 0.0851 0.0226 0.9961
vn 0.0850 0.0198 0.9962
vn -0.2288 -0.5449 0.8067
vn -0.3607 -0.5798 0.7305
vn -0.2903 -0.5627 0.7740
vn 0.5247 0.0912 -0.8464
vn -0.5125 -0.7681 0.3840
vn -0.4277 -0.5927 0.6825
vn 0.7148 0.0158 -0.6991
vn 0.7158 0.0155 -0.6981
vn 0.7177 0.0147 -0.6962
vn -0.0320 -0.0264 -0.9991
vn -0.0260 -0.0318 -0.9992
vn -0.0222 -0.0353 -0.9991
vn 0.0098 -0.8448 0.5351
vn 0.0511 0.0425 -0.9978
vn -0.1561 -0.9703 -0.1850
vn 0.9925 0.0537 0.1096
vn 0.7186 0.0143 -0.6953
vn -0.0168 -0.0401 -0.9991
vn -0.0257 0.8529 -0.5215
vn -0.0463 0.9886 0.1432
vn -0.0265 0.7987 0.6011
vn 0.7378 0.1214 -0.6640
vn 0.6401 0.0895 -0.7631
vn 0.6272 0.0854 -0.7741
vn -0.6143 0.3445 -0.7099
vn -0.0291 -0.4223 -0.9060
vn 0.8480 -0.2754 0.4528
vn -0.0432 0.9881 0.1477
vn 0.7516 0.1262 -0.6475
vn 0.0469 -0.6205 -0.7828
vn -0.0331 0.7973 0.6027
vn 0.1528 -0.4517 -0.8790
vn 0.2534 -0.0383 -0.9666
vn 0.2818 -0.0348 -0.9588
vn -0.6071 -0.6806 0.4103
vn -0.0731 -0.9791 0.1900
vn -0.8064 0.1441 -0.5736
vn -0.6237 0.3457 -0.7011
vn 0.3505 -0.0463 0.9354
vn 0.8799 -0.3202 -0.3510
vn 0.8996 -0.2394 -0.3652
vn 0.9086 -0.1891 -0.3725
vn -0.3564 -0.4493 -0.8192
vn -0.3763 -0.3582 -0.8544
vn -0.3747 -0.3663 -0.8517
vn -0.7138 -0.0858 -0.6951
vn -0.0088 0.3994 -0.9167
vn -0.2953 0.1687 -0.9404
vn -0.3971 0.0315 -0.9173
vn -0.3552 0.0900 -0.9304
vn -0.1215 -0.6508 -0.7495
vn 0.9165 -0.1235 -0.3806
vn 0.5594 -0.4791 -0.6765
vn -0.0108 -0.8147 0.5798
vn -0.0169 0.7433 0.6687
vn -0.0427 0.5755 0.8167
vn 0.3270 -0.0499 -0.9437
vn 0.3201 -0.0546 -0.9458
vn 0.1714 -0.5815 0.7953
vn 0.0907 -0.6206 0.7788
vn 0.1633 -0.5856 0.7940
vn 0.2627 -0.9041 -0.3371
vn 0.2747 -0.8982 -0.3431
vn 0.1643 -0.9441 -0.2859
vn -0.3873 -0.2967 -0.8729
vn -0.4399 -0.0319 -0.8975
vn 0.3669 0.0056 0.9302
vn 0.3494 0.0411 0.9361
vn 0.3531 0.0337 0.9350
vn 0.3377 0.0641 0.9391
vn 0.2413 -0.5429 0.8044
vn 0.2474 -0.3168 -0.9157
vn 0.2530 -0.3343 -0.9079
vn 0.2493 -0.3226 -0.9131
vn 0.9967 -0.0126 -0.0802
vn 0.9975 -0.0084 -0.0697
vn 0.9949 -0.0198 -0.0985
vn -0.4658 -0.8087 -0.3592
vn -0.4229 -0.8118 -0.4027
vn -0.5121 -0.8016 -0.3084
vn -0.7197 -0.5373 -0.4398
vn -0.1205 -0.0760 -0.9898
vn 0.2764 -0.0066 -0.9610
vn 0.9941 -0.0227 -0.1057
vn 0.8677 -0.0769 -0.4912
vn 0.3607 -0.8495 -0.3851
vn -0.3806 -0.8119 -0.4428
vn -0.1729 -0.6392 0.7493
vn 0.2441 -0.3067 -0.9200
vn -0.0199 0.0788 -0.9967
vn -0.0732 0.0342 -0.9967
vn -0.0475 0.0557 -0.9973
vn -0.0860 0.0235 -0.9960
vn -0.0919 -0.9947 0.0454
vn 0.7708 0.0950 0.6300
vn 0.7252 -0.6652 0.1777
vn 0.0066 -0.9925 -0.1224
vn 0.0047 -0.8437 0.5368
vn -0.0490 0.8055 -0.5906
vn 0.3459 -0.0371 -0.9375
vn -0.3781 -0.5364 -0.7545
vn -0.5266 -0.4682 -0.7095
vn -0.4470 -0.5073 -0.7368
vn 0.5557 -0.0137 -0.8313
vn -0.0507 -0.1035 -0.9933
vn 0.0065 -0.0734 -0.9973
vn -0.0291 0.3279 -0.9443
vn 0.2222 0.0296 -0.9745
vn 0.3756 -0.0396 -0.9259
vn 0.3807 -0.0463 -0.9235
vn 0.3317 0.0238 -0.9431
vn 0.9996 -0.0113 -0.0259
vn 0.9999 0.0056 0.0105
vn 0.9997 0.0112 0.0227
vn 0.0159 -0.5007 -0.8655
vn 0.9984 -0.0235 -0.0523
vn -0.2983 -0.5652 -0.7692
vn 0.0117 -0.5843 0.8115
vn -0.0065 -0.5475 0.8368
vn -0.0000 -0.5681 0.8229
vn 0.0368 -0.8615 -0.5063
vn 0.0093 -0.8214 -0.5703
vn -0.3419 -0.7251 -0.5978
vn -0.3436 -0.9021 -0.2611
vn 0.0078 -0.0809 -0.9967
vn -0.0010 -0.8467 0.5321
vn 0.0205 -0.5063 -0.8621
vn -0.0455 0.8031 0.5941
vn 0.0278 -0.5279 0.8488
vn 0.0277 -0.9959 -0.0859
vn -0.0498 0.7731 -0.6323
vn 0.3650 -0.3973 -0.8420
vn 0.0405 -0.5027 0.8635
vn 0.0277 -0.8106 0.5850
vn -0.0327 0.3265 -0.9446
vn -0.0637 0.9934 0.0953
vn 0.3852 0.2092 -0.8988
vn 0.0665 -0.3001 -0.9516
vn 0.3761 0.7634 0.5251
vn -0.0754 0.9934 0.0869
vn 0.0193 -0.8844 0.4663
vn 0.7703 -0.0126 -0.6376
vn 0.7644 -0.0580 -0.6421
vn 0.7709 0.0024 -0.6369
vn 0.7747 0.0262 -0.6318
vn 0.7773 0.0281 -0.6286
vn -0.0483 0.6259 0.7784
vn -0.0530 0.5965 0.8009
vn -0.0395 0.7351 0.6768
vn -0.0865 0.8014 0.5918
vn 0.0469 -0.9914 -0.1222
vn -0.0697 0.7503 -0.6574
vn 0.0462 -0.8499 0.5249
vn 0.0372 -0.5525 0.8327
vn -0.0244 0.2587 -0.9656
vn -0.9827 -0.1719 0.0691
vn 0.6415 -0.0139 -0.7670
vn 0.6321 -0.0151 -0.7747
vn -0.1557 -0.5978 0.7864
vn -0.2402 0.1946 0.9510
vn 0.6543 -0.7260 0.2118
vn -0.4371 0.8567 -0.2739
vn -0.1725 0.5724 -0.8016
vn -0.0119 -0.0054 0.9999
vn 0.0205 -0.1616 0.9866
vn 0.0243 -0.1768 0.9839
vn 0.0817 -0.9960 0.0366
vn -0.0765 0.7208 -0.6889
vn -0.8053 0.3735 -0.4603
vn -0.8894 0.4405 -0.1220
vn -0.1182 0.9916 -0.0533
vn -0.1809 0.9537 -0.2401
vn 0.0971 -0.8652 -0.4919
vn 0.0011 -0.9953 -0.0966
vn -0.5951 0.7042 0.3874
vn -0.0157 0.0138 0.9998
vn -0.0371 0.2363 -0.9710
vn -0.1198 0.9740 0.1922
vn -0.4395 0.4088 -0.7998
vn 0.0493 0.1726 -0.9838
vn -0.0378 0.3791 -0.9246
vn 0.1280 0.3059 -0.9434
vn -0.9973 0.0648 -0.0341
vn -0.0231 -0.2146 0.9764
vn -0.0373 -0.1758 0.9837
vn -0.6148 -0.0869 0.7838
vn -0.5757 0.0058 0.8176
vn -0.6089 -0.0718 0.7900
vn -0.0583 0.6371 0.7685
vn 0.0178 -0.1657 -0.9860
vn -0.1611 0.9512 -0.2632
vn -0.2677 0.9338 -0.2373
vn 0.7809 0.1420 -0.6083
vn -0.7112 0.6195 -0.3323
vn -0.5019 0.8295 -0.2450
vn -0.0871 0.8233 0.5609
vn -0.0054 0.2851 0.9585
vn 0.0020 0.2926 0.9562
vn -0.0259 0.2419 0.9700
vn 0.0785 -0.8700 -0.4867
vn 0.0547 -0.8995 -0.4336
vn -0.1240 0.0008 0.9923
vn 0.1837 -0.0336 0.9824
vn -0.0176 0.0206 0.9996
vn 0.2350 0.1240 -0.9640
vn 0.1058 -0.4056 0.9079
vn -0.6355 -0.1436 0.7586
vn 0.0106 -0.1732 -0.9848
vn 0.4516 0.2304 -0.8620
vn 0.3450 0.1106 -0.9321
vn -0.7364 0.1090 0.6677
vn -0.3803 -0.4245 0.8217
vn 0.0509 -0.8475 0.5284
vn 0.0276 -0.5602 -0.8279
vn -0.7891 0.0322 -0.6135
vn -0.1036 0.0266 0.9943
vn -0.4933 0.3919 -0.7766
vn -0.4774 -0.6032 0.6390
vn -0.5279 -0.3648 0.7669
vn -0.8844 -0.2732 0.3785
vn -0.1323 0.6510 -0.7475
vn -0.1562 0.6504 -0.7434
vn -0.4490 -0.8850 -0.1230
vn -0.4692 -0.8790 -0.0848
vn -0.5394 -0.8420 -0.0098
vn 0.5158 -0.7846 0.3440
vn -0.0433 0.6210 0.7826
vn 0.0370 -0.5929 0.8044
vn -0.1751 0.7116 -0.6804
vn -0.1724 0.7351 -0.6557
vn -0.2235 0.0046 0.9747
vn 0.4699 -0.7837 0.4062
vn -0.9909 -0.1018 -0.0877
vn -0.9559 0.2452 -0.1615
vn 0.0081 -0.2420 0.9702
vn -0.5721 -0.8200 -0.0181
vn -0.3269 -0.7878 0.5221
vn -0.4235 -0.6886 0.5887
vn -0.3710 -0.7457 0.5534
vn -0.5563 0.4573 -0.6938
vn 0.0406 -0.5809 -0.8130
vn 0.5303 -0.8345 -0.1499
vn 0.5696 -0.8156 -0.1021
vn 0.4007 -0.8945 -0.1981
vn 0.0086 -0.7765 0.6300
vn -0.6963 0.5405 -0.4723
vn 0.0991 -0.9951 -0.0042
vn -0.0471 0.2910 -0.9555
vn -0.3175 0.0275 -0.9479
vn -0.3218 0.0270 -0.9464
vn 0.3566 -0.9065 -0.2262
vn -0.7125 0.0590 0.6992
vn 0.1697 -0.9279 0.3320
vn -0.0274 0.3166 0.9482
vn -0.0163 0.1906 0.9815
vn 0.0595 -0.6303 0.7741
vn -0.0824 0.3344 -0.9388
vn -0.6858 -0.6989 0.2031
vn -0.8264 -0.4251 -0.3692
vn -0.8635 0.0585 -0.5009
vn -0.2670 -0.8371 0.4775
vn -0.9917 0.0751 0.1044
vn -0.7005 0.0617 0.7110
vn -0.9888 0.0789 0.1264
vn -0.5992 -0.7988 -0.0536
vn 0.4985 -0.6517 -0.5717
vn 0.0001 0.0230 0.9997
vn 0.0510 -0.8477 0.5280
vn -0.0924 0.3449 -0.9341
vn 0.2565 -0.9400 -0.2249
vn 0.1535 -0.9880 0.0194
vn -0.5919 -0.7042 -0.3922
vn -0.5962 -0.6925 -0.4062
vn -0.5951 -0.6955 -0.4026
vn 0.0302 -0.1618 -0.9864
vn 0.0189 -0.1952 -0.9806
vn 0.0211 -0.1892 -0.9817
vn -0.2798 -0.9271 -0.2493
vn -0.2484 -0.9551 -0.1617
vn -0.2918 -0.9133 -0.2841
vn -0.5993 -0.6837 -0.4165
vn 0.0132 0.0895 -0.9959
vn -0.8837 0.0688 -0.4630
vn -0.5637 -0.5859 0.5822
vn 0.0034 -0.2495 0.9684
vn -0.3117 -0.8857 -0.3441
vn 0.0360 -0.4834 -0.8747
vn 0.0060 -0.5177 -0.8555
vn 0.0076 -0.5001 -0.8659
vn 0.0071 -0.5049 -0.8632
vn -0.4160 -0.4875 -0.7677
vn 0.0031 -0.2492 0.9685
vn 0.0551 -0.8170 -0.5739
vn 0.0373 -0.4744 -0.8795
vn 0.0322 -0.1574 -0.9870
vn 0.0490 -0.7440 0.6664
vn 0.0490 -0.7443 0.6660
vn 0.0483 -0.7422 0.6684
vn 0.0907 -0.8579 -0.5058
vn -0.0000 -0.4662 0.8847
vn 0.0204 -0.6667 -0.7450
vn 0.0380 -0.9374 0.3460
vn 0.0604 -0.9717 0.2285
vn 0.0334 -0.9288 0.3692
vn 0.0722 -0.8472 0.5263
vn 0.0598 -0.7942 0.6047
vn 0.1355 -0.9190 -0.3703
vn 0.1310 -0.9891 0.0674
vn 0.0431 -0.6400 0.7672
vn 0.0473 -0.8033 -0.5937
vn 0.0653 -0.9773 0.2014
vn 0.0656 -0.7741 0.6296
vn -0.0000 -0.6502 0.7597
vn 0.3130 -0.9333 -0.1760
vn 0.1619 -0.9247 0.3447
vn 0.0052 -0.5267 -0.8500
vn 0.0230 -0.6336 0.7733
vn 0.1028 -0.9945 -0.0176
vn -0.1426 0.0009 -0.9898
vn -0.1669 -0.0173 -0.9858
vn -0.0842 0.0277 -0.9961
vn -0.0229 -0.9816 -0.1895
vn -0.0081 -0.6202 0.7844
vn -0.8113 -0.4388 -0.3863
vn 0.0999 -0.0072 -0.9950
vn 0.5157 0.0630 -0.8545
vn -0.9720 0.0981 0.2135
vn -0.8406 0.0642 -0.5379
vn -0.2278 0.0554 0.9721
vn -0.9762 0.0421 -0.2126
vn -0.9767 0.0333 -0.2122
vn -0.9675 0.0639 -0.2448
vn -0.4470 0.0162 -0.8944
vn -0.4290 0.0306 -0.9028
vn -0.4436 0.0277 -0.8958
vn 0.5396 -0.0124 0.8418
vn 0.1472 0.0016 -0.9891
vn 0.9910 -0.0589 -0.1202
vn 0.9996 -0.0275 -0.0034
vn 0.9995 -0.0228 0.0198
vn -0.8133 0.0314 0.5810
vn -0.8043 0.0440 0.5926
vn -0.8184 0.0196 0.5743
vn 0.0504 -0.0039 0.9987
vn 0.0494 -0.0202 0.9986
vn 0.0377 -0.0042 0.9993
vn 0.7245 -0.0470 -0.6876
vn 0.7201 -0.0528 -0.6919
vn 0.7325 -0.0356 -0.6798
vn 0.7200 -0.0528 -0.6919
vn 0.9949 -0.0844 0.0543
vn 0.7452 -0.0532 0.6648
vn 0.7498 -0.0683 0.6581
vn 0.7395 -0.0357 0.6722
vn -0.2625 0.0074 -0.9649
vn -0.1826 0.0189 -0.9830
vn -0.7261 0.0323 -0.6868
vn -0.7250 0.0312 -0.6880
vn -0.7172 0.0286 -0.6962
vn 0.7344 -0.0207 0.6784
vn -0.7669 0.0300 0.6411
vn -0.1364 -0.0010 0.9907
vn -0.1189 0.0041 0.9929
vn -0.9917 0.0689 -0.1089
vn -0.9972 0.0514 -0.0551
vn -0.7673 0.0201 0.6410
vn 0.1550 0.0065 -0.9879
vn 0.9929 -0.0509 0.1075
vn 0.7368 -0.0294 -0.6754
vn -0.9638 0.0461 -0.2626
vn 0.9397 -0.0621 -0.3364
vn 0.9378 -0.0639 -0.3411
vn 0.9491 -0.0490 -0.3111
vn 0.4866 -0.0571 0.8718
vn 0.4470 -0.0195 0.8943
vn 0.4771 -0.0417 0.8779
vn -0.6213 0.0390 -0.7826
vn 0.5223 -0.0436 -0.8517
vn 0.5247 -0.0277 -0.8509
vn 0.5246 -0.0305 -0.8508
vn 0.9917 -0.0349 0.1236
vn -0.1325 0.0139 0.9911
vn -0.1117 0.0001 -0.9937
vn -0.7714 0.0110 0.6363
vn -0.9549 0.0518 -0.2923
vn -0.6279 0.0397 -0.7773
vn -0.9037 0.0793 0.4209
vn -0.9080 0.0741 0.4123
vn -0.9217 0.0536 0.3841
vn 0.2465 -0.0214 0.9689
vn -0.4216 0.0073 0.9068
vn -0.4149 0.0151 0.9097
vn -0.4024 0.0280 0.9150
vn 0.9185 -0.0407 0.3934
vn 0.9128 -0.0624 0.4037
vn 0.9157 -0.0515 0.3985
vn 0.1672 0.0055 0.9859
vn -0.6387 0.0241 -0.7690
vn -0.7986 0.0310 -0.6011
vn -0.9950 0.0432 -0.0904
vn -0.0580 0.0086 -0.9983
vn 0.5201 -0.0111 -0.8541
vn 0.5197 -0.0106 -0.8543
vn 0.9282 -0.0275 -0.3712
vn -0.9957 0.0448 -0.0812
vn 0.0033 -0.0127 0.9999
vn -0.4106 0.0190 -0.9116
vn -0.8702 0.0328 0.4916
vn 0.9211 -0.0301 0.3882
vn -0.3610 0.0271 0.9322
vn -0.8710 0.0331 0.4901
vn 0.0645 0.0062 -0.9979
vn 0.0804 -0.0028 -0.9968
vn 0.9985 -0.0503 -0.0231
vn 0.9992 -0.0327 -0.0239
vn 0.9992 -0.0311 -0.0240
vn 0.7814 -0.0116 0.6240
vn 0.7179 -0.0518 0.6942
vn 0.7231 -0.0460 0.6892
vn 0.9257 -0.0255 -0.3774
vn 0.5200 -0.0080 -0.8541
vn -0.8559 0.0407 0.5156
vn -0.2576 0.0025 -0.9663
vn 0.7932 -0.0505 -0.6069
vn 0.7891 -0.0459 -0.6125
vn 0.7771 -0.0302 -0.6286
vn -0.8668 0.0251 -0.4980
vn -0.8529 0.0343 -0.5210
vn -0.3583 0.0265 0.9332
vn 0.6240 -0.0217 0.7811
vn -0.9957 0.0463 -0.0801
vn -0.0945 0.0170 0.9954
vn -0.9734 0.0176 0.2283
vn -0.9725 0.0225 0.2319
vn -0.9699 0.0296 0.2418
vn 0.2404 -0.0079 -0.9706
vn -0.8539 0.0422 0.5187
vn 0.0491 -0.0008 0.9988
vn -0.2450 0.0106 -0.9695
vn 0.0620 -0.0017 0.9981
vn 0.7876 -0.0156 -0.6160
vn 0.5403 -0.0105 0.8414
vn -0.8527 0.0355 -0.5212
vn 0.1827 -0.0208 -0.9829
vn 0.9996 -0.0135 -0.0248
vn -0.5276 -0.0141 0.8494
vn -0.5204 -0.0094 0.8539
vn -0.4911 0.0094 0.8711
vn 0.9674 -0.0152 0.2526
vn 0.9275 -0.0447 0.3711
vn 0.9320 -0.0408 0.3601
vn -0.8940 0.0003 0.4480
vn -0.9937 0.0139 -0.1114
vn -0.9931 0.0181 -0.1159
vn -0.9936 0.0181 -0.1116
vn 0.7120 0.0183 -0.7019
vn -0.9168 0.0171 0.3990
vn -0.2400 0.0195 -0.9706
vn 0.6731 0.0012 -0.7396
vn 0.0576 0.0050 -0.9983
vn -0.4820 0.0144 0.8760
vn -0.0179 -0.0040 -0.9998
vn 0.4443 -0.0362 0.8951
vn -0.6123 -0.0025 -0.7906
vn -0.6157 -0.0040 -0.7879
vn -0.5872 0.0083 -0.8094
vn -0.0412 0.0003 -0.9991
vn 0.5351 -0.0123 -0.8447
vn 0.4616 0.0075 -0.8870
vn -0.4568 -0.0146 0.8895
vn 0.9980 -0.0265 0.0567
vn -0.5969 0.0085 -0.8023
vn -0.3192 0.0321 0.9471
vn -0.6718 -0.0111 -0.7407
vn 0.3849 -0.0063 -0.9230
vn 0.9989 -0.0245 0.0400
vn -0.8514 0.0189 0.5242
vn -0.0091 0.0039 -1.0000
vn 0.9394 -0.0075 -0.3428
vn 0.9250 -0.0233 -0.3793
vn 0.9247 -0.0261 -0.3798
vn 0.0827 -0.0022 0.9966
vn -0.9802 -0.0070 -0.1978
vn -0.9722 0.0075 -0.2342
vn 0.9842 -0.0247 0.1756
vn 0.9988 -0.0001 0.0483
vn 0.0931 0.0031 0.9957
vn -0.9448 0.0096 0.3275
vn -0.9412 0.0117 0.3376
vn 0.5353 0.0042 -0.8447
vn 0.5345 0.0033 -0.8452
vn 0.1349 0.0001 0.9909
vn 0.9107 0.0044 -0.4130
vn 0.8685 -0.0158 -0.4955
vn 0.9665 -0.0064 0.2564
vn -0.5916 0.0143 0.8061
vn 0.9021 0.0125 -0.4312
vn 0.4359 -0.0385 0.8992
vn -0.9998 0.0154 0.0084
vn -0.9898 -0.0154 0.1419
vn -0.7919 0.0150 -0.6105
vn 0.0087 -0.0031 -1.0000
vn 0.7203 0.0012 0.6937
vn 0.7200 0.0014 0.6940
vn 0.7196 -0.0002 0.6944
vn -0.9441 0.0123 0.3294
vn 0.6622 -0.0083 0.7493
vn -0.3295 -0.0023 0.9441
vn -0.3269 -0.0051 0.9451
vn -0.3355 0.0038 0.9420
vn -0.5983 0.0162 0.8011
vn -0.8020 -0.0005 0.5974
vn -0.7502 -0.0166 0.6610
vn -0.7978 -0.0021 0.6029
vn 0.9733 0.0015 0.2297
vn -0.3381 0.0065 0.9411
vn 0.1458 0.0031 0.9893
vn -0.8603 -0.0129 -0.5096
vn 0.6179 -0.0003 0.7862
vn -0.4681 -0.0060 -0.8837
vn -0.4577 -0.0019 -0.8891
vn -0.4699 -0.0058 -0.8827
vn 0.9186 0.0234 -0.3945
vn -0.9912 -0.0211 0.1303
vn 0.9664 0.0182 -0.2564
vn -0.9937 -0.0115 0.1114
vn 0.9696 0.0049 0.2447
vn -0.0686 -0.0084 0.9976
vn -0.8707 -0.0177 -0.4915
vn 0.5341 0.0066 -0.8454
vn 0.9646 0.0070 0.2635
vn -0.6384 0.0037 0.7697
vn -0.6286 -0.0034 0.7777
vn -0.0557 -0.0049 0.9984
vn 0.9706 0.0208 -0.2397
vn 0.5604 -0.0045 0.8282
vn 0.4070 0.0137 0.9133
vn -0.0305 -0.0026 -0.9995
vn 0.9419 0.0368 0.3340
vn 0.3884 0.0196 0.9213
vn -0.6584 -0.0141 0.7525
vn -0.9607 -0.0233 0.2766
vn 0.9318 0.0356 0.3612
vn 0.4901 0.0209 -0.8714
vn -0.5687 -0.0150 -0.8224
vn -0.0841 -0.0048 0.9964
vn -0.9536 -0.0336 -0.2992
vn -0.9313 -0.0123 -0.3641
vn -0.5027 -0.0291 -0.8640
vn 0.4099 0.0145 0.9120
vn 0.5941 0.0175 -0.8042
vn -0.6674 -0.0142 0.7445
vn -0.9532 -0.0158 0.3020
vn -0.0407 0.0031 -0.9992
vn 0.9308 0.0346 0.3639
vn 0.0585 0.0013 -0.9983
vn 0.9931 0.0189 -0.1155
vn 0.9926 0.0168 -0.1201
vn 0.8308 0.0307 0.5557
vn 0.7964 0.0105 0.6047
vn 0.8000 0.0128 0.5998
vn 0.7623 0.0101 -0.6472
vn 0.7594 0.0117 -0.6505
vn -0.0485 -0.0045 0.9988
vn -0.0035 0.0092 1.0000
vn -0.4717 -0.0175 -0.8816
vn 0.7008 -0.0112 0.7133
vn -0.9522 -0.0141 0.3053
vn 0.5415 0.0275 -0.8403
vn -0.9306 -0.0101 -0.3660
vn 0.0382 -0.0033 -0.9993
vn -0.7404 -0.0256 0.6717
vn -0.9990 -0.0328 -0.0290
vn -0.9990 -0.0338 -0.0287
vn -0.9991 -0.0324 -0.0291
vn 0.8905 0.0217 0.4546
vn 0.5623 0.0013 0.8269
vn -0.7494 -0.0198 0.6619
vn 0.6167 0.0062 -0.7872
vn 0.9824 0.0322 -0.1840
vn 0.9735 0.0234 -0.2275
vn 0.8932 0.0211 0.4492
vn 0.0046 0.0036 -1.0000
vn 0.1705 -0.0022 0.9854
vn -0.4916 -0.0152 -0.8707
vn -0.7984 -0.0291 -0.6014
vn 0.5461 0.0329 -0.8371
vn -0.4929 -0.0145 -0.8700
vn 0.9538 0.0466 -0.2967
vn -0.4059 -0.0263 0.9135
vn -0.4199 -0.0337 0.9069
vn -0.4030 -0.0244 0.9149
vn -0.7513 -0.0177 0.6597
vn -0.9258 -0.0454 0.3752
vn -0.9202 -0.0469 0.3886
vn -0.9189 -0.0557 0.3906
vn -0.9991 -0.0314 -0.0294
vn 0.7356 0.0252 0.6770
vn 0.9447 0.0272 0.3268
vn 0.9401 0.0171 0.3405
vn 0.9405 0.0161 0.3393
vn 0.9564 0.0601 -0.2858
vn 0.7469 0.0572 0.6625
vn -0.9361 -0.0420 -0.3493
vn -0.9314 -0.0591 -0.3590
vn -0.9336 -0.0515 -0.3547
vn 0.2018 0.0136 0.9793
vn 0.5471 0.0332 -0.8364
vn -0.9381 -0.0342 -0.3448
vn -0.9827 -0.0681 0.1720
vn -0.0869 -0.0127 -0.9961
vn -0.2602 -0.0211 -0.9653
vn 0.2275 0.0117 -0.9737
vn 0.9576 0.0627 -0.2812
vn 0.2109 0.0214 0.9773
vn -0.9832 -0.0692 0.1691
vn -0.4922 -0.0162 -0.8703
vn 0.8247 0.0294 -0.5647
vn 0.8210 0.0389 -0.5695
vn 0.8172 0.0488 -0.5743
vn 0.9851 0.0852 0.1495
vn -0.4444 -0.0330 0.8952
vn -0.7921 -0.0447 -0.6088
vn -0.7865 -0.0684 -0.6137
vn -0.7882 -0.0446 -0.6138
vn 0.9967 0.0603 0.0538
vn 0.8339 0.0479 0.5498
vn 0.8620 0.0374 0.5056
vn 0.8374 0.0461 0.5447
vn 0.2387 0.0303 0.9706
vn -0.4598 -0.0349 0.8873
vn -0.9978 -0.0505 0.0441
vn -0.5043 -0.0166 0.8634
vn -0.8174 -0.0668 -0.5722
vn -0.8534 -0.0461 -0.5192
vn 0.3897 0.0657 0.9186
vn -0.9980 -0.0479 0.0421
vn -0.4174 -0.0209 -0.9085
vn -0.5125 -0.0127 0.8586
vn -0.1456 0.0815 0.9860
vn -0.1306 -0.0153 0.9913
vn -0.1467 0.0886 0.9852
vn 0.3280 0.0221 -0.9444
vn 0.8984 0.0721 0.4332
vn 0.9883 0.0758 -0.1325
vn 0.9892 0.0828 -0.1212
vn 0.8143 0.0592 -0.5774
vn 0.4258 0.1213 0.8966
vn -0.2231 -0.0166 -0.9747
vn -0.1980 -0.0223 -0.9799
vn 0.3322 0.0194 -0.9430
vn 0.8077 0.0634 -0.5861
vn -0.9975 -0.0664 -0.0226
vn 0.0955 -0.0049 -0.9954
vn 0.0494 0.0639 -0.9967
vn 0.0774 0.0222 -0.9968
vn 0.0274 0.0963 -0.9950
vn 0.5872 0.0141 -0.8093
vn 0.8988 -0.3445 -0.2710
vn -0.0802 -0.2187 -0.9725
vn -0.9842 -0.0023 -0.1772
vn -0.9943 0.0224 -0.1039
vn -0.9907 0.0118 -0.1354
vn -0.0732 -0.1427 -0.9871
vn 0.0584 0.2611 -0.9636
vn -0.7195 -0.0506 0.6926
vn -0.7531 -0.0857 0.6523
vn -0.7522 -0.0600 0.6562
vn -0.0606 -0.3615 -0.9304
vn -0.6190 -0.4990 -0.6066
vn -0.1090 0.1414 -0.9839
vn -0.9786 -0.0119 -0.2054
vn -0.8556 -0.0957 -0.5086
vn 0.8827 0.0500 -0.4673
vn 0.4510 0.1832 0.8735
vn 0.2025 0.1238 0.9714
vn 0.8627 0.0925 0.4972
vn -0.9495 -0.0320 0.3122
vn -0.9225 -0.0979 0.3734
vn -0.9356 -0.0684 0.3463
vn -0.9109 -0.1212 0.3944
vn -0.9831 -0.1661 0.0767
vn -0.9878 -0.1503 0.0405
vn -0.9892 -0.1461 0.0125
vn 0.9586 0.0543 -0.2794
vn 0.9551 0.0587 -0.2903
vn 0.7878 0.1459 0.5984
vn 0.7894 0.1174 0.6026
vn 0.7498 0.0766 0.6573
vn -0.7000 -0.0777 -0.7099
vn -0.9814 -0.1743 0.0799
vn -0.5606 0.6180 -0.5511
vn -0.7505 0.1314 -0.6476
vn -0.7507 0.1316 -0.6474
vn -0.7491 0.1291 -0.6498
vn -0.6788 -0.7188 -0.1501
vn -0.6723 -0.6789 -0.2952
vn -0.5322 -0.8007 -0.2751
vn -0.3682 -0.2194 -0.9035
vn -0.1633 0.2078 0.9644
vn -0.1723 0.8689 0.4641
vn -0.1344 0.9223 0.3624
vn -0.1626 0.8841 0.4381
vn 0.5704 -0.0096 -0.8213
vn 0.7867 -0.1501 -0.5988
vn 0.7908 -0.1501 -0.5934
vn 0.7879 -0.1501 -0.5972
vn 0.7877 -0.6035 0.1237
vn -0.8216 0.0294 -0.5693
vn -0.1105 0.1575 -0.9813
vn -0.7524 0.1343 -0.6449
vn -0.9492 -0.2423 -0.2008
vn -0.5722 -0.0499 0.8186
vn -0.5548 -0.0457 0.8307
vn -0.1193 0.9393 0.3217
vn -0.8505 -0.2920 -0.4375
vn -0.8735 -0.2744 -0.4021
vn -0.8116 -0.3179 -0.4901
vn -0.3456 -0.8865 -0.3077
vn -0.9958 -0.0584 -0.0709
vn -0.0415 -0.3698 -0.9282
vn -0.1046 -0.3537 -0.9295
vn -0.2250 -0.2953 -0.9285
vn -0.8494 -0.4533 -0.2701
vn -0.4761 -0.7129 -0.5149
vn -0.0586 0.0210 -0.9981
vn 0.3343 -0.2939 -0.8955
vn 0.3138 -0.3256 -0.8919
vn 0.3003 -0.2211 -0.9279
vn -0.2621 -0.2950 -0.9189
vn -0.9001 -0.2512 -0.3560
vn 0.7810 -0.1500 -0.6062
vn -0.3746 0.4988 0.7816
vn -0.7360 -0.0932 -0.6705
vn 0.2492 -0.1291 -0.9598
vn -0.9798 -0.1871 0.0711
vn -0.6075 -0.0465 0.7930
vn 0.9972 0.0580 -0.0470
vn 0.9979 0.0557 -0.0334
vn -0.1019 -0.0282 -0.9944
vn -0.0827 -0.0312 -0.9961
vn -0.1407 0.9784 -0.1514
vn -0.1392 0.9792 -0.1474
vn -0.1397 0.9789 -0.1489
vn -0.3958 -0.3987 0.8273
vn -0.0249 0.2120 0.9770
vn -0.0221 0.2045 0.9786
vn -0.0059 0.1540 0.9881
vn 0.8065 0.0642 -0.5877
vn -0.0598 -0.9529 0.2974
vn -0.0432 -0.9357 0.3502
vn -0.0608 -0.9885 0.1383
vn -0.1411 0.9782 -0.1525
vn -0.0362 0.0638 -0.9973
vn 0.5632 -0.0146 -0.8262
vn -0.1595 -0.3762 0.9127
vn -0.0122 -0.2674 0.9635
vn -0.0098 -0.2503 0.9681
vn -0.0217 -0.3357 0.9417
vn -0.0728 -0.9549 -0.2878
vn -0.0680 -0.9626 -0.2624
vn -0.0661 -0.9108 -0.4075
vn -0.0124 0.7148 0.6992
vn 0.0054 0.7001 0.7141
vn 0.0059 0.7396 0.6730
vn -0.9198 -0.0993 0.3797
vn -0.9971 -0.0688 -0.0310
vn -0.0400 0.9910 -0.1280
vn -0.0071 0.9941 0.1081
vn -0.0116 0.9969 0.0773
vn 0.3312 0.0181 -0.9434
vn -0.0512 -0.9041 -0.4243
vn -0.3286 -0.2569 -0.9089
vn -0.4131 -0.2352 -0.8798
vn -0.0000 0.2049 0.9788
vn 0.0133 0.4670 0.8841
vn -0.0236 0.8703 0.4920
vn -0.8736 -0.0900 -0.4782
vn -0.8714 -0.0915 -0.4819
vn 0.6300 0.0008 -0.7766
vn -0.0413 0.6561 -0.7535
vn -0.0432 0.6592 -0.7507
vn -0.0423 0.6577 -0.7521
vn -0.0434 0.6597 -0.7503
vn 0.2114 -0.0729 -0.9747
vn 0.2080 -0.0850 -0.9744
vn -0.0555 -0.9932 0.1019
vn -0.2923 -0.6638 0.6884
vn 0.4686 -0.5006 0.7279
vn -0.1909 -0.9610 0.2002
vn -0.5871 -0.6756 0.4459
vn 0.8156 0.2155 0.5369
vn 0.0593 0.0001 0.9982
vn 0.0129 0.9935 -0.1130
vn 0.0112 0.2007 0.9796
vn -0.0467 -0.8360 0.5468
vn 0.0248 -0.3636 -0.9312
vn 0.0007 0.1477 0.9890
vn 0.9249 -0.2664 -0.2712
vn 0.7664 -0.4142 -0.4910
vn -0.4150 -0.2076 0.8858
vn -0.4406 -0.2397 0.8651
vn -0.4711 -0.2791 0.8368
vn -0.0876 -0.1577 0.9836
vn -0.0783 -0.1466 0.9861
vn -0.0381 -0.1348 0.9901
vn -0.0371 -0.1241 0.9916
vn 0.0494 0.8883 0.4566
vn -0.0000 0.9701 -0.2428
vn 0.0320 -0.7840 0.6199
vn -0.0519 -0.8231 0.5655
vn 0.1081 -0.0156 0.9940
vn 0.0004 0.2027 0.9792
vn -0.6544 0.6241 0.4270
vn -0.1558 0.9669 0.2020
vn 0.4167 0.0896 -0.9046
vn 0.5466 -0.1098 -0.8302
vn 0.9234 0.3837 0.0090
vn 0.0097 0.2263 0.9740
vn 0.3414 -0.6218 -0.7049
vn 0.1728 0.7894 0.5891
vn 0.0157 -0.9754 0.2200
vn -0.6210 0.0929 0.7783
vn 0.8129 0.5824 0.0055
vn 0.8803 0.4568 -0.1282
vn 0.0069 0.0667 -0.9977
vn -0.0308 -0.5767 -0.8164
vn -0.0071 -0.5201 -0.8541
vn -0.0482 -0.6848 -0.7271
vn 0.0870 -0.4943 0.8649
vn 0.1945 -0.5179 0.8330
vn 0.1537 -0.5097 0.8465
vn -0.0468 -0.9687 -0.2438
vn -0.1268 -0.9632 -0.2372
vn -0.1326 -0.9625 -0.2366
vn 0.8077 -0.0688 0.5855
vn 0.6395 -0.7588 -0.1236
vn 0.6407 -0.7571 -0.1277
vn 0.6404 -0.7575 -0.1267
vn 0.1217 -0.7729 -0.6227
vn 0.0550 -0.1010 0.9934
vn -0.5229 0.5285 0.6688
vn 0.0721 0.0867 0.9936
vn 0.0486 0.0816 0.9955
vn -0.0534 0.0900 0.9945
vn -0.3348 0.9422 0.0157
vn -0.3174 0.9483 0.0010
vn -0.3048 0.9524 -0.0096
vn -0.2844 0.9583 -0.0265
vn 0.5107 0.5291 0.6777
vn 0.1847 0.2895 0.9392
vn 0.3404 0.9402 0.0128
vn -0.0053 -0.0734 -0.9973
vn -0.0226 -0.3421 0.9394
vn -0.3561 -0.9325 0.0604
vn -0.4843 -0.2964 0.8232
vn -0.0196 -0.7199 0.6938
vn 0.1440 0.9881 0.0534
vn 0.1989 0.9800 -0.0004
vn 0.1731 0.9847 0.0204
vn -0.8244 0.3815 -0.4182
vn -0.8207 0.3824 -0.4245
vn -0.8254 0.3945 -0.4038
vn -0.2645 0.8302 -0.4908
vn 0.1239 -0.2779 -0.9526
vn 0.0736 -0.2469 -0.9662
vn 0.1825 -0.3133 -0.9320
vn 0.6414 -0.7560 -0.1306
vn -0.0193 -0.1453 0.9892
vn -0.0156 0.0203 0.9997
vn 0.0698 0.0010 0.9976
vn 0.2111 0.9774 -0.0132
vn 0.2192 0.9756 -0.0097
vn -0.0793 0.8028 -0.5910
vn -0.2167 -0.9493 -0.2278
vn 0.9893 -0.0955 0.1099
vn -0.8060 0.5901 0.0474
vn -0.7892 0.6141 -0.0105
vn -0.8003 0.5990 0.0265
vn -0.7814 0.6231 -0.0338
vn 0.6585 0.7179 -0.2260
vn 0.6360 0.7697 -0.0549
vn 0.5723 0.8079 -0.1407
vn 0.6230 0.7788 -0.0735
vn 0.6839 0.7293 0.0190
vn 0.6165 0.4679 -0.6332
vn 0.1140 -0.2389 -0.9643
vn -0.0000 0.3307 0.9437
vn -0.0400 0.2188 0.9749
vn -0.0080 0.3073 0.9516
vn -0.0008 -0.4926 -0.8703
vn -0.4470 -0.8939 -0.0325
vn -0.9175 -0.3954 -0.0424
vn -0.9209 -0.3846 -0.0631
vn -0.9133 -0.4068 -0.0200
vn -0.0275 -0.0000 0.9996
vn -0.0168 -0.0088 0.9998
vn -0.4962 -0.0000 0.8682
vn -0.3176 0.2412 0.9170
vn -0.5709 0.4853 0.6622
vn 0.1358 -0.1080 0.9848
vn 0.1257 -0.1205 0.9847
vn -0.0877 0.0710 0.9936
vn -0.1619 0.0472 0.9857
vn -0.1453 0.1175 0.9824
vn 0.1529 0.9853 0.0756
vn 0.1744 0.9798 0.0980
vn 0.1574 0.9843 0.0804
vn -0.0595 0.4055 0.9121
vn 0.3222 0.8857 -0.3342
vn 0.2427 0.5132 -0.8232
vn 0.1333 -0.1537 0.9791
vn 0.1262 -0.1367 0.9825
vn 0.1348 -0.1575 0.9783
vn -0.0000 0.1374 0.9905
vn -0.0000 -0.1374 -0.9905
vn -0.9096 -0.4156 -0.0027
vn 0.0171 -0.0619 0.9979
vn 0.0002 0.0002 1.0000
vn 0.0393 -0.0186 0.9991
vn -0.2092 0.3189 0.9244
vn -0.5829 0.5405 0.6067
vn -0.0000 0.7070 0.7072
vn -0.4273 0.2660 0.8641
vn -0.4271 0.2660 0.8642
vn 0.6317 -0.5701 -0.5253
vn -0.4495 0.5622 0.6942
vn 0.0283 0.0044 0.9996
vn -0.2187 0.1333 -0.9666
vn -0.2133 0.1324 -0.9680
vn -0.2655 0.1411 -0.9537
vn 0.4812 -0.0596 -0.8746
vn 0.9356 -0.0016 0.3530
vn 0.1367 -0.1619 0.9773
vn -0.0282 0.3781 -0.9253
vn -0.0332 0.3849 -0.9224
vn -0.0047 0.3450 -0.9386
vn 0.0054 -0.6597 0.7515
vn -0.0141 -0.8008 0.5988
vn 0.0045 -0.6661 0.7459
vn 0.2144 -0.3321 -0.9186
vn 0.8406 -0.3990 -0.3663
vn 0.7763 -0.5236 -0.3510
vn 0.8172 -0.4491 -0.3611
vn -0.4910 -0.7139 -0.4992
vn -0.5065 -0.7266 -0.4641
vn -0.4847 -0.6984 -0.5266
vn -0.5984 -0.2415 -0.7639
vn 0.1340 -0.0267 0.9906
vn 0.0544 -0.0402 0.9977
vn -0.0000 -0.1416 0.9899
vn 0.0429 -0.0992 0.9941
vn 0.0443 -0.0867 0.9953
vn -0.3814 0.3832 0.8413
vn 0.2340 0.5752 -0.7838
vn 0.0074 0.8602 -0.5099
vn -0.0047 0.3529 -0.9357
vn 0.0015 -0.1501 -0.9887
vn 0.8675 0.0268 -0.4968
vn -0.0068 0.2782 0.9605
vn 0.0038 0.2756 0.9613
vn -0.0043 0.2760 0.9612
vn -0.0650 -0.0018 0.9979
vn 0.0056 -0.0168 0.9998
vn 0.1367 0.9889 0.0588
vn 0.1803 0.1244 -0.9757
vn 0.1548 0.1223 -0.9803
vn 0.1122 0.0848 -0.9901
vn 0.9402 -0.1339 -0.3132
vn 0.3848 0.3962 -0.8336
vn 0.8655 -0.3364 -0.3710
vn -0.6860 0.0683 0.7244
vn -0.1141 0.0045 0.9935
vn -0.1459 0.1055 -0.9837
vn -0.0548 0.0788 -0.9954
vn -0.1552 0.1026 -0.9825
vn -0.5776 0.5706 -0.5838
vn -0.5496 0.5724 -0.6085
vn -0.6480 0.5215 -0.5552
vn -0.0297 0.7579 0.6517
vn -0.0363 0.9905 -0.1330
vn -0.0077 -0.4629 -0.8864
vn 0.0575 -0.4867 0.8717
vn -0.1667 -0.4963 0.8520
vn -0.2163 -0.4691 0.8563
vn -0.0494 -0.4523 0.8905
vn -0.0922 0.3259 0.9409
vn -0.0700 0.3114 0.9477
vn -0.0762 0.3155 0.9459
vn -0.1417 0.0713 -0.9873
vn -0.0945 0.1625 -0.9822
vn -0.0712 0.0620 -0.9955
vn -0.0085 0.1186 -0.9929
vn 0.5105 -0.1160 -0.8520
vn -0.7912 0.6007 -0.1150
vn -0.7625 0.3447 -0.5475
vn -0.0150 -0.8111 0.5848
vn 0.0108 -0.5142 -0.8576
vn -0.0721 -0.4329 -0.8985
vn -0.0300 -0.4752 -0.8794
vn -0.1903 -0.6539 -0.7322
vn 0.0150 0.0228 0.9996
vn -0.6721 0.5090 -0.5378
vn 0.1162 -0.0003 -0.9932
vn 0.0978 0.0158 -0.9951
vn 0.0159 0.0868 -0.9961
vn -0.1755 0.0789 -0.9813
vn -0.0086 0.6613 -0.7501
vn -0.0351 0.6350 -0.7717
vn -0.0224 0.6414 -0.7669
vn -0.4771 -0.6978 -0.5343
vn 0.5557 0.0883 -0.8267
vn -0.1737 -0.2463 -0.9535
vn -0.2320 -0.4158 0.8794
vn -0.0414 -0.2900 0.9561
vn -0.2416 -0.0619 0.9684
vn -0.2197 0.1280 -0.9671
vn 0.1267 0.0878 -0.9880
vn -0.7559 0.3395 -0.5598
vn -0.0199 0.2301 -0.9730
vn 0.0621 -0.1431 -0.9878
vn 0.2060 -0.1348 -0.9692
vn 0.1099 -0.1406 -0.9839
vn -0.3203 0.4951 0.8076
vn 0.5203 -0.1140 -0.8464
vn -0.2761 -0.6358 -0.7207
vn -0.9089 -0.3941 0.1364
vn -0.9446 -0.3282 -0.0064
vn -0.9243 -0.3719 0.0861
vn 0.5184 -0.0483 -0.8538
vn 0.5546 -0.0941 -0.8268
vn 0.6100 -0.2166 -0.7622
vn -0.1079 -0.3955 -0.9121
vn -0.5045 -0.8634 -0.0040
vn -0.5233 -0.8517 0.0264
vn -0.4740 -0.8791 -0.0507
vn -0.0151 0.2538 0.9671
vn -0.0665 0.0242 0.9975
vn -0.9523 -0.2977 -0.0666
vn 0.6130 -0.2500 -0.7495
vn -0.0126 -0.9970 0.0762
vn -0.0097 -0.9964 0.0847
vn 0.7445 -0.0683 -0.6641
vn 0.0762 -0.2968 -0.9519
vn 0.0736 -0.3531 -0.9327
vn 0.0312 -0.2330 -0.9720
vn -0.4185 -0.5844 0.6952
vn 0.8930 0.3519 0.2804
vn 0.9752 -0.0138 -0.2209
vn -0.6794 -0.7320 -0.0506
vn -0.0929 0.0397 -0.9949
vn 0.5643 -0.3200 -0.7611
vn 0.6417 -0.3423 -0.6863
vn 0.6522 -0.3452 -0.6749
vn -0.7321 0.4188 -0.5373
vn 0.3069 0.0606 -0.9498
vn 0.0155 0.2729 0.9619
vn 0.0164 0.3228 0.9463
vn 0.0435 -0.0000 0.9991
vn 0.3999 -0.5606 0.7251
vn -0.1714 -0.0439 -0.9842
vn 0.0018 -0.1533 -0.9882
vn -0.4797 -0.6870 -0.5459
vn -0.5468 -0.8347 0.0659
vn -0.6627 -0.7442 -0.0841
vn 0.0556 -0.4268 0.9026
vn -0.2781 0.1021 0.9551
vn -0.0307 0.2551 0.9664
vn -0.0285 0.2605 0.9650
vn -0.0000 0.2489 0.9685
vn -0.0000 -0.2489 -0.9685
vn 0.3753 -0.3646 -0.8522
vn -0.2685 0.4405 0.8567
vn -0.0000 0.2604 0.9655
vn 0.2767 0.0428 0.9600
vn 0.0610 -0.2092 0.9760
vn 0.0762 -0.1477 0.9861
vn 0.0616 -0.1577 0.9856
vn -0.1640 0.0200 0.9863
vn -0.0218 0.1190 -0.9927
vn -0.0042 0.9994 -0.0339
vn 0.0262 -0.1447 -0.9891
vn 0.0677 0.0037 0.9977
vn -0.0226 -0.1787 0.9837
vn -0.0134 -0.1062 0.9943
vn -0.0137 -0.1103 0.9938
vn 0.8399 -0.4907 0.2318
vn -0.2452 0.1937 0.9499
vn 0.0539 0.0683 -0.9962
vn 0.0190 0.1440 -0.9894
vn 0.0514 0.1486 -0.9876
vn -0.0040 0.1023 -0.9947
vn -0.0292 -0.6816 0.7312
vn -0.0582 -0.7845 0.6174
vn -0.0150 -0.6262 0.7795
vn -0.2701 -0.6493 -0.7110
vn -0.6910 -0.3720 0.6198
vn -0.0741 -0.5129 0.8552
vn -0.1920 -0.7698 0.6087
vn -0.0992 0.3304 0.9386
vn -0.7196 0.3499 -0.5998
vn -0.0095 -0.6061 -0.7953
vn -0.6121 -0.5680 -0.5502
vn -0.4681 -0.7573 -0.4554
vn 0.2749 0.9295 0.2460
vn 0.2489 0.5234 0.8149
vn -0.1624 -0.9681 0.1907
vn -0.1609 -0.9662 0.2015
vn -0.1620 -0.9677 0.1933
vn -0.0823 -0.9574 0.2767
vn 0.0190 -0.5502 -0.8348
vn -0.2266 -0.0519 0.9726
vn -0.2193 0.0427 0.9747
vn -0.7794 0.6254 0.0388
vn -0.0272 0.1300 -0.9911
vn -0.0045 0.7198 0.6942
vn -0.0293 0.2609 -0.9649
vn -0.0128 -0.9220 -0.3869
vn -0.0139 -0.6219 0.7830
vn 0.3579 0.6091 -0.7077
vn 0.0935 -0.0349 -0.9950
vn 0.0241 -0.0735 -0.9970
vn 0.0360 -0.0619 -0.9974
vn -0.1631 -0.9689 0.1859
vn -0.1531 -0.8176 0.5550
vn -0.0000 -0.0041 1.0000
vn -0.0189 -0.1804 0.9834
vn -0.1058 0.0896 0.9903
vn 0.4391 -0.0024 -0.8984
vn 0.0227 -0.2050 -0.9785
vn 0.1111 -0.0230 -0.9935
vn -0.0000 0.1989 -0.9800
vn -0.0805 -0.6842 0.7248
vn -0.9169 -0.3990 0.0068
vn -0.9258 -0.3756 -0.0415
vn -0.9309 -0.3566 -0.0790
vn -0.9203 0.2835 0.2695
vn 0.3580 0.9230 0.1414
vn 0.0032 0.7117 0.7025
vn -0.0178 0.9979 0.0624
vn -0.0000 -0.1989 0.9800
vn -0.0848 -0.3284 0.9407
vn -0.0433 -0.2657 0.9631
vn -0.0848 -0.3285 0.9407
vn -0.1031 -0.3557 0.9289
vn 0.0223 -0.5639 0.8256
vn 0.0703 -0.0703 0.9950
vn -0.0078 -0.2206 0.9753
vn 0.0046 -0.0046 1.0000
vn -0.9084 -0.4158 0.0431
vn -0.4868 0.0461 -0.8723
vn 0.5563 -0.3176 -0.7679
vn 0.5890 -0.2730 -0.7606
vn -0.1229 -0.8539 -0.5057
vn -0.1736 -0.7873 -0.5916
vn -0.1968 -0.7516 -0.6296
vn -0.0878 0.0744 -0.9934
vn 0.0914 0.4530 -0.8868
vn -0.2706 0.1419 -0.9522
vn -0.0252 0.8073 -0.5896
vn -0.0019 -0.6170 -0.7870
vn 0.0041 -0.8936 -0.4489
vn -0.0215 -0.8737 0.4859
vn -0.0270 -0.1805 -0.9832
vn -0.1734 0.0968 -0.9801
vn 0.2636 -0.1239 -0.9567
vn -0.0061 -0.9989 0.0459
vn -0.1804 -0.0692 -0.9811
vn -0.3036 -0.0922 -0.9483
vn -0.1128 0.8599 0.4979
vn 0.0234 0.8228 0.5678
vn -0.0207 0.8371 0.5467
vn -0.0078 0.8417 -0.5398
vn -0.0138 -0.9060 0.4230
vn -0.0734 -0.5867 -0.8065
vn -0.0695 -0.5992 -0.7976
vn -0.0662 -0.4930 -0.8675
vn -0.4807 -0.7929 0.3745
vn -0.5816 -0.7346 0.3494
vn -0.4893 -0.7885 0.3726
vn -0.6566 -0.7543 -0.0000
vn -0.8000 0.6000 -0.0000
vn -0.7866 -0.2545 0.5626
vn -0.4338 -0.4631 -0.7729
vn -0.4215 -0.4771 -0.7712
vn -0.4784 -0.4070 -0.7781
vn -0.4356 -0.3709 -0.8202
vn -0.6360 0.7552 -0.1590
vn -0.1178 0.9926 -0.0295
vn 0.0928 0.9835 0.1553
vn -0.4177 -0.8221 0.3869
vn -0.2665 -0.5646 0.7812
vn -0.2696 -0.5643 0.7804
vn -0.2688 -0.5643 0.7805
vn -0.2510 0.9536 0.1660
vn -0.2387 0.9483 0.2090
vn -0.2116 0.9312 0.2967
vn -0.2041 0.9253 0.3195
vn -0.2719 -0.5640 0.7797
vn 0.4367 -0.0714 -0.8968
vn -0.0911 -0.3434 -0.9348
vn -0.1396 -0.3159 -0.9385
vn -0.0713 -0.3739 -0.9247
vn -0.2640 -0.9616 0.0755
vn -0.2744 -0.9602 0.0530
vn -0.2140 -0.9739 0.0763
vn 0.0057 -0.0117 0.9999
vn -0.2006 0.0981 0.9748
vn -0.4013 0.2765 -0.8732
vn -0.0055 -0.9990 0.0435
vn -0.1397 0.1978 0.9702
vn -0.0040 0.9935 0.1135
vn -0.0114 -0.3248 -0.9457
vn 0.0160 -0.3882 -0.9214
vn -0.2250 -0.2758 -0.9345
vn -0.2579 0.0836 0.9626
vn -0.0101 0.7564 0.6540
vn -0.0086 0.7566 0.6539
vn -0.0072 0.7570 0.6534
vn -0.1697 0.8691 0.4646
vn -0.0072 -0.8726 -0.4885
vn -0.0295 -0.5657 0.8241
vn -0.8844 0.4657 -0.0301
vn -0.8803 0.4722 -0.0455
vn -0.8908 0.4544 -0.0042
vn -0.8949 0.4459 0.0148
vn -0.1710 0.2849 -0.9432
vn -0.0073 0.7569 0.6535
vn -0.0259 0.9729 0.2300
vn -0.0041 0.8458 -0.5336
vn 0.0081 0.3353 -0.9421
vn 0.1126 0.3287 -0.9377
vn 0.1166 0.3220 -0.9395
vn 0.1027 0.3453 -0.9329
vn 0.0647 -0.6474 0.7594
vn -0.2781 -0.2965 -0.9136
vn -0.6665 -0.7337 0.1320
vn -0.4811 0.5583 -0.6759
vn -0.0001 0.0553 -0.9985
vn -0.0192 -0.9116 0.4107
vn -0.1225 -0.7163 0.6869
vn -0.1971 -0.7596 0.6198
vn -0.7217 0.3352 -0.6056
vn 0.0410 -0.0138 -0.9991
vn -0.0272 -0.9097 0.4144
vn -0.1636 0.9022 -0.3992
vn -0.0992 0.3184 0.9427
vn -0.2622 0.1850 -0.9471
vn -0.2080 0.1260 -0.9700
vn -0.7025 0.2996 -0.6456
vn -0.0349 0.9716 0.2342
vn -0.0044 0.2157 -0.9764
vn -0.0107 -0.3226 -0.9465
vn -0.1470 -0.9888 0.0258
vn -0.3482 -0.8630 -0.3660
vn -0.3373 -0.8683 -0.3638
vn -0.3546 -0.8599 -0.3672
vn -0.4292 -0.6199 -0.6568
vn -0.5452 -0.7126 0.4416
vn -0.1386 0.0757 -0.9875
vn 0.0166 0.1145 -0.9933
vn -0.1520 0.9033 0.4012
vn -0.0179 0.7435 0.6685
vn 0.0059 -0.0725 -0.9974
vn -0.1214 -0.9926 -0.0010
vn -0.1495 -0.9881 0.0350
vn -0.1616 -0.9855 0.0517
vn -0.3691 -0.8526 -0.3700
vn -0.5496 0.6446 -0.5315
vn -0.1279 0.3619 0.9234
vn -0.0265 0.6500 -0.7595
vn -0.0000 0.7253 -0.6884
vn -0.0288 0.6439 -0.7646
vn -0.0377 -0.9687 -0.2454
vn -0.0297 -0.9693 -0.2443
vn -0.0260 -0.9683 -0.2483
vn -0.0999 -0.8796 -0.4651
vn -0.0189 0.9940 0.1076
vn 0.0076 0.9999 0.0112
vn -0.0102 0.9971 0.0760
vn -0.1258 0.3593 0.9247
vn -0.0980 0.6276 0.7723
vn -0.0526 0.6253 0.7786
vn -0.0528 -0.5827 -0.8110
vn -0.0540 0.5837 0.8102
vn -0.0073 -0.6890 -0.7247
vn -0.0093 -0.8696 -0.4936
vn -0.0269 0.9737 -0.2262
vn -0.0273 0.9738 -0.2255
vn -0.0258 0.9724 -0.2321
vn -0.0160 -0.9288 0.3703
vn 0.0986 0.3519 -0.9308
vn -0.0238 -0.7270 -0.6863
vn -0.0740 -0.7177 -0.6924
vn -0.1007 0.6342 -0.7666
vn -0.0999 0.6067 -0.7886
vn -0.0719 0.6145 -0.7857
vn -0.0224 0.9548 0.2963
vn 0.0500 -0.3533 -0.9342
vn -0.0981 -0.3052 -0.9472
vn -0.1185 -0.7301 -0.6730
vn -0.1151 -0.6840 -0.7204
vn 0.0105 0.9999 0.0005
vn -0.2503 0.9428 -0.2204
vn -0.4130 0.9103 0.0300
vn -0.4179 0.9078 0.0361
vn -0.4117 0.9109 0.0284
vn -0.0055 0.2254 -0.9742
vn -0.0107 -0.6985 -0.7156
vn -0.0407 -0.9499 0.3098
vn -0.1416 0.3313 -0.9328
vn -0.4066 0.9134 0.0221
vn -0.0728 0.1269 0.9892
vn -0.0194 0.1567 0.9875
vn -0.0495 0.1429 0.9885
vn -0.0102 0.6834 0.7299
vn -0.2804 0.4658 -0.8393
vn -0.3038 0.5323 -0.7902
vn -0.2188 0.5544 -0.8029
vn -0.2788 0.6302 -0.7247
vn -0.2542 0.9542 0.1580
vn 0.0203 0.1232 0.9922
vn 0.0152 0.1361 0.9906
vn -0.0189 0.9569 0.2898
vn -0.0160 0.7033 0.7107
vn 0.1884 0.0489 0.9809
vn 0.2593 0.1477 0.9544
vn 0.0540 0.1707 0.9838
vn -0.0838 0.0922 0.9922
vn 0.4702 -0.0323 0.8820
vn 0.5071 -0.1153 0.8541
vn 0.1063 0.6421 0.7592
vn 0.1994 0.6914 0.6944
vn 0.1684 0.6979 0.6961
vn 0.6465 0.3568 0.6744
vn 0.5646 0.3661 0.7397
vn 0.7395 0.2700 0.6167
vn -0.2421 0.4978 0.8328
vn -0.3213 0.5108 0.7974
vn -0.3868 0.4790 0.7880
vn 0.3115 0.6882 0.6552
vn 0.2401 0.7097 0.6623
vn 0.0183 -0.4595 0.8880
vn 0.2096 -0.3929 0.8954
vn 0.0617 -0.4093 0.9103
vn -0.1383 0.0126 0.9903
vn 0.5779 -0.1384 0.8043
vn -0.4454 0.4728 0.7603
vn 0.8505 0.2364 0.4698
vn -0.0534 -0.4476 0.8927
vn -0.5487 0.0142 0.8359
vn -0.5550 0.0218 0.8315
vn -0.4978 -0.0447 0.8662
vn 0.8580 0.1574 0.4889
vn -0.0948 -0.5056 0.8576
vn -0.1659 0.8955 0.4130
vn 0.0475 0.9011 0.4309
vn -0.0747 0.9131 0.4008
vn -0.0924 -0.5614 0.8224
vn -0.5298 0.4145 0.7400
vn 0.4453 -0.6332 0.6331
vn 0.3297 -0.7432 0.5822
vn 0.3877 -0.7184 0.5775
vn -0.5995 0.0777 0.7966
vn -0.3317 0.8473 0.4148
vn -0.2397 0.8906 0.3865
vn 0.5351 0.8191 0.2067
vn 0.6335 0.6739 0.3801
vn 0.7040 0.6612 0.2591
vn 0.7157 -0.4367 0.5450
vn 0.6873 -0.4399 0.5780
vn 0.7228 -0.4358 0.5363
vn 0.2970 -0.7855 0.5430
vn -0.4679 -0.3709 0.8022
vn 0.9374 0.2184 0.2712
vn 0.9032 0.1663 0.3956
vn 0.4538 0.8843 0.1101
vn 0.3256 0.9403 0.0990
vn 0.6630 0.7257 0.1838
vn 0.9041 -0.2204 0.3661
vn 0.7518 -0.4311 0.4989
vn -0.7964 0.0257 0.6043
vn 0.1871 -0.8160 0.5470
vn -0.7469 0.4894 0.4502
vn -0.6498 0.7240 0.2314
vn -0.6701 0.7296 0.1363
vn -0.6675 0.7293 0.1502
vn 0.1756 0.9609 -0.2141
vn 0.1741 0.9610 -0.2150
vn 0.1755 0.9609 -0.2142
vn 0.7994 0.5813 0.1515
vn -0.6350 -0.5179 0.5732
vn 0.4756 -0.8454 0.2429
vn 0.4191 -0.9007 0.1142
vn 0.4739 -0.8803 -0.0211
vn -0.0269 -0.9160 0.4003
vn -0.2817 -0.8076 0.5181
vn -0.3784 -0.7848 0.4909
vn -0.4092 -0.7755 0.4808
vn -0.8981 0.2358 0.3713
vn 0.6044 0.7329 -0.3125
vn 0.6575 0.7160 -0.2348
vn 0.5881 0.7233 -0.3618
vn 0.9886 0.1501 0.0122
vn -0.2732 0.9369 -0.2182
vn -0.2069 0.9638 -0.1683
vn -0.2954 0.9043 -0.3081
vn 0.1769 0.9608 -0.2133
vn 0.7696 -0.6288 0.1116
vn 0.7427 -0.6417 0.1912
vn 0.7719 -0.6272 0.1035
vn 0.4309 -0.8967 -0.1013
vn 0.8313 0.5317 -0.1618
vn 0.9748 -0.2218 0.0236
vn 0.9499 -0.3051 -0.0676
vn 0.9427 -0.3126 -0.1171
vn -0.4814 -0.7495 0.4544
vn -0.8362 -0.3518 0.4208
vn -0.8467 -0.3267 0.4199
vn -0.8332 -0.3585 0.4210
vn -0.6825 0.7290 0.0536
vn -0.0050 -0.9946 0.1041
vn -0.0880 -0.9961 0.0028
vn -0.0703 -0.9972 0.0246
vn -0.8251 -0.3763 0.4214
vn 0.8204 0.3683 -0.4374
vn 0.9194 0.2993 -0.2551
vn 0.9269 0.2273 -0.2986
vn 0.7916 -0.6104 0.0276
vn -0.9909 0.1244 0.0520
vn -0.9913 0.0631 0.1152
vn -0.9814 0.1897 0.0291
vn 0.5522 0.7292 -0.4042
vn -0.3877 0.8276 -0.4059
vn -0.1469 -0.9867 -0.0701
vn -0.8149 0.5659 -0.1251
vn 0.8942 -0.3772 -0.2409
vn 0.5243 -0.8189 -0.2335
vn 0.4862 -0.8470 -0.2147
vn -0.4378 0.7054 -0.5575
vn 0.9042 0.2469 -0.3485
vn 0.5363 0.7046 -0.4647
vn -0.0288 0.9571 -0.2883
vn -0.0065 0.4037 -0.9149
vn -0.0258 0.4006 -0.9159
vn -0.0248 -0.1698 -0.9852
vn 0.8754 -0.3783 -0.3009
vn -0.9925 -0.0377 0.1162
vn 0.0293 0.8158 -0.5775
vn 0.2133 0.7664 -0.6059
vn 0.1482 0.7201 -0.6778
vn -0.0080 0.7409 -0.6715
vn -0.9634 0.2574 -0.0752
vn -0.0353 -0.9826 -0.1822
vn -0.0323 -0.9810 -0.1911
vn 0.9236 0.0759 -0.3758
vn -0.0844 0.7944 -0.6015
vn -0.0285 0.9773 0.2099
vn 0.7073 0.3881 -0.5908
vn 0.0921 -0.8864 -0.4538
vn 0.0133 -0.9078 -0.4193
vn -0.0087 -0.9125 -0.4091
vn -0.6007 -0.7991 -0.0229
vn -0.5631 -0.8263 0.0127
vn -0.5991 -0.8004 -0.0212
vn -0.8331 -0.5529 0.0130
vn -0.8416 0.3576 -0.4048
vn -0.7493 0.5408 -0.3822
vn -0.7654 0.4828 -0.4255
vn -0.0199 0.5937 0.8044
vn -0.0237 0.5706 0.8209
vn -0.0331 -0.8002 -0.5988
vn -0.0290 -0.7991 -0.6005
vn -0.2296 0.3382 -0.9126
vn 0.5348 -0.6215 -0.5725
vn 0.6034 -0.6336 -0.4843
vn 0.5480 -0.6244 -0.5566
vn -0.1389 -0.0898 -0.9862
vn -0.0767 -0.9235 -0.3759
vn -0.6329 -0.7723 -0.0548
vn -0.0216 0.9785 0.2053
vn -0.5452 0.5428 -0.6388
vn 0.3050 0.6331 -0.7115
vn -0.0917 -0.4946 0.8643
vn -0.0824 -0.5174 0.8517
vn -0.0404 -0.5964 0.8016
vn -0.9267 -0.2959 -0.2315
vn -0.9354 -0.3133 -0.1639
vn -0.9298 -0.2564 -0.2639
vn -0.0105 0.9389 -0.3440
vn -0.0190 -0.5772 0.8164
vn -0.9184 -0.2319 -0.3207
vn -0.9305 0.1756 -0.3215
vn -0.9135 0.1932 -0.3581
vn 0.6004 0.4340 -0.6717
vn -0.0295 -0.8865 0.4618
vn -0.0837 -0.8381 0.5390
vn -0.0746 -0.8467 0.5267
vn 0.8060 -0.4204 -0.4168
vn -0.0132 0.6707 -0.7416
vn -0.0018 0.2159 -0.9764
vn -0.9158 -0.1432 -0.3751
vn 0.2654 0.5585 -0.7859
vn -0.0006 0.1886 -0.9821
vn -0.8471 0.3007 -0.4381
vn 0.5653 0.4086 -0.7166
vn 0.0024 0.9639 0.2664
vn -0.0070 0.6627 -0.7489
vn -0.0004 0.0863 -0.9963
vn -0.0047 -0.3590 -0.9333
vn -0.0467 -0.9537 0.2973
vn -0.0203 -0.8999 0.4357
vn 0.0717 -0.0318 0.9969
vn 0.0243 -0.1322 0.9909
vn 0.0354 -0.0014 0.9994
vn -0.0266 0.8783 -0.4773
vn -0.0136 -0.5684 0.8226
vn 0.0316 -0.1623 0.9862
vn -0.0490 -0.9958 -0.0772
vn 0.4676 -0.6040 -0.6453
vn -0.6114 0.3833 -0.6924
vn -0.5528 0.4523 -0.6999
vn 0.0057 0.9612 0.2757
vn -0.4936 -0.6845 -0.5365
vn -0.5436 -0.6708 -0.5045
vn -0.4972 -0.6836 -0.5343
vn -0.0254 -0.8376 -0.5457
vn -0.0277 -0.9989 -0.0388
vn 0.1859 -0.6670 -0.7215
vn 0.2065 -0.6849 -0.6987
vn 0.1128 -0.6407 -0.7595
vn -0.4457 -0.6949 -0.5644
vn -0.7055 -0.4662 -0.5338
vn 0.0234 -0.4416 0.8969
vn -0.0128 0.9913 -0.1313
vn 0.0233 0.4506 0.8924
vn 0.0268 -0.9738 0.2260
vn 0.0105 -0.9542 0.2991
vn -0.0647 0.5684 -0.8202
vn 0.2290 0.5358 -0.8127
vn -0.2894 0.3843 -0.8767
vn 0.0018 0.8422 -0.5392
vn -0.0110 -0.4112 -0.9115
vn 0.0094 0.8492 0.5280
vn 0.0196 0.8662 0.4994
vn -0.0083 0.7522 0.6589
vn 0.0146 0.8537 -0.5206
vn 0.0258 -0.7877 0.6155
vn 0.0360 -0.7471 0.6637
vn 0.0103 -0.8428 0.5382
vn 0.3457 0.8871 -0.3058
vn 0.4719 -0.8808 -0.0391
vn 0.5193 -0.8465 -0.1176
vn 0.4933 -0.8667 -0.0737
vn 0.6718 0.3245 0.6659
vn 0.1337 0.1151 -0.9843
vn -0.0046 0.6607 -0.7507
vn -0.3173 -0.5578 -0.7670
vn 0.0837 -0.9908 0.1065
vn 0.1152 -0.9899 0.0827
vn 0.1670 -0.9840 0.0616
vn -0.0432 0.0914 -0.9949
vn -0.0675 -0.0576 -0.9961
vn -0.0659 -0.0278 -0.9974
vn -0.2368 -0.7864 -0.5705
vn 0.1096 -0.2056 0.9725
vn 0.0611 -0.2445 0.9677
vn 0.0680 -0.1962 0.9782
vn 0.3988 0.5462 0.7366
vn 0.1040 0.3434 0.9334
vn 0.0953 0.3979 0.9125
vn 0.0991 0.1430 0.9847
vn 0.1301 0.4761 0.8697
vn -0.4787 -0.0312 0.8774
vn -0.5871 0.8073 0.0600
vn -0.3978 0.7083 0.5832
vn -0.1327 0.0092 -0.9911
vn -0.3559 -0.1160 -0.9273
vn -0.2699 -0.1408 -0.9525
vn 0.1774 0.8826 -0.4354
vn 0.1212 -0.0333 0.9921
vn 0.0176 0.9998 -0.0038
vn 0.0003 0.9901 -0.1404
vn 0.0108 0.9815 -0.1910
vn -0.0121 0.9681 -0.2504
vn -0.0000 -0.9900 0.1407
vn -0.0000 -0.9899 0.1416
vn 0.0344 -0.9943 -0.1010
vn -0.0000 -0.9879 -0.1548
vn 0.0450 -0.6965 -0.7161
vn 0.1416 -0.3523 -0.9251
vn 0.0716 -0.2061 -0.9759
vn 0.2148 -0.9736 0.0773
vn 0.2264 -0.9692 0.0967
vn -0.9164 0.3961 -0.0574
vn 0.3611 -0.2399 -0.9011
vn -0.6544 -0.7530 0.0690
vn -0.0577 -0.2136 0.9752
vn -0.0308 -0.2238 0.9742
vn -0.0962 -0.1988 0.9753
vn -0.2776 0.2280 0.9332
vn -0.1046 0.8929 -0.4380
vn -0.6383 -0.3626 -0.6791
vn 0.2754 0.3518 -0.8946
vn -0.0012 -0.9962 -0.0871
vn 0.0528 -0.9965 -0.0655
vn -0.0000 -0.9931 -0.1169
vn -0.7090 -0.0292 -0.7046
vn 0.0395 -0.9976 -0.0568
vn 0.0098 -0.9840 -0.1779
vn 0.0023 -0.9101 -0.4144
vn 0.3355 0.1789 -0.9249
vn 0.6822 0.3031 0.6653
vn 0.6851 0.3080 0.6601
vn -0.5730 -0.0639 0.8170
vn -0.0194 -0.8392 -0.5435
vn -0.0036 -0.8854 0.4648
vn 0.2570 -0.5617 0.7864
vn 0.2624 -0.5644 0.7827
vn 0.2808 -0.5619 0.7781
vn -0.1274 -0.5697 0.8119
vn 0.0061 -0.4495 -0.8932
vn -0.0207 -0.9253 -0.3787
vn 0.0833 -0.6161 -0.7833
vn 0.0800 -0.7186 -0.6908
vn 0.0196 -0.6799 -0.7331
vn 0.0652 -0.7096 -0.7016
vn -0.0302 0.1399 -0.9897
vn -0.0515 0.1134 -0.9922
vn 0.0981 0.2586 0.9610
vn 0.3604 0.8453 0.3944
vn 0.3784 0.8656 0.3280
vn 0.2574 0.8284 0.4975
vn -0.5583 0.3879 -0.7334
vn -0.4905 0.4059 -0.7711
vn -0.6151 0.3699 -0.6963
vn 0.1621 0.3759 -0.9124
vn 0.2296 0.3382 -0.9126
vn 0.2589 0.3183 -0.9119
vn -0.0566 -0.5540 -0.8306
vn 0.0172 -0.9937 0.1109
vn 0.4363 -0.8997 0.0157
vn -0.1341 -0.1838 0.9738
vn -0.1151 0.3321 0.9362
vn 0.0042 -0.1891 0.9819
vn 0.0421 -0.1474 0.9882
vn 0.2517 0.8193 0.5151
vn 0.0658 0.7322 0.6779
vn -0.9680 -0.0467 0.2465
vn -0.7995 0.0399 0.5994
vn -0.8497 -0.0249 0.5267
vn -0.8147 0.0133 0.5797
vn -0.8692 -0.0490 0.4920
vn -0.8727 -0.0534 0.4852
vn 0.1199 -0.0312 0.9923
vn -0.0003 0.3708 -0.9287
vn -0.0120 0.4059 -0.9139
vn -0.0232 -0.0490 0.9985
vn 0.1307 0.7369 0.6633
vn 0.3421 0.9091 0.2379
vn -0.9515 -0.1129 0.2860
vn -0.9470 0.3155 -0.0610
vn 0.7894 0.4565 -0.4105
vn 0.7616 0.5102 -0.3996
vn 0.7817 0.4862 -0.3906
vn 0.0351 0.6211 0.7829
vn 0.0311 0.6889 0.7242
vn 0.0154 0.8554 -0.5177
vn -0.3018 0.2599 0.9173
vn -0.3492 0.5163 0.7820
vn -0.1363 0.0463 0.9896
vn -0.0773 -0.0963 0.9923
vn -0.0401 0.5539 0.8316
vn -0.4950 0.1197 0.8606
vn 0.7895 0.3898 -0.4741
vn -0.1605 0.1071 -0.9812
vn -0.1555 0.1955 -0.9683
vn -0.1443 0.0704 -0.9870
vn 0.6680 0.4586 -0.5861
vn 0.7103 0.3973 -0.5811
vn 0.7126 0.4437 -0.5435
vn 0.6315 0.3566 -0.6885
vn 0.0037 -0.6689 -0.7433
vn 0.2835 -0.5246 0.8028
vn 0.4468 0.8789 -0.1670
vn -0.9871 -0.1374 0.0820
vn 0.3339 0.2720 -0.9025
vn 0.6613 0.4583 -0.5938
vn 0.0206 0.4909 0.8710
vn 0.1159 0.4802 0.8695
vn -0.8536 -0.2093 0.4770
vn 0.2961 0.7915 -0.5347
vn 0.3054 0.7910 -0.5301
vn 0.3225 0.6952 -0.6424
vn -0.1107 0.0107 -0.9938
vn 0.1501 -0.7119 0.6861
vn 0.1035 -0.1989 -0.9745
vn 0.0115 0.6683 -0.7438
vn -0.0032 0.6832 -0.7302
vn 0.0081 0.6717 -0.7408
vn -0.0072 0.6871 -0.7265
vn -0.0111 -0.9234 -0.3837
vn 0.2845 -0.7927 0.5392
vn -0.9391 -0.3343 0.0794
vn 0.2353 -0.0143 0.9718
vn -0.8499 0.4749 0.2285
vn -0.9282 0.3339 -0.1641
vn -0.0047 -0.9354 -0.3536
vn 0.0214 -0.9851 -0.1707
vn 0.0354 -0.9887 -0.1459
vn -0.1355 -0.0265 0.9904
vn -0.0267 -0.2232 0.9744
vn 0.2979 0.9383 -0.1753
vn 0.3246 0.6688 -0.6689
vn 0.9268 0.3747 -0.0253
vn -0.0658 0.0278 -0.9974
vn 0.7066 0.3771 -0.5987
vn -0.0094 0.3930 -0.9195
vn -0.0108 -0.5968 -0.8024
vn -0.0096 -0.5910 -0.8066
vn 0.3228 -0.4488 -0.8333
vn 0.4443 -0.4273 -0.7874
vn 0.3973 -0.4367 -0.8071
vn 0.0128 -0.0883 0.9960
vn 0.0865 0.2380 -0.9674
vn 0.1706 0.3302 -0.9283
vn 0.0591 0.2076 -0.9764
vn -0.6528 0.0937 -0.7517
vn -0.7714 -0.0006 -0.6363
vn -0.7399 0.0267 -0.6721
vn -0.7851 -0.0132 -0.6192
vn -0.0035 0.5009 -0.8655
vn 0.0169 0.4934 -0.8697
vn 0.0212 0.4918 -0.8705
vn 0.0447 0.4828 -0.8746
vn -0.6939 0.3399 -0.6349
vn 0.0150 0.2131 -0.9769
vn 0.0324 -0.9993 -0.0199
vn 0.0441 -0.9990 -0.0077
vn 0.0504 -0.9326 0.3575
vn 0.0591 -0.9197 0.3882
vn 0.0598 -0.9207 0.3856
vn 0.5083 -0.4123 -0.7561
vn -0.2879 -0.2626 -0.9209
vn -0.8664 0.1015 0.4890
vn 0.2830 -0.5108 0.8118
vn -0.0299 -0.4653 0.8846
vn 0.1806 0.3410 -0.9225
vn -0.8076 -0.2515 -0.5334
vn -0.7590 -0.2630 -0.5956
vn -0.6784 -0.2881 -0.6758
vn 0.0207 0.9785 -0.2054
vn 0.0047 -0.1561 -0.9877
vn -0.0134 -0.1659 -0.9860
vn -0.0042 -0.1609 -0.9870
vn -0.1948 -0.2579 0.9463
vn -0.1564 -0.1354 0.9784
vn -0.1422 -0.1153 0.9831
vn 0.2678 -0.0028 0.9635
vn 0.0695 0.6081 0.7908
vn 0.0327 -0.1429 -0.9892
vn -0.0348 0.0133 -0.9993
vn -0.0023 -0.5332 -0.8460
vn 0.1069 -0.6246 -0.7736
vn 0.0240 -0.5565 -0.8305
vn 0.1374 -0.6477 -0.7494
vn -0.6681 -0.1689 -0.7247
vn -0.9435 -0.2452 -0.2229
vn 0.4886 -0.7022 0.5178
vn 0.0519 -0.1345 0.9895
vn 0.0135 0.1245 0.9921
vn -0.5524 0.0241 -0.8333
vn -0.5199 0.0135 -0.8541
vn -0.3812 -0.0061 -0.9245
vn 0.4785 0.2660 -0.8368
vn 0.5275 0.2630 -0.8078
vn -0.0101 0.1623 -0.9867
vn 0.0063 -0.1822 -0.9832
vn -0.0062 -0.1715 -0.9852
vn -0.0016 -0.1731 -0.9849
vn -0.1072 -0.0288 0.9938
vn 0.0246 0.0508 0.9984
vn 0.2863 0.8139 -0.5056
vn -0.5781 -0.2747 -0.7684
vn -0.5703 -0.2725 -0.7749
vn -0.0421 0.0316 -0.9986
vn 0.0381 0.6701 0.7413
vn -0.0035 -0.5951 -0.8036
vn -0.0272 -0.1719 -0.9847
vn -0.6693 -0.7190 -0.1871
vn 0.0228 0.6943 0.7193
vn 0.0960 0.6540 0.7504
vn 0.0624 0.6732 0.7368
vn 0.7700 0.3820 -0.5111
vn 0.7626 0.3919 -0.5146
vn 0.0227 0.7605 0.6490
vn 0.0042 0.3532 -0.9355
vn 0.0050 0.3408 -0.9401
vn 0.0187 -0.8964 -0.4429
vn 0.0330 -0.8868 -0.4609
vn 0.0129 -0.8997 -0.4364
vn -0.1288 0.0606 0.9898
vn 0.0236 0.9532 0.3013
vn 0.0159 0.9396 0.3419
vn 0.0151 0.9386 0.3447
vn 0.0273 -0.6385 -0.7692
vn 0.0225 -0.6440 -0.7647
vn 0.0064 -0.5358 -0.8443
vn -0.0438 -0.9567 0.2877
vn 0.1008 -0.0250 0.9946
vn -0.7296 -0.1391 0.6696
vn -0.8171 -0.4583 0.3498
vn -0.8379 -0.4523 0.3054
vn -0.8824 -0.4261 0.1996
vn -0.0271 -0.0147 0.9995
vn -0.1209 -0.0113 0.9926
vn -0.0200 -0.0103 0.9997
vn 0.4606 0.0805 0.8840
vn 0.6004 -0.0094 0.7997
vn 0.5149 0.0471 0.8560
vn 0.6102 0.6278 0.4832
vn -0.3708 -0.5881 0.7188
vn -0.1575 0.0556 0.9859
vn -0.1028 0.0270 0.9943
vn -0.8755 -0.4049 0.2636
vn 0.3695 -0.7989 0.4747
vn -0.7845 -0.4690 0.4056
vn -0.3771 0.0296 0.9257
vn 0.0550 0.0076 0.9985
vn 0.1478 -0.0474 0.9879
vn 0.0833 -0.0117 0.9965
vn 0.6675 0.0724 0.7411
vn 0.2929 -0.4964 0.8172
vn 0.0726 0.0728 0.9947
vn 0.4209 0.1652 0.8919
vn 0.5160 -0.6237 0.5871
vn 0.5477 -0.6038 0.5792
vn 0.5585 -0.5967 0.5762
vn 0.5768 -0.5843 0.5709
vn -0.0682 0.0370 0.9970
vn -0.1675 -0.0151 0.9858
vn -0.1134 0.0133 0.9935
vn -0.9792 0.1456 0.1416
vn -0.9991 -0.0399 -0.0149
vn -0.9989 -0.0029 0.0476
vn 0.9456 0.1082 0.3068
vn 0.9938 -0.0572 -0.0949
vn 0.9209 -0.3659 -0.1343
vn 0.7483 0.6156 0.2472
vn -0.1602 0.7260 0.6687
vn -0.1712 0.7300 0.6616
vn -0.1648 0.7277 0.6658
vn 0.3732 0.0108 0.9277
vn -0.7729 -0.4797 0.4153
vn 0.0813 0.0080 0.9967
vn -0.9701 0.1626 0.1801
vn -0.4572 -0.4602 0.7611
vn 0.1951 -0.2255 0.9545
vn 0.2383 -0.2611 0.9354
vn 0.2371 -0.2064 0.9493
vn 0.0416 -0.6441 0.7638
vn -0.1056 -0.3696 0.9232
vn -0.1540 0.7238 0.6726
vn 0.3187 0.0143 0.9478
vn -0.4484 0.3148 0.8365
vn 0.6151 -0.4183 0.6683
vn 0.6452 -0.0413 0.7629
vn -0.7204 0.3283 0.6109
vn -0.7052 0.3827 0.5969
vn -0.7117 0.3605 0.6029
vn 0.0046 0.5362 0.8440
vn 0.1052 0.5575 0.8235
vn 0.0347 0.5573 0.8296
vn -0.2030 -0.3559 -0.9122
vn -0.0983 0.2013 0.9746
vn 0.4453 -0.6812 0.5811
vn 0.4110 -0.7150 0.5656
vn 0.4806 -0.6433 0.5960
vn 0.5626 -0.7330 0.3824
vn 0.3565 -0.7629 0.5393
vn 0.6456 -0.5864 -0.4893
vn 0.1440 -0.1122 0.9832
vn -0.2610 -0.0034 0.9653
vn -0.0758 -0.7712 0.6321
vn -0.1609 -0.7688 0.6189
vn -0.1453 -0.7697 0.6217
vn 0.3311 0.5141 0.7913
vn -0.0802 0.4696 0.8792
vn -0.0588 0.5056 0.8608
vn -0.4782 -0.5147 0.7116
vn -0.5046 -0.4860 0.7136
vn -0.4763 -0.5168 0.7114
vn 0.2159 0.1940 0.9569
vn -0.0467 0.0481 0.9978
vn -0.9332 0.2920 0.2092
vn 0.0461 0.0321 -0.9984
vn 0.0250 -0.2627 -0.9646
vn 0.0238 -0.0735 -0.9970
vn -0.0081 0.7717 0.6360
vn 0.0139 -0.1510 -0.9884
vn 0.0605 -0.9320 0.3573
vn 0.3997 -0.9093 -0.1157
vn -0.2971 -0.9471 0.1210
vn 0.1042 0.3582 0.9278
vn -0.9108 0.1864 0.3683
vn -0.8810 0.2260 0.4158
vn -0.8927 0.2112 0.3981
vn 0.2742 -0.9607 0.0432
vn 0.2639 -0.2238 0.9382
vn 0.5206 0.8445 -0.1257
vn 0.7148 0.2121 -0.6664
vn 0.4828 -0.8562 -0.1836
vn -0.0636 -0.9053 0.4201
vn 0.0505 -0.3546 0.9337
vn 0.0437 -0.3832 0.9226
vn 0.0438 -0.3839 0.9223
vn 0.1704 0.8380 0.5184
vn 0.0203 0.9797 0.1993
vn 0.0319 0.9779 -0.2065
vn 0.0100 0.6779 -0.7351
vn -0.0364 0.2438 0.9692
vn 0.0141 0.1216 0.9925
vn -0.0005 0.1551 0.9879
vn 0.3390 -0.7088 0.6186
vn 0.2434 -0.6821 0.6896
vn -0.0370 -0.7704 0.6365
vn 0.5636 -0.1380 0.8144
vn -0.1751 -0.4205 0.8903
vn -0.1615 -0.3795 0.9110
vn -0.1682 -0.3996 0.9012
vn 0.8060 -0.0414 0.5904
vn 0.7692 0.0068 0.6390
vn 0.8203 -0.1629 0.5482
vn -0.6955 0.4130 0.5880
vn 0.0058 -0.1869 -0.9824
vn -0.4950 0.1487 -0.8561
vn -0.5020 0.2149 -0.8378
vn -0.5033 0.2315 -0.8325
vn 0.4109 -0.8591 0.3052
vn -0.4486 -0.5452 0.7082
vn -0.6847 0.0088 0.7287
vn -0.6730 -0.1303 0.7281
vn -0.6867 0.0104 0.7269
vn 0.7857 -0.2746 0.5543
vn 0.1238 -0.2080 0.9703
vn -0.0351 0.1095 -0.9934
vn -0.0372 0.1021 -0.9941
vn -0.2213 0.4633 -0.8581
vn -0.2061 0.4518 -0.8680
vn -0.2555 0.4888 -0.8342
vn -0.7423 -0.3549 0.5684
vn 0.2693 -0.6353 0.7238
vn -0.5935 -0.7830 0.1861
vn -0.7274 -0.6599 0.1882
vn -0.6342 -0.7522 0.1787
vn -0.1925 -0.4736 0.8595
vn -0.3748 0.2309 0.8979
vn -0.1454 0.1687 0.9749
vn 0.1577 0.9811 0.1119
vn 0.1266 0.9914 0.0340
vn 0.1624 0.9789 0.1239
vn 0.0363 -0.3698 -0.9284
vn 0.0449 -0.3830 -0.9226
vn 0.0854 0.9955 0.0420
vn 0.7036 0.3973 -0.5891
vn 0.7211 0.4006 -0.5653
vn 0.1405 0.0377 0.9894
vn 0.4864 0.1597 -0.8590
vn -0.6704 -0.1328 0.7301
vn -0.6427 -0.2616 0.7200
vn 0.5998 -0.7883 -0.1374
vn 0.9925 0.0371 0.1167
vn 0.9920 0.0291 0.1227
vn 0.9926 0.0388 0.1154
vn -0.0100 -0.1735 -0.9848
vn 0.0033 -0.1571 -0.9876
vn -0.0183 -0.1803 -0.9834
vn -0.1992 -0.8781 -0.4350
vn 0.4661 -0.7446 -0.4778
vn -0.8744 -0.0436 0.4833
vn -0.8744 -0.0437 0.4833
vn -0.8748 -0.0458 0.4824
vn 0.4043 -0.7354 0.5439
vn 0.0464 -0.3795 0.9240
vn -0.1019 -0.3722 0.9225
vn -0.0216 -0.3526 0.9355
vn -0.0880 -0.4115 0.9071
vn -0.0496 -0.6596 0.7500
vn -0.0787 -0.6621 0.7453
vn -0.1220 -0.6647 0.7371
vn 0.1810 -0.9477 -0.2628
vn 0.1486 0.6502 -0.7451
vn 0.1511 0.6499 -0.7448
vn 0.1415 0.6340 -0.7603
vn 0.0156 -0.2998 -0.9539
vn -0.3509 0.9359 0.0309
vn -0.7104 0.6929 -0.1236
vn 0.0863 0.0157 -0.9961
vn -0.5128 0.4555 -0.7277
vn -0.0503 0.7844 0.6182
vn 0.0232 -0.9617 0.2731
vn -0.6448 -0.7526 -0.1338
vn -0.6846 -0.7228 -0.0940
vn -0.7191 -0.6926 -0.0568
vn -0.7656 -0.6433 -0.0011
vn 0.0724 -0.4464 0.8919
vn -0.3298 -0.1808 0.9266
vn -0.3303 -0.9354 0.1264
vn 0.3257 -0.9182 -0.2252
vn 0.4672 -0.8354 -0.2896
vn 0.4367 -0.8115 -0.3883
vn 0.4494 -0.8290 -0.3328
vn -0.6284 -0.7230 -0.2870
vn 0.7459 -0.5062 0.4329
vn 0.0982 0.9868 -0.1289
vn 0.2180 0.9752 -0.0386
vn 0.1172 0.9835 -0.1379
vn 0.0355 0.0404 -0.9986
vn -0.0598 -0.6314 -0.7731
vn -0.0143 -0.5695 -0.8218
vn -0.0724 -0.6147 -0.7854
vn -0.1366 -0.8533 -0.5032
vn -0.9591 -0.0140 -0.2826
vn -0.6782 0.0704 0.7315
vn 0.0846 -0.4553 -0.8863
vn -0.0061 -0.5560 -0.8311
vn 0.5099 -0.8602 -0.0083
vn 0.4797 -0.8768 0.0331
vn 0.4775 -0.8779 0.0360
vn 0.4280 -0.8147 -0.3914
vn 0.2926 -0.2265 -0.9290
vn 0.1881 -0.2266 -0.9556
vn 0.1710 -0.1978 -0.9652
vn -0.4511 -0.8720 0.1902
vn -0.3640 -0.9145 0.1766
vn -0.4435 -0.8748 0.1948
vn 0.5376 -0.5240 0.6606
vn 0.5535 -0.5134 0.6557
vn 0.5322 -0.5275 0.6622
vn -0.5184 0.0010 -0.8551
vn -0.0678 -0.9371 0.3425
vn -0.7721 -0.6320 -0.0661
vn -0.7605 -0.6458 -0.0678
vn -0.8302 -0.5545 -0.0570
vn -0.7636 0.6179 0.1874
vn -0.7391 0.6475 0.1859
vn -0.7137 0.6773 0.1786
vn 0.1218 0.9923 0.0222
vn 0.4367 -0.8952 0.0888
vn 0.1355 -0.1678 0.9765
vn 0.6722 -0.7345 -0.0926
vn 0.6690 -0.7365 -0.1004
vn 0.6672 -0.7384 -0.0976
vn -0.1185 0.9764 0.1807
vn 0.5700 -0.8207 0.0390
vn -0.6895 -0.7202 -0.0766
vn -0.8640 0.4885 -0.1218
vn -0.7793 0.5941 0.1992
vn -0.8892 -0.3114 -0.3353
vn 0.4239 -0.8354 -0.3499
vn 0.0064 0.9490 -0.3151
vn -0.6086 -0.2511 -0.7527
vn -0.7008 -0.2800 -0.6561
vn -0.6552 -0.2658 -0.7072
vn 0.7052 -0.3905 0.5918
vn -0.0422 0.0137 0.9990
vn -0.0132 0.7122 0.7019
vn -0.0355 0.9391 -0.3419
vn 0.0925 0.9554 -0.2805
vn 0.0222 0.9481 -0.3171
vn -0.1006 -0.6208 -0.7775
vn 0.4951 -0.6987 0.5164
vn -0.1673 -0.6661 0.7268
vn 0.1692 -0.9727 0.1589
vn 0.5498 -0.1345 0.8244
vn -0.6672 0.2317 -0.7079
vn 0.1208 -0.4385 -0.8906
vn -0.8979 0.1636 0.4086
vn -0.9028 0.1612 0.3988
vn -0.9338 0.1440 0.3276
vn -0.0032 0.1626 -0.9867
vn 0.0082 0.1446 -0.9894
vn 0.0078 0.1531 -0.9882
vn 0.1233 -0.9852 0.1192
vn -0.3049 0.1155 0.9454
vn -0.0493 0.2711 0.9613
vn -0.9218 0.1700 0.3484
vn 0.0309 0.9761 -0.2153
vn 0.6276 -0.0310 0.7779
vn -0.8799 -0.3419 0.3299
vn -0.8761 -0.3298 0.3516
vn -0.8734 -0.3219 0.3655
vn 0.2812 -0.9046 0.3205
vn 0.9929 0.0458 0.1102
vn 0.4883 0.2567 -0.8341
vn 0.3480 0.2446 -0.9050
vn 0.5167 0.2584 -0.8163
vn -0.4851 -0.0756 0.8712
vn -0.8692 -0.3108 0.3846
vn -0.1620 -0.1638 0.9731
vn 0.3405 0.9291 -0.1444
vn -0.9838 0.0035 0.1791
vn 0.3205 0.2416 -0.9159
vn 0.0182 0.9371 -0.3485
vn 0.0125 0.6811 -0.7321
vn 0.0328 -0.4970 -0.8671
vn -0.0377 -0.4910 -0.8703
vn 0.0406 -0.4975 -0.8665
vn -0.5073 0.2968 -0.8090
vn -0.8738 -0.0407 0.4845
vn -0.1945 -0.4193 0.8868
vn -0.9408 0.1395 0.3090
vn 0.4107 0.1082 0.9053
vn -0.0826 -0.8223 0.5630
vn -0.0529 -0.8429 0.5355
vn 0.0161 -0.9043 0.4266
vn -0.0439 0.2690 0.9621
vn -0.2994 0.0407 -0.9533
vn 0.0007 -0.0441 -0.9990
vn 0.0260 -0.9997 -0.0018
vn 0.0219 -0.9634 0.2670
vn -0.2699 0.4993 -0.8233
vn 0.5488 -0.6288 -0.5508
vn 0.5468 -0.5949 -0.5891
vn 0.5478 -0.6093 -0.5733
vn 0.0921 -0.5797 -0.8096
vn -0.4646 -0.6164 -0.6358
vn -0.9866 0.1611 -0.0269
vn -0.9870 0.1570 -0.0344
vn -0.9868 0.1588 -0.0311
vn -0.4908 -0.0707 -0.8684
vn 0.0069 -0.7658 -0.6431
vn 0.9575 0.2195 0.1874
vn 0.9459 0.2388 0.2195
vn 0.9533 0.2269 0.1996
vn -0.3559 0.3932 -0.8478
vn 0.3560 -0.3259 0.8758
vn -0.8041 0.0054 -0.5944
vn -0.8019 0.0414 -0.5960
vn -0.7992 0.0299 -0.6004
vn -0.6010 -0.1954 -0.7750
vn 0.2490 0.0167 -0.9684
vn 0.2296 0.0307 -0.9728
vn 0.2716 0.0004 -0.9624
vn 0.0187 0.0673 -0.9976
vn -0.0032 0.7232 0.6906
vn 0.1110 -0.5008 -0.8584
vn -0.9575 -0.1878 -0.2190
vn 0.1992 -0.9694 -0.1434
vn 0.0926 -0.9874 -0.1280
vn 0.1053 -0.9836 -0.1466
vn -0.0009 -0.9967 -0.0808
vn -0.1853 -0.9801 -0.0714
vn -0.8812 0.0975 -0.4625
vn -0.8709 0.0921 -0.4828
vn -0.3576 0.0555 -0.9322
vn -0.3392 0.0423 -0.9397
vn -0.3451 0.0465 -0.9374
vn 0.2079 0.0461 -0.9771
vn 0.0384 0.7327 0.6794
vn 0.0166 0.9810 0.1931
vn 0.0045 0.3411 -0.9400
vn 0.0216 -0.8665 -0.4986
vn -0.0154 -0.9985 -0.0524
vn 0.6258 -0.6833 0.3761
vn -0.9864 0.1627 -0.0240
vn 0.1631 0.9247 -0.3441
vn 0.0127 -0.4992 -0.8664
vn 0.5491 -0.6413 -0.5359
vn -0.3565 -0.9343 -0.0053
vn -0.3855 -0.9215 0.0476
vn -0.3185 -0.9453 -0.0712
vn -0.4252 -0.8965 0.1245
vn -0.0473 0.1475 -0.9879
vn -0.0391 0.1507 -0.9878
vn 0.9365 0.2529 0.2430
vn -0.2639 0.9374 0.2274
vn -0.0982 0.9928 -0.0680
vn 0.0240 -0.9997 0.0073
vn 0.0333 0.2652 0.9636
vn 0.0337 0.1620 0.9862
vn 0.0509 0.2319 0.9714
vn 0.3394 0.1429 -0.9297
vn 0.9208 -0.3860 0.0561
vn -0.0991 -0.4835 -0.8697
vn -0.3640 0.0601 -0.9295
vn -0.0172 0.1509 0.9884
vn -0.0124 0.1601 0.9870
vn -0.2684 0.0680 -0.9609
vn 0.0093 -0.0247 -0.9997
vn -0.5537 -0.0937 -0.8274
vn -0.7358 0.1047 -0.6690
vn 0.3935 -0.6658 -0.6339
vn 0.0025 0.8729 0.4879
vn 0.0314 0.9224 -0.3850
vn 0.0140 -0.5133 -0.8581
vn 0.0197 -0.8639 -0.5033
vn 0.0041 -0.9253 0.3793
vn 0.8921 0.0890 -0.4430
vn -0.5809 -0.4304 -0.6909
vn -0.1090 0.6972 -0.7085
vn -0.0057 0.1740 0.9847
vn -0.0021 -0.1316 -0.9913
vn -0.0031 -0.1328 -0.9911
vn -0.0037 -0.1335 -0.9910
vn -0.0049 -0.1349 -0.9908
vn -0.3026 0.7105 -0.6353
vn -0.0095 0.6291 0.7773
vn -0.0244 0.5912 0.8062
vn -0.0003 0.6371 0.7708
vn 0.0177 0.7396 -0.6728
vn 0.3364 -0.2192 -0.9159
vn 0.3396 -0.2190 -0.9147
vn 0.3406 -0.2190 -0.9144
vn 0.3417 -0.2189 -0.9140
vn 0.0352 0.9197 -0.3911
vn 0.0134 0.6682 -0.7438
vn 0.0991 -0.3815 -0.9190
vn 0.0681 -0.4111 -0.9091
vn -0.0000 -0.4211 -0.9070
vn -0.0637 -0.4098 -0.9100
vn 0.0210 0.9165 0.3994
vn -0.3093 -0.5159 -0.7989
vn -0.4218 0.8409 -0.3391
vn 0.0254 0.9802 0.1963
vn -0.0246 -0.9326 0.3601
vn 0.0008 -0.7662 0.6426
vn -0.0190 -0.6605 0.7506
vn -0.0128 -0.6924 0.7214
vn -0.0513 0.1274 0.9905
vn -0.0256 0.5876 0.8087
vn 0.0067 -0.8856 -0.4643
vn -0.5921 -0.3180 -0.7405
vn 0.0186 0.9971 -0.0733
vn 0.0126 0.9960 -0.0885
vn 0.0133 0.9962 -0.0866
vn -0.0006 0.2994 -0.9541
vn 0.0258 -0.9877 0.1542
vn 0.0340 -0.8072 0.5892
vn -0.1012 -0.3764 -0.9209
vn -0.4235 0.1066 -0.8996
vn 0.0032 0.9791 0.2035
vn -0.0439 -0.5226 0.8514
vn 0.0100 -0.9811 0.1931
vn 0.0040 -0.7844 0.6203
vn 0.1340 -0.9861 -0.0987
vn 0.0075 0.6516 0.7586
vn 0.0281 -0.9210 -0.3885
vn -0.0071 -0.3353 -0.9421
vn 0.0231 0.1479 0.9887
vn 0.0062 0.7550 -0.6557
vn 0.0194 0.4763 0.8791
vn 0.0117 -0.0208 -0.9997
vn 0.0222 -0.8157 0.5781
vn 0.6724 -0.7346 -0.0905
vn -0.5684 -0.2381 -0.7876
vn -0.0451 0.8838 0.4657
vn -0.0633 0.8963 0.4388
vn -0.1280 0.9273 0.3518
vn 0.5011 -0.7236 -0.4747
vn 0.1253 -0.5650 -0.8155
vn 0.0268 0.9901 0.1374
vn 0.0227 0.1461 0.9890
vn 0.6827 -0.7259 -0.0835
vn 0.9752 0.0483 0.2160
vn 0.0573 -0.1665 -0.9844
vn -0.1047 -0.7984 -0.5929
vn -0.0777 -0.8145 -0.5749
vn -0.1919 -0.7695 -0.6091
vn -0.4099 -0.7029 -0.5812
vn -0.8177 0.2625 0.5123
vn -0.8020 0.2803 0.5275
vn -0.7814 0.3542 0.5138
vn -0.1139 0.3485 0.9304
vn 0.4390 -0.6705 -0.5981
vn 0.9547 0.2969 -0.0202
vn -0.0123 -0.8146 -0.5799
vn 0.6619 -0.4677 0.5859
vn -0.6931 0.6948 0.1921
vn 0.0586 0.5113 -0.8574
vn 0.5871 -0.3083 -0.7485
vn 0.0194 0.9973 -0.0714
vn -0.5961 -0.1434 0.7900
vn 0.5577 -0.5599 0.6128
vn 0.0244 -0.3636 0.9312
vn 0.0783 -0.1237 0.9892
vn 0.0129 -0.3847 0.9230
vn -0.1572 -0.9719 0.1750
vn -0.6036 0.2910 -0.7422
vn 0.0534 0.7349 0.6761
vn 0.0458 0.7219 0.6905
vn 0.0284 -0.9874 0.1554
vn 0.0277 -0.3988 0.9166
vn -0.0033 0.9319 -0.3626
vn 0.3990 -0.5561 -0.7291
vn -0.8050 0.1675 -0.5692
vn -0.8136 0.1800 -0.5529
vn -0.8144 0.2730 -0.5121
vn -0.7730 0.3322 -0.5405
vn 0.9166 0.1474 -0.3717
vn 0.0468 0.4672 -0.8829
vn 0.0442 0.4626 -0.8855
vn 0.0378 0.4512 -0.8916
vn -0.5148 -0.8056 0.2933
vn -0.7355 0.4577 0.4996
vn 0.4827 -0.6345 0.6037
vn 0.3908 -0.8112 0.4350
vn 0.3584 -0.8265 0.4341
vn 0.3054 -0.8891 0.3408
vn -0.0958 0.4002 0.9114
vn 0.0167 0.8769 -0.4803
vn 0.0233 0.8620 -0.5063
vn -0.1940 -0.4030 -0.8944
vn -0.2674 -0.4558 -0.8489
vn -0.2460 -0.2442 -0.9380
vn 0.6471 0.1746 -0.7422
vn 0.6255 0.0748 -0.7766
vn 0.6254 0.0743 -0.7767
vn -0.5825 -0.7294 -0.3587
vn 0.5071 -0.5433 0.6691
vn -0.4672 0.6640 0.5838
vn 0.2373 -0.6841 -0.6897
vn 0.1009 -0.0897 0.9908
vn 0.0109 -0.1397 -0.9901
vn -0.2315 -0.7326 -0.6400
vn -0.6455 0.6016 -0.4705
vn -0.3729 -0.0425 -0.9269
vn -0.3325 -0.0479 -0.9419
vn -0.3724 -0.0377 -0.9273
vn 0.4237 -0.6602 0.6202
vn -0.2231 0.7951 0.5639
vn -0.3724 0.7156 0.5909
vn -0.2909 0.7487 0.5957
vn -0.0565 0.4578 0.8873
vn 0.0092 0.9990 -0.0430
vn 0.0030 -0.9185 -0.3955
vn 0.0351 0.4462 -0.8942
vn -0.2299 -0.4571 -0.8592
vn -0.6978 0.1036 -0.7088
vn 0.6996 -0.6080 0.3754
vn 0.7313 -0.5770 0.3638
vn 0.6924 -0.6157 0.3762
vn 0.7204 -0.5893 0.3657
vn -0.1656 -0.3572 -0.9192
vn 0.2581 -0.0903 -0.9619
vn 0.2285 -0.1112 -0.9672
vn 0.3172 -0.0475 -0.9472
vn 0.6664 0.1504 0.7302
vn 0.0169 0.2527 -0.9674
vn -0.6207 -0.3253 -0.7134
vn 0.5715 -0.7119 0.4083
vn 0.0973 -0.9411 -0.3237
vn -0.6455 0.5825 0.4940
vn -0.5578 0.6515 0.5141
vn -0.0446 0.9543 -0.2954
vn -0.0372 0.6142 -0.7883
vn 0.0149 0.0204 -0.9997
vn 0.0097 0.0095 -0.9999
vn 0.0264 -0.7644 -0.6443
vn 0.5062 -0.7506 0.4247
vn 0.5832 -0.7415 -0.3317
vn 0.5570 -0.7521 -0.3522
vn 0.5448 -0.7566 -0.3615
vn 0.0325 -0.5715 0.8200
vn 0.0427 -0.5476 0.8356
vn -0.0024 -0.6431 0.7658
vn -0.1666 0.8929 0.4183
vn -0.0171 0.9602 -0.2787
vn 0.2757 -0.9101 -0.3094
vn -0.0578 0.1028 0.9930
vn 0.5337 -0.7606 -0.3698
vn 0.9335 0.0085 -0.3586
vn -0.0195 -0.6921 0.7215
vn 0.4788 -0.0256 0.8776
vn 0.4912 -0.0307 0.8705
vn 0.6230 -0.0578 -0.7801
vn 0.6308 -0.0637 -0.7733
vn 0.6232 -0.0612 -0.7797
vn 0.0231 -0.2163 -0.9761
vn -0.7097 -0.6353 -0.3046
vn -0.7191 -0.6690 -0.1881
vn -0.7342 -0.5954 -0.3262
vn -0.1729 -0.2456 -0.9538
vn 0.3518 0.2690 -0.8966
vn -0.5143 0.7110 0.4796
vn -0.7650 -0.5443 -0.3443
vn 0.6587 -0.0704 -0.7491
vn -0.0315 -0.7847 0.6190
vn -0.2483 -0.1786 0.9521
vn -0.1606 -0.1993 0.9667
vn -0.2606 -0.1515 0.9535
vn 0.0039 0.9973 -0.0733
vn 0.0105 0.7665 -0.6421
vn -0.0008 -0.4773 0.8787
vn -0.0038 -0.4673 0.8841
vn -0.3975 -0.7081 -0.5836
vn -0.0056 0.4086 0.9127
vn 0.9820 -0.1140 0.1506
vn 0.0147 -0.9879 -0.1541
vn -0.0306 -0.1617 -0.9864
vn 0.9271 -0.3631 -0.0927
vn 0.8995 -0.4169 0.1305
vn 0.9071 -0.4209 -0.0015
vn 0.9336 -0.3187 -0.1638
vn 0.3780 0.7386 -0.5581
vn -0.0602 0.6455 -0.7614
vn -0.1959 0.4144 0.8887
vn -0.5828 -0.0280 0.8121
vn -0.0896 0.4571 -0.8849
vn -0.7810 0.5934 -0.1949
vn -0.0365 -0.8283 0.5591
vn -0.1704 0.8856 0.4320
vn 0.3387 -0.0316 -0.9403
vn -0.3519 -0.0680 0.9336
vn 0.9852 -0.1209 0.1216
vn 0.0005 -0.2412 -0.9705
vn 0.0181 -0.8602 0.5097
vn 0.5958 -0.0286 -0.8026
vn 0.4245 -0.2902 -0.8576
vn 0.4254 -0.2923 -0.8565
vn 0.4269 -0.2959 -0.8545
vn -0.7248 0.3801 -0.5747
vn -0.7755 0.1464 0.6141
vn -0.8008 0.1859 0.5693
vn -0.7389 0.0956 0.6670
vn -0.9909 0.0614 0.1196
vn 0.9683 -0.0551 -0.2436
vn 0.0169 -0.4580 -0.8888
vn 0.0455 -0.9769 -0.2087
vn 0.0100 0.5162 0.8564
vn 0.0066 0.5167 -0.8561
vn 0.0045 0.5237 -0.8519
vn 0.0307 0.4087 -0.9122
vn 0.0172 -0.8641 0.5030
vn -0.1499 -0.2504 -0.9565
vn -0.2337 -0.2335 -0.9438
vn -0.2968 -0.2194 -0.9294
vn -0.0482 0.3072 -0.9504
vn -0.0408 0.2476 -0.9680
vn 0.0288 0.2118 -0.9769
vn -0.7165 0.0672 0.6943
vn 0.0194 0.2465 -0.9690
vn -0.7982 -0.4958 -0.3422
vn -0.7616 0.2378 -0.6028
vn -0.5887 0.7210 -0.3656
vn -0.5576 0.7988 -0.2259
vn -0.5749 0.7628 -0.2960
vn -0.3591 -0.8759 0.3222
vn -0.5959 -0.6490 0.4730
vn -0.3616 -0.0227 0.9321
vn 0.0947 0.8159 0.5703
vn 0.0922 0.2946 -0.9511
vn -0.7871 0.0550 -0.6143
vn -0.1405 -0.0264 -0.9897
vn 0.0345 -0.7646 -0.6436
vn 0.9798 -0.1631 0.1158
vn 0.9800 -0.1560 0.1239
vn 0.9798 -0.1616 0.1176
vn -0.3848 -0.1975 -0.9016
vn 0.0078 0.7545 -0.6563
vn 0.4668 -0.3826 -0.7973
vn 0.4121 -0.4403 -0.7977
vn 0.5063 -0.3549 -0.7860
vn -0.7718 -0.2458 0.5864
vn -0.9042 -0.3924 0.1689
vn -0.9296 -0.2735 0.2469
vn -0.9132 -0.3598 0.1912
vn -0.2901 0.0308 -0.9565
vn 0.9800 -0.1538 0.1264
vn -0.5946 0.6954 -0.4035
vn -0.5124 0.1558 -0.8445
vn -0.8797 -0.4600 0.1202
vn 0.6917 -0.0927 -0.7162
vn 0.6761 -0.0859 -0.7318
vn 0.0703 -0.9870 -0.1448
vn 0.9331 -0.2623 -0.2460
vn -0.5233 0.4186 -0.7422
vn -0.4864 0.5708 -0.6615
vn -0.5060 0.4998 -0.7029
vn -0.9884 0.0530 0.1426
vn 0.0073 0.3703 -0.9289
vn -0.1302 -0.3978 -0.9082
vn -0.1322 -0.3981 -0.9078
vn -0.1298 -0.3978 -0.9083
vn 0.4277 -0.2978 -0.8534
vn -0.5345 0.3473 -0.7705
vn -0.9359 0.3403 -0.0913
vn -0.0609 0.5040 0.8616
vn -0.1157 0.4705 0.8748
vn -0.0046 -0.0063 -1.0000
vn -0.1264 -0.3972 -0.9090
vn -0.9976 -0.0119 0.0680
vn -0.9661 0.1241 0.2265
vn -0.9972 0.0747 0.0038
vn -0.4205 -0.8814 -0.2150
vn -0.1611 -0.9284 -0.3348
vn -0.0931 0.3796 -0.9205
vn -0.7859 0.0542 -0.6160
vn 0.0746 -0.9888 -0.1292
vn 0.9251 -0.2556 -0.2807
vn -0.9371 0.2509 0.2428
vn -0.0321 0.0788 -0.9964
vn -0.0563 0.1054 -0.9928
vn -0.0481 0.0964 -0.9942
vn -0.9608 -0.2442 -0.1310
vn -0.9636 -0.2393 -0.1191
vn -0.9505 -0.2598 -0.1703
vn 0.1577 0.9114 0.3801
vn 0.1554 0.9149 0.3726
vn 0.1471 0.9267 0.3458
vn -0.9748 -0.2149 -0.0599
vn -0.7296 -0.4688 -0.4979
vn -0.7927 0.4070 -0.4538
vn 0.1089 0.5374 -0.8363
vn 0.1082 0.5383 -0.8358
vn 0.1079 0.5387 -0.8355
vn 0.0371 0.2023 -0.9786
vn 0.1438 0.9313 0.3348
vn 0.0669 0.9758 -0.2083
vn 0.0918 0.9831 -0.1583
vn 0.1335 0.9884 -0.0719
vn 0.1614 0.9868 -0.0126
vn -0.4349 0.0339 0.8998
vn 0.2715 0.8897 0.3671
vn -0.0819 0.1334 -0.9877
vn -0.1706 -0.0337 -0.9848
vn -0.8778 0.0884 0.4708
vn -0.6237 0.1795 -0.7608
vn 0.1175 -0.5648 -0.8168
vn 0.0452 -0.7199 -0.6926
vn 0.0471 -0.7106 -0.7020
vn -0.5046 -0.5266 -0.6842
vn -0.9988 -0.0206 -0.0451
vn 0.0392 0.9690 -0.2438
vn 0.0421 0.9677 -0.2487
vn 0.9402 -0.0830 0.3303
vn 0.9346 -0.0901 0.3440
vn 0.9376 -0.0877 0.3366
vn 0.0994 0.7818 -0.6156
vn 0.3478 0.9077 -0.2349
vn 0.3583 0.8997 -0.2493
vn 0.3706 0.8898 -0.2664
vn -0.1369 0.0143 -0.9905
vn -0.0704 0.0017 -0.9975
vn -0.7255 -0.0030 0.6882
vn 0.3408 0.9127 -0.2254
vn 0.1093 0.5368 -0.8366
vn 0.8146 -0.0725 0.5755
vn 0.0897 0.7640 -0.6389
vn 0.0908 0.7721 -0.6289
vn 0.0876 0.7474 -0.6586
vn 0.5737 -0.3446 -0.7431
vn -0.5278 -0.2088 -0.8233
vn -0.5804 -0.2037 -0.7884
vn -0.5816 -0.1395 -0.8014
vn -0.2899 -0.3069 -0.9065
vn -0.2834 0.2080 -0.9362
vn -0.2769 0.1954 -0.9408
vn -0.2854 0.2118 -0.9347
vn 0.0385 -0.2663 -0.9631
vn 0.5874 -0.3589 -0.7253
vn -0.4278 -0.2294 -0.8743
vn -0.5754 -0.1158 -0.8096
vn -0.9892 0.0908 0.1149
vn -0.9898 0.0595 0.1296
vn -0.9906 0.0747 0.1146
vn 0.1939 0.9666 -0.1677
vn -0.0092 0.4607 -0.8875
vn -0.2959 0.2323 -0.9265
vn 0.0855 0.7318 -0.6761
vn 0.0578 -0.1882 -0.9804
vn -0.9807 0.0402 -0.1915
vn 0.9792 -0.1036 -0.1747
vn 0.9770 -0.1112 -0.1820
vn 0.9760 -0.1127 -0.1862
vn 0.1334 -0.2069 -0.9692
vn 0.1106 -0.1705 -0.9791
vn -0.0112 0.4776 -0.8785
vn -0.6103 -0.0421 -0.7910
vn -0.8643 0.0436 -0.5010
vn -0.8732 0.0419 -0.4856
vn -0.8653 0.0425 -0.4994
vn -0.0327 0.0026 0.9995
vn -0.1061 -0.0090 0.9943
vn -0.0912 -0.0067 0.9958
vn -0.6295 0.0890 0.7719
vn -0.5970 0.0436 0.8010
vn -0.6051 -0.0089 0.7961
vn -0.0241 0.0039 0.9997
vn 0.4256 -0.0347 0.9043
vn 0.4065 -0.0298 0.9131
vn 0.4105 -0.0296 0.9114
vn 0.6555 -0.0200 0.7550
vn 0.7288 -0.0597 0.6821
vn 0.6598 -0.0211 0.7512
vn 0.5450 -0.0506 -0.8369
vn 0.5382 -0.0525 -0.8412
vn 0.5671 -0.0598 -0.8215
vn -0.9012 0.0673 -0.4281
vn 0.6062 0.6382 -0.4746
vn 0.9972 0.0485 -0.0577
vn -0.0312 -0.0552 0.9980
vn 0.0531 0.0147 0.9985
vn 0.1481 0.0898 0.9849
vn -0.6463 0.0086 -0.7631
vn 0.5954 -0.0435 0.8022
vn -0.6254 0.1057 0.7731
vn -0.7042 0.0688 0.7067
vn 0.0476 -0.1776 0.9830
vn -0.1586 0.0360 0.9867
vn 0.9660 0.0630 0.2507
vn -0.7031 0.1811 -0.6876
vn -0.0065 0.3771 -0.9261
vn 0.5445 0.3547 -0.7600
vn 0.5482 0.3509 -0.7592
vn 0.5488 0.3503 -0.7590
vn 0.0555 -0.0416 0.9976
vn 0.2870 0.0908 0.9536
vn 0.9533 -0.0878 0.2890
vn 0.9497 -0.0784 -0.3032
vn -0.9963 0.0756 0.0401
vn -0.0968 -0.1910 -0.9768
vn -0.5417 -0.8246 0.1630
vn 0.5516 0.3473 -0.7584
vn 0.9290 0.2731 -0.2497
vn 0.9298 0.2705 -0.2496
vn 0.9301 0.2700 -0.2489
vn 0.1369 0.0159 -0.9905
vn 0.8160 -0.4267 0.3900
vn 0.0932 0.3342 0.9379
vn -0.6820 -0.2400 -0.6909
vn -0.7562 -0.3621 -0.5450
vn -0.7224 -0.2767 -0.6337
vn 0.9790 -0.0697 0.1914
vn 0.9912 -0.0204 0.1306
vn 0.9879 -0.0372 0.1506
vn 0.7161 0.2264 0.6602
vn 0.7887 0.0976 0.6069
vn 0.7578 0.1408 0.6372
vn -0.1999 0.2039 0.9584
vn -0.1204 0.1543 0.9807
vn -0.1624 0.1508 0.9751
vn -0.0482 0.7052 0.7074
vn 0.3499 -0.9130 0.2096
vn -0.6622 -0.7302 -0.1681
vn -0.6796 -0.1739 -0.7127
vn -0.6799 -0.1713 -0.7130
vn -0.6791 -0.1779 -0.7122
vn 0.9305 0.2666 -0.2511
vn 0.8945 0.3163 -0.3160
vn 0.9963 -0.0478 0.0712
vn 0.9949 -0.0713 0.0711
vn 0.9940 -0.0282 0.1059
vn 0.9911 -0.0089 0.1329
vn -0.3022 0.2518 0.9194
vn -0.1779 0.0970 0.9792
vn -0.0833 0.0367 0.9958
vn 0.6961 0.6539 0.2963
vn -0.1840 0.1331 0.9739
vn -0.2586 0.0155 0.9659
vn 0.8469 -0.5310 0.0280
vn 0.7506 -0.6165 -0.2376
vn 0.9579 -0.0824 0.2750
vn 0.5851 -0.0477 -0.8096
vn 0.0081 0.9186 -0.3951
vn 0.0267 0.9308 -0.3645
vn 0.0603 0.9496 -0.3077
vn 0.1540 -0.8959 0.4167
vn 0.9659 -0.0922 -0.2419
vn 0.9405 -0.1294 -0.3142
vn 0.9917 -0.0323 -0.1247
vn 0.9930 -0.0244 0.1154
vn 0.0060 -0.1304 0.9914
vn -0.0000 -0.1230 0.9924
vn -0.1946 0.1486 0.9696
vn -0.1885 0.1172 0.9751
vn -0.2176 0.1519 0.9642
vn -0.0000 0.2747 0.9615
vn 0.3138 0.5375 0.7827
vn -0.4666 0.0172 0.8843
vn 0.9506 0.0915 0.2967
vn -0.3201 -0.0068 -0.9474
vn 0.3312 -0.7846 -0.5241
vn 0.2726 -0.7846 -0.5568
vn 0.2425 -0.7833 -0.5724
vn -0.2151 0.7038 0.6771
vn -0.2193 0.6988 0.6808
vn -0.2180 0.7004 0.6796
vn -0.0170 -0.4545 -0.8906
vn 0.0747 0.9562 -0.2829
vn -0.7675 -0.3690 -0.5242
vn -0.7570 -0.4069 -0.5113
vn -0.5108 0.0686 -0.8570
vn -0.6921 0.0250 -0.7213
vn -0.0507 -0.0061 -0.9987
vn -0.3003 0.0238 -0.9535
vn -0.2810 -0.9514 0.1260
vn 0.8720 0.0716 0.4842
vn 0.8615 0.0647 0.5036
vn -0.9882 0.0759 0.1330
vn -0.5656 -0.5782 -0.5880
vn -0.6787 -0.1807 -0.7118
vn 0.1277 0.0411 -0.9910
vn 0.8601 -0.3937 -0.3245
vn -0.4728 0.0591 -0.8792
vn -0.8789 0.0697 -0.4719
vn 0.3639 -0.7830 -0.5045
vn -0.1386 -0.9029 -0.4069
vn 0.3480 0.1206 0.9297
vn -0.5634 -0.2069 -0.7998
vn 0.6030 -0.0200 -0.7975
vn 0.6723 -0.1475 -0.7254
vn 0.6592 -0.0896 -0.7466
vn 0.5788 0.0041 -0.8154
vn 0.6902 -0.3426 -0.6374
vn 0.6552 -0.3817 -0.6519
vn 0.6939 -0.2946 -0.6570
vn -0.5644 -0.0445 0.8243
vn -0.0218 -0.4189 -0.9078
vn -0.2224 0.6952 0.6836
vn -0.6351 0.6599 0.4015
vn -0.2116 0.0563 0.9757
vn 0.4253 0.2056 0.8814
vn -0.6835 0.6200 -0.3852
vn 0.5084 0.0892 -0.8565
vn 0.0147 0.0009 0.9999
vn -0.5202 -0.0509 0.8525
vn -0.1287 -0.0040 -0.9917
vn -0.7229 0.6698 0.1695
vn -0.7327 0.6693 0.1232
vn -0.7255 0.6698 0.1582
vn -0.3042 -0.5919 -0.7464
vn -0.2801 -0.5655 -0.7758
vn -0.2647 -0.5484 -0.7932
vn 0.1124 0.0799 -0.9904
vn 0.0132 0.1068 -0.9942
vn 0.0444 0.0984 -0.9942
vn 0.6156 -0.0537 0.7862
vn 0.9332 -0.0916 -0.3476
vn -0.6956 0.3125 0.6469
vn -0.7595 0.2640 0.5946
vn -0.6356 0.3618 0.6820
vn 0.0051 0.0284 0.9996
vn 0.9868 0.1613 0.0143
vn 0.6559 -0.0558 0.7528
vn -0.9818 0.0169 0.1894
vn -0.6900 0.1636 -0.7051
vn -0.6840 0.1565 -0.7125
vn -0.6866 0.1596 -0.7093
vn -0.6675 0.1374 -0.7319
vn -0.7360 0.6688 0.1053
vn 0.7568 -0.0105 -0.6535
vn -0.5304 0.0087 -0.8477
vn -0.4850 0.0705 -0.8717
vn -0.5154 0.0297 -0.8565
vn -0.4656 0.0957 -0.8798
vn 0.9961 -0.0134 -0.0873
vn 0.6886 -0.0479 -0.7236
vn 0.6984 -0.0491 -0.7140
vn -0.8680 0.0509 -0.4940
vn 0.1563 0.0676 -0.9854
vn -0.8488 0.2132 0.4838
vn 0.5102 -0.5126 0.6906
vn 0.2058 0.1638 -0.9648
vn 0.2231 0.0676 -0.9725
vn 0.2113 0.1343 -0.9681
vn -0.2417 -0.5225 -0.8177
vn -0.2861 0.9562 -0.0624
vn -0.2909 0.9551 -0.0553
vn -0.3632 0.9311 -0.0331
vn -0.9406 0.1294 0.3138
vn -0.9496 0.1186 0.2902
vn -0.8933 0.1685 0.4166
vn -0.0107 0.0212 0.9997
vn 0.7619 0.1843 -0.6209
vn 0.7478 0.2242 -0.6249
vn 0.1934 0.2262 -0.9547
vn -0.3649 0.9303 -0.0366
vn 0.1232 -0.1128 0.9859
vn 0.2104 -0.1475 0.9664
vn 0.1427 -0.1206 0.9824
vn -0.9625 0.0636 0.2638
vn -0.9749 -0.0336 0.2199
vn -0.1850 -0.2686 0.9453
vn -0.1488 -0.3117 0.9385
vn -0.0609 -0.3120 0.9481
vn 0.1098 0.0650 -0.9918
vn -0.4754 0.8796 0.0151
vn 0.0926 -0.1005 0.9906
vn -0.0817 0.1032 0.9913
vn -0.1049 0.0555 0.9929
vn -0.1641 -0.0697 0.9840
vn -0.1262 0.7312 -0.6704
vn -0.1120 0.7434 -0.6594
vn -0.1225 0.7344 -0.6676
vn -0.5448 -0.0915 0.8336
vn 0.6703 -0.0289 0.7416
vn 0.7111 0.1023 -0.6956
vn -0.1374 0.7213 -0.6788
vn 0.2414 -0.6942 0.6781
vn -0.3094 -0.1303 0.9420
vn -0.8193 0.0131 -0.5731
vn -0.8136 -0.0132 -0.5813
vn -0.8179 0.1170 -0.5633
vn 0.9058 -0.0362 0.4222
vn 0.9111 -0.0608 0.4077
vn -0.0459 -0.0141 -0.9988
vn -0.9795 0.1146 -0.1657
vn -0.9975 0.0683 0.0155
vn -0.9966 0.0777 -0.0261
vn -0.8836 0.4667 0.0373
vn 0.5824 -0.0105 0.8129
vn 0.3003 -0.0194 -0.9537
vn 0.3099 -0.0066 -0.9507
vn 0.2648 -0.0301 -0.9638
vn -0.4191 -0.7370 0.5303
vn 0.7196 0.2679 -0.6406
vn -0.3454 0.0044 -0.9384
vn -0.0998 0.4117 -0.9058
vn -0.1041 0.4062 -0.9078
vn -0.1023 0.4085 -0.9070
vn -0.9086 0.3409 -0.2412
vn 0.0195 0.0308 0.9993
vn 0.2747 0.1620 0.9478
vn 0.8321 -0.0840 -0.5483
vn 0.8366 -0.0805 -0.5419
vn 0.8067 -0.0804 -0.5855
vn -0.8255 0.0481 -0.5623
vn -0.5849 0.6143 -0.5297
vn -0.9744 0.1985 -0.1058
vn -0.9618 0.2274 -0.1523
vn -0.9864 0.1588 -0.0432
vn -0.6707 -0.7311 -0.1253
vn -0.6700 -0.7313 -0.1282
vn -0.6703 -0.7312 -0.1267
vn -0.3661 -0.0289 0.9301
vn -0.3789 0.2832 0.8810
vn -0.3027 0.2704 0.9139
vn -0.2762 0.2656 0.9237
vn -0.2657 0.2636 0.9273
vn 0.0548 -0.7830 0.6196
vn 0.8703 -0.3921 0.2979
vn 0.8689 -0.4215 0.2595
vn 0.8671 -0.4381 0.2370
vn -0.1005 -0.5051 0.8572
vn -0.0466 -0.5018 0.8638
vn -0.1554 -0.5069 0.8479
vn 0.8699 -0.3662 0.3304
vn 0.9879 -0.0683 -0.1396
vn 0.9749 -0.0254 -0.2210
vn -0.1232 0.0270 -0.9920
vn -0.1021 -0.0109 -0.9947
vn -0.1126 0.0080 -0.9936
vn -0.0898 -0.0329 -0.9954
vn 0.1086 -0.9388 0.3270
vn -0.6716 -0.7309 -0.1216
vn 0.8425 0.4640 0.2738
vn 0.7796 -0.0181 -0.6260
vn -0.0975 0.4147 -0.9047
vn -0.5558 0.0563 0.8294
vn -0.5136 0.0722 0.8550
vn -0.3871 0.0453 0.9209
vn -0.9932 0.1133 0.0273
vn 0.0427 0.0210 0.9989
vn -0.1916 -0.1297 0.9729
vn -0.2256 -0.5070 0.8319
vn 0.0940 0.0728 -0.9929
vn 0.5538 0.0021 0.8327
vn 0.9020 -0.0184 0.4313
vn 0.9029 -0.0179 0.4295
vn 0.4271 0.0533 0.9026
vn 0.1618 -0.9845 -0.0682
vn -0.2784 -0.1047 0.9547
vn -0.2707 -0.1276 0.9542
vn -0.2818 -0.0999 0.9543
vn 0.6855 -0.4206 -0.5943
vn -0.1887 -0.9798 -0.0659
vn -0.1501 -0.9880 -0.0379
vn -0.2221 -0.9708 -0.0904
vn -0.3482 0.0084 -0.9374
vn -0.9971 0.0676 0.0354
vn -0.9975 0.0660 0.0249
vn -0.9977 -0.0313 -0.0600
vn -0.9989 -0.0265 -0.0380
vn -0.9937 -0.0393 0.1047
vn -0.0841 0.3061 0.9483
vn 0.1907 0.0137 0.9815
vn 0.1942 0.0163 0.9808
vn 0.1463 0.0176 0.9891
vn 0.5296 0.8453 0.0714
vn 0.5493 0.8233 0.1434
vn 0.5562 0.8299 0.0433
vn 0.1646 -0.3434 -0.9247
vn 0.2709 -0.4812 -0.8337
vn 0.1796 -0.4059 -0.8961
vn -0.8394 -0.1061 -0.5330
vn 0.7838 0.0479 -0.6191
vn 0.5842 -0.0074 0.8116
vn -0.8325 0.0860 0.5473
vn -0.8982 0.0698 0.4340
vn -0.8291 0.0792 0.5535
vn -0.3101 0.0188 0.9505
vn -0.0502 -0.8624 -0.5038
vn -0.1824 -0.7954 -0.5780
vn -0.1044 -0.8378 -0.5358
vn -0.9186 0.3834 0.0961
vn -0.9215 0.3780 0.0890
vn -0.9011 0.4124 0.1340
vn -0.2844 -0.9489 -0.1364
vn 0.8976 0.4395 -0.0339
vn -0.2327 -0.7633 -0.6027
vn -0.0000 1.0000 -0.0000
vn 0.6850 -0.0000 -0.7286
vn 0.6874 -0.0000 -0.7263
vn 0.6868 -0.0000 -0.7268
vn 0.6889 -0.0000 -0.7248
vn 0.7963 0.1759 0.5788
vn 0.9645 0.1609 0.2095
vn 0.7504 0.6573 -0.0693
vn 0.1687 0.0094 0.9856
vn -0.8836 -0.0957 -0.4584
vn 0.8921 -0.0143 0.4516
vn -0.9040 0.0674 0.4221
vn -0.4312 -0.0010 0.9023
vn -0.1729 0.0132 0.9848
vn -0.9888 -0.0820 0.1246
vn -0.0327 0.0389 0.9987
vn 0.2271 -0.1763 0.9578
vn -0.0034 -0.0000 1.0000
vn -0.1136 0.0827 0.9901
vn -0.1496 0.1062 0.9830
vn -0.1137 0.0827 0.9901
vn -0.1532 0.1079 0.9823
vn -0.9333 0.3543 0.0589
vn -0.2462 -0.0621 0.9672
vn 0.0535 0.0154 0.9985
vn 0.5001 0.8199 0.2786
vn 0.5285 0.8370 -0.1417
vn 0.4833 0.2486 -0.8394
vn 0.0938 0.0727 -0.9929
vn -0.5378 -0.2412 -0.8078
vn 0.9650 -0.0305 -0.2604
vn 0.6888 -0.0535 -0.7229
vn -0.8150 0.0497 -0.5773
vn -0.4343 0.0215 0.9005
vn 0.7896 0.0862 -0.6075
vn -0.4937 0.0258 -0.8692
vn -0.4785 0.0266 -0.8777
vn 0.3849 0.2465 0.8894
vn 0.0553 -0.0633 0.9965
vn 0.6074 0.5398 0.5828
vn -0.2821 0.3227 0.9035
vn -0.2976 -0.0497 0.9534
vn -0.6823 -0.1833 0.7077
vn -0.5608 -0.2277 0.7960
vn -0.6691 -0.1874 0.7192
vn 0.4533 0.4259 -0.7830
vn 0.1050 -0.1973 -0.9747
vn 0.9981 -0.0097 -0.0603
vn 0.9978 -0.0116 -0.0654
vn 0.8384 0.4892 -0.2404
vn -0.1494 -0.0765 0.9858
vn -0.1184 -0.0601 0.9911
vn -0.1065 -0.1135 0.9878
vn -0.0756 -0.0477 0.9960
vn -0.1374 -0.1223 0.9829
vn -0.5425 -0.2337 0.8069
vn -0.6178 -0.2048 0.7592
vn 0.9984 -0.0282 0.0487
vn -0.9965 0.0658 -0.0507
vn -0.2110 0.0834 -0.9739
vn -0.2671 0.1128 -0.9571
vn -0.3051 0.1039 -0.9467
vn -0.1562 0.1087 0.9817
vn -0.3339 0.1154 -0.9355
vn -0.2265 -0.2100 0.9511
vn -0.1844 -0.1721 0.9677
vn -0.2085 -0.1938 0.9586
vn -0.9832 -0.1571 0.0928
vn -0.9835 -0.1431 0.1112
vn -0.2397 -0.2219 0.9451
vn 0.2674 0.1528 0.9514
vn 0.7813 0.1078 -0.6147
vn 0.5880 -0.0062 0.8088
vn 0.9978 -0.0272 0.0602
vn 0.6668 -0.0632 -0.7425
vn -0.2664 -0.0843 -0.9602
vn -0.2823 -0.0653 -0.9571
vn -0.2502 -0.1034 -0.9627
vn 0.8866 -0.4626 0.0034
vn 0.9028 -0.4240 0.0719
vn 0.8893 -0.4571 0.0134
vn 0.9583 -0.2537 0.1318
vn 0.6166 -0.0322 -0.7866
vn -0.3352 0.3176 -0.8870
vn -0.3946 -0.5683 -0.7220
vn -0.3481 -0.6107 -0.7112
vn -0.3628 -0.6096 -0.7048
vn 0.1036 -0.1331 -0.9857
vn -0.2047 0.0290 -0.9784
vn -0.2328 -0.1236 -0.9646
vn -0.0735 0.4784 -0.8751
vn -0.9482 -0.2238 0.2253
vn -0.9306 -0.2418 0.2750
vn -0.9687 -0.1964 0.1520
vn -0.3464 0.0794 -0.9347
vn -0.0956 -0.2649 -0.9595
vn -0.1506 -0.2300 -0.9615
vn -0.1591 -0.2879 -0.9444
vn 0.2113 -0.1389 0.9675
vn 0.1945 -0.1565 0.9683
vn 0.1353 -0.1696 0.9762
vn -0.2484 -0.2132 0.9449
vn -0.2454 -0.2122 0.9459
vn -0.2628 -0.2004 0.9438
vn -0.4015 -0.5018 -0.7662
vn 0.9143 -0.0055 0.4051
vn 0.0766 0.0125 -0.9970
vn 0.0683 0.0154 -0.9975
vn -0.9787 -0.1775 0.1027
vn 0.1680 0.0808 0.9825
vn -0.5427 0.0109 0.8399
vn 0.8584 -0.5064 -0.0819
vn -0.9658 0.2592 -0.0061
vn -0.9621 0.2713 -0.0268
vn -0.9672 0.2542 0.0025
vn 0.1598 -0.1982 0.9671
vn 0.9448 -0.0587 -0.3222
vn 0.9638 -0.0214 -0.2659
vn 0.9693 -0.0073 -0.2457
vn 0.6146 -0.0222 0.7885
vn 0.7644 -0.0309 -0.6440
vn 0.7181 0.0013 -0.6959
vn -0.9945 0.0357 -0.0990
vn -0.8632 0.2729 -0.4247
vn -0.7637 0.1836 0.6189
vn -0.7668 0.1959 0.6113
vn -0.7622 0.1916 0.6183
vn 0.6430 -0.0124 -0.7657
vn -0.9693 0.2452 0.0177
vn 0.0509 -0.0864 0.9950
vn -0.7138 -0.1455 -0.6851
vn -0.6412 -0.1943 -0.7424
vn -0.7276 -0.1409 -0.6714
vn 0.2707 0.2455 -0.9308
vn 0.6046 -0.0123 0.7964
vn 0.9129 -0.0029 -0.4082
vn 0.9145 -0.0045 -0.4046
vn 0.9253 -0.0134 -0.3790
vn -0.8589 0.0217 0.5117
vn -0.8783 0.0110 0.4781
vn -0.8496 0.2015 -0.4874
vn -0.8688 0.1662 -0.4664
vn -0.8415 0.2155 -0.4955
vn -0.7231 0.0501 -0.6889
vn -0.6014 0.0670 0.7961
vn -0.6220 0.0995 0.7767
vn -0.5547 -0.0014 0.8321
vn -0.6758 -0.1611 -0.7193
vn -0.6839 -0.5959 0.4208
vn 0.0471 -0.5941 0.8030
vn 0.6960 0.4834 0.5310
vn 0.6727 0.4901 0.5543
vn 0.7567 0.4618 0.4627
vn 0.9367 -0.0676 -0.3437
vn -0.9035 0.0131 0.4285
vn -0.6226 -0.2072 -0.7546
vn 0.8598 -0.2941 -0.4173
vn -0.7170 -0.6941 0.0647
vn -0.7424 -0.6686 0.0435
vn -0.7618 -0.6473 0.0265
vn -0.2169 -0.9762 0.0073
vn -0.2099 -0.9776 0.0136
vn -0.1987 -0.9798 0.0238
vn 0.7467 0.6587 0.0929
vn -0.3989 -0.4565 -0.7953
vn -0.0431 -0.2490 -0.9676
vn 0.3033 -0.9517 0.0466
vn 0.2345 -0.9721 0.0064
vn 0.1907 -0.9815 -0.0186
vn -0.2343 -0.9721 -0.0086
vn 0.1738 0.0438 0.9838
vn 0.6264 -0.0097 -0.7794
vn -0.9828 0.0336 -0.1817
vn -0.5488 -0.1207 0.8272
vn 0.7464 0.5229 -0.4116
vn 0.7468 0.5228 -0.4110
vn 0.7478 0.5226 -0.4094
vn 0.2216 -0.0196 -0.9749
vn -0.5341 -0.0296 0.8449
vn 0.0188 -0.1715 -0.9850
vn 0.1372 -0.9893 -0.0488
vn -0.8027 -0.5962 -0.0123
vn 0.2383 -0.0204 -0.9710
vn -0.7191 0.0391 -0.6938
vn -0.2537 -0.7707 -0.5845
vn -0.7520 -0.3354 -0.5674
vn -0.4997 -0.3206 0.8047
vn 0.2863 -0.2813 0.9159
vn 0.3055 -0.2826 0.9093
vn 0.4349 -0.2106 0.8755
vn -0.8404 0.1655 0.5161
vn -0.1701 -0.0524 0.9840
vn 0.1621 0.0331 0.9862
vn 0.7824 0.4505 0.4300
vn -0.8207 0.2487 -0.5143
vn -0.9404 -0.2773 -0.1970
vn 0.2560 -0.0067 -0.9667
vn -0.2208 -0.1292 0.9667
vn 0.1751 0.0913 0.9803
vn 0.9361 -0.0661 -0.3455
vn 0.9436 -0.0137 -0.3309
vn 0.0616 -0.4446 -0.8936
vn 0.1788 -0.4845 -0.8563
vn 0.1838 -0.4861 -0.8544
vn 0.4409 -0.1423 0.8862
vn 0.0943 -0.0048 0.9955
vn 0.0143 -0.9941 0.1074
vn -0.1810 -0.9713 -0.1544
vn -0.7727 0.0066 -0.6347
vn -0.9713 0.0199 -0.2372
vn 0.0051 -0.1226 -0.9924
vn -0.9113 0.4116 0.0148
vn -0.9262 0.3758 -0.0315
vn -0.9266 0.3745 -0.0331
vn -0.9356 0.3465 -0.0680
vn -0.5955 0.2143 0.7743
vn 0.6446 -0.1185 0.7553
vn 0.4859 0.3660 0.7937
vn 0.4823 0.3597 0.7987
vn 0.4544 0.2564 0.8531
vn 0.2322 -0.0115 -0.9726
vn -0.2075 0.0144 -0.9781
vn -0.2081 0.0324 -0.9776
vn -0.2100 0.0164 -0.9776
vn -0.4964 0.0196 -0.8679
vn -0.0768 -0.6217 -0.7795
vn -0.0620 -0.2728 0.9601
vn -0.0734 -0.1302 0.9888
vn -0.0276 -0.1995 0.9795
vn -0.8199 0.0754 0.5675
vn 0.6726 -0.7395 0.0269
vn 0.6354 -0.7713 -0.0361
vn 0.6481 -0.7614 -0.0154
vn -0.3103 0.1834 -0.9328
vn -0.4194 0.1525 -0.8949
vn -0.3175 0.1815 -0.9307
vn 0.7482 0.5226 -0.4088
vn 0.9850 -0.0680 0.1587
vn 0.6192 -0.0260 0.7848
vn 0.6087 -0.0075 -0.7934
vn -0.8559 0.0747 0.5117
vn -0.8683 0.0694 0.4911
vn -0.8915 -0.1840 0.4140
vn -0.8870 -0.1745 0.4275
vn -0.9268 -0.0566 0.3713
vn 0.0408 -0.4367 -0.8987
vn -0.0147 -0.1381 -0.9903
vn 0.0100 -0.1335 -0.9910
vn -0.0166 -0.2461 -0.9691
vn -0.2649 -0.4170 0.8695
vn -0.1120 -0.3990 0.9101
vn -0.2176 -0.4098 0.8859
vn -0.0725 -0.3942 0.9162
vn 0.1529 -0.1629 0.9747
vn 0.6128 -0.7870 -0.0713
vn 0.4330 0.1816 -0.8829
vn 0.3018 -0.0933 -0.9488
vn -0.6448 -0.0771 -0.7604
vn -0.2270 0.4107 0.8831
vn -0.2326 0.4138 0.8801
vn -0.2373 0.4165 0.8776
vn 0.7483 0.6612 0.0524
vn 0.7675 0.6309 0.1133
vn 0.7581 0.6470 0.0819
vn 0.1402 -0.2681 -0.9531
vn 0.9978 -0.0264 0.0615
vn 0.9494 -0.0184 -0.3135
vn -0.2609 0.1961 -0.9452
vn -0.1127 -0.0994 0.9886
vn -0.0676 -0.0522 0.9963
vn -0.1625 -0.4938 -0.8543
vn -0.1916 -0.4969 -0.8464
vn -0.3105 -0.4725 -0.8248
vn -0.2620 0.0053 -0.9651
vn -0.2167 -0.0106 -0.9762
vn -0.7710 0.0037 -0.6368
vn -0.0468 -0.0501 0.9976
vn 0.1797 0.0069 0.9837
vn -0.0264 -0.0110 0.9996
vn -0.9300 0.0290 -0.3664
vn -0.1370 -0.0246 -0.9903
vn -0.6305 0.1091 -0.7685
vn -0.0697 -0.0935 -0.9932
vn 0.0260 -0.0865 -0.9959
vn -0.4512 0.8895 -0.0718
vn -0.4405 0.8962 -0.0521
vn -0.4321 0.9011 -0.0368
vn -0.4225 0.9061 -0.0199
vn -0.2419 0.4191 0.8751
vn 0.7205 0.3187 -0.6159
vn 0.4492 0.2472 0.8586
vn 0.2453 0.2320 0.9413
vn 0.2525 0.2176 0.9428
vn 0.2640 0.2020 0.9431
vn 0.5809 -0.0109 -0.8139
vn -0.8742 -0.1243 0.4694
vn -0.1617 -0.0691 0.9844
vn -0.4099 -0.4400 0.7990
vn 0.8625 0.0061 -0.5060
vn -0.2053 0.5057 -0.8379
vn -0.4361 -0.3878 0.8121
vn -0.3358 -0.4649 -0.8192
vn 0.7365 0.6762 0.0196
vn 0.9333 -0.0101 0.3591
vn -0.9044 0.0055 0.4267
vn -0.4956 0.1649 -0.8528
vn -0.4885 0.2540 -0.8348
vn -0.4817 0.1856 -0.8564
vn 0.3074 0.1835 0.9337
vn 0.3053 0.1803 0.9350
vn 0.0799 -0.1365 0.9874
vn 0.0753 -0.1880 0.9793
vn 0.2215 -0.0284 0.9747
vn 0.8887 0.0936 0.4489
vn 0.0630 -0.0567 -0.9964
vn 0.0146 0.0136 0.9998
vn 0.0736 0.0044 -0.9973
vn 0.4253 -0.0560 0.9033
vn 0.7046 -0.7087 -0.0369
vn 0.6369 -0.7709 0.0141
vn 0.7172 -0.6952 -0.0471
vn 0.8871 -0.1852 -0.4229
vn -0.0491 -0.0184 0.9986
vn 0.9662 -0.2558 0.0325
vn 0.9847 -0.1710 0.0343
vn 0.9450 -0.3133 0.0935
vn 0.6700 -0.0043 0.7424
vn 0.6909 0.0030 0.7229
vn 0.6252 -0.0113 0.7804
vn 0.6485 0.0160 0.7611
vn 0.9872 0.0150 0.1587
vn 0.8552 0.0205 -0.5180
vn -0.8012 0.0260 0.5978
vn -0.9919 -0.0351 -0.1219
vn -0.0143 -0.1831 0.9830
vn -0.0337 -0.3321 0.9427
vn 0.7580 -0.6471 -0.0817
vn 0.2958 0.1895 -0.9362
vn 0.2768 0.2391 -0.9307
vn 0.2888 0.2081 -0.9345
vn 0.2697 0.2568 -0.9281
vn -0.3483 -0.4252 -0.8354
vn 0.9950 -0.0725 0.0685
vn 0.9914 0.0217 0.1291
vn 0.9932 0.0226 -0.1140
vn 0.9954 0.0272 -0.0921
vn 0.7989 0.0238 -0.6010
vn -0.8921 -0.0078 -0.4518
vn -0.1786 -0.0033 -0.9839
vn 0.9893 -0.0036 0.1457
vn 0.4196 0.0175 -0.9075
vn -0.9257 0.0045 0.3782
vn -0.9870 0.0427 -0.1549
vn -0.4829 0.3026 -0.8218
vn -0.8661 0.4739 0.1587
vn -0.9000 0.4263 0.0908
vn -0.9137 0.4022 0.0578
vn -0.2131 -0.0124 -0.9769
vn -0.6023 0.0136 -0.7982
vn -0.9422 0.3336 -0.0313
vn 0.8315 -0.5297 0.1675
vn 0.9204 -0.3812 0.0873
vn 0.9398 -0.3284 0.0949
vn 0.1594 0.0228 -0.9870
vn 0.2774 -0.8807 0.3838
vn -0.0123 -0.9998 -0.0152
vn 0.4234 -0.2072 -0.8819
vn 0.3988 -0.1709 -0.9010
vn 0.2347 -0.0810 -0.9687
vn 0.8270 0.1997 -0.5256
vn 0.7855 0.3048 -0.5385
vn 0.8188 0.2162 -0.5317
vn -0.5555 0.0047 -0.8315
vn -0.7263 -0.0370 -0.6863
vn -0.7260 -0.0322 -0.6870
vn -0.7243 -0.0135 -0.6893
vn -0.4712 -0.8716 -0.1352
vn 0.0947 0.0062 0.9955
vn 0.1943 0.2839 0.9389
vn 0.2443 -0.1581 -0.9567
vn -0.9807 -0.0076 0.1952
vn -0.4405 0.2211 0.8701
vn 0.2143 -0.0528 0.9753
vn 0.3627 0.0245 0.9316
vn 0.5548 0.0300 0.8314
vn 0.5339 0.0255 0.8452
vn 0.0504 -0.0028 -0.9987
vn -0.8437 0.5283 0.0955
vn -0.8596 0.4912 0.1408
vn -0.8729 0.4874 0.0233
vn 0.4680 0.2183 0.8563
vn 0.5218 0.8502 0.0694
vn 0.5173 0.8534 0.0644
vn 0.5224 0.8498 0.0700
vn 0.5272 0.8464 0.0753
vn 0.9638 -0.2602 0.0581
vn 0.7948 0.0299 -0.6061
vn -0.9611 0.0062 -0.2761
vn -0.9449 -0.0113 -0.3272
vn -0.9062 0.4225 0.0181
vn 0.0675 0.0527 0.9963
vn 0.0283 -0.4537 0.8907
vn 0.1084 0.1662 -0.9801
vn 0.1095 0.0733 -0.9913
vn 0.1113 0.0664 -0.9916
vn 0.6201 -0.7178 0.3164
vn 0.0856 -0.0483 0.9952
vn 0.0962 -0.0530 0.9940
vn 0.0954 -0.0534 0.9940
vn -0.0652 -0.1677 0.9837
vn 0.7186 0.1245 -0.6842
vn 0.7103 0.1247 -0.6928
vn 0.6400 0.0101 0.7683
vn 0.8797 0.0524 0.4726
vn 0.8867 0.0242 0.4617
vn 0.8848 0.0364 0.4645
vn 0.1002 0.0174 0.9948
vn 0.0830 0.2961 0.9515
vn 0.0922 0.3220 0.9423
vn 0.1376 0.1446 0.9799
vn 0.9789 -0.1962 0.0561
vn 0.9794 -0.1949 0.0537
vn 0.1267 0.0465 -0.9908
vn 0.4303 -0.2216 -0.8751
vn 0.1144 -0.0787 -0.9903
vn 0.6053 -0.7176 -0.3445
vn -0.7840 0.0576 0.6180
vn -0.5054 0.8628 -0.0133
vn -0.5207 0.8533 -0.0293
vn -0.5518 0.8316 -0.0627
vn 0.8134 -0.5485 0.1937
vn -0.0933 0.0084 -0.9956
vn 0.6296 0.1412 -0.7640
vn 0.1033 0.0922 -0.9904
vn 0.1306 -0.8458 0.5172
vn 0.2743 -0.8324 0.4816
vn 0.1773 -0.8024 0.5698
vn 0.3283 -0.0091 -0.9445
vn -0.8396 0.1338 -0.5264
vn 0.0612 -0.0347 -0.9975
vn 0.0460 -0.0917 -0.9947
vn 0.0538 -0.0378 -0.9978
vn -0.9693 0.2433 0.0353
vn -0.0412 -0.0045 0.9991
vn -0.4168 0.0971 0.9038
vn -0.4368 0.0582 0.8977
vn -0.4584 0.0257 0.8884
vn -0.4696 0.8826 0.0229
vn 0.5510 0.8265 -0.1155
vn 0.5169 0.8536 -0.0648
vn 0.5042 0.8623 -0.0466
vn -0.0927 -0.9895 -0.1113
vn -0.0975 -0.9952 -0.0122
vn -0.0938 -0.9914 -0.0913
vn 0.4016 -0.7718 0.4930
vn 0.9207 -0.0015 0.3904
vn 0.9123 0.0017 0.4096
vn 0.3121 -0.0065 -0.9500
vn -0.9206 0.0053 0.3904
vn -0.2380 -0.0104 -0.9712
vn -0.2399 0.0052 -0.9708
vn -0.2048 -0.0205 -0.9786
vn -0.3552 0.0441 -0.9338
vn 0.0883 -0.0100 -0.9960
vn 0.0920 -0.0925 0.9915
vn 0.1116 0.0550 0.9922
vn 0.1048 0.0538 0.9930
vn 0.3182 0.0702 0.9454
vn -0.2400 0.0146 0.9707
vn -0.4488 0.0148 0.8935
vn -0.3413 -0.0101 0.9399
vn -0.4454 -0.3353 0.8302
vn 0.0933 -0.3279 0.9401
vn 0.0707 -0.1050 0.9920
vn -0.2337 -0.9608 0.1493
vn -0.3179 -0.9393 0.1288
vn -0.2954 -0.9459 0.1344
vn 0.7296 -0.3253 -0.6015
vn 0.6559 -0.4577 -0.6003
vn 0.7051 -0.2727 -0.6545
vn 0.0681 0.1175 0.9907
vn 0.0604 0.0124 0.9981
vn 0.4552 0.8902 0.0201
vn 0.0884 0.0221 -0.9958
vn 0.6369 0.0031 0.7710
vn 0.1685 -0.9183 -0.3582
vn 0.9890 0.0079 -0.1476
vn -0.5603 0.0008 -0.8283
vn -0.0884 0.0443 0.9951
vn 0.0137 0.0720 0.9973
vn -0.1806 0.9630 0.1999
vn 0.0307 0.3046 -0.9520
vn -0.0377 0.3466 -0.9373
vn -0.0382 0.3272 -0.9442
vn -0.2112 0.0085 0.9774
vn -0.4948 0.5218 0.6949
vn -0.1662 -0.0886 0.9821
vn -0.1620 -0.0877 0.9829
vn -0.2090 -0.0037 0.9779
vn 0.3299 0.1607 0.9303
vn 0.0249 0.3000 -0.9536
vn -0.7819 -0.0068 0.6233
vn -0.6792 0.0463 0.7325
vn -0.7867 -0.0145 0.6172
vn -0.0433 -0.7148 0.6980
vn -0.9149 0.0124 -0.4036
vn -0.9981 0.0233 0.0570
vn -0.9902 0.0187 0.1386
vn -0.7277 -0.0561 -0.6836
vn -0.3809 0.9246 -0.0004
vn 0.2951 0.1072 0.9494
vn 0.0994 -0.0066 -0.9950
vn -0.1149 -0.1635 0.9798
vn 0.3068 0.1502 0.9399
vn -0.2060 -0.0242 -0.9782
vn 0.0635 0.1185 -0.9909
vn -0.6272 0.0215 -0.7786
vn -0.6429 0.0146 -0.7658
vn -0.6279 0.0269 -0.7778
vn 0.0728 -0.0932 0.9930
vn -0.6689 0.0497 0.7417
vn -0.1549 -0.0490 -0.9867
vn -0.1622 -0.0391 -0.9860
vn -0.3350 0.0276 -0.9418
vn 0.1985 0.1324 0.9711
vn -0.0155 0.0385 0.9991
vn -0.9918 0.1257 -0.0243
vn -0.2145 0.0247 0.9764
vn -0.2014 0.0031 0.9795
vn -0.0566 0.1662 0.9845
vn -0.5021 0.0014 0.8648
vn 0.0889 0.9907 -0.1029
vn 0.0195 0.9841 -0.1763
vn 0.0762 0.9903 -0.1165
vn 0.1053 0.1718 -0.9795
vn -0.0067 0.1523 0.9883
vn -0.0557 -0.0094 0.9984
vn -0.3516 -0.4803 0.8036
vn 0.1590 0.9869 -0.0267
vn 0.1170 0.2921 -0.9492
vn 0.8052 0.5196 0.2858
vn 0.3353 0.5626 -0.7557
vn 0.3471 0.5537 -0.7569
vn 0.3305 0.5662 -0.7551
vn -0.9947 0.0857 0.0568
vn -0.9886 0.1467 0.0330
vn -0.5401 0.0457 -0.8404
vn -0.5526 0.0361 -0.8326
vn 0.0917 0.1727 0.9807
vn 0.3195 0.5743 -0.7537
vn -0.5486 0.0277 -0.8356
vn 0.7042 0.7078 0.0553
vn 0.3169 0.1042 -0.9427
vn -0.5079 0.0042 0.8614
vn -0.2462 0.1184 0.9620
vn 0.1968 0.2309 0.9529
vn 0.1333 0.1119 0.9847
vn 0.1319 0.1121 0.9849
vn 0.1517 0.1093 0.9824
vn -0.1567 -0.0111 0.9876
vn -0.9582 0.2382 0.1588
vn 0.4597 0.2242 0.8593
vn -0.7361 0.1716 -0.6548
vn -0.0329 0.1726 -0.9844
vn -0.0540 0.1956 -0.9792
vn -0.0811 0.2339 -0.9689
vn -0.3425 0.1946 0.9192
vn 0.8317 0.5429 -0.1163
vn 0.1550 0.1088 0.9819
vn -0.9448 0.2594 0.2002
vn -0.3649 0.2255 0.9033
vn 0.9587 0.2843 0.0090
vn 0.9320 0.3575 0.0599
vn 0.9652 0.2614 -0.0067
vn -0.8987 0.4041 -0.1706
vn -0.5008 0.3109 -0.8078
vn -0.1729 0.2760 -0.9455
vn -0.1840 0.2791 -0.9425
vn 0.9820 0.1781 -0.0623
vn 0.9917 -0.0810 0.0998
vn -0.3567 0.2351 0.9041
vn -0.7430 0.4671 0.4793
vn 0.7662 0.2215 0.6032
vn -0.4419 -0.7257 0.5273
vn -0.2722 -0.8428 0.4644
vn -0.3629 -0.7645 0.5327
vn -0.5084 0.0063 -0.8611
vn -0.4707 0.0219 0.8820
vn -0.1014 -0.9787 0.1783
vn 0.3722 -0.4492 0.8122
vn 0.4788 -0.5826 0.6568
vn 0.5356 -0.4349 0.7238
vn 0.9046 -0.3577 -0.2318
vn 0.8721 -0.4625 -0.1598
vn 0.8996 -0.3783 -0.2183
vn -0.0865 -0.9720 -0.2183
vn 0.9734 -0.0049 -0.2290
vn 0.6867 0.0074 -0.7269
vn -0.6929 -0.7123 0.1119
vn -0.6941 -0.7114 0.1103
vn -0.6922 -0.7128 0.1129
vn 0.3857 -0.3244 0.8637
vn -0.9062 0.0107 -0.4228
vn -0.1039 -0.5789 0.8088
vn 0.6235 0.0102 -0.7817
vn -0.0895 0.0130 -0.9959
vn -0.5695 -0.5895 0.5729
vn 0.8770 -0.2518 0.4092
vn 0.8810 -0.2424 0.4062
vn 0.8811 -0.2422 0.4061
vn -0.4809 -0.0050 -0.8768
vn -1.0000 -0.0012 0.0026
vn -0.7839 -0.0306 0.6201
vn -0.7930 -0.5347 -0.2921
vn -0.7242 -0.6686 -0.1688
vn -0.7315 -0.6632 -0.1579
vn 0.8865 -0.2291 0.4019
vn 0.9178 -0.2831 -0.2784
vn 0.6460 -0.0069 -0.7633
vn -0.2624 -0.8252 -0.5002
vn -0.4424 -0.7512 -0.4899
vn -0.3709 -0.7038 -0.6059
vn 0.9916 0.1273 -0.0216
vn 0.9964 0.0345 -0.0770
vn 0.9922 0.0154 -0.1240
vn 0.3086 -0.0032 -0.9512
vn -0.5717 -0.7312 -0.3721
vn -0.4717 -0.6665 -0.5773
vn 0.9930 0.1180 -0.0053
vn 0.7392 -0.1693 -0.6519
vn -0.0493 -0.0129 -0.9987
vn -0.6911 -0.7136 0.1145
vn 0.2090 -0.3580 0.9100
vn -0.9246 -0.0071 -0.3809
vn -0.8034 -0.5476 -0.2338
vn 0.1671 -0.2340 0.9578
vn 0.9745 -0.0113 -0.2239
vn -0.6208 -0.5526 0.5560
vn -0.1893 -0.4858 0.8533
vn -0.0591 -0.0015 -0.9982
vn 0.6493 -0.2885 0.7036
vn 0.6600 -0.0878 -0.7461
vn 0.5895 -0.0540 -0.8060
vn -0.9317 0.0205 0.3626
vn 0.1789 -0.1473 0.9728
vn 0.6461 -0.0118 -0.7632
vn -0.9936 -0.0020 -0.1128
vn -0.1881 -0.4095 0.8927
vn 0.9621 0.2626 0.0732
vn 0.9080 0.0089 -0.4190
vn 0.8896 -0.0198 -0.4563
vn 0.9217 -0.0060 -0.3878
vn -0.4332 -0.4833 -0.7608
vn -0.8235 -0.3927 -0.4095
vn 0.8524 0.2675 0.4494
vn 0.8823 0.3434 0.3220
vn 0.8134 0.2804 0.5096
vn 0.8183 0.3418 -0.4621
vn 0.8712 0.1976 -0.4495
vn 0.8037 0.3511 -0.4803
vn -0.4767 -0.0070 -0.8790
vn 0.9212 0.0104 -0.3890
vn 0.3277 0.0078 -0.9447
vn 0.3804 -0.0027 -0.9248
vn 0.3246 0.0084 -0.9458
vn 0.4401 0.0683 0.8953
vn 0.5166 0.0637 0.8539
vn 0.4964 0.0650 0.8657
vn 0.7697 0.2295 0.5957
vn 0.9546 0.0197 0.2971
vn 0.0353 -0.0345 -0.9988
vn 0.3477 -0.1573 -0.9243
vn 0.8841 0.0179 -0.4670
vn 0.0186 -0.0945 -0.9953
vn -0.8924 -0.0616 -0.4471
vn -0.1236 -0.0071 -0.9923
vn -0.4039 -0.4021 -0.8217
vn 0.2735 -0.4258 -0.8625
vn 0.6712 -0.5819 -0.4593
vn -0.7711 -0.2199 0.5975
vn -0.7774 -0.2271 0.5866
vn -0.8153 -0.2083 0.5402
vn -0.9274 -0.0097 -0.3739
vn -0.9919 -0.0057 -0.1266
vn -0.6687 -0.4531 0.5895
vn 0.6905 0.2431 0.6812
vn 0.2171 0.0858 -0.9724
vn 0.0008 0.2535 -0.9673
vn 0.2591 -0.1136 -0.9591
vn -0.7594 0.5218 -0.3886
vn -0.4204 0.5280 -0.7379
vn -0.6215 -0.6899 -0.3712
vn -0.0615 0.0065 -0.9981
vn 0.5632 0.0605 0.8241
vn 0.7050 -0.0215 0.7089
vn 0.3621 -0.1480 -0.9203
vn -0.3226 0.5313 -0.7834
vn 0.7744 0.4606 -0.4338
vn -0.7605 0.3199 -0.5651
vn -0.1809 -0.1072 0.9776
vn -0.2424 -0.0857 0.9664
vn 0.5294 0.0225 -0.8481
vn 0.9415 0.0301 -0.3356
vn -0.7345 -0.0019 -0.6786
vn -0.7286 0.0042 -0.6849
vn -0.7308 0.0173 -0.6824
vn 0.5118 0.3900 -0.7655
vn 0.7488 0.0073 0.6627
vn 0.7126 -0.0377 0.7006
vn 0.3475 -0.9376 -0.0066
vn 0.3449 -0.9386 -0.0093
vn 0.4371 -0.8952 0.0865
vn 0.2626 -0.9608 -0.0892
vn -0.6759 -0.7265 0.1240
vn -0.5981 -0.7996 0.0545
vn -0.6256 -0.7762 0.0782
vn 0.9823 0.1861 -0.0212
vn 0.9797 0.2002 0.0099
vn 0.9841 0.1627 -0.0715
vn 0.9362 0.0305 -0.3501
vn 0.9273 0.0201 -0.3739
vn -0.9603 -0.2298 0.1583
vn -0.9155 -0.2627 0.3046
vn -0.9704 -0.1583 0.1822
vn 0.1302 0.0470 -0.9904
vn 0.1407 0.2111 -0.9673
vn 0.1290 0.0727 -0.9890
vn 0.9979 -0.0056 0.0640
vn 0.9928 0.0939 0.0747
vn 0.9827 0.1661 0.0820
vn 0.9689 0.2310 0.0883
vn 0.9815 -0.0052 0.1912
vn 0.4052 0.2537 -0.8784
vn -0.5000 0.0634 -0.8637
vn -0.8576 -0.5065 -0.0891
vn -0.0320 -0.0075 -0.9995
vn 0.5360 0.0287 -0.8437
vn 0.3830 -0.0032 -0.9238
vn 0.0008 -0.0006 -1.0000
vn -0.8056 -0.3657 -0.4660
vn -0.4596 -0.1545 0.8746
vn -0.4527 -0.1896 0.8713
vn -0.4588 -0.1589 0.8742
vn 0.9369 -0.0002 0.3496
vn -0.5682 -0.8224 0.0297
vn 0.6190 0.7827 0.0653
vn 0.4022 -0.8457 0.3507
vn 0.8600 0.4473 -0.2457
vn 0.6748 -0.7380 -0.0033
vn 0.9914 0.0424 0.1236
vn 0.8461 0.4943 -0.1994
vn -0.0550 0.4298 -0.9013
vn 0.6466 -0.2672 -0.7145
vn 0.3992 -0.0967 0.9117
vn 0.3992 -0.0574 0.9151
vn 0.3864 -0.0311 0.9218
vn -0.3252 0.2904 0.9000
vn -0.2279 0.1565 0.9610
vn -0.0989 0.1702 0.9804
vn 0.7829 0.6107 -0.1187
vn 0.8150 0.5553 -0.1657
vn 0.7729 0.6257 -0.1052
vn 0.1147 -0.0164 -0.9933
vn 0.1598 -0.0714 -0.9846
vn 0.1428 -0.0616 -0.9878
vn 0.1475 -0.2055 -0.9675
vn 0.9836 0.1476 -0.1032
vn 0.5585 -0.8276 -0.0571
vn 0.1969 -0.1005 -0.9753
vn 0.1658 -0.1062 -0.9804
vn -0.1643 -0.0172 0.9863
vn -0.2495 -0.0596 0.9665
vn -0.2587 -0.0571 0.9643
vn -0.2181 -0.0681 0.9735
vn -0.9977 -0.0647 -0.0205
vn 0.7326 0.4523 -0.5086
vn 0.3655 -0.9262 -0.0925
vn 0.5765 -0.8067 0.1303
vn 0.0275 -0.1744 0.9843
vn 0.0469 -0.1528 0.9871
vn 0.0741 -0.0707 0.9947
vn 0.1045 0.2038 0.9734
vn 0.1096 0.2043 0.9727
vn 0.1842 0.2403 0.9530
vn 0.1119 0.0396 0.9929
vn -0.9392 -0.3396 0.0510
vn -0.4419 -0.2799 -0.8523
vn -0.8626 -0.2553 0.4368
vn -0.4653 -0.1231 0.8766
vn -0.1862 -0.0112 0.9825
vn -0.8274 -0.2015 0.5242
vn -0.4461 0.8947 0.0225
vn -0.5583 -0.0140 -0.8295
vn -0.6017 0.0002 -0.7987
vn -0.1173 -0.0500 -0.9918
vn 0.6421 0.0042 0.7666
vn 0.5910 0.7881 0.1719
vn 0.4891 -0.8342 0.2550
vn 0.4882 0.0645 0.8703
vn 0.6642 -0.2626 -0.6999
vn 0.8951 -0.1895 0.4035
vn 0.1842 0.9785 0.0925
vn 0.1499 0.9761 0.1575
vn 0.1042 0.9650 0.2405
vn 0.2256 0.9742 0.0107
vn -0.9542 -0.2321 -0.1890
vn -0.9745 -0.0411 0.2204
vn -0.0395 -0.0069 -0.9992
vn -0.8105 -0.3126 -0.4953
vn -0.3947 0.2186 0.8924
vn 0.1662 0.4369 0.8840
vn 0.2173 0.4326 0.8750
vn 0.1568 0.4375 0.8854
vn 0.0708 -0.0175 0.9973
vn 0.0961 -0.0173 0.9952
vn 0.3278 0.9192 0.2183
vn 0.3168 -0.1401 0.9381
vn -0.6125 -0.0710 0.7872
vn -0.6460 -0.0784 0.7593
vn -0.7321 -0.0688 0.6777
vn -0.9940 -0.0151 -0.1080
vn -0.7939 0.1305 0.5939
vn -0.7892 0.0405 0.6129
vn -0.7825 0.1525 0.6037
vn 0.6958 0.4667 -0.5460
vn 0.9168 -0.3919 0.0771
vn 0.9342 -0.3412 -0.1038
vn 0.9359 -0.3429 -0.0809
vn -0.5764 0.4242 0.6984
vn -0.5810 0.4179 0.6984
vn -0.6426 0.3256 0.6936
vn -0.5748 -0.0252 -0.8179
vn 0.5981 0.0127 -0.8013
vn 0.6343 0.0272 -0.7726
vn 0.6388 0.0293 -0.7688
vn 0.1144 0.4400 0.8907
vn 0.4782 0.5305 0.6999
vn 0.4793 0.5301 0.6995
vn 0.5054 0.5197 0.6889
vn 0.7137 0.6352 0.2951
vn 0.7108 0.6370 0.2982
vn 0.7140 0.6351 0.2949
vn 0.1240 -0.0201 -0.9921
vn 0.2349 -0.2823 0.9301
vn 0.1493 -0.3359 0.9300
vn 0.2551 -0.2608 0.9311
vn 0.4377 0.8840 0.1645
vn 0.9355 -0.3507 -0.0417
vn -0.5040 0.5147 0.6936
vn -0.9731 -0.1262 -0.1927
vn -0.9879 -0.1066 -0.1122
vn -0.9864 -0.1092 -0.1228
vn -0.9607 0.1796 -0.2118
vn -0.9616 0.1790 -0.2081
vn -0.9593 0.1805 -0.2172
vn 0.5670 0.0199 -0.8235
vn 0.5638 0.0231 -0.8256
vn -0.9987 0.0086 -0.0501
vn 0.9593 -0.0121 0.2821
vn 0.9605 -0.0128 0.2778
vn 0.5548 -0.0191 0.8318
vn 0.6810 0.0027 0.7323
vn 0.5301 -0.0225 0.8476
vn 0.0529 -0.1416 0.9885
vn 0.1387 0.2217 0.9652
vn 0.2105 0.0241 0.9773
vn 0.5283 -0.8062 0.2663
vn 0.2819 0.3106 0.9078
vn -0.0893 0.6132 -0.7849
vn -0.0304 0.5245 -0.8509
vn -0.1259 0.6443 -0.7544
vn -0.2944 -0.0495 -0.9544
vn -0.2776 -0.0606 -0.9588
vn -0.2634 -0.1542 -0.9523
vn 0.9193 0.3930 -0.0201
vn 0.8805 0.1922 -0.4334
vn 0.8911 0.1928 -0.4108
vn 0.3542 -0.2974 0.8866
vn 0.3438 -0.2920 0.8925
vn 0.3640 -0.3023 0.8810
vn -0.1671 -0.0418 0.9851
vn -0.3078 -0.1421 -0.9408
vn -0.9696 -0.1298 -0.2074
vn -0.9583 0.1811 -0.2211
vn -0.5017 0.7661 -0.4017
vn -0.6340 0.0357 -0.7725
vn -0.6868 -0.1339 -0.7144
vn -0.6897 -0.0447 -0.7227
vn -0.9855 0.0507 -0.1622
vn -0.5222 0.4968 0.6932
vn -0.0133 -0.2924 -0.9562
vn -0.0527 -0.2826 -0.9578
vn -0.0662 -0.2909 -0.9545
vn 0.0479 0.9984 0.0301
vn -0.1502 0.6839 -0.7139
vn -0.2180 0.6983 -0.6818
vn 0.1167 0.6376 0.7615
vn -0.2531 -0.0408 0.9666
vn -0.0850 0.7334 -0.6744
vn -0.2055 -0.0715 0.9760
vn 0.7177 0.6327 0.2909
vn -0.5031 -0.8635 0.0352
vn -0.5087 -0.8598 0.0438
vn -0.5099 -0.8590 0.0456
vn 0.6548 -0.6056 -0.4522
vn -0.1077 0.0815 0.9908
vn -0.9058 0.3856 0.1756
vn -0.9421 0.2493 0.2242
vn -0.8346 0.4752 0.2784
vn -0.7773 0.2156 0.5910
vn 0.4548 0.5392 0.7088
vn 0.2650 0.9619 -0.0664
vn 0.9067 -0.4041 0.1207
vn -0.0578 -0.0528 0.9969
vn -0.0868 0.4035 0.9109
vn -0.4043 -0.0696 0.9120
vn -0.8951 -0.0263 -0.4450
vn -0.4948 -0.0051 -0.8690
vn 0.7337 0.6771 -0.0563
vn -0.5146 -0.8558 0.0529
vn 0.0871 0.3786 0.9214
vn -0.7846 -0.0136 0.6198
vn -0.9206 0.0061 -0.3904
vn -0.9209 -0.0010 -0.3897
vn -0.9219 0.0103 -0.3874
vn -0.6133 0.2807 -0.7383
vn 0.0015 0.0039 1.0000
vn -0.0162 0.0091 0.9998
vn 0.0800 -0.0404 0.9960
vn 0.3225 -0.3515 0.8789
vn 0.3287 -0.3549 0.8752
vn 0.3272 -0.3541 0.8761
vn -0.7404 -0.1249 -0.6604
vn -0.8689 -0.1808 0.4609
vn -0.7515 0.2567 0.6077
vn 0.0273 -0.0931 0.9953
vn -0.0441 -0.3065 -0.9508
vn 0.1326 -0.1302 0.9826
vn -0.2247 0.9340 0.2777
vn 0.2993 -0.1439 0.9432
vn 0.0025 -0.1503 0.9886
vn -0.3626 0.6333 -0.6837
vn -0.5851 -0.0271 -0.8105
vn -0.4880 0.3610 -0.7947
vn -0.8968 -0.2236 0.3818
vn -0.3556 -0.0819 -0.9310
vn -0.2885 -0.1016 -0.9521
vn -0.8934 0.2575 -0.3680
vn -0.8979 0.3340 -0.2867
vn -0.8638 0.2637 -0.4293
vn -0.9093 0.3222 -0.2634
vn -0.1842 -0.3969 0.8992
vn -0.0539 -0.2897 0.9556
vn 0.1558 -0.5504 0.8203
vn 0.0610 0.1325 0.9893
vn 0.0699 0.2258 0.9717
vn 0.9873 -0.1406 -0.0737
vn 0.5746 -0.3180 0.7541
vn -0.3193 0.0819 -0.9441
vn -0.9446 -0.0241 -0.3274
vn -0.4379 0.5780 0.6886
vn -0.1812 0.3906 0.9026
vn -0.1775 0.4055 0.8967
vn -0.1836 0.3808 0.9063
vn -0.0349 -0.0636 0.9974
vn 0.4512 0.4198 0.7875
vn -0.0101 0.0053 -0.9999
vn 0.0069 0.0029 -1.0000
vn -0.1321 0.7622 0.6338
vn -0.0718 0.6149 0.7853
vn -0.0578 0.7139 0.6978
vn -0.3662 0.0025 0.9305
vn -0.0058 -0.1191 0.9929
vn 0.1464 -0.9892 -0.0088
vn 0.1651 -0.9862 0.0140
vn 0.1450 -0.9894 -0.0105
vn 0.2911 -0.1932 0.9370
vn -0.1872 0.3659 0.9116
vn 0.7815 -0.6107 -0.1277
vn -0.7363 0.6582 0.1572
vn 0.0709 -0.2805 -0.9572
vn 0.1221 -0.9918 -0.0381
vn 0.2805 -0.2146 0.9355
vn 0.0715 -0.2542 0.9645
vn 0.1816 -0.2728 0.9448
vn 0.2322 0.0078 0.9726
vn 0.2046 -0.0139 0.9788
vn 0.1331 -0.0582 0.9894
vn 0.6122 -0.7848 0.0963
vn -0.4778 -0.0092 -0.8784
vn 0.2264 -0.1306 0.9653
vn -0.0675 -0.1254 0.9898
vn -0.9467 -0.0259 -0.3210
vn -0.9628 -0.0244 0.2690
vn -0.9553 -0.0164 0.2952
vn -0.9576 -0.0159 0.2876
vn -0.9578 -0.0192 0.2866
vn 0.4519 0.7434 -0.4931
vn -0.6748 -0.0126 0.7379
vn -0.6914 -0.0249 0.7221
vn -0.7045 -0.0187 0.7095
vn 0.6763 -0.4427 -0.5887
vn -0.4722 0.4223 0.7738
vn -0.4721 0.4547 0.7552
vn -0.4712 0.3733 0.7991
vn 0.6631 -0.5075 0.5502
vn 0.7196 -0.5500 0.4240
vn 0.7102 -0.5439 0.4471
vn -0.9863 0.1619 0.0317
vn -0.8285 -0.0176 0.5597
vn -0.6481 0.6671 0.3673
vn -0.1356 0.9203 0.3669
vn -0.6733 -0.0123 0.7393
vn 0.3574 -0.2139 0.9091
vn 0.0408 -0.0151 0.9991
vn -0.0300 -0.1601 0.9866
vn -0.8189 -0.0047 -0.5740
vn -0.8142 -0.0020 -0.5806
vn -0.8596 -0.0277 -0.5101
vn -0.9944 -0.0169 -0.1040
vn -0.9582 -0.0195 0.2855
vn 0.4605 0.8782 -0.1291
vn 0.4254 0.8882 -0.1737
vn 0.3281 0.9248 -0.1925
vn -0.5719 0.5669 -0.5929
vn -0.8825 0.4379 -0.1717
vn 0.2819 0.8808 0.3804
vn 0.3388 0.8935 0.2947
vn 0.3032 0.8978 0.3195
vn 0.2599 0.9347 -0.2425
vn -0.3924 0.5105 -0.7651
vn 0.2659 0.8818 0.3895
vn 0.2346 0.8472 0.4767
vn -0.6667 0.5807 -0.4672
vn 0.1446 0.9553 -0.2578
vn -0.2699 0.8828 0.3844
vn 0.0206 0.9917 0.1270
vn -0.0507 0.9894 0.1361
vn -0.3293 0.7296 -0.5994
vn -0.3523 0.7688 -0.5337
vn -0.3092 0.8284 -0.4672
vn 0.0898 0.9469 -0.3088
vn -0.6362 0.6781 -0.3680
vn -0.1920 0.9560 0.2220
vn -0.6206 0.7822 0.0555
vn -0.6185 0.7815 -0.0822
vn -0.2776 0.8700 -0.4074
vn -0.2246 0.9136 -0.3389
vn -0.6138 0.7050 -0.3553
vn -0.3784 0.0146 -0.9255
vn -0.2146 0.9040 -0.3698
vn -0.3899 -0.2910 0.8737
vn -0.4380 -0.3770 0.8161
vn -0.4155 -0.3343 0.8459
vn 0.9088 0.2812 -0.3082
vn 0.9990 -0.0452 -0.0036
vn 0.9952 0.0962 0.0159
vn 0.9969 -0.0751 0.0213
vn -0.2214 -0.3427 -0.9130
vn -0.2608 -0.3346 -0.9056
vn -0.3206 -0.3074 -0.8959
vn -0.3773 -0.2685 0.8863
vn -0.7244 -0.3662 -0.5840
vn -0.3766 -0.2710 0.8859
vn -0.2343 -0.2401 -0.9421
vn 0.9757 -0.2093 0.0648
vn 0.6750 -0.7237 0.1435
vn -0.0770 0.1885 0.9790
vn -0.0572 0.1749 0.9829
vn -0.1105 0.1021 0.9886
vn 0.5509 -0.6653 0.5038
vn 0.8641 -0.4902 -0.1142
vn 0.9695 -0.2276 0.0911
vn -0.9542 -0.2103 -0.2127
vn -0.9517 -0.2316 -0.2013
vn -0.9555 -0.1963 -0.2200
vn -0.0221 -0.0974 0.9950
vn 0.0003 -0.1327 0.9912
vn 0.0009 -0.1109 0.9938
vn 0.2030 0.0998 0.9741
vn 0.1144 0.0641 0.9914
vn -0.1390 -0.2874 -0.9477
vn -0.9916 -0.0934 -0.0899
vn -0.9785 -0.0309 -0.2038
vn -0.9908 -0.0807 -0.1088
vn -0.0472 -0.0293 0.9985
vn -0.7825 -0.0062 0.6227
vn -0.6861 -0.2646 -0.6777
vn -0.4175 0.8019 0.4273
vn -0.8852 -0.3665 0.2865
vn -0.5069 -0.0214 -0.8618
vn 0.4933 -0.2650 -0.8285
vn 0.4978 -0.2204 -0.8388
vn 0.5295 -0.1732 -0.8304
vn -0.2173 -0.2283 -0.9490
vn 0.4116 -0.1202 0.9034
vn 0.2094 -0.0630 0.9758
vn 0.1271 -0.1332 0.9829
vn 0.1279 -0.1335 0.9828
vn 0.6218 -0.3896 0.6795
vn 0.6262 -0.3942 0.6727
vn 0.3212 -0.3508 0.8796
vn -0.0000 0.1381 0.9904
vn -0.2537 0.5066 0.8240
vn -0.5053 -0.0953 0.8577
vn -0.4876 -0.1433 0.8612
vn -0.4966 -0.0720 0.8650
vn -0.1488 0.1797 0.9724
vn -0.1481 0.1703 0.9742
vn -0.1479 0.1671 0.9748
vn 0.2225 -0.0456 0.9739
vn -0.5891 0.1169 0.7996
vn -0.5824 0.1134 0.8050
vn -0.6854 0.1697 0.7081
vn 0.1589 0.0002 0.9873
vn -0.9064 -0.0471 -0.4198
vn 0.4785 -0.3449 -0.8075
vn 0.0332 -0.1210 -0.9921
vn 0.0524 -0.1532 -0.9868
vn 0.0124 -0.1170 -0.9931
vn -0.6067 -0.1246 0.7851
vn -0.6110 -0.2322 0.7568
vn -0.5940 -0.1406 0.7921
vn -0.9912 -0.0905 -0.0962
vn 0.4840 -0.3688 -0.7935
vn 0.2205 -0.0454 0.9743
vn -0.8819 -0.0284 -0.4705
vn 0.2211 -0.5935 -0.7739
vn -0.4697 0.3393 0.8150
vn -0.6911 0.1730 0.7017
vn -0.8976 -0.1095 -0.4270
vn -0.9571 -0.1750 -0.2310
vn 0.2634 -0.0981 0.9597
vn -0.1490 0.1819 0.9720
vn -0.7140 -0.0131 0.7000
vn -0.8125 -0.0083 0.5828
vn 0.1145 -0.0285 0.9930
vn -0.1648 -0.1047 0.9807
vn -0.5607 -0.0450 0.8268
vn -0.4408 0.0094 0.8976
vn -0.1288 -0.0381 -0.9909
vn -0.0716 -0.0883 -0.9935
vn -0.2106 0.2770 0.9375
vn -0.9638 -0.0261 0.2654
vn -0.4183 0.0052 0.9083
vn -0.0160 0.0257 0.9995
vn -0.1196 0.0507 0.9915
vn 0.0208 0.0209 0.9996
vn -0.9841 -0.0484 0.1707
vn -0.9816 -0.0602 0.1811
vn -0.9898 -0.0280 0.1394
vn -0.8685 -0.0332 0.4947
vn -0.6945 -0.0841 -0.7145
vn -0.6499 -0.0298 -0.7595
vn -0.6760 -0.0655 -0.7340
vn 0.6339 -0.3709 0.6786
vn -0.1469 0.1057 0.9835
vn 0.0073 0.1268 0.9919
vn 0.0386 0.0231 0.9990
vn -0.6614 0.0596 0.7477
vn -0.9995 -0.0293 -0.0090
vn -0.9994 -0.0148 -0.0319
vn -0.9992 -0.0005 -0.0408
vn 0.0852 -0.0811 0.9931
vn -0.2426 0.1347 0.9607
vn -0.2176 0.1621 0.9625
vn -0.2179 0.1635 0.9622
vn -0.2179 0.1619 0.9625
vn 0.0969 -0.0727 0.9926
vn 0.4059 -0.0878 0.9097
vn -0.9658 0.1972 0.1685
vn -0.9660 0.2118 0.1484
vn -0.9658 0.2226 0.1331
vn -0.4247 0.0203 0.9051
vn -0.1712 -0.0058 -0.9852
vn -0.5208 0.2957 0.8008
vn -0.2179 0.1612 0.9626
vn 0.0166 0.0191 0.9997
vn -0.5820 -0.0050 -0.8132
vn -0.9973 -0.0571 0.0459
vn -0.9974 -0.0566 0.0450
vn -0.9968 -0.0785 0.0147
vn -0.6270 0.1510 -0.7642
vn -0.6370 0.1795 -0.7497
vn -0.6443 0.2018 -0.7377
vn -0.6523 0.2279 -0.7229
vn -0.8690 -0.0315 0.4938
vn -0.2721 0.0159 -0.9621
vn -0.0918 0.1546 0.9837
vn -0.1275 0.0646 0.9897
vn -0.2342 0.0714 0.9696
vn -0.2133 0.1032 0.9715
vn -0.2218 0.0904 0.9709
vn 0.3977 -0.3195 0.8601
vn -0.7532 0.5945 -0.2814
vn -0.9652 0.1860 0.1839
vn -0.1531 0.4102 -0.8990
vn -0.1830 0.5058 -0.8430
vn -0.0855 0.3499 -0.9329
vn 0.7636 0.6128 0.2037
vn -0.1618 0.0308 -0.9863
vn 0.7132 0.1287 0.6891
vn -0.2407 0.0613 0.9687
vn -0.0835 -0.0373 0.9958
vn -0.1806 0.4313 0.8840
vn -0.9519 0.2798 0.1249
vn -0.9858 -0.1409 -0.0917
vn -0.2198 0.0580 -0.9738
vn -0.5978 -0.0222 -0.8013
vn 0.8328 0.3609 -0.4198
vn -0.7310 0.0205 -0.6821
vn -0.8222 0.0764 -0.5640
vn -0.8091 0.0676 -0.5838
vn -0.9762 -0.1672 -0.1381
vn 0.0970 0.0477 0.9941
vn -0.1482 0.0429 -0.9880
vn -0.5789 -0.1030 0.8089
vn 0.1337 0.1537 0.9790
vn -0.0024 0.2443 -0.9697
vn -0.8834 -0.0334 0.4675
vn -0.8844 -0.0327 0.4655
vn -0.4947 -0.0180 0.8689
vn 0.1680 -0.1139 -0.9792
vn 0.1828 0.0126 0.9831
vn 0.2129 0.0023 0.9771
vn 0.1037 0.0453 0.9936
vn -0.1526 0.2122 -0.9652
vn -0.0619 0.1141 -0.9915
vn -0.6359 0.0969 0.7657
vn 0.0528 -0.0395 0.9978
vn 0.0858 -0.0410 0.9955
vn -0.0314 0.0160 0.9994
vn -0.9911 -0.0605 0.1187
vn -0.8536 -0.0295 -0.5201
vn -0.6575 -0.1372 -0.7409
vn 0.0699 0.2110 0.9750
vn -0.0201 0.2138 0.9767
vn -0.7191 0.0139 -0.6948
vn 0.4043 0.0255 0.9143
vn 0.3986 0.0886 0.9129
vn 0.3981 0.0928 0.9126
vn 0.1810 0.2022 0.9625
vn -0.8971 -0.4362 0.0707
vn -0.8937 -0.4457 0.0512
vn -0.8844 -0.4667 0.0066
vn -0.8778 -0.4786 -0.0201
vn -0.9700 -0.2325 0.0706
vn -0.9525 -0.3037 -0.0235
vn -0.9510 -0.3077 -0.0289
vn -0.3934 0.9193 0.0128
vn -0.9260 -0.3625 -0.1055
vn -0.6862 -0.1119 -0.7188
vn -0.6686 -0.1220 -0.7336
vn -0.6223 -0.1469 -0.7689
vn 0.3489 0.1320 -0.9278
vn 0.4018 0.1032 -0.9099
vn 0.3888 0.1104 -0.9147
vn -0.1219 0.9744 -0.1888
vn -0.8561 -0.3571 0.3737
vn -0.9157 -0.2125 -0.3411
vn 0.0503 -0.0006 -0.9987
vn 0.0889 0.0583 0.9943
vn -0.6625 -0.1649 0.7307
vn 0.3376 0.1381 -0.9311
vn 0.0931 0.0710 0.9931
vn -0.0727 -0.0350 0.9967
vn 0.3906 0.1565 0.9072
vn -0.4799 -0.2768 -0.8325
vn 0.5565 0.7263 0.4035
vn -0.5992 -0.1588 -0.7847
vn -0.5267 -0.2305 0.8182
vn -0.0590 0.9969 -0.0519
vn -0.0802 0.9947 -0.0639
vn -0.0272 0.9991 -0.0339
vn 0.4555 0.8418 -0.2898
vn 0.2684 0.9629 0.0283
vn -0.2003 -0.0511 -0.9784
vn 0.6530 0.6240 0.4292
vn -0.9394 -0.3368 0.0631
vn -0.9372 -0.3484 0.0164
vn -0.9409 -0.3340 0.0554
vn 0.1131 0.7217 0.6829
vn -0.1140 0.9900 -0.0831
vn -0.9243 -0.3748 -0.0715
vn -0.9376 -0.3457 0.0380
vn -0.5171 -0.2208 0.8269
vn -0.4969 -0.3570 -0.7910
vn -0.3731 -0.2776 -0.8853
vn -0.0111 0.2189 0.9757
vn 0.0032 0.2106 0.9776
vn 0.0002 0.2133 -0.9770
vn 0.0276 0.1771 -0.9838
vn -0.0120 0.1626 -0.9866
vn -0.2887 0.8475 -0.4454
vn 0.0711 0.1263 -0.9894
vn -0.0467 0.3582 0.9325
vn -0.0548 0.1886 -0.9805
vn -0.5895 -0.7864 -0.1846
vn -0.5386 -0.2979 -0.7882
vn -0.4611 -0.3568 0.8125
vn -0.5356 0.7179 0.4446
vn -0.6656 0.6023 -0.4407
vn -0.6463 0.6049 -0.4651
vn -0.6102 0.6082 -0.5076
vn -0.1418 0.1554 -0.9776
vn -0.4658 0.5530 0.6908
vn -0.2135 -0.4000 0.8913
vn -0.2097 -0.4248 0.8807
vn -0.2196 -0.3567 0.9080
vn -0.6966 0.5965 -0.3987
vn -0.2028 -0.4669 0.8607
vn -0.2429 -0.5468 -0.8013
vn -0.1755 -0.4913 -0.8531
vn -0.2099 -0.5201 -0.8279
vn -0.4171 -0.9026 -0.1063
vn -0.4288 -0.8931 -0.1359
vn -0.3872 -0.9213 -0.0348
vn -0.6719 0.0542 0.7387
vn -0.2824 -0.5776 -0.7659
vn -0.3738 -0.9275 -0.0046
vn -0.9229 0.2701 -0.2746
vn -0.9496 -0.0088 0.3133
vt 0.252993 0.966931
vt 0.239824 0.963575
vt 0.244038 0.955303
vt 0.254346 0.953913
vt 0.262415 0.958343
vt 0.892504 0.822231
vt 0.885808 0.808979
vt 0.896677 0.813631
vt 0.902789 0.820733
vt 0.252785 0.939817
vt 0.262614 0.942979
vt 0.229644 0.955983
vt 0.232445 0.967680
vt 0.243451 0.945214
vt 0.892670 0.800193
vt 0.879906 0.794043
vt 0.271241 0.951617
vt 0.233046 0.946727
vt 0.218080 0.960216
vt 0.257081 0.936848
vt 0.220569 0.966398
vt 0.916401 0.822703
vt 0.914198 0.815560
vt 0.904193 0.808417
vt 0.881436 0.782742
vt 0.271349 0.929111
vt 0.216438 0.952545
vt 0.234117 0.938045
vt 0.223973 0.947900
vt 0.241003 0.929743
vt 0.906710 0.798999
vt 0.261768 0.923659
vt 0.932746 0.815297
vt 0.899302 0.790121
vt 0.888993 0.780302
vt 0.884146 0.763226
vt 0.254540 0.921644
vt 0.204940 0.962741
vt 0.925752 0.810402
vt 0.223406 0.938923
vt 0.920381 0.803353
vt 0.245355 0.925030
vt 0.204963 0.949237
vt 0.214340 0.943811
vt 0.269709 0.922251
vt 0.931316 0.800355
vt 0.214522 0.932749
vt 0.896974 0.771586
vt 0.225219 0.929230
vt 0.946672 0.801073
vt 0.940291 0.798853
vt 0.917005 0.792909
vt 0.262159 0.908591
vt 0.947153 0.812468
vt 0.910586 0.777259
vt 0.895926 0.761967
vt 0.238461 0.917097
vt 0.887961 0.757962
vt 0.203461 0.935992
vt 0.212243 0.920540
vt 0.920657 0.781468
vt 0.245982 0.905455
vt 0.954419 0.800249
vt 0.930645 0.790198
vt 0.902191 0.748881
vt 0.225819 0.914802
vt 0.905237 0.765622
vt 0.909943 0.757462
vt 0.912563 0.748753
vt 0.922076 0.733011
vt 0.230434 0.904566
vt 0.954001 0.786907
vt 0.920548 0.767578
vt 0.930621 0.779348
vt 0.213214 0.914197
vt 0.199756 0.923700
vt 0.946396 0.783199
vt 0.924494 0.756768
vt 0.928720 0.747227
vt 0.939891 0.746003
vt 0.940288 0.777200
vt 0.929417 0.768035
vt 0.217408 0.902732
vt 0.204052 0.910874
vt 0.951621 0.773213
vt 0.937742 0.760630
vt 0.946801 0.758080
vt 0.544490 0.969400
vt 0.550503 0.956928
vt 0.555320 0.968750
vt 0.559491 0.958092
vt 0.556096 0.967618
vt 0.556114 0.968168
vt 0.555783 0.968399
vt 0.556361 0.968196
vt 0.559409 0.968421
vt 0.842097 0.675317
vt 0.847877 0.685777
vt 0.837802 0.691564
vt 0.849169 0.698820
vt 0.828369 0.680772
vt 0.831034 0.688773
vt 0.858668 0.676457
vt 0.726518 0.027855
vt 0.717561 0.038501
vt 0.718480 0.022597
vt 0.902911 0.321474
vt 0.906626 0.311957
vt 0.909452 0.318883
vt 0.904207 0.335319
vt 0.908957 0.325619
vt 0.914354 0.311825
vt 0.892696 0.321827
vt 0.894855 0.332167
vt 0.896029 0.338986
vt 0.914914 0.338255
vt 0.890670 0.328918
vt 0.240021 0.061076
vt 0.252046 0.061607
vt 0.245521 0.067448
vt 0.228092 0.057371
vt 0.238031 0.053072
vt 0.229980 0.038998
vt 0.693305 0.034659
vt 0.692061 0.060406
vt 0.685397 0.058064
vt 0.702131 0.052689
vt 0.701112 0.033155
vt 0.224450 0.026860
vt 0.231539 0.014200
vt 0.838056 0.216533
vt 0.843943 0.210284
vt 0.844369 0.220960
vt 0.935031 0.595798
vt 0.938376 0.600578
vt 0.929119 0.603163
vt 0.849883 0.204024
vt 0.925467 0.597578
vt 0.843002 0.203416
vt 0.934569 0.610073
vt 0.947381 0.611927
vt 0.939925 0.610162
vt 0.834442 0.211330
vt 0.923184 0.603979
vt 0.851969 0.187290
vt 0.846979 0.193588
vt 0.843358 0.177453
vt 0.830099 0.208912
vt 0.833144 0.198788
vt 0.922016 0.612571
vt 0.943524 0.626390
vt 0.928095 0.612368
vt 0.847306 0.176152
vt 0.853494 0.170592
vt 0.837390 0.179012
vt 0.828262 0.200046
vt 0.942617 0.641272
vt 0.938161 0.646473
vt 0.923081 0.631701
vt 0.704986 0.075875
vt 0.687729 0.083984
vt 0.697857 0.072543
vt 0.680647 0.025203
vt 0.261604 0.012136
vt 0.248217 0.019153
vt 0.983767 0.582091
vt 0.990439 0.591965
vt 0.986312 0.597874
vt 0.249072 0.055990
vt 0.235515 0.041398
vt 0.866258 0.144111
vt 0.707634 0.030397
vt 0.712818 0.056460
vt 0.221141 0.015475
vt 0.222144 0.040406
vt 0.261866 0.060904
vt 0.257836 0.056822
vt 0.266199 0.014580
vt 0.833279 0.173031
vt 0.236195 0.073662
vt 0.257528 0.064678
vt 0.947958 0.676934
vt 0.875345 0.133292
vt 0.702072 0.065025
vt 0.706128 0.069445
vt 0.931497 0.636004
vt 0.922788 0.327555
vt 0.900768 0.347924
vt 0.911936 0.015117
vt 0.919766 0.020263
vt 0.912661 0.027008
vt 0.867598 0.130969
vt 0.920966 0.634600
vt 0.914793 0.329494
vt 0.200608 0.013371
vt 0.205407 0.014720
vt 0.212316 0.030585
vt 0.889876 0.351710
vt 0.218020 0.052026
vt 0.908060 0.350538
vt 0.217043 0.029405
vt 0.258203 0.048923
vt 0.724426 0.046166
vt 0.885457 0.328081
vt 0.248214 0.031683
vt 0.676707 0.091569
vt 0.200173 0.021507
vt 0.199270 0.016186
vt 0.201935 0.022445
vt 0.210828 0.019657
vt 0.683506 0.018716
vt 0.248799 0.072212
vt 0.715673 0.049610
vt 0.715450 0.049844
vt 0.715083 0.049786
vt 0.715438 0.050321
vt 0.715822 0.049897
vt 0.716250 0.049976
vt 0.214024 0.042153
vt 0.264881 0.053231
vt 0.840896 0.154655
vt 0.922253 0.311934
vt 0.681214 0.064352
vt 0.732199 0.030057
vt 0.731869 0.016035
vt 0.200139 0.026087
vt 0.201845 0.024737
vt 0.202164 0.024721
vt 0.202469 0.024345
vt 0.202182 0.024193
vt 0.202216 0.023322
vt 0.202982 0.024579
vt 0.258859 0.025915
vt 0.984805 0.607382
vt 0.695621 0.136200
vt 0.687979 0.112024
vt 0.701738 0.140646
vt 0.861984 0.134799
vt 0.712475 0.066893
vt 0.733431 0.046637
vt 0.932639 0.019731
vt 0.931991 0.034301
vt 0.915959 0.033861
vt 0.921876 0.046185
vt 0.918989 0.045012
vt 0.920943 0.040829
vt 0.100497 0.304025
vt 0.094869 0.309812
vt 0.093351 0.299792
vt 0.091615 0.300911
vt 0.102474 0.318200
vt 0.103470 0.314561
vt 0.115268 0.313694
vt 0.104694 0.308572
vt 0.116926 0.304153
vt 0.121880 0.318622
vt 0.110526 0.297952
vt 0.903004 0.886555
vt 0.918727 0.874198
vt 0.918565 0.883775
vt 0.907494 0.871937
vt 0.942610 0.872434
vt 0.940409 0.865746
vt 0.915588 0.866119
vt 0.903905 0.879012
vt 0.896254 0.882750
vt 0.901695 0.895371
vt 0.039384 0.069858
vt 0.041548 0.064505
vt 0.050610 0.078072
vt 0.923583 0.853466
vt 0.940384 0.861477
vt 0.932567 0.874224
vt 0.951416 0.862352
vt 0.932097 0.854573
vt 0.672138 0.127364
vt 0.665950 0.143271
vt 0.667741 0.127639
vt 0.897000 0.898754
vt 0.912795 0.899903
vt 0.933996 0.877261
vt 0.041801 0.080094
vt 0.066398 0.094244
vt 0.054980 0.082439
vt 0.055477 0.081336
vt 0.055568 0.082125
vt 0.055957 0.081582
vt 0.678887 0.117545
vt 0.679971 0.119652
vt 0.055802 0.082388
vt 0.055794 0.082030
vt 0.680225 0.109604
vt 0.948425 0.853730
vt 0.898710 0.871706
vt 0.912467 0.906456
vt 0.920890 0.894341
vt 0.890316 0.039770
vt 0.885784 0.038925
vt 0.864601 0.018893
vt 0.924621 0.891372
vt 0.048050 0.095100
vt 0.915866 0.848119
vt 0.905560 0.864968
vt 0.950874 0.540117
vt 0.962951 0.531217
vt 0.962599 0.545169
vt 0.949741 0.529115
vt 0.029258 0.074988
vt 0.885772 0.051681
vt 0.925696 0.898758
vt 0.895827 0.041158
vt 0.912922 0.837271
vt 0.907778 0.848218
vt 0.975442 0.529078
vt 0.120831 0.305524
vt 0.656027 0.156816
vt 0.654154 0.149837
vt 0.973483 0.543130
vt 0.642869 0.145706
vt 0.656572 0.125673
vt 0.650044 0.148854
vt 0.908704 0.857142
vt 0.899295 0.865851
vt 0.012439 0.065748
vt 0.015841 0.074752
vt 0.007098 0.067899
vt 0.088326 0.311298
vt 0.076802 0.111457
vt 0.670102 0.147074
vt 0.945224 0.840331
vt 0.012581 0.074739
vt 0.024688 0.096043
vt 0.029587 0.089491
vt 0.044537 0.106566
vt 0.960823 0.520280
vt 0.057579 0.111612
vt 0.900994 0.857623
vt 0.127972 0.308772
vt 0.903481 0.836899
vt 0.072762 0.117121
vt 0.889363 0.056798
vt 0.829111 0.862747
vt 0.809880 0.863180
vt 0.848523 0.856656
vt 0.977565 0.547233
vt 0.979238 0.537014
vt 0.072025 0.123799
vt 0.921185 0.037499
vt 0.909671 0.041956
vt 0.852361 0.859206
vt 0.918756 0.827441
vt 0.985119 0.547560
vt 0.961357 0.516043
vt 0.970102 0.509861
vt 0.042365 0.120024
vt 0.089521 0.111794
vt 0.086467 0.093255
vt 0.900104 0.839668
vt 0.902669 0.850438
vt 0.983387 0.518123
vt 0.665208 0.164192
vt 0.073751 0.312354
vt 0.071578 0.125565
vt 0.405625 0.073219
vt 0.404174 0.083438
vt 0.397902 0.089745
vt 0.095967 0.109602
vt 0.906004 0.050668
vt 0.825753 0.864562
vt 0.896333 0.829904
vt 0.902977 0.848267
vt 0.987884 0.557461
vt 0.988356 0.583235
vt 0.983656 0.569160
vt 0.915847 0.056438
vt 0.619778 0.141829
vt 0.624919 0.142345
vt 0.623224 0.146996
vt 0.625060 0.131636
vt 0.992410 0.550038
vt 0.842755 0.867690
vt 0.845994 0.866047
vt 0.874162 0.876293
vt 0.873211 0.870545
vt 0.882752 0.876544
vt 0.882070 0.886992
vt 0.856435 0.876009
vt 0.876543 0.867137
vt 0.399869 0.067114
vt 0.396302 0.076898
vt 0.396227 0.085443
vt 0.981384 0.512479
vt 0.989561 0.566790
vt 0.677556 0.156626
vt 0.675108 0.160979
vt 0.687442 0.170423
vt 0.987018 0.520825
vt 0.617219 0.147916
vt 0.629520 0.151095
vt 0.013071 0.092610
vt 0.106243 0.104794
vt 0.099692 0.089376
vt 0.932653 0.048013
vt 0.613983 0.138013
vt 0.883426 0.869830
vt 0.906117 0.827881
vt 0.032609 0.124730
vt 0.034904 0.135292
vt 0.329396 0.597704
vt 0.329292 0.596500
vt 0.329647 0.597707
vt 0.616071 0.871170
vt 0.611097 0.879997
vt 0.603503 0.867499
vt 0.562242 0.412047
vt 0.562198 0.412406
vt 0.562027 0.412168
vt 0.559069 0.417808
vt 0.671935 0.884585
vt 0.671863 0.883675
vt 0.672040 0.883756
vt 0.673016 0.881199
vt 0.671267 0.884650
vt 0.664824 0.890952
vt 0.674650 0.886753
vt 0.671937 0.884981
vt 0.033176 0.196191
vt 0.040627 0.193109
vt 0.037571 0.203950
vt 0.634004 0.592480
vt 0.633561 0.592573
vt 0.633705 0.592289
vt 0.683832 0.562125
vt 0.689073 0.557646
vt 0.691139 0.563221
vt 0.689983 0.567654
vt 0.682046 0.567095
vt 0.675349 0.553279
vt 0.987257 0.361003
vt 0.982837 0.357035
vt 0.990648 0.357860
vt 0.993503 0.369166
vt 0.982186 0.371046
vt 0.366748 0.052460
vt 0.365039 0.049909
vt 0.373151 0.045886
vt 0.988019 0.370691
vt 0.378763 0.039668
vt 0.374873 0.051453
vt 0.373797 0.037515
vt 0.383174 0.029331
vt 0.376674 0.028946
vt 0.380783 0.022401
vt 0.387037 0.041698
vt 0.386324 0.046777
vt 0.391988 0.032186
vt 0.389974 0.052098
vt 0.395322 0.026387
vt 0.399181 0.048084
vt 0.397537 0.039545
vt 0.404288 0.034379
vt 0.406439 0.042497
vt 0.401435 0.053257
vt 0.412149 0.038514
vt 0.406793 0.028850
vt 0.413869 0.052617
vt 0.421024 0.035516
vt 0.417216 0.031609
vt 0.419082 0.027745
vt 0.425063 0.049720
vt 0.423864 0.042851
vt 0.432886 0.033504
vt 0.434111 0.027346
vt 0.440966 0.057949
vt 0.441366 0.052013
vt 0.444133 0.023827
vt 0.441648 0.044429
vt 0.451205 0.026878
vt 0.454901 0.035517
vt 0.446566 0.033208
vt 0.125085 0.191350
vt 0.123266 0.198727
vt 0.118423 0.198379
vt 0.120672 0.205738
vt 0.136262 0.216837
vt 0.129452 0.196769
vt 0.119962 0.190451
vt 0.878809 0.389240
vt 0.874883 0.397983
vt 0.862560 0.361575
vt 0.865132 0.475536
vt 0.889825 0.478019
vt 0.877252 0.489156
vt 0.165772 0.253441
vt 0.163665 0.249530
vt 0.172753 0.250730
vt 0.170969 0.258422
vt 0.175019 0.254992
vt 0.172525 0.246559
vt 0.155677 0.244043
vt 0.156546 0.251097
vt 0.860609 0.491416
vt 0.835539 0.477359
vt 0.849789 0.481249
vt 0.088965 0.896712
vt 0.082334 0.907926
vt 0.077689 0.907930
vt 0.096638 0.897548
vt 0.084425 0.895505
vt 0.113229 0.893002
vt 0.098902 0.901403
vt 0.085053 0.918081
vt 0.102245 0.885804
vt 0.072101 0.918689
vt 0.206500 0.982412
vt 0.199062 0.984245
vt 0.200808 0.977715
vt 0.194386 0.974488
vt 0.194078 0.985575
vt 0.190726 0.979288
vt 0.201200 0.988340
vt 0.215265 0.981423
vt 0.214578 0.969979
vt 0.204893 0.966153
vt 0.205047 0.990251
vt 0.184422 0.985353
vt 0.195137 0.994989
vt 0.190892 0.965889
vt 0.185955 0.972893
vt 0.216001 0.993749
vt 0.197251 0.962151
vt 0.097953 0.875444
vt 0.095221 0.878819
vt 0.105941 0.870309
vt 0.098443 0.860936
vt 0.592943 0.564474
vt 0.605053 0.562728
vt 0.603396 0.575566
vt 0.066915 0.902469
vt 0.610504 0.547541
vt 0.614822 0.541718
vt 0.623551 0.546888
vt 0.120548 0.893278
vt 0.092810 0.884527
vt 0.611216 0.571496
vt 0.614518 0.580369
vt 0.620240 0.552011
vt 0.837372 0.315295
vt 0.842817 0.312752
vt 0.850109 0.320730
vt 0.364058 0.974191
vt 0.372307 0.969866
vt 0.371206 0.978483
vt 0.165363 0.240172
vt 0.153596 0.257910
vt 0.850097 0.345676
vt 0.841594 0.341397
vt 0.836403 0.333103
vt 0.099754 0.853596
vt 0.600319 0.576912
vt 0.635247 0.543620
vt 0.623700 0.535275
vt 0.123318 0.882655
vt 0.164886 0.273308
vt 0.624436 0.554296
vt 0.172962 0.266495
vt 0.609985 0.552112
vt 0.853618 0.336271
vt 0.170184 0.282386
vt 0.382522 0.990201
vt 0.376532 0.995000
vt 0.385327 0.968583
vt 0.370637 0.993474
vt 0.062498 0.918307
vt 0.186049 0.246017
vt 0.918278 0.967348
vt 0.897983 0.957629
vt 0.930072 0.961380
vt 0.916428 0.970464
vt 0.903725 0.969216
vt 0.844685 0.332604
vt 0.838218 0.320046
vt 0.851830 0.328526
vt 0.630589 0.577674
vt 0.618646 0.561921
vt 0.625983 0.560435
vt 0.634316 0.556886
vt 0.169895 0.237008
vt 0.859501 0.345126
vt 0.142518 0.898834
vt 0.614590 0.583738
vt 0.648189 0.547871
vt 0.628947 0.535715
vt 0.190609 0.250715
vt 0.911443 0.975710
vt 0.155983 0.224567
vt 0.896045 0.964621
vt 0.888687 0.391308
vt 0.644428 0.559528
vt 0.130913 0.897042
vt 0.130378 0.896881
vt 0.130529 0.896796
vt 0.129127 0.896500
vt 0.130537 0.897033
vt 0.130843 0.897394
vt 0.131180 0.899141
vt 0.131680 0.896641
vt 0.187826 0.241971
vt 0.142706 0.215578
vt 0.879776 0.388068
vt 0.865597 0.344218
vt 0.861376 0.321062
vt 0.663265 0.555783
vt 0.661555 0.561573
vt 0.134373 0.897844
vt 0.134911 0.897814
vt 0.134034 0.897785
vt 0.133707 0.897619
vt 0.610968 0.585706
vt 0.600462 0.589174
vt 0.661271 0.548588
vt 0.648179 0.541620
vt 0.646919 0.538697
vt 0.873290 0.374127
vt 0.865335 0.334209
vt 0.648917 0.582124
vt 0.161482 0.225425
vt 0.894988 0.482083
vt 0.870730 0.358279
vt 0.650793 0.560002
vt 0.885155 0.373091
vt 0.876087 0.338763
vt 0.882584 0.323834
vt 0.879126 0.497464
vt 0.631909 0.564623
vt 0.126388 0.215893
vt 0.880574 0.977210
vt 0.869779 0.497125
vt 0.882756 0.314153
vt 0.892087 0.968235
vt 0.474371 0.021902
vt 0.465811 0.024096
vt 0.876903 0.511533
vt 0.889579 0.542120
vt 0.644152 0.565722
vt 0.671702 0.560388
vt 0.166906 0.904465
vt 0.209152 0.252337
vt 0.140423 0.206108
vt 0.867588 0.324323
vt 0.650482 0.564930
vt 0.659951 0.564890
vt 0.633942 0.589559
vt 0.666880 0.549237
vt 0.116357 0.203413
vt 0.211339 0.248994
vt 0.191876 0.234052
vt 0.165235 0.218647
vt 0.125472 0.186493
vt 0.458058 0.030924
vt 0.877205 0.503045
vt 0.878939 0.521747
vt 0.887385 0.545933
vt 0.886093 0.317574
vt 0.173503 0.218553
vt 0.143519 0.203984
vt 0.467473 0.027489
vt 0.608833 0.624796
vt 0.616329 0.607312
vt 0.621361 0.610075
vt 0.628172 0.618505
vt 0.617731 0.618856
vt 0.627028 0.613581
vt 0.670201 0.543804
vt 0.207404 0.246473
vt 0.604292 0.628934
vt 0.627493 0.613435
vt 0.627176 0.613349
vt 0.634925 0.606303
vt 0.654322 0.583586
vt 0.668232 0.572519
vt 0.179538 0.219553
vt 0.600936 0.643261
vt 0.627804 0.612778
vt 0.625497 0.603169
vt 0.625691 0.603064
vt 0.626751 0.603321
vt 0.624209 0.603436
vt 0.616455 0.603788
vt 0.199051 0.242915
vt 0.198315 0.242222
vt 0.115150 0.188575
vt 0.627431 0.601118
vt 0.626148 0.602861
vt 0.625281 0.602976
vt 0.694543 0.568972
vt 0.201443 0.243455
vt 0.200139 0.242936
vt 0.200190 0.242079
vt 0.199749 0.242716
vt 0.200294 0.239463
vt 0.112405 0.196126
vt 0.606036 0.596341
vt 0.635296 0.593742
vt 0.186125 0.220685
vt 0.204305 0.236137
vt 0.142984 0.192963
vt 0.141497 0.185920
vt 0.148983 0.189463
vt 0.116790 0.215215
vt 0.632540 0.592856
vt 0.633251 0.592191
vt 0.674034 0.575781
vt 0.689611 0.574194
vt 0.703625 0.571982
vt 0.699715 0.559619
vt 0.207001 0.241232
vt 0.120551 0.180625
vt 0.109364 0.209134
vt 0.876080 0.976833
vt 0.456865 0.043821
vt 0.461432 0.038007
vt 0.693716 0.544337
vt 0.152251 0.182880
vt 0.134308 0.189927
vt 0.887847 0.965876
vt 0.663365 0.590662
vt 0.604096 0.646691
vt 0.645428 0.603174
vt 0.633490 0.621607
vt 0.755083 0.275522
vt 0.755041 0.268769
vt 0.757741 0.272730
vt 0.758511 0.267252
vt 0.757995 0.279864
vt 0.751457 0.287337
vt 0.754436 0.257865
vt 0.760144 0.288406
vt 0.770283 0.284931
vt 0.761134 0.258810
vt 0.753367 0.246676
vt 0.691488 0.316877
vt 0.683281 0.323795
vt 0.689249 0.310105
vt 0.700797 0.324346
vt 0.709676 0.315823
vt 0.709373 0.327490
vt 0.694478 0.326444
vt 0.701457 0.337733
vt 0.720652 0.312971
vt 0.703747 0.308194
vt 0.723778 0.341655
vt 0.728101 0.314467
vt 0.675228 0.330744
vt 0.682507 0.331570
vt 0.708212 0.343403
vt 0.707407 0.901892
vt 0.704844 0.914323
vt 0.698110 0.903419
vt 0.724215 0.665359
vt 0.720973 0.660142
vt 0.725918 0.659395
vt 0.730079 0.663918
vt 0.712762 0.671891
vt 0.729200 0.673362
vt 0.703413 0.634651
vt 0.702711 0.622819
vt 0.706426 0.617442
vt 0.221038 0.091822
vt 0.238864 0.092616
vt 0.244525 0.107679
vt 0.238293 0.108823
vt 0.260815 0.077576
vt 0.242093 0.084624
vt 0.696989 0.590222
vt 0.732513 0.936176
vt 0.709589 0.926375
vt 0.714206 0.923742
vt 0.719891 0.923433
vt 0.710928 0.648045
vt 0.495696 0.898955
vt 0.506716 0.902980
vt 0.498644 0.910411
vt 0.496797 0.922308
vt 0.484689 0.906671
vt 0.482159 0.915860
vt 0.511893 0.897127
vt 0.508754 0.915074
vt 0.500915 0.885421
vt 0.491746 0.932017
vt 0.508722 0.927345
vt 0.517372 0.922936
vt 0.489185 0.893391
vt 0.520619 0.905350
vt 0.520891 0.894541
vt 0.515846 0.882848
vt 0.515799 0.931967
vt 0.879315 0.436697
vt 0.873721 0.450043
vt 0.866960 0.441684
vt 0.501146 0.930616
vt 0.518102 0.915337
vt 0.529847 0.901892
vt 0.530897 0.890130
vt 0.883000 0.443651
vt 0.886214 0.443853
vt 0.503403 0.933178
vt 0.520879 0.927326
vt 0.535894 0.882361
vt 0.883988 0.446255
vt 0.254230 0.834818
vt 0.260796 0.840053
vt 0.264986 0.852380
vt 0.250685 0.845126
vt 0.356695 0.899251
vt 0.356237 0.899291
vt 0.355803 0.899190
vt 0.802704 0.595740
vt 0.796601 0.602932
vt 0.796178 0.596979
vt 0.968060 0.875239
vt 0.975202 0.863196
vt 0.969882 0.879477
vt 0.562027 0.607907
vt 0.549800 0.602277
vt 0.560914 0.563729
vt 0.111921 0.117919
vt 0.111530 0.117690
vt 0.112067 0.117576
vt 0.549459 0.619157
vt 0.546457 0.627892
vt 0.544353 0.618800
vt 0.548980 0.163320
vt 0.551169 0.149498
vt 0.551619 0.172583
vt 0.545015 0.127400
vt 0.530114 0.126752
vt 0.534120 0.137241
vt 0.544026 0.120043
vt 0.534017 0.123254
vt 0.541767 0.149542
vt 0.551071 0.139822
vt 0.558656 0.129294
vt 0.547102 0.113185
vt 0.530455 0.108559
vt 0.517612 0.128700
vt 0.526790 0.128855
vt 0.527372 0.140763
vt 0.553452 0.642489
vt 0.553321 0.642822
vt 0.552768 0.642874
vt 0.545231 0.646402
vt 0.553353 0.643087
vt 0.554237 0.642414
vt 0.562482 0.641409
vt 0.553021 0.640527
vt 0.560200 0.650310
vt 0.553558 0.642692
vt 0.545162 0.642474
vt 0.527929 0.116687
vt 0.560208 0.115963
vt 0.548997 0.109679
vt 0.526911 0.124062
vt 0.533523 0.151510
vt 0.543673 0.633528
vt 0.563146 0.635596
vt 0.517600 0.120620
vt 0.539574 0.167032
vt 0.564560 0.139721
vt 0.536508 0.104668
vt 0.539609 0.626878
vt 0.528096 0.657931
vt 0.539200 0.101444
vt 0.527944 0.102271
vt 0.516941 0.135163
vt 0.523067 0.150033
vt 0.574340 0.641968
vt 0.553723 0.104414
vt 0.524060 0.109074
vt 0.573485 0.633952
vt 0.562503 0.623506
vt 0.548603 0.613906
vt 0.550106 0.182230
vt 0.587945 0.655930
vt 0.961524 0.958361
vt 0.964609 0.967197
vt 0.960522 0.968717
vt 0.959234 0.973240
vt 0.964618 0.973980
vt 0.944481 0.212772
vt 0.942152 0.232548
vt 0.932409 0.222978
vt 0.159311 0.142519
vt 0.172749 0.126256
vt 0.184767 0.120434
vt 0.530860 0.499181
vt 0.544850 0.488530
vt 0.536918 0.503645
vt 0.526115 0.494696
vt 0.523882 0.500367
vt 0.520002 0.497116
vt 0.523593 0.489373
vt 0.518984 0.491118
vt 0.556647 0.471182
vt 0.547393 0.477787
vt 0.552386 0.460503
vt 0.574379 0.471962
vt 0.558623 0.452498
vt 0.547279 0.464388
vt 0.530651 0.480997
vt 0.515910 0.497242
vt 0.528911 0.504307
vt 0.520365 0.505472
vt 0.561903 0.443787
vt 0.573345 0.457920
vt 0.389230 0.930922
vt 0.372677 0.916599
vt 0.389302 0.922496
vt 0.569158 0.479323
vt 0.549951 0.489058
vt 0.062125 0.238930
vt 0.055445 0.235808
vt 0.064512 0.232474
vt 0.593033 0.476716
vt 0.556080 0.444137
vt 0.536698 0.469651
vt 0.383419 0.939466
vt 0.514050 0.487430
vt 0.967914 0.963300
vt 0.926493 0.214526
vt 0.510748 0.498643
vt 0.532530 0.512873
vt 0.954065 0.209690
vt 0.954335 0.223902
vt 0.967506 0.950803
vt 0.980083 0.948434
vt 0.125483 0.244381
vt 0.149941 0.253266
vt 0.126578 0.251387
vt 0.373917 0.936584
vt 0.379139 0.950074
vt 0.370387 0.947744
vt 0.520541 0.467056
vt 0.524296 0.478693
vt 0.160267 0.129234
vt 0.166869 0.122055
vt 0.167899 0.146700
vt 0.368133 0.913559
vt 0.955499 0.965750
vt 0.142769 0.246186
vt 0.125819 0.240413
vt 0.146570 0.130648
vt 0.955876 0.230648
vt 0.949395 0.237535
vt 0.962748 0.238412
vt 0.063656 0.213520
vt 0.059204 0.220468
vt 0.054107 0.214537
vt 0.057404 0.209645
vt 0.512924 0.472032
vt 0.513045 0.465236
vt 0.106578 0.252727
vt 0.091158 0.237127
vt 0.105131 0.243644
vt 0.066950 0.225022
vt 0.052473 0.227179
vt 0.022465 0.225766
vt 0.145937 0.142374
vt 0.959344 0.218674
vt 0.963641 0.194966
vt 0.956194 0.980937
vt 0.951088 0.972567
vt 0.966199 0.976725
vt 0.363406 0.934920
vt 0.399216 0.943226
vt 0.404255 0.930843
vt 0.362712 0.955487
vt 0.420039 0.935628
vt 0.411794 0.943457
vt 0.958724 0.199825
vt 0.958764 0.942425
vt 0.967149 0.936832
vt 0.964735 0.946146
vt 0.153556 0.247221
vt 0.091345 0.232568
vt 0.082200 0.228931
vt 0.051557 0.209072
vt 0.169443 0.113027
vt 0.363251 0.943205
vt 0.361627 0.943980
vt 0.545841 0.446535
vt 0.409184 0.927517
vt 0.049122 0.231721
vt 0.553291 0.423547
vt 0.373561 0.814897
vt 0.383759 0.817709
vt 0.381493 0.821633
vt 0.394925 0.951082
vt 0.102394 0.234334
vt 0.055822 0.203655
vt 0.385709 0.840640
vt 0.360262 0.816281
vt 0.958759 0.243568
vt 0.390656 0.951658
vt 0.410874 0.949940
vt 0.957051 0.949319
vt 0.147211 0.241485
vt 0.533402 0.440729
vt 0.538663 0.820579
vt 0.548882 0.807589
vt 0.552715 0.820652
vt 0.517856 0.481045
vt 0.934732 0.961618
vt 0.079450 0.222235
vt 0.064833 0.207151
vt 0.046616 0.231462
vt 0.520804 0.448628
vt 0.530386 0.438889
vt 0.517670 0.517076
vt 0.953467 0.985119
vt 0.943522 0.980067
vt 0.938137 0.956692
vt 0.943953 0.952292
vt 0.945376 0.947659
vt 0.363223 0.828687
vt 0.963517 0.244303
vt 0.935617 0.971912
vt 0.142023 0.139178
vt 0.396656 0.835696
vt 0.964556 0.222835
vt 0.363475 0.968312
vt 0.383841 0.959844
vt 0.375663 0.841844
vt 0.966478 0.237346
vt 0.961567 0.227706
vt 0.535370 0.633151
vt 0.577571 0.129418
vt 0.493756 0.124880
vt 0.511179 0.120843
vt 0.385995 0.963995
vt 0.474340 0.113823
vt 0.489130 0.115525
vt 0.475010 0.122145
vt 0.479571 0.108380
vt 0.550342 0.193079
vt 0.534798 0.169981
vt 0.930362 0.955372
vt 0.102909 0.164184
vt 0.110669 0.166019
vt 0.105273 0.171007
vt 0.559145 0.614672
vt 0.537529 0.618796
vt 0.473060 0.102218
vt 0.404863 0.848979
vt 0.974066 0.235834
vt 0.588085 0.644068
vt 0.541032 0.614081
vt 0.536301 0.641191
vt 0.487774 0.107453
vt 0.572083 0.116773
vt 0.503537 0.115968
vt 0.395060 0.816963
vt 0.398627 0.820256
vt 0.348127 0.972216
vt 0.481850 0.098748
vt 0.462822 0.102391
vt 0.398374 0.825203
vt 0.391130 0.811965
vt 0.972519 0.243703
vt 0.522549 0.655471
vt 0.579642 0.112084
vt 0.560363 0.103387
vt 0.524357 0.097519
vt 0.514448 0.109942
vt 0.463204 0.112368
vt 0.569856 0.621741
vt 0.540416 0.605213
vt 0.532850 0.626979
vt 0.502578 0.108707
vt 0.484117 0.137064
vt 0.357943 0.832150
vt 0.366645 0.846824
vt 0.465339 0.123071
vt 0.505796 0.139958
vt 0.396822 0.814654
vt 0.125292 0.125745
vt 0.117167 0.129758
vt 0.124299 0.137197
vt 0.107437 0.156373
vt 0.529805 0.636997
vt 0.524753 0.642687
vt 0.536890 0.091460
vt 0.405998 0.830545
vt 0.108392 0.116369
vt 0.116464 0.115386
vt 0.494778 0.102561
vt 0.479411 0.092009
vt 0.432698 0.850300
vt 0.111699 0.118278
vt 0.111764 0.118085
vt 0.112150 0.118355
vt 0.113953 0.121299
vt 0.112387 0.149981
vt 0.527953 0.629561
vt 0.570081 0.102679
vt 0.548693 0.096817
vt 0.514620 0.658555
vt 0.556988 0.099046
vt 0.473190 0.091511
vt 0.449441 0.837291
vt 0.453720 0.849318
vt 0.420514 0.838925
vt 0.362621 0.848269
vt 0.084626 0.158728
vt 0.079015 0.164775
vt 0.406149 0.823051
vt 0.566848 0.580550
vt 0.433614 0.833961
vt 0.102277 0.118015
vt 0.069583 0.161610
vt 0.534036 0.614157
vt 0.581218 0.101480
vt 0.513547 0.105975
vt 0.505291 0.102107
vt 0.552748 0.569526
vt 0.521104 0.640689
vt 0.520962 0.095074
vt 0.492402 0.093245
vt 0.453857 0.977892
vt 0.448184 0.982028
vt 0.455566 0.963559
vt 0.416785 0.832183
vt 0.414587 0.829902
vt 0.536373 0.089983
vt 0.529204 0.086176
vt 0.451783 0.986887
vt 0.444454 0.967245
vt 0.503006 0.974647
vt 0.502129 0.981705
vt 0.492885 0.974956
vt 0.503642 0.967812
vt 0.706492 0.975669
vt 0.714072 0.962281
vt 0.712952 0.974087
vt 0.704113 0.971313
vt 0.705920 0.957487
vt 0.513341 0.969084
vt 0.699755 0.966028
vt 0.504760 0.960612
vt 0.692464 0.956618
vt 0.512278 0.985142
vt 0.517497 0.972563
vt 0.662861 0.976161
vt 0.649972 0.989132
vt 0.659874 0.971720
vt 0.512116 0.960622
vt 0.692684 0.986149
vt 0.644717 0.985209
vt 0.689711 0.980545
vt 0.838507 0.773198
vt 0.831040 0.781613
vt 0.823412 0.766822
vt 0.560387 0.755668
vt 0.564410 0.758212
vt 0.540305 0.773847
vt 0.544886 0.775541
vt 0.958476 0.152705
vt 0.960266 0.148945
vt 0.968295 0.149643
vt 0.967782 0.140210
vt 0.951483 0.150422
vt 0.943165 0.153164
vt 0.956414 0.157452
vt 0.966797 0.155477
vt 0.953181 0.143483
vt 0.977897 0.151750
vt 0.979636 0.132304
vt 0.966034 0.132559
vt 0.960352 0.136488
vt 0.950554 0.163261
vt 0.965240 0.164504
vt 0.840650 0.827543
vt 0.840523 0.827656
vt 0.840266 0.827476
vt 0.840591 0.828053
vt 0.841522 0.838538
vt 0.839979 0.825317
vt 0.840823 0.827610
vt 0.840669 0.827709
vt 0.962429 0.266666
vt 0.952695 0.261963
vt 0.966442 0.257974
vt 0.941660 0.256459
vt 0.791651 0.840092
vt 0.809043 0.827254
vt 0.808552 0.836453
vt 0.933258 0.266878
vt 0.957379 0.271284
vt 0.758500 0.012561
vt 0.766043 0.008005
vt 0.767540 0.014483
vt 0.818640 0.812133
vt 0.824870 0.806408
vt 0.819673 0.828182
vt 0.831642 0.816323
vt 0.969523 0.265853
vt 0.950783 0.277426
vt 0.962556 0.273528
vt 0.792718 0.845321
vt 0.742917 0.010253
vt 0.756168 0.020598
vt 0.809654 0.805610
vt 0.966848 0.271796
vt 0.829602 0.831915
vt 0.950574 0.140302
vt 0.847954 0.829483
vt 0.840851 0.816151
vt 0.911033 0.281174
vt 0.937702 0.280499
vt 0.821426 0.835469
vt 0.946132 0.137193
vt 0.943776 0.143804
vt 0.684873 0.973971
vt 0.926310 0.293271
vt 0.956242 0.278568
vt 0.803042 0.846163
vt 0.945794 0.147778
vt 0.832405 0.802730
vt 0.830690 0.789957
vt 0.824429 0.780286
vt 0.972170 0.275831
vt 0.746412 0.022554
vt 0.968694 0.125137
vt 0.973383 0.166662
vt 0.558107 0.748989
vt 0.530550 0.776073
vt 0.979095 0.270769
vt 0.857678 0.852914
vt 0.530824 0.958121
vt 0.817184 0.785707
vt 0.665098 0.958592
vt 0.937537 0.291246
vt 0.811069 0.840773
vt 0.824843 0.838679
vt 0.561047 0.559741
vt 0.490386 0.141810
vt 0.572772 0.559069
vt 0.837383 0.796975
vt 0.961196 0.281819
vt 0.966039 0.278438
vt 0.959733 0.127112
vt 0.963684 0.169232
vt 0.519405 0.632579
vt 0.513621 0.092750
vt 0.639361 0.975267
vt 0.520457 0.805679
vt 0.525580 0.793602
vt 0.796735 0.849430
vt 0.550463 0.552070
vt 0.545555 0.093178
vt 0.471761 0.088597
vt 0.493767 0.149611
vt 0.579655 0.547626
vt 0.945433 0.158432
vt 0.456219 0.988703
vt 0.571849 0.607940
vt 0.844466 0.804733
vt 0.686387 0.959042
vt 0.945301 0.290249
vt 0.782715 0.854520
vt 0.960956 0.175334
vt 0.585600 0.101862
vt 0.552796 0.092555
vt 0.524093 0.085260
vt 0.481606 0.082386
vt 0.459760 0.965128
vt 0.404385 0.812449
vt 0.097771 0.116562
vt 0.089761 0.147713
vt 0.067558 0.153849
vt 0.673920 0.986051
vt 0.523285 0.778208
vt 0.572266 0.935030
vt 0.564519 0.906928
vt 0.576865 0.918163
vt 0.813781 0.770829
vt 0.793271 0.854331
vt 0.803832 0.849197
vt 0.546222 0.569803
vt 0.536953 0.593758
vt 0.068334 0.150742
vt 0.576925 0.603322
vt 0.597395 0.616291
vt 0.850232 0.786603
vt 0.577170 0.901150
vt 0.758386 0.035800
vt 0.978545 0.169403
vt 0.461682 0.950595
vt 0.419326 0.822922
vt 0.587690 0.607917
vt 0.576275 0.570885
vt 0.842179 0.798479
vt 0.675630 0.973289
vt 0.674283 0.978973
vt 0.540182 0.753652
vt 0.966329 0.286683
vt 0.461605 0.984176
vt 0.421749 0.830211
vt 0.407628 0.815551
vt 0.407882 0.815580
vt 0.407546 0.815835
vt 0.408302 0.815527
vt 0.931739 0.309205
vt 0.980134 0.285911
vt 0.521910 0.617597
vt 0.535522 0.579474
vt 0.556202 0.088601
vt 0.540081 0.083588
vt 0.509065 0.095566
vt 0.441168 0.824233
vt 0.433953 0.827674
vt 0.419201 0.829326
vt 0.418496 0.829379
vt 0.407641 0.816587
vt 0.407845 0.815844
vt 0.410250 0.814950
vt 0.097344 0.123357
vt 0.840300 0.805307
vt 0.839792 0.805554
vt 0.839852 0.805070
vt 0.839725 0.804720
vt 0.839703 0.805426
vt 0.839337 0.805597
vt 0.802805 0.852866
vt 0.806135 0.856541
vt 0.952310 0.126587
vt 0.525301 0.595406
vt 0.517642 0.648986
vt 0.584248 0.091219
vt 0.420103 0.829422
vt 0.419342 0.829158
vt 0.418991 0.828602
vt 0.418831 0.829157
vt 0.413099 0.819745
vt 0.573034 0.617312
vt 0.808457 0.781065
vt 0.495500 0.085687
vt 0.470019 0.981367
vt 0.464938 0.966773
vt 0.420276 0.824200
vt 0.092900 0.127509
vt 0.965970 0.922361
vt 0.963173 0.921266
vt 0.963895 0.907253
vt 0.582526 0.912245
vt 0.582160 0.928198
vt 0.937873 0.298674
vt 0.819048 0.841632
vt 0.823613 0.841998
vt 0.093066 0.113826
vt 0.093031 0.138611
vt 0.582136 0.552814
vt 0.599933 0.918909
vt 0.586257 0.927815
vt 0.591944 0.916595
vt 0.756548 0.042606
vt 0.506767 0.086730
vt 0.434310 0.822898
vt 0.512942 0.798708
vt 0.933261 0.309676
vt 0.498077 0.077715
vt 0.847276 0.794133
vt 0.849963 0.787549
vt 0.857743 0.781971
vt 0.807120 0.778204
vt 0.819755 0.844741
vt 0.581395 0.572789
vt 0.954006 0.906596
vt 0.960056 0.934573
vt 0.810381 0.852449
vt 0.500962 0.598481
vt 0.512424 0.563336
vt 0.507786 0.600217
vt 0.510852 0.781622
vt 0.967770 0.899278
vt 0.952763 0.294243
vt 0.736113 0.031506
vt 0.750026 0.037475
vt 0.591792 0.907833
vt 0.588023 0.918466
vt 0.587514 0.918647
vt 0.587611 0.918347
vt 0.587616 0.918028
vt 0.587479 0.918182
vt 0.587174 0.917706
vt 0.578897 0.890935
vt 0.509876 0.685128
vt 0.511908 0.655236
vt 0.513338 0.702639
vt 0.523979 0.762289
vt 0.531123 0.759340
vt 0.941403 0.307519
vt 0.964141 0.300152
vt 0.518140 0.592678
vt 0.975118 0.921384
vt 0.970292 0.860014
vt 0.345496 0.907493
vt 0.327268 0.919450
vt 0.332826 0.911839
vt 0.947288 0.301889
vt 0.963130 0.180702
vt 0.851442 0.806223
vt 0.851726 0.796009
vt 0.509059 0.809219
vt 0.530193 0.566509
vt 0.972378 0.894736
vt 0.740733 0.040459
vt 0.543133 0.548539
vt 0.516273 0.540251
vt 0.520997 0.755400
vt 0.950594 0.892730
vt 0.916670 0.309761
vt 0.898663 0.305702
vt 0.900736 0.299994
vt 0.889808 0.290432
vt 0.358358 0.895796
vt 0.326670 0.911162
vt 0.952865 0.877346
vt 0.535252 0.533458
vt 0.858842 0.793997
vt 0.345143 0.898137
vt 0.308421 0.895215
vt 0.315280 0.897701
vt 0.308956 0.900373
vt 0.329896 0.899708
vt 0.315903 0.908210
vt 0.955440 0.304766
vt 0.518723 0.699390
vt 0.513270 0.722626
vt 0.600861 0.543670
vt 0.523664 0.737493
vt 0.598003 0.906467
vt 0.520368 0.743963
vt 0.503161 0.802133
vt 0.807054 0.609432
vt 0.608811 0.929647
vt 0.617486 0.923115
vt 0.511070 0.771484
vt 0.310841 0.889380
vt 0.910528 0.302410
vt 0.607491 0.914351
vt 0.583686 0.884957
vt 0.594879 0.542683
vt 0.501520 0.826049
vt 0.812396 0.601352
vt 0.810737 0.637888
vt 0.809204 0.646410
vt 0.322540 0.888466
vt 0.304121 0.890161
vt 0.303605 0.900829
vt 0.820110 0.858770
vt 0.825689 0.851490
vt 0.503632 0.721549
vt 0.503484 0.704543
vt 0.805733 0.590976
vt 0.794569 0.591425
vt 0.947264 0.904384
vt 0.892513 0.282762
vt 0.881705 0.281647
vt 0.876618 0.290834
vt 0.878917 0.310619
vt 0.618368 0.915497
vt 0.626906 0.922493
vt 0.949043 0.308171
vt 0.967600 0.310694
vt 0.518707 0.733715
vt 0.509007 0.763013
vt 0.499585 0.817695
vt 0.799830 0.639286
vt 0.799258 0.628267
vt 0.900076 0.293069
vt 0.609131 0.910163
vt 0.591517 0.884795
vt 0.589950 0.877378
vt 0.968928 0.318485
vt 0.958401 0.317940
vt 0.522675 0.537527
vt 0.295344 0.893246
vt 0.873571 0.305188
vt 0.501387 0.787581
vt 0.494270 0.813584
vt 0.356096 0.899568
vt 0.356557 0.899607
vt 0.357938 0.899134
vt 0.306933 0.882402
vt 0.317840 0.915260
vt 0.941870 0.891891
vt 0.597064 0.895226
vt 0.792404 0.602433
vt 0.795131 0.639267
vt 0.804088 0.651478
vt 0.375944 0.888220
vt 0.932155 0.887699
vt 0.742516 0.502069
vt 0.740667 0.489930
vt 0.747472 0.477446
vt 0.314523 0.911472
vt 0.320973 0.919408
vt 0.867347 0.291600
vt 0.861213 0.311633
vt 0.619791 0.912004
vt 0.789806 0.597932
vt 0.820745 0.634159
vt 0.824371 0.659180
vt 0.305520 0.909870
vt 0.796042 0.616632
vt 0.812739 0.661438
vt 0.865078 0.744144
vt 0.870293 0.734138
vt 0.871221 0.749825
vt 0.787249 0.593850
vt 0.792440 0.585726
vt 0.750326 0.488609
vt 0.602263 0.901098
vt 0.878018 0.726620
vt 0.497890 0.777789
vt 0.495006 0.800674
vt 0.733602 0.501457
vt 0.590519 0.867486
vt 0.602323 0.885722
vt 0.501413 0.763113
vt 0.790495 0.611534
vt 0.755897 0.478503
vt 0.761871 0.477561
vt 0.757740 0.469366
vt 0.310156 0.917532
vt 0.528228 0.954613
vt 0.509080 0.958349
vt 0.512292 0.951894
vt 0.866034 0.763513
vt 0.792631 0.659214
vt 0.784517 0.654357
vt 0.795875 0.651900
vt 0.298132 0.912225
vt 0.500826 0.754365
vt 0.492273 0.799564
vt 0.790987 0.623183
vt 0.317618 0.930348
vt 0.610237 0.899796
vt 0.528408 0.523673
vt 0.483767 0.808296
vt 0.740577 0.518017
vt 0.876444 0.750611
vt 0.881266 0.745265
vt 0.784172 0.609971
vt 0.726114 0.521888
vt 0.711307 0.523415
vt 0.769918 0.477427
vt 0.762998 0.465309
vt 0.502832 0.949579
vt 0.503762 0.957141
vt 0.857713 0.297969
vt 0.498636 0.748832
vt 0.790041 0.662933
vt 0.757579 0.493269
vt 0.755757 0.488737
vt 0.760307 0.493155
vt 0.491902 0.788207
vt 0.785757 0.627450
vt 0.780719 0.634221
vt 0.754746 0.501846
vt 0.763052 0.484478
vt 0.314118 0.923298
vt 0.943253 0.895564
vt 0.909914 0.296647
vt 0.714981 0.523268
vt 0.711864 0.527835
vt 0.850919 0.307089
vt 0.779825 0.624420
vt 0.921621 0.305378
vt 0.780229 0.643128
vt 0.781890 0.661167
vt 0.768426 0.664278
vt 0.795423 0.673131
vt 0.755296 0.549173
vt 0.311255 0.932008
vt 0.929310 0.895592
vt 0.775638 0.633814
vt 0.766135 0.668473
vt 0.787508 0.669353
vt 0.743133 0.530866
vt 0.487330 0.750624
vt 0.481891 0.794407
vt 0.481584 0.806493
vt 0.781672 0.618154
vt 0.774723 0.646967
vt 0.756015 0.524050
vt 0.776058 0.462539
vt 0.779730 0.450633
vt 0.782736 0.462188
vt 0.487154 0.949381
vt 0.497606 0.960672
vt 0.486878 0.955530
vt 0.624771 0.904995
vt 0.623095 0.901428
vt 0.761699 0.543551
vt 0.763431 0.562055
vt 0.261405 0.853700
vt 0.267419 0.850813
vt 0.731135 0.528830
vt 0.237444 0.833385
vt 0.267855 0.826005
vt 0.308398 0.924852
vt 0.908679 0.292727
vt 0.785413 0.590385
vt 0.783793 0.591022
vt 0.785129 0.591024
vt 0.778268 0.602500
vt 0.767939 0.659621
vt 0.261402 0.857526
vt 0.764821 0.502758
vt 0.477695 0.793435
vt 0.485858 0.814716
vt 0.782695 0.584830
vt 0.783199 0.593546
vt 0.784192 0.591449
vt 0.767852 0.684433
vt 0.786577 0.458343
vt 0.872296 0.778570
vt 0.498434 0.490776
vt 0.480961 0.465891
vt 0.485917 0.517034
vt 0.479488 0.510262
vt 0.482051 0.814138
vt 0.475338 0.819951
vt 0.772047 0.625616
vt 0.481838 0.951188
vt 0.469967 0.971682
vt 0.802554 0.984535
vt 0.782970 0.979274
vt 0.823301 0.977874
vt 0.491311 0.752698
vt 0.186306 0.835674
vt 0.181432 0.837224
vt 0.175653 0.832191
vt 0.263262 0.824833
vt 0.769502 0.550557
vt 0.629753 0.898873
vt 0.769642 0.521438
vt 0.755844 0.684191
vt 0.179650 0.845207
vt 0.774065 0.617959
vt 0.766972 0.620698
vt 0.756335 0.660336
vt 0.790812 0.581724
vt 0.775539 0.552561
vt 0.785374 0.559726
vt 0.777554 0.482777
vt 0.770933 0.638625
vt 0.172110 0.843208
vt 0.198416 0.830786
vt 0.205634 0.840145
vt 0.238988 0.854266
vt 0.470886 0.963374
vt 0.633168 0.894719
vt 0.619484 0.884241
vt 0.765581 0.629019
vt 0.763294 0.650998
vt 0.220905 0.833131
vt 0.209166 0.830062
vt 0.229637 0.841902
vt 0.779951 0.543463
vt 0.774993 0.507525
vt 0.482870 0.935290
vt 0.878538 0.779709
vt 0.787443 0.467930
vt 0.791148 0.442719
vt 0.748277 0.682280
vt 0.186103 0.846449
vt 0.195372 0.840519
vt 0.783986 0.473683
vt 0.795484 0.460607
vt 0.468640 0.798398
vt 0.754545 0.667743
vt 0.836838 0.986204
vt 0.481394 0.550153
vt 0.749987 0.677391
vt 0.750350 0.676687
vt 0.749906 0.677850
vt 0.193768 0.843894
vt 0.474289 0.781101
vt 0.749508 0.676880
vt 0.749897 0.677134
vt 0.749656 0.677810
vt 0.758444 0.624567
vt 0.739585 0.682174
vt 0.214685 0.840351
vt 0.430746 0.261214
vt 0.424883 0.266780
vt 0.416554 0.268285
vt 0.474081 0.938427
vt 0.467175 0.963209
vt 0.773332 0.613745
vt 0.739735 0.677317
vt 0.781430 0.502799
vt 0.464235 0.829113
vt 0.425072 0.254922
vt 0.217753 0.849753
vt 0.473594 0.525228
vt 0.488700 0.573825
vt 0.201708 0.847835
vt 0.792053 0.476733
vt 0.792510 0.541448
vt 0.476022 0.566662
vt 0.766894 0.612524
vt 0.418288 0.253870
vt 0.781721 0.511148
vt 0.650970 0.892298
vt 0.174860 0.857751
vt 0.204238 0.854737
vt 0.873587 0.818191
vt 0.460983 0.229502
vt 0.472484 0.229843
vt 0.436297 0.238230
vt 0.398238 0.257518
vt 0.403571 0.254907
vt 0.478938 0.918553
vt 0.435524 0.245023
vt 0.460782 0.795841
vt 0.789353 0.500584
vt 0.474032 0.919034
vt 0.409249 0.253418
vt 0.408219 0.253051
vt 0.406970 0.253236
vt 0.402624 0.251276
vt 0.409020 0.252752
vt 0.408466 0.252939
vt 0.407885 0.252994
vt 0.790125 0.532571
vt 0.798277 0.478600
vt 0.483917 0.587251
vt 0.456099 0.225251
vt 0.424170 0.232495
vt 0.471208 0.564739
vt 0.465824 0.940704
vt 0.787385 0.520156
vt 0.396290 0.244577
vt 0.212242 0.854959
vt 0.793841 0.522208
vt 0.393295 0.234118
vt 0.389512 0.264653
vt 0.378031 0.254983
vt 0.484520 0.644312
vt 0.382051 0.237768
vt 0.344143 0.251792
vt 0.478220 0.631431
vt 0.408479 0.228327
vt 0.469964 0.633288
vt 0.465710 0.588672
vt 0.474027 0.603473
vt 0.465755 0.626510
vt 0.373455 0.262860
vt 0.386612 0.276718
vt 0.489149 0.620456
vt 0.373775 0.241980
vt 0.366326 0.246026
vt 0.344660 0.244405
vt 0.851286 0.379652
vt 0.863310 0.388717
vt 0.848044 0.391109
vt 0.863514 0.407012
vt 0.871828 0.399400
vt 0.879949 0.409783
vt 0.871467 0.423196
vt 0.878182 0.420794
vt 0.528757 0.912464
vt 0.880778 0.459717
vt 0.838452 0.386121
vt 0.367078 0.266831
vt 0.847982 0.398866
vt 0.860895 0.454147
vt 0.541254 0.900250
vt 0.825073 0.379987
vt 0.866957 0.461377
vt 0.541757 0.911408
vt 0.854576 0.436331
vt 0.851041 0.444777
vt 0.532131 0.923926
vt 0.860191 0.416288
vt 0.822087 0.393680
vt 0.849183 0.410152
vt 0.857994 0.425659
vt 0.381176 0.277787
vt 0.336563 0.260059
vt 0.371329 0.223488
vt 0.337935 0.233954
vt 0.491271 0.655192
vt 0.811347 0.390803
vt 0.833585 0.397042
vt 0.846646 0.450052
vt 0.342169 0.268986
vt 0.354228 0.232192
vt 0.549184 0.902657
vt 0.547098 0.880241
vt 0.378972 0.284776
vt 0.367793 0.284200
vt 0.849723 0.462398
vt 0.866231 0.472878
vt 0.847200 0.422723
vt 0.836008 0.408217
vt 0.544952 0.920640
vt 0.554345 0.893359
vt 0.839326 0.454469
vt 0.840495 0.434632
vt 0.165385 0.388497
vt 0.172523 0.357542
vt 0.170192 0.406518
vt 0.813583 0.398916
vt 0.176817 0.368614
vt 0.359064 0.225048
vt 0.837551 0.441996
vt 0.840151 0.460106
vt 0.175314 0.408846
vt 0.326317 0.224964
vt 0.555236 0.911748
vt 0.804468 0.398548
vt 0.179675 0.379737
vt 0.840057 0.414653
vt 0.831763 0.452203
vt 0.323363 0.219795
vt 0.559344 0.901351
vt 0.816999 0.406660
vt 0.162821 0.449220
vt 0.808776 0.409422
vt 0.812836 0.454466
vt 0.826659 0.442753
vt 0.837596 0.424888
vt 0.034263 0.350511
vt 0.033168 0.342107
vt 0.044096 0.357092
vt 0.825821 0.406443
vt 0.087602 0.406961
vt 0.072445 0.367259
vt 0.096395 0.398759
vt 0.091251 0.384060
vt 0.168130 0.446695
vt 0.172794 0.461502
vt 0.177811 0.438746
vt 0.182725 0.413736
vt 0.056214 0.377684
vt 0.056363 0.365525
vt 0.066710 0.367758
vt 0.803690 0.405022
vt 0.812979 0.414913
vt 0.830039 0.434106
vt 0.829904 0.416815
vt 0.820143 0.415928
vt 0.814552 0.420861
vt 0.819462 0.425119
vt 0.829487 0.427266
vt 0.824199 0.424218
vt 0.827672 0.429959
vt 0.827196 0.424053
vt 0.167153 0.063331
vt 0.175877 0.068870
vt 0.163396 0.068662
vt 0.161187 0.065695
vt 0.194377 0.075093
vt 0.181698 0.078903
vt 0.709754 0.558793
vt 0.720949 0.553777
vt 0.714909 0.580306
vt 0.165600 0.071456
vt 0.206069 0.081934
vt 0.246945 0.117713
vt 0.163634 0.072255
vt 0.234049 0.110979
vt 0.707751 0.603303
vt 0.172796 0.080242
vt 0.226040 0.103119
vt 0.229477 0.116120
vt 0.714158 0.626299
vt 0.707339 0.576525
vt 0.700177 0.917478
vt 0.711666 0.934367
vt 0.280756 0.061049
vt 0.236474 0.118791
vt 0.236231 0.120228
vt 0.236462 0.119693
vt 0.236711 0.120345
vt 0.236736 0.119104
vt 0.237039 0.118664
vt 0.691675 0.931036
vt 0.723559 0.584960
vt 0.192261 0.096043
vt 0.237572 0.131411
vt 0.232305 0.145115
vt 0.700590 0.653521
vt 0.723505 0.650576
vt 0.716616 0.652139
vt 0.719938 0.642030
vt 0.716390 0.619322
vt 0.208309 0.093983
vt 0.242069 0.128599
vt 0.688787 0.920181
vt 0.703685 0.658778
vt 0.719093 0.636753
vt 0.733778 0.573532
vt 0.235056 0.126539
vt 0.984977 0.625179
vt 0.984817 0.624622
vt 0.987868 0.626797
vt 0.729308 0.655706
vt 0.719863 0.627781
vt 0.994531 0.563798
vt 0.994374 0.552933
vt 0.994732 0.553439
vt 0.994689 0.552613
vt 0.994802 0.553208
vt 0.984361 0.625450
vt 0.984618 0.625239
vt 0.847014 0.288662
vt 0.859339 0.292614
vt 0.842989 0.291687
vt 0.723394 0.631138
vt 0.724530 0.616520
vt 0.212220 0.107158
vt 0.216802 0.125552
vt 0.218979 0.131415
vt 0.987651 0.635225
vt 0.248070 0.132006
vt 0.201421 0.109173
vt 0.832507 0.293692
vt 0.838722 0.300646
vt 0.734600 0.660498
vt 0.242505 0.139436
vt 0.243871 0.137666
vt 0.730130 0.619194
vt 0.213448 0.116976
vt 0.220416 0.139044
vt 0.215764 0.139130
vt 0.839046 0.307368
vt 0.106331 0.966262
vt 0.127079 0.969176
vt 0.114849 0.974034
vt 0.742016 0.666123
vt 0.741340 0.649875
vt 0.729148 0.641574
vt 0.740890 0.588390
vt 0.209521 0.133923
vt 0.252041 0.132462
vt 0.728197 0.634039
vt 0.823012 0.294362
vt 0.140526 0.966113
vt 0.132168 0.974425
vt 0.202401 0.119228
vt 0.207987 0.124641
vt 0.211209 0.129293
vt 0.676864 0.926003
vt 0.733025 0.610110
vt 0.219341 0.150462
vt 0.249143 0.145307
vt 0.124827 0.977715
vt 0.218726 0.152115
vt 0.698521 0.897938
vt 0.686913 0.911382
vt 0.138809 0.976783
vt 0.191311 0.109556
vt 0.833612 0.314624
vt 0.821730 0.320367
vt 0.735994 0.642242
vt 0.736694 0.605860
vt 0.827449 0.326075
vt 0.252998 0.138805
vt 0.690238 0.902696
vt 0.691980 0.908014
vt 0.817117 0.305538
vt 0.825567 0.287990
vt 0.817871 0.326451
vt 0.818873 0.460540
vt 0.703499 0.890810
vt 0.682008 0.914767
vt 0.672770 0.916319
vt 0.673483 0.911522
vt 0.093968 0.407159
vt 0.073958 0.401055
vt 0.187348 0.131017
vt 0.709478 0.892029
vt 0.667092 0.915677
vt 0.832343 0.283918
vt 0.812352 0.309581
vt 0.691214 0.889170
vt 0.089108 0.418611
vt 0.129541 0.985904
vt 0.745288 0.603367
vt 0.715794 0.875319
vt 0.662435 0.912727
vt 0.820071 0.333083
vt 0.744038 0.635136
vt 0.060406 0.364318
vt 0.746636 0.580811
vt 0.066191 0.405787
vt 0.063580 0.408457
vt 0.811821 0.327447
vt 0.831976 0.337021
vt 0.141361 0.991027
vt 0.079737 0.433285
vt 0.703823 0.866175
vt 0.708309 0.855437
vt 0.661385 0.926965
vt 0.680836 0.901634
vt 0.753340 0.619938
vt 0.664151 0.921225
vt 0.810869 0.336372
vt 0.828335 0.340593
vt 0.750699 0.623341
vt 0.164957 0.483617
vt 0.684493 0.900599
vt 0.799034 0.279312
vt 0.802397 0.293612
vt 0.790057 0.281417
vt 0.806179 0.317502
vt 0.805710 0.317310
vt 0.805718 0.317495
vt 0.748761 0.635851
vt 0.115668 0.397101
vt 0.795379 0.473317
vt 0.177052 0.493057
vt 0.182413 0.465816
vt 0.672846 0.897080
vt 0.805256 0.317454
vt 0.805229 0.317909
vt 0.800533 0.323286
vt 0.800238 0.334330
vt 0.168301 0.513418
vt 0.651315 0.753957
vt 0.636766 0.777797
vt 0.648138 0.755331
vt 0.808921 0.306460
vt 0.802463 0.311568
vt 0.804989 0.317528
vt 0.754764 0.592324
vt 0.791390 0.287940
vt 0.754325 0.657195
vt 0.653008 0.917501
vt 0.637592 0.717680
vt 0.620975 0.714460
vt 0.627832 0.711055
vt 0.157408 0.485284
vt 0.695760 0.878725
vt 0.686969 0.889207
vt 0.753285 0.650131
vt 0.753813 0.641408
vt 0.077738 0.446351
vt 0.844173 0.350802
vt 0.087366 0.449908
vt 0.685794 0.884818
vt 0.837230 0.266696
vt 0.155573 0.517063
vt 0.151852 0.511834
vt 0.090559 0.430745
vt 0.658989 0.755004
vt 0.653523 0.768289
vt 0.651019 0.730872
vt 0.652695 0.737827
vt 0.617992 0.704608
vt 0.811511 0.344112
vt 0.658908 0.901886
vt 0.636283 0.723499
vt 0.091849 0.446509
vt 0.654076 0.729700
vt 0.794811 0.343796
vt 0.805826 0.354473
vt 0.802329 0.349282
vt 0.627365 0.721356
vt 0.803535 0.306454
vt 0.844324 0.354889
vt 0.856789 0.366232
vt 0.651954 0.799534
vt 0.646556 0.800682
vt 0.654899 0.777580
vt 0.638154 0.713986
vt 0.793419 0.293580
vt 0.818417 0.351007
vt 0.646198 0.720145
vt 0.836410 0.353288
vt 0.146717 0.530090
vt 0.147536 0.514280
vt 0.161839 0.513971
vt 0.626898 0.727286
vt 0.090924 0.493521
vt 0.670027 0.895143
vt 0.656762 0.891702
vt 0.654346 0.720213
vt 0.635636 0.708302
vt 0.819869 0.357285
vt 0.184190 0.504266
vt 0.630131 0.728333
vt 0.092364 0.457697
vt 0.662973 0.731631
vt 0.798381 0.307661
vt 0.138700 0.555062
vt 0.143894 0.541218
vt 0.148020 0.550172
vt 0.176108 0.520125
vt 0.663247 0.776124
vt 0.662125 0.713778
vt 0.650109 0.715974
vt 0.096338 0.481295
vt 0.100329 0.486359
vt 0.101248 0.506479
vt 0.666492 0.723021
vt 0.631189 0.702000
vt 0.619747 0.693293
vt 0.620660 0.688563
vt 0.625788 0.692589
vt 0.786172 0.292945
vt 0.156188 0.543808
vt 0.096705 0.500540
vt 0.658041 0.792363
vt 0.648224 0.819573
vt 0.659919 0.796901
vt 0.181750 0.543359
vt 0.188457 0.539285
vt 0.146222 0.577121
vt 0.138434 0.575546
vt 0.660061 0.802030
vt 0.677733 0.753544
vt 0.679228 0.743209
vt 0.675521 0.731361
vt 0.646481 0.710132
vt 0.668625 0.727976
vt 0.668427 0.728153
vt 0.657508 0.708113
vt 0.651373 0.706245
vt 0.639149 0.704145
vt 0.142189 0.583045
vt 0.172007 0.559633
vt 0.668555 0.728306
vt 0.669246 0.728262
vt 0.906499 0.931777
vt 0.902333 0.942794
vt 0.888914 0.939347
vt 0.160132 0.555984
vt 0.658843 0.812494
vt 0.681221 0.714998
vt 0.674372 0.706246
vt 0.185585 0.565745
vt 0.680016 0.775938
vt 0.658559 0.698206
vt 0.150545 0.584495
vt 0.674676 0.788200
vt 0.914753 0.944778
vt 0.177467 0.564219
vt 0.936149 0.925437
vt 0.942986 0.927244
vt 0.933238 0.934281
vt 0.938089 0.918984
vt 0.936687 0.920586
vt 0.936193 0.919828
vt 0.936327 0.920332
vt 0.936106 0.920551
vt 0.936089 0.921096
vt 0.932752 0.918533
vt 0.928522 0.926144
vt 0.946256 0.921123
vt 0.935792 0.920098
vt 0.933929 0.911663
vt 0.920307 0.937797
vt 0.923496 0.920425
vt 0.914762 0.925733
vt 0.141665 0.588148
vt 0.692026 0.738299
vt 0.930743 0.939089
vt 0.653665 0.701052
vt 0.164833 0.567554
vt 0.097671 0.541588
vt 0.953260 0.934648
vt 0.696843 0.720881
vt 0.931335 0.948169
vt 0.940709 0.909740
vt 0.191866 0.580984
vt 0.686606 0.724703
vt 0.157981 0.593463
vt 0.700357 0.698996
vt 0.904364 0.955319
vt 0.892084 0.951451
vt 0.691227 0.788222
vt 0.954308 0.921320
vt 0.147080 0.608052
vt 0.958679 0.420337
vt 0.970835 0.417925
vt 0.965919 0.427145
vt 0.970436 0.426875
vt 0.729430 0.898263
vt 0.723921 0.908157
vt 0.722824 0.894030
vt 0.976039 0.426341
vt 0.734958 0.902259
vt 0.970663 0.437064
vt 0.736270 0.910370
vt 0.956657 0.427839
vt 0.964539 0.438219
vt 0.969677 0.456484
vt 0.744886 0.894976
vt 0.740315 0.891334
vt 0.963406 0.451419
vt 0.732761 0.887979
vt 0.696306 0.794893
vt 0.688992 0.779405
vt 0.691213 0.750707
vt 0.706212 0.733750
vt 0.961228 0.475682
vt 0.652655 0.693062
vt 0.931141 0.898243
vt 0.913424 0.914817
vt 0.183388 0.587110
vt 0.701914 0.749435
vt 0.977018 0.454997
vt 0.956762 0.455778
vt 0.187842 0.598940
vt 0.701556 0.757149
vt 0.772228 0.888086
vt 0.774875 0.857668
vt 0.764911 0.871657
vt 0.779901 0.837632
vt 0.214612 0.872309
vt 0.224088 0.862009
vt 0.226721 0.884169
vt 0.700501 0.769050
vt 0.780045 0.851689
vt 0.768642 0.878775
vt 0.703260 0.703782
vt 0.178626 0.899286
vt 0.201492 0.883642
vt 0.211837 0.890024
vt 0.206517 0.866631
vt 0.708155 0.736133
vt 0.774378 0.895584
vt 0.694090 0.718706
vt 0.906242 0.923223
vt 0.202537 0.899973
vt 0.190375 0.906312
vt 0.219794 0.885111
vt 0.228901 0.866357
vt 0.141863 0.617373
vt 0.234883 0.880350
vt 0.241852 0.870338
vt 0.703292 0.715247
vt 0.719089 0.689134
vt 0.906967 0.915716
vt 0.172446 0.596504
vt 0.155340 0.618350
vt 0.205511 0.906036
vt 0.212200 0.901659
vt 0.700475 0.780281
vt 0.145988 0.623890
vt 0.165588 0.618270
vt 0.249406 0.876335
vt 0.181536 0.614158
vt 0.827291 0.904430
vt 0.822342 0.907642
vt 0.809375 0.897304
vt 0.807586 0.902849
vt 0.798920 0.900346
vt 0.791209 0.894379
vt 0.775728 0.877822
vt 0.780242 0.866150
vt 0.778096 0.884797
vt 0.147503 0.632064
vt 0.175482 0.610376
vt 0.027641 0.017121
vt 0.022438 0.016272
vt 0.019783 0.009593
vt 0.087692 0.959221
vt 0.094434 0.958590
vt 0.089339 0.965831
vt 0.099073 0.962311
vt 0.094378 0.965716
vt 0.248587 0.896178
vt 0.237930 0.892891
vt 0.218984 0.898264
vt 0.231617 0.892143
vt 0.234303 0.897139
vt 0.227045 0.892249
vt 0.231566 0.894976
vt 0.223010 0.896017
vt 0.009919 0.023222
vt 0.019630 0.027549
vt 0.006394 0.024585
vt 0.018299 0.044780
vt 0.005589 0.029248
vt 0.016165 0.021276
vt 0.009478 0.020784
vt 0.009683 0.045943
vt 0.023920 0.039843
vt 0.082055 0.957784
vt 0.079835 0.961565
vt 0.077757 0.951589
vt 0.025709 0.055698
vt 0.028894 0.049833
vt 0.038317 0.058058
vt 0.032170 0.058880
vt 0.083731 0.949470
vt 0.016745 0.061784
vt 0.081811 0.941252
vt 0.192475 0.625101
vt 0.130146 0.965127
vt 0.123477 0.956779
vt 0.140278 0.960448
vt 0.034153 0.067284
vt 0.031804 0.031233
vt 0.160052 0.629842
vt 0.135832 0.954795
vt 0.036128 0.038736
vt 0.032090 0.025410
vt 0.029584 0.013088
vt 0.245660 0.886926
vt 0.095379 0.950457
vt 0.718699 0.775799
vt 0.129769 0.951874
vt 0.112778 0.964381
vt 0.103810 0.954583
vt 0.111539 0.954549
vt 0.078630 0.930224
vt 0.079176 0.928195
vt 0.085391 0.929639
vt 0.037520 0.024936
vt 0.135747 0.951138
vt 0.186803 0.629875
vt 0.788717 0.886461
vt 0.084479 0.935313
vt 0.043961 0.041984
vt 0.042202 0.053904
vt 0.796455 0.889100
vt 0.258555 0.904805
vt 0.788264 0.877350
vt 0.117187 0.946238
vt 0.044932 0.027638
vt 0.155099 0.653243
vt 0.050556 0.032532
vt 0.263317 0.900314
vt 0.096035 0.941288
vt 0.124531 0.941754
vt 0.169162 0.647692
vt 0.063820 0.025879
vt 0.176892 0.638180
vt 0.095510 0.932583
vt 0.092904 0.924619
vt 0.046780 0.021889
vt 0.795934 0.878365
vt 0.127364 0.079590
vt 0.121695 0.080256
vt 0.116975 0.078859
vt 0.122409 0.042755
vt 0.120994 0.050575
vt 0.104075 0.045552
vt 0.136011 0.051814
vt 0.093874 0.046919
vt 0.108568 0.051800
vt 0.107986 0.037086
vt 0.092795 0.034701
vt 0.096263 0.054881
vt 0.111983 0.061848
vt 0.124917 0.061707
vt 0.116550 0.069622
vt 0.130310 0.040962
vt 0.122812 0.035835
vt 0.105820 0.068285
vt 0.143941 0.042855
vt 0.106556 0.031816
vt 0.098496 0.023666
vt 0.134319 0.062598
vt 0.084645 0.047638
vt 0.102572 0.077543
vt 0.133790 0.071858
vt 0.119695 0.031833
vt 0.092633 0.060512
vt 0.099933 0.064859
vt 0.103690 0.026111
vt 0.141962 0.036916
vt 0.139739 0.033950
vt 0.082317 0.038801
vt 0.106017 0.022853
vt 0.078864 0.059057
vt 0.113951 0.024688
vt 0.100590 0.072458
vt 0.099869 0.081338
vt 0.579054 0.275990
vt 0.567534 0.265763
vt 0.582683 0.272401
vt 0.140770 0.031282
vt 0.128818 0.028923
vt 0.079473 0.046308
vt 0.567830 0.274270
vt 0.147043 0.065916
vt 0.121230 0.081058
vt 0.122766 0.080326
vt 0.151227 0.053412
vt 0.147472 0.028391
vt 0.120494 0.083067
vt 0.120784 0.081524
vt 0.121705 0.081010
vt 0.122124 0.080529
vt 0.080904 0.028056
vt 0.121881 0.022598
vt 0.108033 0.016460
vt 0.155305 0.041449
vt 0.075218 0.041499
vt 0.092557 0.078486
vt 0.079499 0.073580
vt 0.153131 0.065069
vt 0.953082 0.399767
vt 0.948438 0.394788
vt 0.956306 0.384611
vt 0.169180 0.055590
vt 0.178208 0.051541
vt 0.169008 0.059133
vt 0.168597 0.053322
vt 0.943016 0.387890
vt 0.939606 0.392904
vt 0.943784 0.396459
vt 0.161778 0.056550
vt 0.947342 0.383605
vt 0.936079 0.405788
vt 0.172861 0.049300
vt 0.937063 0.399163
vt 0.163341 0.051377
vt 0.096145 0.018059
vt 0.065700 0.029204
vt 0.111354 0.936070
vt 0.141564 0.078988
vt 0.180539 0.650609
vt 0.560041 0.266225
vt 0.149303 0.078269
vt 0.121451 0.016123
vt 0.186547 0.651462
vt 0.106762 0.942971
vt 0.140750 0.091265
vt 0.154783 0.034881
vt 0.144655 0.022218
vt 0.080306 0.018695
vt 0.161775 0.656931
vt 0.107408 0.942790
vt 0.106907 0.942748
vt 0.106552 0.942562
vt 0.105677 0.942356
vt 0.074768 0.054358
vt 0.570946 0.283848
vt 0.106857 0.942465
vt 0.551831 0.275527
vt 0.927023 0.378518
vt 0.071847 0.067822
vt 0.546269 0.284832
vt 0.157630 0.074150
vt 0.937923 0.362886
vt 0.931432 0.364884
vt 0.653649 0.328260
vt 0.659381 0.340665
vt 0.644106 0.328144
vt 0.192956 0.642730
vt 0.722650 0.353782
vt 0.725948 0.358986
vt 0.717245 0.363593
vt 0.161190 0.043904
vt 0.098868 0.927344
vt 0.071369 0.054482
vt 0.106671 0.011943
vt 0.123422 0.932169
vt 0.107502 0.929055
vt 0.684882 0.306890
vt 0.922052 0.381423
vt 0.919284 0.384912
vt 0.158573 0.042197
vt 0.173422 0.661087
vt 0.098184 0.915437
vt 0.065406 0.034101
vt 0.719024 0.304556
vt 0.926055 0.370867
vt 0.694296 0.337987
vt 0.714030 0.355769
vt 0.158405 0.079853
vt 0.160633 0.030496
vt 0.687847 0.334463
vt 0.929200 0.359760
vt 0.149489 0.091742
vt 0.679393 0.341180
vt 0.922526 0.360465
vt 0.171046 0.039941
vt 0.164061 0.035566
vt 0.138591 0.096114
vt 0.668160 0.334338
vt 0.667919 0.349375
vt 0.775065 0.285293
vt 0.777905 0.283084
vt 0.778861 0.293756
vt 0.783894 0.278552
vt 0.926422 0.356442
vt 0.681492 0.343161
vt 0.686369 0.341656
vt 0.171828 0.030228
vt 0.137719 0.107680
vt 0.159009 0.109322
vt 0.904213 0.373359
vt 0.676820 0.345981
vt 0.913217 0.370120
vt 0.928350 0.345544
vt 0.912482 0.354560
vt 0.779263 0.304165
vt 0.899612 0.355204
vt 0.690662 0.347806
vt 0.776489 0.310253
vt 0.784030 0.318434
vt 0.770688 0.298837
vt 0.773823 0.306615
vt 0.789223 0.327156
vt 0.787475 0.343887
vt 0.779631 0.339284
vt 0.893837 0.359626
vt 0.681482 0.359420
vt 0.915401 0.345090
vt 0.181734 0.017216
vt 0.807318 0.377668
vt 0.805414 0.372780
vt 0.813427 0.374728
vt 0.790936 0.366666
vt 0.806215 0.371156
vt 0.769528 0.193328
vt 0.772164 0.192858
vt 0.770769 0.215778
vt 0.781240 0.366980
vt 0.788901 0.355733
vt 0.781859 0.355433
vt 0.766402 0.221030
vt 0.807067 0.357701
vt 0.761663 0.219651
vt 0.776256 0.363685
vt 0.746923 0.242233
vt 0.754777 0.229762
vt 0.761542 0.352908
vt 0.771967 0.305328
vt 0.780766 0.211265
vt 0.776011 0.224395
vt 0.793342 0.219976
vt 0.777528 0.233060
vt 0.684719 0.353881
vt 0.780313 0.219769
vt 0.747667 0.261930
vt 0.762519 0.239915
vt 0.790111 0.235521
vt 0.950353 0.415019
vt 0.947194 0.423918
vt 0.946676 0.416769
vt 0.146410 0.176377
vt 0.474798 0.029964
vt 0.752671 0.300867
vt 0.759962 0.297476
vt 0.161219 0.192743
vt 0.108420 0.184402
vt 0.613414 0.635605
vt 0.172146 0.205587
vt 0.765066 0.307702
vt 0.772626 0.316862
vt 0.768925 0.330942
vt 0.744052 0.281912
vt 0.154042 0.178122
vt 0.622680 0.633905
vt 0.775646 0.234377
vt 0.987609 0.409260
vt 0.989781 0.414597
vt 0.983375 0.410521
vt 0.059951 0.981557
vt 0.056110 0.978402
vt 0.064052 0.967077
vt 0.068278 0.972343
vt 0.994815 0.403832
vt 0.059880 0.965851
vt 0.989015 0.402085
vt 0.982337 0.399583
vt 0.992036 0.394046
vt 0.072954 0.960991
vt 0.070590 0.950893
vt 0.986558 0.389603
vt 0.060914 0.951096
vt 0.056372 0.957424
vt 0.063309 0.943778
vt 0.994835 0.385211
vt 0.992414 0.381379
vt 0.320633 0.952041
vt 0.327677 0.949734
vt 0.321932 0.958701
vt 0.333623 0.960450
vt 0.328012 0.969770
vt 0.324041 0.971234
vt 0.331138 0.957448
vt 0.316438 0.967830
vt 0.308008 0.942883
vt 0.314475 0.952854
vt 0.318709 0.978797
vt 0.320655 0.985513
vt 0.056150 0.935440
vt 0.945027 0.350812
vt 0.933441 0.354778
vt 0.952903 0.334512
vt 0.411261 0.188491
vt 0.400896 0.185413
vt 0.402787 0.185254
vt 0.942221 0.342626
vt 0.938559 0.337625
vt 0.933533 0.338520
vt 0.947767 0.356610
vt 0.958673 0.342586
vt 0.423624 0.190645
vt 0.411725 0.184865
vt 0.958335 0.336721
vt 0.950959 0.324390
vt 0.445139 0.195652
vt 0.456338 0.205800
vt 0.435197 0.187566
vt 0.465863 0.204517
vt 0.465876 0.195488
vt 0.758142 0.941289
vt 0.760081 0.942446
vt 0.751037 0.966180
vt 0.977498 0.334360
vt 0.755398 0.965753
vt 0.747032 0.956817
vt 0.759216 0.952985
vt 0.475155 0.220767
vt 0.464647 0.218101
vt 0.478537 0.205373
vt 0.482574 0.215961
vt 0.747566 0.978057
vt 0.491746 0.233202
vt 0.415950 0.542144
vt 0.417465 0.547275
vt 0.412810 0.547446
vt 0.943075 0.034850
vt 0.943102 0.034551
vt 0.943417 0.034197
vt 0.599757 0.703396
vt 0.602576 0.714989
vt 0.598210 0.715351
vt 0.606073 0.707532
vt 0.610039 0.700741
vt 0.611275 0.692445
vt 0.963110 0.809537
vt 0.975204 0.808431
vt 0.968958 0.814952
vt 0.974817 0.818863
vt 0.604424 0.746292
vt 0.612222 0.714120
vt 0.608853 0.717834
vt 0.611579 0.752244
vt 0.616425 0.710078
vt 0.964283 0.826125
vt 0.599138 0.749213
vt 0.960316 0.817836
vt 0.594535 0.728329
vt 0.614297 0.731037
vt 0.950354 0.821752
vt 0.925635 0.822177
vt 0.937189 0.821535
vt 0.930151 0.824726
vt 0.950641 0.814476
vt 0.951895 0.835043
vt 0.925354 0.825333
vt 0.602816 0.756994
vt 0.887842 0.103970
vt 0.898878 0.104477
vt 0.897999 0.107063
vt 0.907605 0.097013
vt 0.914928 0.103550
vt 0.938160 0.099991
vt 0.926384 0.105905
vt 0.927485 0.097011
vt 0.916482 0.112614
vt 0.976842 0.698706
vt 0.969372 0.693736
vt 0.978047 0.695436
vt 0.957003 0.040195
vt 0.956451 0.047462
vt 0.950040 0.044563
vt 0.960076 0.044228
vt 0.965872 0.040552
vt 0.964183 0.047099
vt 0.950370 0.034757
vt 0.956769 0.053589
vt 0.939170 0.050667
vt 0.965563 0.681575
vt 0.950246 0.689250
vt 0.956876 0.678743
vt 0.950174 0.061990
vt 0.974722 0.032973
vt 0.939111 0.068401
vt 0.967490 0.054931
vt 0.975943 0.052638
vt 0.309441 0.052645
vt 0.308068 0.041727
vt 0.316375 0.048901
vt 0.533900 0.219740
vt 0.529664 0.208166
vt 0.541055 0.216254
vt 0.535436 0.206375
vt 0.763428 0.033654
vt 0.763803 0.020161
vt 0.777065 0.024947
vt 0.537963 0.226115
vt 0.543172 0.229319
vt 0.526515 0.234009
vt 0.761819 0.038612
vt 0.777813 0.035391
vt 0.549046 0.221230
vt 0.553130 0.211589
vt 0.784319 0.010470
vt 0.778524 0.041133
vt 0.789305 0.034992
vt 0.594647 0.472272
vt 0.589561 0.461854
vt 0.601426 0.460662
vt 0.553149 0.207816
vt 0.559506 0.211526
vt 0.593169 0.459656
vt 0.549916 0.226859
vt 0.791833 0.024004
vt 0.595880 0.476330
vt 0.607210 0.460897
vt 0.590007 0.457683
vt 0.553826 0.230405
vt 0.568575 0.213627
vt 0.549038 0.200440
vt 0.789398 0.031350
vt 0.593104 0.454694
vt 0.567111 0.231619
vt 0.601323 0.477607
vt 0.613649 0.454779
vt 0.569142 0.205696
vt 0.570906 0.240493
vt 0.789549 0.013338
vt 0.962205 0.634922
vt 0.956602 0.639049
vt 0.967990 0.624853
vt 0.590156 0.454378
vt 0.255721 0.986598
vt 0.248309 0.985487
vt 0.252454 0.979922
vt 0.268823 0.975839
vt 0.266002 0.970945
vt 0.268362 0.964478
vt 0.261839 0.973713
vt 0.562677 0.160421
vt 0.572522 0.154941
vt 0.570061 0.163423
vt 0.581731 0.158613
vt 0.574578 0.161331
vt 0.258820 0.967708
vt 0.579667 0.166206
vt 0.585477 0.151264
vt 0.567768 0.171424
vt 0.574433 0.172063
vt 0.580400 0.177549
vt 0.246767 0.972216
vt 0.616210 0.461762
vt 0.561378 0.200670
vt 0.249952 0.988408
vt 0.268018 0.987286
vt 0.795887 0.035362
vt 0.950407 0.619215
vt 0.945230 0.641060
vt 0.946953 0.645712
vt 0.956475 0.643615
vt 0.964737 0.644714
vt 0.572535 0.214855
vt 0.978560 0.652158
vt 0.969271 0.657517
vt 0.958980 0.659396
vt 0.592445 0.164220
vt 0.605752 0.480027
vt 0.641332 0.452389
vt 0.649209 0.472175
vt 0.645370 0.473087
vt 0.647906 0.459239
vt 0.632993 0.468704
vt 0.632298 0.452920
vt 0.638171 0.472941
vt 0.629071 0.471977
vt 0.636712 0.440066
vt 0.623823 0.471882
vt 0.638302 0.491207
vt 0.638937 0.431849
vt 0.650934 0.450990
vt 0.656373 0.452068
vt 0.666835 0.467069
vt 0.675761 0.464424
vt 0.671776 0.458009
vt 0.622032 0.460348
vt 0.655272 0.481618
vt 0.646803 0.500369
vt 0.111898 0.908310
vt 0.107393 0.901081
vt 0.111695 0.907818
vt 0.129817 0.919985
vt 0.112759 0.902818
vt 0.125183 0.913080
vt 0.628828 0.487082
vt 0.662789 0.481818
vt 0.654505 0.443627
vt 0.645537 0.438597
vt 0.117576 0.921501
vt 0.112271 0.909424
vt 0.112072 0.908025
vt 0.550046 0.236464
vt 0.574206 0.243260
vt 0.260545 0.994645
vt 0.584102 0.175534
vt 0.587015 0.170953
vt 0.791648 0.012568
vt 0.666176 0.493072
vt 0.690474 0.451853
vt 0.667237 0.433862
vt 0.682708 0.439906
vt 0.129173 0.930950
vt 0.112819 0.909515
vt 0.112569 0.908855
vt 0.580583 0.235842
vt 0.247171 0.992290
vt 0.802631 0.034386
vt 0.619558 0.478249
vt 0.795684 0.011939
vt 0.624393 0.483522
vt 0.145446 0.904944
vt 0.144269 0.915535
vt 0.583944 0.224718
vt 0.586162 0.255733
vt 0.576587 0.211723
vt 0.607075 0.491283
vt 0.693167 0.460236
vt 0.701162 0.449409
vt 0.640354 0.505628
vt 0.138680 0.918223
vt 0.153464 0.913307
vt 0.148739 0.904029
vt 0.026313 0.877933
vt 0.032785 0.880067
vt 0.037617 0.887581
vt 0.565459 0.190129
vt 0.574197 0.191706
vt 0.624990 0.499250
vt 0.686320 0.466890
vt 0.681872 0.425272
vt 0.128272 0.932393
vt 0.664275 0.499560
vt 0.674088 0.492412
vt 0.689327 0.432724
vt 0.026589 0.899029
vt 0.019417 0.897146
vt 0.027638 0.892237
vt 0.151927 0.926728
vt 0.694093 0.480711
vt 0.703560 0.458322
vt 0.694795 0.438688
vt 0.310587 0.039344
vt 0.970817 0.685297
vt 0.955417 0.662766
vt 0.156720 0.924516
vt 0.962849 0.664361
vt 0.593880 0.240692
vt 0.596458 0.252403
vt 0.602835 0.252025
vt 0.593215 0.259449
vt 0.592213 0.232518
vt 0.694689 0.432744
vt 0.145176 0.930183
vt 0.154570 0.932873
vt 0.583422 0.201195
vt 0.591094 0.185974
vt 0.620032 0.498374
vt 0.650561 0.512408
vt 0.660597 0.515727
vt 0.706214 0.453891
vt 0.934983 0.075958
vt 0.934848 0.082165
vt 0.157861 0.905394
vt 0.972115 0.669812
vt 0.631433 0.508481
vt 0.036419 0.903740
vt 0.027170 0.908867
vt 0.965440 0.702547
vt 0.038635 0.921689
vt 0.152295 0.937652
vt 0.167165 0.915062
vt 0.588426 0.501646
vt 0.696160 0.477106
vt 0.691740 0.419821
vt 0.963777 0.676057
vt 0.945171 0.700721
vt 0.977321 0.702209
vt 0.606874 0.257635
vt 0.588265 0.506492
vt 0.615658 0.487814
vt 0.696793 0.468950
vt 0.944140 0.710252
vt 0.946495 0.705133
vt 0.954995 0.706436
vt 0.158404 0.936586
vt 0.594620 0.266113
vt 0.707129 0.447219
vt 0.979649 0.705747
vt 0.027810 0.921423
vt 0.040065 0.883768
vt 0.166238 0.933964
vt 0.606799 0.243454
vt 0.603745 0.238568
vt 0.656362 0.521810
vt 0.691546 0.493496
vt 0.604445 0.261670
vt 0.602996 0.261540
vt 0.593197 0.218500
vt 0.698213 0.487041
vt 0.708303 0.434547
vt 0.142355 0.944551
vt 0.604413 0.261489
vt 0.603818 0.261249
vt 0.603995 0.261222
vt 0.603896 0.261004
vt 0.586140 0.193221
vt 0.604592 0.501807
vt 0.672572 0.498237
vt 0.672611 0.497691
vt 0.954252 0.675819
vt 0.949312 0.664548
vt 0.592232 0.274318
vt 0.610608 0.260864
vt 0.604090 0.261003
vt 0.592458 0.212289
vt 0.673428 0.498554
vt 0.673676 0.497767
vt 0.031484 0.935834
vt 0.026823 0.934156
vt 0.046358 0.918515
vt 0.041871 0.902652
vt 0.601451 0.215548
vt 0.673701 0.498909
vt 0.681167 0.501402
vt 0.601056 0.269977
vt 0.599591 0.228225
vt 0.605701 0.227438
vt 0.676405 0.511163
vt 0.694368 0.499045
vt 0.703156 0.476367
vt 0.588371 0.192662
vt 0.708923 0.463170
vt 0.712873 0.443568
vt 0.017039 0.934976
vt 0.011714 0.947084
vt 0.051600 0.931895
vt 0.075552 0.948753
vt 0.058658 0.933125
vt 0.062367 0.933407
vt 0.051390 0.902677
vt 0.055715 0.891744
vt 0.040085 0.880878
vt 0.595079 0.278114
vt 0.053055 0.894393
vt 0.362630 0.081599
vt 0.349286 0.086831
vt 0.321322 0.080509
vt 0.158711 0.942932
vt 0.056151 0.912810
vt 0.946906 0.079556
vt 0.332741 0.087475
vt 0.177429 0.902443
vt 0.182807 0.937808
vt 0.963867 0.066421
vt 0.970454 0.709315
vt 0.327336 0.071428
vt 0.334365 0.093631
vt 0.952503 0.077063
vt 0.948059 0.713342
vt 0.343153 0.099328
vt 0.960192 0.078993
vt 0.960209 0.715143
vt 0.061678 0.923545
vt 0.322163 0.095459
vt 0.319634 0.091366
vt 0.315717 0.093866
vt 0.967407 0.719748
vt 0.967948 0.089994
vt 0.961750 0.083155
vt 0.312900 0.090016
vt 0.950118 0.722866
vt 0.957253 0.719959
vt 0.319274 0.099329
vt 0.330894 0.103906
vt 0.353675 0.111193
vt 0.968977 0.077056
vt 0.967767 0.722932
vt 0.067577 0.920925
vt 0.976091 0.085408
vt 0.952998 0.725136
vt 0.305830 0.084557
vt 0.316176 0.051214
vt 0.322398 0.059869
vt 0.315018 0.065423
vt 0.311410 0.077981
vt 0.315399 0.121079
vt 0.313264 0.126955
vt 0.302755 0.122417
vt 0.305220 0.095291
vt 0.323679 0.115867
vt 0.949260 0.733457
vt 0.307115 0.037246
vt 0.974678 0.043802
vt 0.304669 0.112239
vt 0.304926 0.051291
vt 0.307786 0.059787
vt 0.306260 0.103859
vt 0.288344 0.089548
vt 0.290477 0.083782
vt 0.306125 0.073396
vt 0.936639 0.107415
vt 0.913298 0.091179
vt 0.908441 0.120272
vt 0.608842 0.799596
vt 0.606700 0.830064
vt 0.598592 0.806750
vt 0.300451 0.124569
vt 0.292360 0.123948
vt 0.291696 0.128737
vt 0.293166 0.136023
vt 0.284933 0.138254
vt 0.297703 0.116897
vt 0.290544 0.095389
vt 0.299770 0.051125
vt 0.953403 0.080360
vt 0.939212 0.117003
vt 0.295774 0.061998
vt 0.286195 0.126897
vt 0.618299 0.797708
vt 0.618888 0.811937
vt 0.607083 0.790786
vt 0.925147 0.117298
vt 0.295924 0.105354
vt 0.672314 0.022567
vt 0.669327 0.023323
vt 0.669472 0.018703
vt 0.286770 0.118335
vt 0.667448 0.022025
vt 0.590753 0.798306
vt 0.671996 0.028360
vt 0.677667 0.029574
vt 0.643361 0.816551
vt 0.924091 0.122372
vt 0.610533 0.774563
vt 0.626920 0.799385
vt 0.596245 0.758291
vt 0.614607 0.751955
vt 0.614068 0.761501
vt 0.668222 0.059334
vt 0.668215 0.069478
vt 0.661330 0.068413
vt 0.598366 0.792904
vt 0.663133 0.027209
vt 0.944032 0.134231
vt 0.651353 0.080790
vt 0.942316 0.827024
vt 0.958560 0.843922
vt 0.655140 0.090373
vt 0.668622 0.075840
vt 0.663042 0.020023
vt 0.662144 0.024598
vt 0.673556 0.029268
vt 0.673659 0.029594
vt 0.673993 0.029608
vt 0.665695 0.090367
vt 0.572162 0.807516
vt 0.565823 0.812571
vt 0.554828 0.818150
vt 0.672808 0.030361
vt 0.673366 0.029675
vt 0.673478 0.029811
vt 0.668303 0.035805
vt 0.640929 0.100630
vt 0.641725 0.087886
vt 0.631117 0.095902
vt 0.935536 0.139742
vt 0.586535 0.797959
vt 0.663563 0.015139
vt 0.655916 0.061688
vt 0.673442 0.051330
vt 0.630196 0.111459
vt 0.641958 0.109236
vt 0.659178 0.036461
vt 0.648699 0.085089
vt 0.627095 0.093493
vt 0.623660 0.103098
vt 0.659361 0.098897
vt 0.657489 0.027202
vt 0.658842 0.030908
vt 0.650152 0.076112
vt 0.648117 0.084552
vt 0.647691 0.084485
vt 0.647646 0.084755
vt 0.647961 0.084947
vt 0.947282 0.836799
vt 0.679608 0.035628
vt 0.657374 0.052069
vt 0.647554 0.084196
vt 0.591437 0.754392
vt 0.591358 0.764679
vt 0.607185 0.108588
vt 0.615561 0.108645
vt 0.614260 0.114246
vt 0.949395 0.843069
vt 0.645249 0.067989
vt 0.624639 0.097522
vt 0.589817 0.776846
vt 0.656118 0.023124
vt 0.624236 0.096881
vt 0.623302 0.097474
vt 0.623916 0.097694
vt 0.626094 0.116509
vt 0.674834 0.096535
vt 0.961183 0.028062
vt 0.949754 0.029841
vt 0.948163 0.027722
vt 0.589407 0.760435
vt 0.635800 0.081451
vt 0.623711 0.096907
vt 0.622576 0.096839
vt 0.621494 0.096806
vt 0.941267 0.040591
vt 0.935421 0.050402
vt 0.938055 0.042756
vt 0.937522 0.043857
vt 0.937544 0.043657
vt 0.937349 0.043864
vt 0.937409 0.044323
vt 0.618420 0.082333
vt 0.620400 0.087808
vt 0.618355 0.093811
vt 0.644731 0.112262
vt 0.944404 0.036177
vt 0.937110 0.043776
vt 0.460103 0.769846
vt 0.452922 0.784017
vt 0.447239 0.783107
vt 0.656876 0.019772
vt 0.658321 0.040612
vt 0.609237 0.120010
vt 0.664066 0.106453
vt 0.937804 0.036393
vt 0.935593 0.036917
vt 0.942805 0.034497
vt 0.941776 0.034630
vt 0.942777 0.034570
vt 0.652278 0.032862
vt 0.632839 0.071283
vt 0.625440 0.075254
vt 0.611943 0.092611
vt 0.649465 0.029334
vt 0.940823 0.025034
vt 0.654121 0.026456
vt 0.652056 0.029201
vt 0.652777 0.028756
vt 0.648863 0.041483
vt 0.605455 0.097217
vt 0.600348 0.100195
vt 0.639245 0.029483
vt 0.651502 0.029358
vt 0.653099 0.027618
vt 0.652326 0.028720
vt 0.643111 0.122966
vt 0.453022 0.756335
vt 0.644616 0.045403
vt 0.447680 0.768812
vt 0.634318 0.063580
vt 0.670340 0.107744
vt 0.940245 0.015161
vt 0.597894 0.105323
vt 0.669200 0.112559
vt 0.645759 0.036744
vt 0.466976 0.739815
vt 0.471817 0.746570
vt 0.462795 0.756646
vt 0.595606 0.088739
vt 0.446511 0.756322
vt 0.600093 0.084988
vt 0.614514 0.070565
vt 0.614218 0.079448
vt 0.610757 0.125670
vt 0.491208 0.722097
vt 0.486754 0.715574
vt 0.485754 0.704523
vt 0.489916 0.733556
vt 0.483787 0.730626
vt 0.472923 0.728873
vt 0.589310 0.093508
vt 0.935558 0.012104
vt 0.630080 0.052920
vt 0.475881 0.733681
vt 0.458569 0.742371
vt 0.630893 0.046049
vt 0.484431 0.714627
vt 0.460923 0.734988
vt 0.591518 0.124264
vt 0.479964 0.735349
vt 0.477199 0.693758
vt 0.481827 0.702289
vt 0.477430 0.717796
vt 0.449835 0.749230
vt 0.636345 0.041481
vt 0.609407 0.063070
vt 0.603074 0.071273
vt 0.587741 0.102159
vt 0.800913 0.950123
vt 0.804917 0.943553
vt 0.808631 0.947706
vt 0.806303 0.953696
vt 0.817323 0.938972
vt 0.795144 0.944357
vt 0.814266 0.951493
vt 0.799688 0.957897
vt 0.790462 0.952665
vt 0.805609 0.963157
vt 0.806884 0.922395
vt 0.801693 0.936008
vt 0.793067 0.929727
vt 0.404814 0.966984
vt 0.402037 0.990541
vt 0.397057 0.970283
vt 0.394261 0.988358
vt 0.788413 0.944417
vt 0.410099 0.991087
vt 0.771840 0.971309
vt 0.359108 0.689610
vt 0.344581 0.697332
vt 0.357331 0.682441
vt 0.392173 0.970633
vt 0.352585 0.681415
vt 0.772141 0.962179
vt 0.410009 0.967984
vt 0.376447 0.686631
vt 0.370995 0.686706
vt 0.378050 0.671563
vt 0.399038 0.960106
vt 0.389042 0.653027
vt 0.392491 0.668928
vt 0.381011 0.658664
vt 0.922945 0.255601
vt 0.922053 0.249170
vt 0.931142 0.249582
vt 0.921794 0.223221
vt 0.935021 0.233791
vt 0.923380 0.237292
vt 0.916578 0.253837
vt 0.910378 0.261176
vt 0.911230 0.252382
vt 0.918444 0.261902
vt 0.730854 0.938725
vt 0.710249 0.946579
vt 0.714731 0.938739
vt 0.721379 0.953592
vt 0.927943 0.257073
vt 0.685650 0.933632
vt 0.692062 0.940968
vt 0.685801 0.943779
vt 0.674188 0.931439
vt 0.371472 0.706759
vt 0.364869 0.704243
vt 0.371190 0.701175
vt 0.902295 0.234261
vt 0.904039 0.251319
vt 0.946836 0.240779
vt 0.669495 0.933627
vt 0.679823 0.947099
vt 0.711278 0.954474
vt 0.910917 0.266256
vt 0.695432 0.947706
vt 0.376842 0.692374
vt 0.366084 0.696001
vt 0.890860 0.224004
vt 0.888767 0.231080
vt 0.898983 0.243495
vt 0.374783 0.703434
vt 0.396810 0.653451
vt 0.368503 0.662659
vt 0.920350 0.268043
vt 0.946609 0.248803
vt 0.193906 0.875745
vt 0.196161 0.883417
vt 0.179231 0.872064
vt 0.373377 0.705150
vt 0.373140 0.705987
vt 0.373657 0.704897
vt 0.391570 0.680369
vt 0.392681 0.631394
vt 0.299405 0.944710
vt 0.293163 0.955691
vt 0.289685 0.956513
vt 0.177616 0.874351
vt 0.374227 0.711067
vt 0.373431 0.705450
vt 0.373863 0.705625
vt 0.373487 0.705364
vt 0.880151 0.219219
vt 0.873127 0.224678
vt 0.680586 0.951535
vt 0.381570 0.641991
vt 0.687994 0.953703
vt 0.174488 0.863821
vt 0.400572 0.661551
vt 0.901818 0.270979
vt 0.683531 0.955042
vt 0.133621 0.845257
vt 0.138408 0.842671
vt 0.142553 0.849813
vt 0.149573 0.840031
vt 0.131406 0.832371
vt 0.683075 0.957661
vt 0.670468 0.967222
vt 0.670192 0.962966
vt 0.134747 0.853419
vt 0.124659 0.848550
vt 0.143061 0.858028
vt 0.140489 0.856267
vt 0.676429 0.960846
vt 0.151455 0.853968
vt 0.154909 0.846077
vt 0.160156 0.841795
vt 0.678375 0.957209
vt 0.164441 0.860766
vt 0.286224 0.948380
vt 0.385553 0.695457
vt 0.387236 0.619926
vt 0.137254 0.863835
vt 0.156449 0.867339
vt 0.402138 0.627674
vt 0.837150 0.654823
vt 0.835119 0.646013
vt 0.843127 0.644439
vt 0.125121 0.862170
vt 0.119656 0.853580
vt 0.147126 0.861386
vt 0.394290 0.694586
vt 0.867718 0.219738
vt 0.891693 0.240289
vt 0.699514 0.954389
vt 0.113810 0.853594
vt 0.119833 0.868152
vt 0.378611 0.702366
vt 0.379162 0.705412
vt 0.377687 0.701921
vt 0.377607 0.628672
vt 0.300695 0.939389
vt 0.124199 0.867418
vt 0.143966 0.866690
vt 0.379214 0.702139
vt 0.378494 0.701035
vt 0.128639 0.861717
vt 0.168269 0.881169
vt 0.381968 0.715628
vt 0.386676 0.707508
vt 0.839674 0.634089
vt 0.830927 0.629163
vt 0.844683 0.629192
vt 0.168881 0.853537
vt 0.391939 0.618848
vt 0.358966 0.703660
vt 0.283435 0.958382
vt 0.115505 0.867947
vt 0.400626 0.688233
vt 0.409780 0.631084
vt 0.416820 0.587701
vt 0.396689 0.601891
vt 0.290781 0.898669
vt 0.286519 0.908533
vt 0.276177 0.899118
vt 0.305902 0.922314
vt 0.291301 0.929652
vt 0.391545 0.723757
vt 0.299026 0.916602
vt 0.848341 0.638983
vt 0.289651 0.919837
vt 0.282739 0.913920
vt 0.291114 0.912285
vt 0.276744 0.961831
vt 0.274934 0.953293
vt 0.155381 0.881871
vt 0.408576 0.592896
vt 0.369579 0.639519
vt 0.360989 0.647684
vt 0.412091 0.643945
vt 0.393775 0.597402
vt 0.348948 0.677224
vt 0.345527 0.674411
vt 0.835152 0.640007
vt 0.134361 0.871544
vt 0.841976 0.621916
vt 0.277443 0.909178
vt 0.279261 0.938966
vt 0.116799 0.873810
vt 0.282691 0.923523
vt 0.448377 0.644498
vt 0.441779 0.618335
vt 0.454207 0.643423
vt 0.142495 0.873210
vt 0.407822 0.685361
vt 0.410992 0.567156
vt 0.393145 0.706377
vt 0.405474 0.577481
vt 0.855610 0.646658
vt 0.852541 0.632633
vt 0.151689 0.883320
vt 0.376049 0.612277
vt 0.470570 0.667500
vt 0.473442 0.678799
vt 0.464916 0.668475
vt 0.478055 0.703668
vt 0.615855 0.045317
vt 0.394213 0.721953
vt 0.414238 0.670189
vt 0.421599 0.595618
vt 0.401971 0.591326
vt 0.388137 0.597205
vt 0.826627 0.597977
vt 0.809796 0.589841
vt 0.843391 0.585176
vt 0.595754 0.068751
vt 0.475599 0.657729
vt 0.423710 0.630717
vt 0.074314 0.720794
vt 0.076484 0.694439
vt 0.089629 0.676804
vt 0.369275 0.622758
vt 0.434056 0.636588
vt 0.435664 0.620805
vt 0.444323 0.653418
vt 0.482450 0.668926
vt 0.085607 0.669961
vt 0.405373 0.555911
vt 0.397939 0.567804
vt 0.381941 0.603313
vt 0.280334 0.917864
vt 0.456014 0.663469
vt 0.461582 0.653540
vt 0.472325 0.684198
vt 0.445491 0.737450
vt 0.440145 0.743002
vt 0.635684 0.034407
vt 0.593399 0.075714
vt 0.404839 0.723014
vt 0.621518 0.038127
vt 0.602401 0.049717
vt 0.595811 0.051972
vt 0.412366 0.719534
vt 0.629387 0.036225
vt 0.600324 0.063206
vt 0.419046 0.687222
vt 0.417411 0.716839
vt 0.466375 0.682447
vt 0.473174 0.708684
vt 0.469009 0.719698
vt 0.461524 0.723769
vt 0.481813 0.646151
vt 0.465207 0.701544
vt 0.629165 0.026590
vt 0.605713 0.034132
vt 0.594676 0.041829
vt 0.488807 0.668376
vt 0.457294 0.682022
vt 0.592001 0.056367
vt 0.411561 0.749736
vt 0.438034 0.733947
vt 0.632318 0.025243
vt 0.625235 0.030491
vt 0.611613 0.031571
vt 0.613314 0.027442
vt 0.414282 0.744972
vt 0.444659 0.675222
vt 0.429687 0.642425
vt 0.596796 0.034284
vt 0.440344 0.726165
vt 0.585745 0.040952
vt 0.462107 0.711658
vt 0.679060 0.822148
vt 0.689229 0.823116
vt 0.677752 0.829173
vt 0.611153 0.022200
vt 0.588873 0.070069
vt 0.441706 0.721804
vt 0.679053 0.818496
vt 0.690997 0.816138
vt 0.585013 0.055456
vt 0.421178 0.751284
vt 0.618493 0.020601
vt 0.601792 0.028350
vt 0.434231 0.667623
vt 0.590138 0.030503
vt 0.454234 0.700787
vt 0.447887 0.719042
vt 0.579760 0.057528
vt 0.580234 0.066531
vt 0.697730 0.828996
vt 0.566549 0.058381
vt 0.571861 0.057534
vt 0.289572 0.190305
vt 0.325097 0.174792
vt 0.323170 0.182507
vt 0.289204 0.180182
vt 0.325555 0.168988
vt 0.296561 0.200073
vt 0.292744 0.195503
vt 0.323587 0.189021
vt 0.310280 0.147814
vt 0.284702 0.158745
vt 0.294376 0.149299
vt 0.282369 0.169482
vt 0.306719 0.161689
vt 0.301422 0.169385
vt 0.291402 0.162171
vt 0.313381 0.198322
vt 0.323591 0.152124
vt 0.347967 0.170865
vt 0.332947 0.162716
vt 0.333864 0.156084
vt 0.355295 0.174561
vt 0.353166 0.182160
vt 0.357653 0.186524
vt 0.329582 0.196497
vt 0.375498 0.157581
vt 0.343127 0.200090
vt 0.377719 0.163003
vt 0.370884 0.151846
vt 0.380902 0.191292
vt 0.353478 0.203334
vt 0.200969 0.433903
vt 0.211608 0.399115
vt 0.205688 0.444690
vt 0.211927 0.428392
vt 0.392375 0.181381
vt 0.392835 0.173142
vt 0.381607 0.170301
vt 0.015726 0.689838
vt 0.007634 0.691179
vt 0.009418 0.660085
vt 0.005108 0.661341
vt 0.187004 0.436013
vt 0.193345 0.435961
vt 0.189338 0.466659
vt 0.197869 0.473774
vt 0.208769 0.472268
vt 0.014094 0.661281
vt 0.020934 0.680233
vt 0.213485 0.469027
vt 0.217014 0.442032
vt 0.016771 0.627374
vt 0.223305 0.445344
vt 0.220214 0.478579
vt 0.192589 0.502108
vt 0.204672 0.485702
vt 0.023540 0.647730
vt 0.005278 0.623046
vt 0.188404 0.506083
vt 0.202746 0.508889
vt 0.218186 0.502910
vt 0.013126 0.617735
vt 0.010475 0.629578
vt 0.199870 0.534421
vt 0.213750 0.498164
vt 0.208575 0.517507
vt 0.195891 0.558017
vt 0.024888 0.624031
vt 0.008075 0.596066
vt 0.213031 0.538001
vt 0.471720 0.025664
vt 0.521110 0.025042
vt 0.509576 0.029070
vt 0.205566 0.542827
vt 0.014340 0.567426
vt 0.497138 0.032740
vt 0.029237 0.589878
vt 0.024054 0.589068
vt 0.203137 0.597253
vt 0.543284 0.030958
vt 0.010579 0.567624
vt 0.533129 0.037089
vt 0.198789 0.622781
vt 0.208667 0.570153
vt 0.582140 0.025371
vt 0.523417 0.041428
vt 0.223237 0.750354
vt 0.216067 0.740417
vt 0.219667 0.712950
vt 0.217095 0.692134
vt 0.947638 0.607005
vt 0.942662 0.568103
vt 0.949494 0.562354
vt 0.208691 0.628218
vt 0.022940 0.547987
vt 0.202619 0.671617
vt 0.206120 0.649669
vt 0.027763 0.552994
vt 0.033010 0.558666
vt 0.031641 0.502387
vt 0.017521 0.522908
vt 0.009461 0.507811
vt 0.223023 0.682136
vt 0.025630 0.509868
vt 0.947256 0.530928
vt 0.013205 0.494004
vt 0.208278 0.693277
vt 0.022169 0.511270
vt 0.229336 0.760106
vt 0.197437 0.662192
vt 0.228312 0.696915
vt 0.210488 0.667549
vt 0.220932 0.643655
vt 0.496327 0.293174
vt 0.518808 0.308883
vt 0.444102 0.278733
vt 0.018098 0.473655
vt 0.010510 0.447020
vt 0.007570 0.458355
vt 0.030721 0.464502
vt 0.226139 0.644706
vt 0.550101 0.322253
vt 0.024198 0.461068
vt 0.194960 0.700657
vt 0.555651 0.320161
vt 0.574018 0.285664
vt 0.567599 0.307939
vt 0.016658 0.408687
vt 0.021269 0.445506
vt 0.572666 0.322292
vt 0.589431 0.281965
vt 0.596943 0.280757
vt 0.568370 0.345940
vt 0.557297 0.347896
vt 0.586181 0.317214
vt 0.023673 0.413819
vt 0.011019 0.393625
vt 0.220543 0.603308
vt 0.600366 0.316305
vt 0.566793 0.370650
vt 0.576745 0.369746
vt 0.007367 0.392031
vt 0.224748 0.574669
vt 0.573485 0.385912
vt 0.110274 0.321376
vt 0.142847 0.323380
vt 0.114975 0.327906
vt 0.818974 0.765603
vt 0.813236 0.760527
vt 0.816951 0.728597
vt 0.571527 0.406199
vt 0.088895 0.327153
vt 0.821665 0.750557
vt 0.220059 0.560562
vt 0.579595 0.427047
vt 0.227574 0.782515
vt 0.263527 0.784561
vt 0.267278 0.793260
vt 0.078258 0.322038
vt 0.813906 0.702235
vt 0.823290 0.724507
vt 0.231933 0.786364
vt 0.234445 0.778283
vt 0.014596 0.349124
vt 0.221776 0.533306
vt 0.251090 0.765225
vt 0.223751 0.773973
vt 0.818608 0.690645
vt 0.007886 0.346149
vt 0.048061 0.327642
vt 0.224800 0.526088
vt 0.824366 0.683672
vt 0.227793 0.763444
vt 0.198563 0.771054
vt 0.197005 0.778571
vt 0.040220 0.321571
vt 0.189152 0.785433
vt 0.184653 0.775247
vt 0.813426 0.665365
vt 0.819296 0.660266
vt 0.808050 0.238119
vt 0.795196 0.274493
vt 0.803201 0.224379
vt 0.788278 0.273241
vt 0.222878 0.477936
vt 0.169968 0.768487
vt 0.816045 0.212187
vt 0.833259 0.240693
vt 0.814892 0.227178
vt 0.798653 0.225519
vt 0.144374 0.784612
vt 0.149498 0.788678
vt 0.005000 0.324467
vt 0.804549 0.191899
vt 0.151892 0.778311
vt 0.820960 0.208040
vt 0.810965 0.198915
vt 0.140174 0.775015
vt 0.822697 0.181880
vt 0.128065 0.771041
vt 0.829792 0.175265
vt 0.788016 0.185130
vt 0.784573 0.190773
vt 0.788028 0.174571
vt 0.348985 0.052556
vt 0.358498 0.065180
vt 0.335270 0.049143
vt 0.349629 0.072696
vt 0.104206 0.788682
vt 0.382479 0.018058
vt 0.340872 0.038180
vt 0.337070 0.033360
vt 0.121090 0.767355
vt 0.107533 0.770712
vt 0.108516 0.781840
vt 0.310187 0.029720
vt 0.311950 0.028224
vt 0.327459 0.055308
vt 0.080198 0.780722
vt 0.083446 0.769162
vt 0.309901 0.023000
vt 0.445562 0.700603
vt 0.600405 0.021739
vt 0.082000 0.776113
vt 0.567814 0.067904
vt 0.436549 0.696121
vt 0.604767 0.016075
vt 0.706559 0.823569
vt 0.719598 0.820467
vt 0.574400 0.050260
vt 0.553181 0.033182
vt 0.574057 0.041152
vt 0.107538 0.765150
vt 0.578614 0.032628
vt 0.311580 0.019980
vt 0.704767 0.812216
vt 0.723739 0.815409
vt 0.079912 0.764839
vt 0.591940 0.021236
vt 0.080843 0.787371
vt 0.420299 0.715674
vt 0.420328 0.705431
vt 0.709337 0.835678
vt 0.293752 0.018651
vt 0.708627 0.806179
vt 0.693938 0.839676
vt 0.733724 0.830049
vt 0.127594 0.757280
vt 0.118717 0.757291
vt 0.121993 0.731517
vt 0.731165 0.808933
vt 0.705946 0.797594
vt 0.131724 0.762722
vt 0.134558 0.735866
vt 0.128553 0.730153
vt 0.706518 0.792040
vt 0.729256 0.799110
vt 0.722160 0.843034
vt 0.690269 0.851392
vt 0.719002 0.850922
vt 0.066418 0.773622
vt 0.735727 0.837692
vt 0.746945 0.824768
vt 0.113085 0.738801
vt 0.769244 0.820714
vt 0.120160 0.712173
vt 0.133845 0.708203
vt 0.772377 0.811331
vt 0.769295 0.815691
vt 0.615185 0.508938
vt 0.619227 0.513425
vt 0.703228 0.487471
vt 0.702934 0.470139
vt 0.717055 0.453811
vt 0.713580 0.433169
vt 0.624460 0.514219
vt 0.929540 0.142319
vt 0.939337 0.153087
vt 0.945216 0.175551
vt 0.943281 0.161955
vt 0.772081 0.824771
vt 0.011499 0.951345
vt 0.601395 0.210366
vt 0.751010 0.847167
vt 0.618654 0.266765
vt 0.930409 0.161214
vt 0.680110 0.520344
vt 0.686608 0.510401
vt 0.918717 0.144620
vt 0.779439 0.831943
vt 0.615224 0.245301
vt 0.608436 0.217862
vt 0.602388 0.194693
vt 0.686515 0.518155
vt 0.701333 0.500180
vt 0.708573 0.487154
vt 0.759203 0.837071
vt 0.635315 0.281447
vt 0.630018 0.271760
vt 0.613060 0.229635
vt 0.603200 0.509607
vt 0.684465 0.526668
vt 0.692451 0.507280
vt 0.116418 0.682584
vt 0.108387 0.706394
vt 0.626674 0.263568
vt 0.615223 0.238853
vt 0.708844 0.471050
vt 0.140999 0.690782
vt 0.126037 0.698199
vt 0.776214 0.836577
vt 0.627560 0.251247
vt 0.597190 0.945135
vt 0.603473 0.939713
vt 0.600338 0.956943
vt 0.915691 0.158250
vt 0.922859 0.170339
vt 0.712271 0.466918
vt 0.598593 0.504252
vt 0.622168 0.519639
vt 0.675775 0.527669
vt 0.693940 0.519914
vt 0.131059 0.696937
vt 0.702826 0.506010
vt 0.122012 0.671973
vt 0.599572 0.183640
vt 0.591608 0.185765
vt 0.918190 0.167510
vt 0.950922 0.173824
vt 0.637648 0.272009
vt 0.625675 0.244040
vt 0.596306 0.961956
vt 0.729434 0.949318
vt 0.742034 0.956109
vt 0.730959 0.960806
vt 0.744010 0.955018
vt 0.744678 0.977365
vt 0.721493 0.974850
vt 0.726356 0.983109
vt 0.715973 0.978330
vt 0.940285 0.192518
vt 0.941137 0.185026
vt 0.946956 0.191734
vt 0.941798 0.198718
vt 0.139835 0.667536
vt 0.141533 0.681132
vt 0.613138 0.203733
vt 0.607866 0.195633
vt 0.733898 0.991468
vt 0.695036 0.526103
vt 0.700401 0.510814
vt 0.711237 0.494095
vt 0.715451 0.478529
vt 0.621207 0.216975
vt 0.618308 0.209021
vt 0.617310 0.977880
vt 0.932353 0.189905
vt 0.934226 0.197886
vt 0.947011 0.200920
vt 0.671657 0.534522
vt 0.129451 0.664158
vt 0.681940 0.533020
vt 0.143499 0.675519
vt 0.621441 0.203955
vt 0.135285 0.658847
vt 0.628722 0.259564
vt 0.622303 0.211926
vt 0.606123 0.982889
vt 0.578132 0.959167
vt 0.701949 0.515105
vt 0.774257 0.842714
vt 0.624086 0.238059
vt 0.628593 0.229241
vt 0.929067 0.191694
vt 0.994422 0.358879
vt 0.994830 0.359810
vt 0.993612 0.358909
vt 0.482702 0.234629
vt 0.482793 0.237247
vt 0.486948 0.248704
vt 0.953510 0.194652
vt 0.719878 0.960770
vt 0.758628 0.982878
vt 0.757818 0.982789
vt 0.758489 0.983638
vt 0.758182 0.983565
vt 0.757763 0.983235
vt 0.993905 0.358359
vt 0.757198 0.983453
vt 0.577419 0.964238
vt 0.589388 0.980028
vt 0.497325 0.206974
vt 0.921210 0.184681
vt 0.915588 0.176456
vt 0.720147 0.500877
vt 0.752227 0.980859
vt 0.687899 0.535425
vt 0.931408 0.206141
vt 0.953831 0.185270
vt 0.681681 0.539007
vt 0.713363 0.514536
vt 0.952785 0.205337
vt 0.711092 0.510243
vt 0.586238 0.976570
vt 0.585730 0.976689
vt 0.585745 0.977193
vt 0.583171 0.978417
vt 0.580094 0.984718
vt 0.101992 0.683066
vt 0.109412 0.666071
vt 0.633812 0.236587
vt 0.625489 0.198156
vt 0.585043 0.976452
vt 0.584551 0.976693
vt 0.585558 0.977031
vt 0.497943 0.213551
vt 0.497873 0.230983
vt 0.649432 0.275115
vt 0.643232 0.272938
vt 0.646222 0.245316
vt 0.639924 0.230854
vt 0.141834 0.644683
vt 0.144283 0.650086
vt 0.140558 0.654366
vt 0.123576 0.636174
vt 0.630340 0.203710
vt 0.921183 0.193799
vt 0.102628 0.655895
vt 0.704050 0.532828
vt 0.707277 0.523991
vt 0.630397 0.215285
vt 0.701808 0.536423
vt 0.515961 0.250209
vt 0.537704 0.183695
vt 0.541256 0.187626
vt 0.535380 0.202835
vt 0.639932 0.207838
vt 0.140761 0.639033
vt 0.118021 0.613630
vt 0.508116 0.192315
vt 0.133838 0.617423
vt 0.127825 0.629754
vt 0.106032 0.816869
vt 0.108317 0.810815
vt 0.121879 0.810699
vt 0.509089 0.230068
vt 0.527534 0.183492
vt 0.509856 0.211175
vt 0.110045 0.631572
vt 0.522675 0.203809
vt 0.138731 0.609854
vt 0.717419 0.549611
vt 0.140711 0.814342
vt 0.709741 0.541121
vt 0.085550 0.827658
vt 0.118218 0.821871
vt 0.098466 0.642434
vt 0.107267 0.608847
vt 0.515672 0.227948
vt 0.114165 0.801874
vt 0.132349 0.802224
vt 0.136413 0.824979
vt 0.118136 0.830053
vt 0.150801 0.819499
vt 0.146286 0.808067
vt 0.117177 0.795280
vt 0.106451 0.797247
vt 0.128978 0.591274
vt 0.124299 0.583913
vt 0.116672 0.582186
vt 0.161620 0.802396
vt 0.135457 0.583238
vt 0.156812 0.796207
vt 0.127503 0.537668
vt 0.187104 0.812658
vt 0.120205 0.557715
vt 0.184288 0.819436
vt 0.206968 0.805539
vt 0.132003 0.553255
vt 0.179852 0.828811
vt 0.198767 0.823855
vt 0.142993 0.791023
vt 0.111752 0.545935
vt 0.198904 0.796224
vt 0.136187 0.541987
vt 0.233676 0.811522
vt 0.183477 0.791185
vt 0.218341 0.815630
vt 0.220621 0.799451
vt 0.217294 0.820063
vt 0.121977 0.522283
vt 0.117314 0.514240
vt 0.132378 0.507677
vt 0.110631 0.491221
vt 0.233487 0.825400
vt 0.136459 0.495015
vt 0.248782 0.806872
vt 0.229309 0.788600
vt 0.127888 0.496008
vt 0.116341 0.486948
vt 0.614336 0.645395
vt 0.650891 0.610122
vt 0.642119 0.624418
vt 0.667553 0.581567
vt 0.775843 0.263376
vt 0.939312 0.420102
vt 0.772849 0.336487
vt 0.235000 0.246682
vt 0.216964 0.239070
vt 0.134768 0.177259
vt 0.597073 0.653931
vt 0.591052 0.656373
vt 0.948503 0.410609
vt 0.744949 0.310721
vt 0.236703 0.248544
vt 0.139416 0.177095
vt 0.242649 0.818719
vt 0.649019 0.605604
vt 0.784775 0.243938
vt 0.106025 0.202947
vt 0.257280 0.807505
vt 0.692033 0.582656
vt 0.741884 0.266729
vt 0.186315 0.191636
vt 0.173304 0.192597
vt 0.771059 0.255864
vt 0.630628 0.641746
vt 0.635955 0.634035
vt 0.249168 0.246274
vt 0.234443 0.240609
vt 0.198727 0.215803
vt 0.177598 0.185367
vt 0.167143 0.186671
vt 0.269335 0.815386
vt 0.936695 0.419956
vt 0.936403 0.416828
vt 0.929632 0.417166
vt 0.766784 0.318427
vt 0.243781 0.794359
vt 0.650045 0.605806
vt 0.650406 0.605302
vt 0.657580 0.602370
vt 0.981429 0.738591
vt 0.979953 0.754474
vt 0.973212 0.737256
vt 0.939947 0.410413
vt 0.220803 0.237124
vt 0.207571 0.220789
vt 0.203377 0.208377
vt 0.122782 0.477544
vt 0.650784 0.606390
vt 0.650501 0.605876
vt 0.650921 0.605811
vt 0.651091 0.605330
vt 0.155037 0.172062
vt 0.265998 0.811290
vt 0.623624 0.645090
vt 0.659491 0.599261
vt 0.930756 0.415593
vt 0.929079 0.423539
vt 0.186383 0.182406
vt 0.147518 0.168250
vt 0.137351 0.174412
vt 0.136385 0.174876
vt 0.136317 0.174751
vt 0.136029 0.174873
vt 0.585361 0.670437
vt 0.241871 0.800159
vt 0.132204 0.456733
vt 0.639138 0.631096
vt 0.639190 0.631248
vt 0.787011 0.248936
vt 0.138536 0.167465
vt 0.136840 0.174200
vt 0.136674 0.174211
vt 0.639704 0.631405
vt 0.639450 0.630987
vt 0.640332 0.628697
vt 0.639409 0.630841
vt 0.673937 0.597443
vt 0.734062 0.243905
vt 0.737800 0.281837
vt 0.738262 0.294671
vt 0.166245 0.174320
vt 0.642452 0.636851
vt 0.652420 0.621513
vt 0.687113 0.589391
vt 0.926572 0.413057
vt 0.593921 0.954451
vt 0.589353 0.955330
vt 0.570998 0.942347
vt 0.197923 0.191168
vt 0.145329 0.159684
vt 0.123497 0.440282
vt 0.269400 0.821777
vt 0.973651 0.761415
vt 0.980864 0.769168
vt 0.759920 0.323118
vt 0.917169 0.421572
vt 0.923146 0.429925
vt 0.924768 0.436870
vt 0.213108 0.211444
vt 0.204043 0.193522
vt 0.130131 0.163949
vt 0.919370 0.418066
vt 0.909402 0.424555
vt 0.898951 0.437180
vt 0.135661 0.165805
vt 0.900651 0.430592
vt 0.890620 0.438896
vt 0.581968 0.945433
vt 0.128004 0.445428
vt 0.669154 0.605966
vt 0.966012 0.736942
vt 0.967102 0.751472
vt 0.788225 0.259509
vt 0.208382 0.194084
vt 0.183008 0.176787
vt 0.171358 0.182086
vt 0.126226 0.158788
vt 0.933384 0.409965
vt 0.723657 0.290414
vt 0.511838 0.948561
vt 0.514807 0.940947
vt 0.524900 0.943306
vt 0.113752 0.457116
vt 0.653208 0.638661
vt 0.661418 0.620686
vt 0.892560 0.430899
vt 0.194170 0.182930
vt 0.162474 0.170001
vt 0.630999 0.655103
vt 0.960236 0.735545
vt 0.118419 0.435451
vt 0.909138 0.417667
vt 0.956198 0.746844
vt 0.946944 0.751646
vt 0.944590 0.747004
vt 0.566330 0.954388
vt 0.555130 0.943974
vt 0.215541 0.190589
vt 0.176882 0.174020
vt 0.137078 0.460661
vt 0.658537 0.638901
vt 0.961946 0.752153
vt 0.730073 0.281627
vt 0.958190 0.756515
vt 0.964085 0.770354
vt 0.970339 0.769558
vt 0.526087 0.929992
vt 0.898295 0.419148
vt 0.912412 0.411958
vt 0.889852 0.420657
vt 0.887014 0.435270
vt 0.881781 0.432896
vt 0.924747 0.404783
vt 0.916660 0.408210
vt 0.906412 0.415149
vt 0.901615 0.395887
vt 0.881007 0.420295
vt 0.896872 0.386252
vt 0.891963 0.392244
vt 0.903064 0.386895
vt 0.920604 0.399606
vt 0.890260 0.380892
vt 0.893342 0.403629
vt 0.888435 0.406249
vt 0.884259 0.406180
vt 0.901993 0.376408
vt 0.909665 0.387696
vt 0.913393 0.385117
vt 0.887046 0.397861
vt 0.050749 0.964314
vt 0.048691 0.970156
vt 0.038807 0.961794
vt 0.039888 0.969651
vt 0.048937 0.975800
vt 0.533301 0.952624
vt 0.971693 0.776219
vt 0.968502 0.782999
vt 0.041643 0.958758
vt 0.541554 0.938253
vt 0.882864 0.399749
vt 0.053176 0.956118
vt 0.037208 0.984246
vt 0.022177 0.962912
vt 0.537164 0.928697
vt 0.958426 0.763127
vt 0.045998 0.939194
vt 0.051616 0.943512
vt 0.045234 0.947428
vt 0.025743 0.979074
vt 0.014104 0.969418
vt 0.193128 0.176080
vt 0.107202 0.454909
vt 0.666202 0.619968
vt 0.679878 0.602534
vt 0.036010 0.943207
vt 0.119848 0.150357
vt 0.684721 0.599545
vt 0.950061 0.743048
vt 0.238936 0.218715
vt 0.186040 0.172866
vt 0.565513 0.924678
vt 0.201218 0.182803
vt 0.550106 0.927428
vt 0.161651 0.159282
vt 0.103924 0.429184
vt 0.227914 0.206571
vt 0.214301 0.180615
vt 0.664134 0.635058
vt 0.014756 0.967979
vt 0.167917 0.162273
vt 0.156775 0.147964
vt 0.029718 0.948143
vt 0.023141 0.957584
vt 0.204908 0.180429
vt 0.630825 0.657642
vt 0.679308 0.649499
vt 0.662749 0.657315
vt 0.681286 0.643133
vt 0.666000 0.630326
vt 0.670004 0.623327
vt 0.019648 0.950911
vt 0.239835 0.216861
vt 0.181235 0.166390
vt 0.560951 0.908143
vt 0.177062 0.158876
vt 0.224008 0.186473
vt 0.196273 0.173067
vt 0.672895 0.637720
vt 0.220047 0.181245
vt 0.218290 0.173411
vt 0.245668 0.206164
vt 0.237128 0.194616
vt 0.252879 0.200632
vt 0.209499 0.174293
vt 0.203611 0.170686
vt 0.686328 0.620429
vt 0.942855 0.737451
vt 0.694058 0.622176
vt 0.238909 0.188177
vt 0.226109 0.177111
vt 0.231313 0.193446
vt 0.196174 0.165497
vt 0.682748 0.637764
vt 0.137107 0.415922
vt 0.692500 0.664761
vt 0.209623 0.167462
vt 0.124265 0.395827
vt 0.692088 0.669515
vt 0.662660 0.668181
vt 0.699712 0.629281
vt 0.690445 0.638303
vt 0.243268 0.174064
vt 0.235226 0.182836
vt 0.130068 0.393491
vt 0.133322 0.404773
vt 0.117934 0.394227
vt 0.207564 0.159890
vt 0.227777 0.160292
vt 0.706247 0.671544
vt 0.226947 0.168418
vt 0.688464 0.642635
vt 0.706491 0.264161
vt 0.724605 0.239390
vt 0.706925 0.274540
vt 0.233939 0.170416
vt 0.726605 0.246451
vt 0.715311 0.268444
vt 0.137856 0.381514
vt 0.709743 0.245461
vt 0.697105 0.265361
vt 0.239147 0.147846
vt 0.458763 0.260445
vt 0.434394 0.255971
vt 0.443348 0.252971
vt 0.706114 0.239676
vt 0.670785 0.317247
vt 0.089290 0.014123
vt 0.081971 0.079683
vt 0.549634 0.265131
vt 0.701535 0.304845
vt 0.472461 0.267756
vt 0.133691 0.358215
vt 0.692664 0.285569
vt 0.119395 0.931857
vt 0.159296 0.690227
vt 0.063486 0.056711
vt 0.067056 0.065587
vt 0.712379 0.307202
vt 0.433117 0.262421
vt 0.688399 0.265613
vt 0.662977 0.315002
vt 0.523781 0.285593
vt 0.516560 0.296795
vt 0.703290 0.233157
vt 0.682576 0.262362
vt 0.679788 0.301819
vt 0.706328 0.283448
vt 0.461323 0.270426
vt 0.130724 0.365316
vt 0.166373 0.691184
vt 0.540344 0.278521
vt 0.512733 0.288203
vt 0.506007 0.294033
vt 0.638143 0.314515
vt 0.194046 0.646809
vt 0.480596 0.259798
vt 0.459067 0.252874
vt 0.124858 0.356737
vt 0.102381 0.909536
vt 0.075989 0.081091
vt 0.507656 0.282485
vt 0.676608 0.294975
vt 0.069501 0.078816
vt 0.540063 0.271307
vt 0.498677 0.276755
vt 0.708997 0.299981
vt 0.490008 0.265526
vt 0.645519 0.311781
vt 0.516206 0.280300
vt 0.543491 0.262117
vt 0.526372 0.277750
vt 0.138591 0.337215
vt 0.676455 0.287050
vt 0.173401 0.680156
vt 0.536520 0.264518
vt 0.186544 0.677238
vt 0.496575 0.283159
vt 0.501782 0.274250
vt 0.181098 0.675865
vt 0.194274 0.678000
vt 0.545117 0.257236
vt 0.538486 0.259794
vt 0.506255 0.261904
vt 0.526579 0.271212
vt 0.514542 0.269443
vt 0.644416 0.299049
vt 0.539564 0.256179
vt 0.127292 0.335895
vt 0.510473 0.269201
vt 0.125314 0.328625
vt 0.663621 0.283849
vt 0.516462 0.262554
vt 0.641393 0.288983
vt 0.655344 0.283954
vt 0.528943 0.262212
vt 0.529257 0.261844
vt 0.520343 0.258419
vt 0.529253 0.261538
vt 0.528036 0.263009
vt 0.132119 0.338772
vt 0.536175 0.253331
vt 0.528686 0.261892
vt 0.528048 0.262251
vt 0.422039 0.334171
vt 0.428887 0.330645
vt 0.431938 0.345498
vt 0.649056 0.277789
vt 0.427499 0.368340
vt 0.435988 0.333445
vt 0.410124 0.337665
vt 0.417389 0.337542
vt 0.414660 0.360151
vt 0.421512 0.366965
vt 0.449765 0.333452
vt 0.458196 0.335773
vt 0.457012 0.362842
vt 0.448894 0.363205
vt 0.443325 0.334568
vt 0.433238 0.375859
vt 0.442322 0.359662
vt 0.408246 0.364745
vt 0.438666 0.380365
vt 0.424614 0.392781
vt 0.432133 0.411161
vt 0.421093 0.398949
vt 0.445829 0.387124
vt 0.414882 0.389160
vt 0.458149 0.390583
vt 0.452483 0.392053
vt 0.409911 0.392596
vt 0.438104 0.411721
vt 0.418280 0.421775
vt 0.443409 0.424484
vt 0.427583 0.428122
vt 0.456717 0.433021
vt 0.423353 0.428745
vt 0.413899 0.430325
vt 0.448830 0.421340
vt 0.408542 0.435194
vt 0.426973 0.464844
vt 0.423262 0.465691
vt 0.434497 0.444045
vt 0.438843 0.444344
vt 0.419374 0.468786
vt 0.452373 0.455111
vt 0.431836 0.482278
vt 0.447108 0.468978
vt 0.414148 0.459883
vt 0.437661 0.478772
vt 0.442795 0.469423
vt 0.414497 0.481347
vt 0.429541 0.512008
vt 0.423484 0.498998
vt 0.023324 0.705652
vt 0.037370 0.658839
vt 0.033002 0.692265
vt 0.404378 0.457363
vt 0.416889 0.503073
vt 0.436675 0.515537
vt 0.025117 0.676191
vt 0.037996 0.633808
vt 0.044158 0.623842
vt 0.445937 0.509989
vt 0.428787 0.542725
vt 0.440684 0.528844
vt 0.031680 0.646549
vt 0.046243 0.637488
vt 0.027164 0.650586
vt 0.040753 0.594640
vt 0.036361 0.593925
vt 0.040257 0.607867
vt 0.436153 0.560484
vt 0.060437 0.609101
vt 0.061117 0.599295
vt 0.353439 0.534362
vt 0.364442 0.566211
vt 0.366900 0.600140
vt 0.052394 0.606224
vt 0.360197 0.507013
vt 0.085111 0.563405
vt 0.109200 0.549917
vt 0.054114 0.565064
vt 0.035004 0.569001
vt 0.042955 0.525025
vt 0.048951 0.575521
vt 0.036915 0.495915
vt 0.351572 0.515884
vt 0.346367 0.552093
vt 0.358006 0.448984
vt 0.077309 0.549830
vt 0.046160 0.538830
vt 0.064426 0.567230
vt 0.062362 0.553846
vt 0.049539 0.535509
vt 0.354060 0.459742
vt 0.053964 0.498137
vt 0.348840 0.486215
vt 0.066075 0.520937
vt 0.063982 0.472407
vt 0.044319 0.470779
vt 0.038609 0.447270
vt 0.363759 0.432114
vt 0.049871 0.495060
vt 0.043214 0.421724
vt 0.058041 0.490870
vt 0.032994 0.424378
vt 0.027406 0.405626
vt 0.350737 0.444918
vt 0.038701 0.412444
vt 0.355419 0.416028
vt 0.033562 0.402781
vt 0.053946 0.440275
vt 0.043657 0.390056
vt 0.345306 0.459732
vt 0.351022 0.414279
vt 0.361658 0.399124
vt 0.345636 0.428150
vt 0.341783 0.414570
vt 0.037645 0.373590
vt 0.031413 0.365449
vt 0.024454 0.363734
vt 0.025163 0.343074
vt 0.348163 0.389614
vt 0.362592 0.375172
vt 0.033389 0.355499
vt 0.367980 0.397295
vt 0.353443 0.378924
vt 0.373953 0.365410
vt 0.357768 0.383753
vt 0.341248 0.359977
vt 0.333889 0.400278
vt 0.353512 0.336296
vt 0.029755 0.273068
vt 0.012903 0.262921
vt 0.046791 0.268146
vt 0.324825 0.385207
vt 0.339606 0.355129
vt 0.329226 0.385086
vt 0.376614 0.329149
vt 0.061085 0.277853
vt 0.010654 0.278900
vt 0.061674 0.283747
vt 0.354974 0.350783
vt 0.365318 0.347801
vt 0.360646 0.332169
vt 0.460019 0.787135
vt 0.426729 0.789318
vt 0.414404 0.783125
vt 0.395378 0.805055
vt 0.434273 0.805179
vt 0.453811 0.813890
vt 0.093416 0.277039
vt 0.446187 0.795754
vt 0.408436 0.790456
vt 0.096523 0.271808
vt 0.429948 0.798565
vt 0.405225 0.810134
vt 0.056575 0.293190
vt 0.099213 0.283767
vt 0.099084 0.280101
vt 0.385274 0.796726
vt 0.396297 0.793084
vt 0.359428 0.781704
vt 0.133264 0.274669
vt 0.139248 0.281584
vt 0.357007 0.776010
vt 0.377691 0.776284
vt 0.362141 0.786636
vt 0.353900 0.799529
vt 0.130210 0.270981
vt 0.364857 0.806509
vt 0.349821 0.788970
vt 0.336874 0.790740
vt 0.365266 0.812995
vt 0.325896 0.806886
vt 0.335697 0.802476
vt 0.341485 0.811913
vt 0.307834 0.789246
vt 0.160425 0.267144
vt 0.349710 0.768855
vt 0.306623 0.794321
vt 0.316975 0.768894
vt 0.314053 0.780116
vt 0.321085 0.778329
vt 0.305515 0.783235
vt 0.315752 0.761624
vt 0.312474 0.771397
vt 0.308668 0.802626
vt 0.087183 0.139477
vt 0.078709 0.133667
vt 0.063459 0.143272
vt 0.505406 0.630732
vt 0.064488 0.160642
vt 0.521393 0.078013
vt 0.990681 0.644048
vt 0.985751 0.646600
vt 0.983874 0.637531
vt 0.308801 0.811302
vt 0.505742 0.644619
vt 0.296089 0.783062
vt 0.298564 0.792189
vt 0.059465 0.147261
vt 0.560390 0.081439
vt 0.286686 0.774179
vt 0.290771 0.770851
vt 0.495925 0.630077
vt 0.511756 0.075586
vt 0.504471 0.080108
vt 0.991815 0.637598
vt 0.423500 0.817258
vt 0.088851 0.117763
vt 0.273548 0.759099
vt 0.418978 0.814642
vt 0.089348 0.123966
vt 0.500860 0.075302
vt 0.285299 0.802240
vt 0.277033 0.757869
vt 0.519825 0.068036
vt 0.600526 0.611592
vt 0.533087 0.074985
vt 0.432908 0.819421
vt 0.440019 0.817979
vt 0.549181 0.078436
vt 0.279189 0.807164
vt 0.288020 0.804184
vt 0.491553 0.621123
vt 0.292586 0.766319
vt 0.290957 0.751919
vt 0.290634 0.758713
vt 0.277740 0.756534
vt 0.287101 0.733671
vt 0.279898 0.720872
vt 0.290525 0.696628
vt 0.307140 0.739745
vt 0.299630 0.739417
vt 0.303008 0.723377
vt 0.559485 0.068909
vt 0.293855 0.738222
vt 0.312757 0.741755
vt 0.309623 0.722724
vt 0.935265 0.696516
vt 0.943518 0.731949
vt 0.934029 0.727872
vt 0.286570 0.807472
vt 0.930372 0.704511
vt 0.929231 0.726462
vt 0.313926 0.721444
vt 0.534021 0.064688
vt 0.280337 0.685295
vt 0.939934 0.685625
vt 0.280893 0.817671
vt 0.344451 0.745506
vt 0.339098 0.749882
vt 0.337903 0.726022
vt 0.111021 0.237888
vt 0.090625 0.227566
vt 0.031864 0.226883
vt 0.046579 0.231143
vt 0.046441 0.231623
vt 0.290627 0.689417
vt 0.074422 0.211075
vt 0.043940 0.208289
vt 0.044203 0.220448
vt 0.046079 0.231245
vt 0.045601 0.231347
vt 0.044571 0.231234
vt 0.518131 0.428607
vt 0.745024 0.947727
vt 0.754907 0.935185
vt 0.759047 0.936481
vt 0.561068 0.823055
vt 0.559545 0.827200
vt 0.571523 0.826848
vt 0.520631 0.526734
vt 0.399599 0.954976
vt 0.966517 0.930321
vt 0.974325 0.986181
vt 0.535792 0.419372
vt 0.512342 0.425687
vt 0.761231 0.923786
vt 0.751696 0.920084
vt 0.341169 0.759077
vt 0.323326 0.747834
vt 0.317913 0.723561
vt 0.300948 0.685754
vt 0.127837 0.234505
vt 0.541642 0.425469
vt 0.766170 0.922024
vt 0.749049 0.924804
vt 0.545771 0.822060
vt 0.552803 0.826488
vt 0.408925 0.951399
vt 0.331094 0.715989
vt 0.114250 0.232051
vt 0.772612 0.916014
vt 0.771765 0.911224
vt 0.095866 0.225758
vt 0.026484 0.221004
vt 0.522742 0.418782
vt 0.764294 0.913218
vt 0.562320 0.833670
vt 0.782489 0.917811
vt 0.782479 0.911146
vt 0.541611 0.829448
vt 0.533406 0.822679
vt 0.513914 0.484833
vt 0.404197 0.955188
vt 0.403753 0.955071
vt 0.404656 0.955150
vt 0.404007 0.954919
vt 0.540401 0.430344
vt 0.541125 0.430568
vt 0.541286 0.429690
vt 0.540865 0.430138
vt 0.540325 0.429965
vt 0.778121 0.930134
vt 0.548282 0.830669
vt 0.403446 0.954936
vt 0.416764 0.967837
vt 0.052533 0.195908
vt 0.541861 0.430405
vt 0.542034 0.428532
vt 0.543068 0.427799
vt 0.542748 0.427994
vt 0.543099 0.427172
vt 0.545310 0.422393
vt 0.532403 0.416304
vt 0.778141 0.950936
vt 0.332079 0.026480
vt 0.324813 0.023320
vt 0.355274 0.012374
vt 0.391929 0.962467
vt 0.157071 0.238271
vt 0.139162 0.233529
vt 0.102543 0.224188
vt 0.084747 0.209936
vt 0.062857 0.193559
vt 0.543472 0.428141
vt 0.543213 0.427912
vt 0.543339 0.427694
vt 0.570297 0.837642
vt 0.958859 0.191381
vt 0.920958 0.730899
vt 0.923356 0.698047
vt 0.339107 0.718943
vt 0.321153 0.687247
vt 0.516625 0.413935
vt 0.528115 0.415224
vt 0.779431 0.941086
vt 0.541887 0.839284
vt 0.549513 0.835301
vt 0.784645 0.934821
vt 0.520902 0.841268
vt 0.528124 0.823117
vt 0.553819 0.839237
vt 0.929257 0.677402
vt 0.298383 0.674239
vt 0.038468 0.210296
vt 0.773507 0.899156
vt 0.356784 0.022742
vt 0.339717 0.029192
vt 0.304998 0.683179
vt 0.093078 0.217555
vt 0.549127 0.407791
vt 0.331354 0.012805
vt 0.342484 0.685958
vt 0.335029 0.690429
vt 0.078078 0.201458
vt 0.076603 0.298510
vt 0.070274 0.308167
vt 0.054878 0.306279
vt 0.791154 0.924240
vt 0.522360 0.848041
vt 0.361798 0.016856
vt 0.349788 0.006056
vt 0.335960 0.007480
vt 0.116929 0.222042
vt 0.798031 0.912451
vt 0.576090 0.841698
vt 0.561546 0.851568
vt 0.047736 0.193244
vt 0.071592 0.313469
vt 0.054050 0.309457
vt 0.530274 0.410350
vt 0.565001 0.859395
vt 0.309333 0.691068
vt 0.036885 0.186838
vt 0.656931 0.873214
vt 0.514264 0.844233
vt 0.510094 0.822307
vt 0.534584 0.852223
vt 0.543254 0.850579
vt 0.392193 0.968117
vt 0.942455 0.669291
vt 0.937149 0.662194
vt 0.026428 0.202628
vt 0.545483 0.414297
vt 0.544901 0.414908
vt 0.328022 0.675284
vt 0.088307 0.198205
vt 0.653734 0.878012
vt 0.061091 0.315089
vt 0.055707 0.311738
vt 0.055747 0.312327
vt 0.055733 0.312544
vt 0.562579 0.412035
vt 0.561568 0.409660
vt 0.545550 0.413990
vt 0.545305 0.413591
vt 0.544241 0.413526
vt 0.544992 0.414062
vt 0.542352 0.402287
vt 0.066075 0.181943
vt 0.027157 0.200064
vt 0.558015 0.395468
vt 0.514737 0.409170
vt 0.296769 0.654490
vt 0.052380 0.186811
vt 0.031892 0.204555
vt 0.031923 0.203772
vt 0.032299 0.204775
vt 0.030752 0.204055
vt 0.031249 0.205214
vt 0.031473 0.204709
vt 0.515256 0.402374
vt 0.517569 0.398573
vt 0.529032 0.399161
vt 0.513939 0.393601
vt 0.302824 0.646419
vt 0.077397 0.187893
vt 0.658022 0.866714
vt 0.062797 0.300246
vt 0.049776 0.309015
vt 0.050678 0.309218
vt 0.040059 0.309603
vt 0.105088 0.212883
vt 0.048921 0.183501
vt 0.050883 0.308990
vt 0.049957 0.308725
vt 0.049049 0.308750
vt 0.526813 0.393112
vt 0.801531 0.916214
vt 0.932933 0.655277
vt 0.927708 0.650308
vt 0.922427 0.659958
vt 0.049658 0.308563
vt 0.049051 0.308523
vt 0.517230 0.852381
vt 0.521311 0.858988
vt 0.553941 0.863338
vt 0.501703 0.830766
vt 0.561915 0.867076
vt 0.337681 0.660210
vt 0.314339 0.673075
vt 0.506585 0.861515
vt 0.310930 0.662352
vt 0.024782 0.305611
vt 0.817448 0.924428
vt 0.356664 0.006924
vt 0.344008 0.647815
vt 0.308853 0.633043
vt 0.991468 0.376518
vt 0.990224 0.374688
vt 0.990562 0.373278
vt 0.989798 0.374387
vt 0.989682 0.374622
vt 0.989982 0.374760
vt 0.989966 0.374975
vt 0.986099 0.374182
vt 0.988801 0.374384
vt 0.606724 0.863019
vt 0.589772 0.860346
vt 0.590844 0.857272
vt 0.982244 0.381312
vt 0.982535 0.388999
vt 0.528207 0.857868
vt 0.641251 0.874139
vt 0.012030 0.200333
vt 0.541065 0.389416
vt 0.539049 0.861493
vt 0.552722 0.369810
vt 0.550843 0.370742
vt 0.502233 0.846938
vt 0.326689 0.619915
vt 0.078233 0.183488
vt 0.609752 0.858089
vt 0.590597 0.855501
vt 0.599430 0.869906
vt 0.549638 0.868154
vt 0.049932 0.299294
vt 0.535081 0.381473
vt 0.514442 0.861450
vt 0.569730 0.878226
vt 0.577212 0.887880
vt 0.553550 0.873886
vt 0.343371 0.615387
vt 0.538714 0.352675
vt 0.542406 0.345067
vt 0.541376 0.358829
vt 0.548274 0.363483
vt 0.543581 0.356752
vt 0.549473 0.362384
vt 0.303385 0.629524
vt 0.621324 0.869652
vt 0.303094 0.615694
vt 0.494865 0.860006
vt 0.334896 0.638933
vt 0.319903 0.633148
vt 0.636072 0.865874
vt 0.541269 0.365021
vt 0.984640 0.621241
vt 0.984640 0.613120
vt 0.992038 0.624361
vt 0.615060 0.862477
vt 0.545116 0.378527
vt 0.314706 0.633799
vt 0.637595 0.861208
vt 0.666288 0.859035
vt 0.990800 0.604759
vt 0.520083 0.867084
vt 0.671445 0.851103
vt 0.546975 0.876830
vt 0.311668 0.596792
vt 0.055242 0.154665
vt 0.496292 0.864141
vt 0.805382 0.172492
vt 0.791719 0.139412
vt 0.792911 0.128100
vt 0.538730 0.373767
vt 0.331510 0.612222
vt 0.306071 0.584502
vt 0.484798 0.876519
vt 0.488329 0.866512
vt 0.534386 0.372275
vt 0.777521 0.103283
vt 0.789630 0.079624
vt 0.795800 0.082595
vt 0.516167 0.873119
vt 0.627356 0.857012
vt 0.488370 0.878155
vt 0.606354 0.852659
vt 0.789080 0.114456
vt 0.770463 0.427240
vt 0.756868 0.421644
vt 0.762970 0.415599
vt 0.774390 0.409629
vt 0.755803 0.434335
vt 0.766213 0.438375
vt 0.758476 0.405888
vt 0.747269 0.422964
vt 0.741551 0.413170
vt 0.778597 0.433054
vt 0.781094 0.417412
vt 0.752527 0.440883
vt 0.766907 0.393471
vt 0.740184 0.428792
vt 0.787071 0.402308
vt 0.789637 0.421204
vt 0.743011 0.397675
vt 0.786255 0.430349
vt 0.778528 0.393764
vt 0.764130 0.449217
vt 0.752854 0.388921
vt 0.779082 0.444700
vt 0.731079 0.428610
vt 0.740656 0.439736
vt 0.730263 0.405398
vt 0.729407 0.416724
vt 0.748043 0.449559
vt 0.784828 0.390756
vt 0.769092 0.379044
vt 0.725709 0.397527
vt 0.799553 0.403217
vt 0.758368 0.458737
vt 0.799263 0.426011
vt 0.716497 0.415538
vt 0.726363 0.437257
vt 0.734968 0.387504
vt 0.892650 0.250299
vt 0.891252 0.264339
vt 0.878816 0.257473
vt 0.792194 0.386528
vt 0.753219 0.377504
vt 0.878691 0.274984
vt 0.740322 0.453727
vt 0.779342 0.373782
vt 0.865990 0.266456
vt 0.761350 0.368755
vt 0.887622 0.241053
vt 0.874180 0.245454
vt 0.736281 0.377046
vt 0.713942 0.424286
vt 0.713575 0.401644
vt 0.339841 0.608037
vt 0.798968 0.140852
vt 0.718181 0.436745
vt 0.721102 0.389376
vt 0.316706 0.598636
vt 0.708419 0.412717
vt 0.862400 0.252072
vt 0.869124 0.286349
vt 0.799748 0.378185
vt 0.750153 0.369202
vt 0.785716 0.073791
vt 0.321966 0.592976
vt 0.780861 0.122876
vt 0.795048 0.118858
vt 0.873476 0.233136
vt 0.854215 0.274667
vt 0.482085 0.885511
vt 0.798450 0.099930
vt 0.505053 0.881346
vt 0.847256 0.269853
vt 0.844617 0.284138
vt 0.766689 0.362157
vt 0.771994 0.101215
vt 0.800495 0.108079
vt 0.883518 0.231972
vt 0.347893 0.571842
vt 0.339865 0.563774
vt 0.842307 0.277823
vt 0.702829 0.392222
vt 0.329729 0.560991
vt 0.754163 0.360992
vt 0.770378 0.088860
vt 0.328524 0.596133
vt 0.329060 0.596780
vt 0.329231 0.597922
vt 0.310674 0.555330
vt 0.010494 0.182171
vt 0.025375 0.143847
vt 0.805948 0.079213
vt 0.011547 0.183406
vt 0.316246 0.561720
vt 0.860545 0.235008
vt 0.739185 0.367256
vt 0.783141 0.063612
vt 0.847346 0.259345
vt 0.035769 0.136086
vt 0.782275 0.054053
vt 0.005128 0.188802
vt 0.815393 0.072988
vt 0.720067 0.383012
vt 0.746091 0.091467
vt 0.771428 0.074583
vt 0.754224 0.344554
vt 0.576957 0.787925
vt 0.569698 0.781626
vt 0.567853 0.750885
vt 0.984060 0.352048
vt 0.982873 0.345700
vt 0.991306 0.354628
vt 0.611552 0.128166
vt 0.868176 0.857630
vt 0.025106 0.112559
vt 0.338978 0.531339
vt 0.852367 0.247981
vt 0.624505 0.153653
vt 0.686869 0.173970
vt 0.855985 0.886709
vt 0.861206 0.881105
vt 0.893956 0.876950
vt 0.993431 0.514097
vt 0.994808 0.548396
vt 0.986389 0.502654
vt 0.736009 0.360845
vt 0.862434 0.221140
vt 0.862507 0.219980
vt 0.862711 0.219228
vt 0.862420 0.223011
vt 0.870216 0.196287
vt 0.120269 0.106751
vt 0.106392 0.093298
vt 0.901699 0.066427
vt 0.640354 0.158409
vt 0.406305 0.128709
vt 0.399505 0.115859
vt 0.988379 0.509664
vt 0.860773 0.214182
vt 0.862444 0.219821
vt 0.862145 0.219745
vt 0.982406 0.354416
vt 0.907717 0.824200
vt 0.320164 0.551340
vt 0.576549 0.763779
vt 0.645851 0.162089
vt 0.311916 0.538694
vt 0.857407 0.239344
vt 0.919945 0.057171
vt 0.719735 0.718314
vt 0.725063 0.743660
vt 0.714855 0.724701
vt 0.729256 0.726163
vt 0.729839 0.741565
vt 0.387503 0.079747
vt 0.389650 0.089514
vt 0.581234 0.797871
vt 0.609509 0.136342
vt 0.658700 0.173623
vt 0.852951 0.892023
vt 0.723854 0.719273
vt 0.724348 0.718793
vt 0.723723 0.718250
vt 0.721656 0.713202
vt 0.708446 0.707941
vt 0.330841 0.527429
vt 0.668752 0.177821
vt 0.706303 0.169784
vt 0.724678 0.719343
vt 0.724458 0.718488
vt 0.714859 0.705804
vt 0.878620 0.856874
vt 0.943174 0.503768
vt 0.950596 0.523761
vt 0.940799 0.532189
vt 0.761524 0.337326
vt 0.694514 0.393158
vt 0.647039 0.174308
vt 0.725240 0.718798
vt 0.869447 0.849891
vt 0.391213 0.109928
vt 0.894780 0.082298
vt 0.729245 0.718065
vt 0.018090 0.103025
vt 0.635223 0.166311
vt 0.736460 0.732359
vt 0.569102 0.742788
vt 0.984065 0.550237
vt 0.757197 0.332342
vt 0.740541 0.349886
vt 0.852082 0.239103
vt 0.124925 0.088481
vt 0.861918 0.850142
vt 0.951387 0.493095
vt 0.863746 0.192946
vt 0.583773 0.765594
vt 0.675822 0.190510
vt 0.765892 0.702218
vt 0.771747 0.686929
vt 0.770340 0.706263
vt 0.735359 0.750691
vt 0.736834 0.714128
vt 0.374045 0.117493
vt 0.397934 0.126127
vt 0.855460 0.216462
vt 0.602146 0.148453
vt 0.775623 0.703582
vt 0.710542 0.730798
vt 0.711563 0.744161
vt 0.742044 0.711868
vt 0.884616 0.860751
vt 0.868270 0.842239
vt 0.338152 0.485407
vt 0.572523 0.724882
vt 0.578218 0.737893
vt 0.618358 0.159735
vt 0.639390 0.175711
vt 0.643016 0.181986
vt 0.743980 0.746951
vt 0.874533 0.834795
vt 0.319376 0.535213
vt 0.652371 0.188231
vt 0.951059 0.486647
vt 0.817611 0.256453
vt 0.894903 0.096641
vt 0.918651 0.083192
vt 0.923028 0.072198
vt 0.586825 0.138840
vt 0.627203 0.168546
vt 0.785258 0.711395
vt 0.725776 0.776049
vt 0.723558 0.705391
vt 0.385854 0.117046
vt 0.332156 0.490669
vt 0.609764 0.160325
vt 0.661681 0.190937
vt 0.711752 0.767820
vt 0.881422 0.817119
vt 0.879267 0.810880
vt 0.950969 0.479791
vt 0.840714 0.239089
vt 0.756000 0.708355
vt 0.731113 0.769765
vt 0.876815 0.837225
vt 0.946339 0.473728
vt 0.757788 0.312955
vt 0.743530 0.327123
vt 0.584101 0.729981
vt 0.668433 0.198024
vt 0.938791 0.487575
vt 0.621928 0.843717
vt 0.609322 0.840276
vt 0.644508 0.836110
vt 0.760215 0.715767
vt 0.771003 0.710966
vt 0.784152 0.700326
vt 0.828539 0.543967
vt 0.830380 0.531295
vt 0.833405 0.537935
vt 0.840174 0.551894
vt 0.840394 0.539742
vt 0.817683 0.545913
vt 0.823907 0.554901
vt 0.842128 0.547372
vt 0.846605 0.543328
vt 0.852073 0.541316
vt 0.849903 0.552913
vt 0.847677 0.546232
vt 0.821332 0.521503
vt 0.815143 0.526300
vt 0.810449 0.566456
vt 0.799235 0.570728
vt 0.799248 0.560048
vt 0.792887 0.573603
vt 0.789919 0.566796
vt 0.811053 0.576498
vt 0.810856 0.554927
vt 0.799295 0.580360
vt 0.850900 0.530815
vt 0.838670 0.527126
vt 0.918360 0.196175
vt 0.910061 0.215009
vt 0.911954 0.198836
vt 0.902974 0.205841
vt 0.899655 0.214853
vt 0.858764 0.538891
vt 0.806990 0.535053
vt 0.834294 0.557457
vt 0.858397 0.551408
vt 0.842215 0.110668
vt 0.837039 0.118835
vt 0.835200 0.110672
vt 0.803520 0.521126
vt 0.822391 0.565038
vt 0.839588 0.519307
vt 0.819864 0.117168
vt 0.829862 0.116974
vt 0.817177 0.118152
vt 0.828453 0.520947
vt 0.917310 0.184906
vt 0.909777 0.184802
vt 0.840919 0.560264
vt 0.798385 0.502105
vt 0.813219 0.121183
vt 0.818009 0.114708
vt 0.814532 0.116482
vt 0.888970 0.205293
vt 0.855402 0.566854
vt 0.807610 0.545303
vt 0.751689 0.732196
vt 0.941210 0.460040
vt 0.729736 0.351296
vt 0.568887 0.727186
vt 0.634355 0.179319
vt 0.670244 0.209163
vt 0.787494 0.705196
vt 0.855708 0.106991
vt 0.853485 0.103039
vt 0.909879 0.141015
vt 0.911777 0.146254
vt 0.906372 0.160036
vt 0.903016 0.168544
vt 0.906680 0.193653
vt 0.814049 0.585315
vt 0.821688 0.573190
vt 0.868900 0.114248
vt 0.987249 0.461503
vt 0.987883 0.416866
vt 0.994865 0.427859
vt 0.589797 0.850939
vt 0.667554 0.225345
vt 0.892362 0.121920
vt 0.894921 0.130781
vt 0.884399 0.113358
vt 0.864716 0.557297
vt 0.815876 0.507068
vt 0.866659 0.535052
vt 0.855353 0.523989
vt 0.595038 0.159040
vt 0.605233 0.165899
vt 0.646491 0.191216
vt 0.862547 0.563529
vt 0.845360 0.523155
vt 0.918726 0.125026
vt 0.820405 0.128539
vt 0.677353 0.206107
vt 0.884518 0.813434
vt 0.576902 0.134045
vt 0.675198 0.212847
vt 0.679385 0.222637
vt 0.897569 0.193362
vt 0.867191 0.547150
vt 0.628578 0.849630
vt 0.622663 0.175825
vt 0.647956 0.198622
vt 0.654724 0.205917
vt 0.658726 0.221662
vt 0.871513 0.111146
vt 0.761624 0.722516
vt 0.678626 0.203779
vt 0.682121 0.200501
vt 0.371511 0.124744
vt 0.566530 0.702787
vt 0.640950 0.190280
vt 0.884234 0.074470
vt 0.879171 0.077178
vt 0.884374 0.066401
vt 0.854793 0.100531
vt 0.841004 0.105080
vt 0.837330 0.107146
vt 0.813976 0.113660
vt 0.905182 0.145719
vt 0.361366 0.868561
vt 0.373663 0.877224
vt 0.354694 0.875936
vt 0.372736 0.881917
vt 0.871285 0.542600
vt 0.369962 0.884946
vt 0.359929 0.878973
vt 0.898526 0.121311
vt 0.889232 0.112473
vt 0.829073 0.568686
vt 0.840541 0.568731
vt 0.847256 0.570923
vt 0.861537 0.570453
vt 0.869671 0.555764
vt 0.829036 0.508776
vt 0.820829 0.500291
vt 0.735238 0.782008
vt 0.876159 0.100307
vt 0.899368 0.154688
vt 0.898810 0.144753
vt 0.897466 0.171031
vt 0.309197 0.813838
vt 0.312648 0.828437
vt 0.297704 0.843635
vt 0.346195 0.880870
vt 0.352635 0.887923
vt 0.351307 0.889431
vt 0.822232 0.107998
vt 0.729592 0.795437
vt 0.738935 0.776474
vt 0.357188 0.887422
vt 0.862464 0.099828
vt 0.362241 0.889709
vt 0.366091 0.888416
vt 0.673394 0.222618
vt 0.794218 0.706787
vt 0.993488 0.461873
vt 0.884676 0.081147
vt 0.892428 0.063401
vt 0.876508 0.073856
vt 0.883876 0.103909
vt 0.769472 0.717167
vt 0.884337 0.823052
vt 0.674457 0.230755
vt 0.666115 0.232591
vt 0.878837 0.066626
vt 0.757668 0.700883
vt 0.392826 0.154658
vt 0.368913 0.130175
vt 0.400653 0.154971
vt 0.423023 0.881158
vt 0.389185 0.878358
vt 0.414398 0.875166
vt 0.604547 0.168804
vt 0.615252 0.169327
vt 0.608914 0.179436
vt 0.741811 0.696079
vt 0.678506 0.836174
vt 0.576986 0.698445
vt 0.570774 0.685053
vt 0.633599 0.187135
vt 0.807154 0.048467
vt 0.795706 0.048976
vt 0.795293 0.043280
vt 0.751927 0.700364
vt 0.613029 0.176855
vt 0.873671 0.066183
vt 0.801197 0.039949
vt 0.789442 0.040014
vt 0.768408 0.720782
vt 0.890105 0.826281
vt 0.367275 0.116323
vt 0.648306 0.208135
vt 0.652233 0.223888
vt 0.880793 0.060063
vt 0.864815 0.089904
vt 0.812280 0.043140
vt 0.355895 0.122966
vt 0.690443 0.841475
vt 0.649706 0.851429
vt 0.682702 0.209424
vt 0.658420 0.235883
vt 0.869250 0.059033
vt 0.861973 0.088578
vt 0.888982 0.087829
vt 0.807834 0.055260
vt 0.812191 0.049934
vt 0.816871 0.037810
vt 0.811802 0.028998
vt 0.822367 0.029999
vt 0.880576 0.056612
vt 0.810222 0.022357
vt 0.809381 0.014017
vt 0.631128 0.194069
vt 0.637437 0.200664
vt 0.340302 0.123982
vt 0.357867 0.138507
vt 0.581536 0.697492
vt 0.588162 0.696027
vt 0.863540 0.071177
vt 0.821849 0.050142
vt 0.832994 0.051309
vt 0.820967 0.052864
vt 0.836384 0.033943
vt 0.482780 0.880088
vt 0.326951 0.134290
vt 0.327216 0.137829
vt 0.591873 0.413423
vt 0.586782 0.404712
vt 0.591835 0.396819
vt 0.582615 0.392979
vt 0.318060 0.132391
vt 0.577987 0.387652
vt 0.587416 0.384873
vt 0.597480 0.419739
vt 0.600372 0.412386
vt 0.806835 0.006700
vt 0.581146 0.662504
vt 0.579845 0.382770
vt 0.456286 0.873287
vt 0.572392 0.644849
vt 0.598650 0.440530
vt 0.584490 0.382621
vt 0.297116 0.133576
vt 0.592887 0.380033
vt 0.605648 0.400992
vt 0.849450 0.092060
vt 0.849963 0.085156
vt 0.629548 0.429877
vt 0.625088 0.438744
vt 0.623483 0.391532
vt 0.597707 0.368231
vt 0.876220 0.553643
vt 0.844405 0.040628
vt 0.849883 0.015640
vt 0.848481 0.100622
vt 0.894310 0.158018
vt 0.877774 0.193100
vt 0.828952 0.577784
vt 0.859767 0.513646
vt 0.800345 0.493348
vt 0.342576 0.891121
vt 0.849676 0.513766
vt 0.812209 0.496948
vt 0.340136 0.892534
vt 0.331312 0.892262
vt 0.331473 0.886477
vt 0.858206 0.005000
vt 0.837539 0.088532
vt 0.207244 0.342089
vt 0.196806 0.335541
vt 0.205338 0.335542
vt 0.852934 0.077880
vt 0.583272 0.346379
vt 0.891647 0.173463
vt 0.208242 0.329317
vt 0.211888 0.338599
vt 0.869538 0.515165
vt 0.302600 0.854457
vt 0.840330 0.504438
vt 0.826981 0.496123
vt 0.314789 0.851151
vt 0.850197 0.041827
vt 0.282777 0.146822
vt 0.886854 0.169562
vt 0.835949 0.567488
vt 0.897060 0.147102
vt 0.879909 0.177197
vt 0.836209 0.568543
vt 0.877835 0.540783
vt 0.829162 0.493275
vt 0.287968 0.868634
vt 0.615155 0.413891
vt 0.605756 0.382620
vt 0.867881 0.186329
vt 0.873578 0.183437
vt 0.835945 0.568260
vt 0.866964 0.186928
vt 0.866521 0.187053
vt 0.865819 0.184901
vt 0.860179 0.187576
vt 0.222411 0.336806
vt 0.322131 0.882433
vt 0.859529 0.089277
vt 0.632860 0.407428
vt 0.835751 0.568123
vt 0.867395 0.186807
vt 0.204119 0.352224
vt 0.848899 0.501231
vt 0.298503 0.874639
vt 0.328300 0.855700
vt 0.334053 0.860801
vt 0.325115 0.868968
vt 0.609160 0.364824
vt 0.864997 0.179644
vt 0.820616 0.491242
vt 0.295104 0.870690
vt 0.271339 0.164205
vt 0.854803 0.182691
vt 0.225944 0.350231
vt 0.242737 0.369159
vt 0.228662 0.356696
vt 0.262252 0.156442
vt 0.214127 0.346894
vt 0.222956 0.351421
vt 0.841591 0.494708
vt 0.209577 0.355770
vt 0.234699 0.366301
vt 0.841160 0.487614
vt 0.835129 0.480757
vt 0.858132 0.074404
vt 0.584988 0.325648
vt 0.576030 0.329919
vt 0.812545 0.486956
vt 0.277871 0.150225
vt 0.271393 0.168121
vt 0.219481 0.351997
vt 0.857025 0.502437
vt 0.280031 0.394532
vt 0.276180 0.389150
vt 0.291129 0.382429
vt 0.259583 0.149807
vt 0.615332 0.367841
vt 0.237706 0.375995
vt 0.264655 0.177085
vt 0.263841 0.173606
vt 0.267541 0.179632
vt 0.276583 0.204115
vt 0.601904 0.347374
vt 0.633067 0.373662
vt 0.624198 0.350411
vt 0.591935 0.324630
vt 0.224514 0.361998
vt 0.309463 0.878908
vt 0.214868 0.358702
vt 0.846136 0.490226
vt 0.267138 0.392372
vt 0.269964 0.398306
vt 0.283943 0.398330
vt 0.281242 0.876896
vt 0.261482 0.164976
vt 0.270488 0.197681
vt 0.878561 0.170517
vt 0.633527 0.346042
vt 0.627490 0.340748
vt 0.858942 0.175026
vt 0.277709 0.402382
vt 0.249520 0.384242
vt 0.259900 0.394657
vt 0.247112 0.388537
vt 0.208271 0.364294
vt 0.287802 0.403535
vt 0.201435 0.358396
vt 0.236223 0.383993
vt 0.258107 0.401961
vt 0.267375 0.188228
vt 0.597490 0.322218
vt 0.871847 0.169735
vt 0.250012 0.183555
vt 0.223321 0.372173
vt 0.317796 0.370313
vt 0.268543 0.406748
vt 0.276398 0.408171
vt 0.291376 0.883290
vt 0.250619 0.168687
vt 0.248303 0.166449
vt 0.253653 0.184553
vt 0.254929 0.186068
vt 0.257588 0.891716
vt 0.249810 0.170841
vt 0.602752 0.318974
vt 0.284719 0.882519
vt 0.225775 0.434962
vt 0.220911 0.423353
vt 0.224626 0.421894
vt 0.274033 0.887454
vt 0.620377 0.306463
vt 0.608664 0.303932
vt 0.261763 0.411393
vt 0.223138 0.434189
vt 0.272413 0.417043
vt 0.265994 0.415745
vt 0.867821 0.165016
vt 0.219298 0.377936
vt 0.251617 0.411365
vt 0.234261 0.439106
vt 0.227174 0.414829
vt 0.200816 0.370437
vt 0.630655 0.313908
vt 0.240655 0.403760
vt 0.286854 0.449378
vt 0.284568 0.413623
vt 0.301806 0.447312
vt 0.784953 0.042928
vt 0.790370 0.044170
vt 0.240561 0.475132
vt 0.224785 0.441415
vt 0.232051 0.404327
vt 0.240296 0.439174
vt 0.254907 0.434056
vt 0.926335 0.324722
vt 0.694410 0.136379
vt 0.693856 0.136823
vt 0.695742 0.137092
vt 0.748620 0.047209
vt 0.269386 0.435247
vt 0.695705 0.021155
vt 0.214844 0.021822
vt 0.904842 0.032137
vt 0.263492 0.067740
vt 0.680826 0.127672
vt 0.701513 0.158713
vt 0.241741 0.467774
vt 0.932688 0.322651
vt 0.215343 0.014384
vt 0.271373 0.054060
vt 0.886998 0.341377
vt 0.206858 0.030916
vt 0.266262 0.051442
vt 0.265852 0.051397
vt 0.272901 0.021169
vt 0.203543 0.044335
vt 0.267790 0.050599
vt 0.266664 0.050803
vt 0.266030 0.050068
vt 0.265943 0.051086
vt 0.286545 0.012239
vt 0.276908 0.287877
vt 0.286933 0.284362
vt 0.283999 0.287076
vt 0.284577 0.287935
vt 0.286585 0.289640
vt 0.298482 0.289315
vt 0.723680 0.058207
vt 0.925625 0.308475
vt 0.261646 0.032711
vt 0.283865 0.287688
vt 0.283973 0.287886
vt 0.284493 0.288203
vt 0.284383 0.287970
vt 0.317420 0.283426
vt 0.713044 0.138699
vt 0.709406 0.166995
vt 0.625403 0.291516
vt 0.927510 0.336253
vt 0.751660 0.049458
vt 0.935102 0.316318
vt 0.203853 0.035713
vt 0.901452 0.006172
vt 0.837566 0.156645
vt 0.245641 0.430383
vt 0.944955 0.312606
vt 0.944346 0.318072
vt 0.270888 0.452313
vt 0.198795 0.029261
vt 0.729665 0.154619
vt 0.720140 0.134719
vt 0.725436 0.112169
vt 0.713358 0.069899
vt 0.926374 0.341170
vt 0.938861 0.323236
vt 0.829931 0.146421
vt 0.832469 0.161227
vt 0.729177 0.065772
vt 0.279898 0.453907
vt 0.934564 0.332399
vt 0.264899 0.029732
vt 0.292659 0.294582
vt 0.333773 0.280848
vt 0.323506 0.272331
vt 0.892701 0.013032
vt 0.896527 0.033576
vt 0.889935 0.032463
vt 0.310499 0.293897
vt 0.321923 0.288426
vt 0.731233 0.121448
vt 0.951340 0.319941
vt 0.248796 0.471611
vt 0.359091 0.944177
vt 0.350348 0.942642
vt 0.359053 0.933267
vt 0.714347 0.173709
vt 0.732933 0.068241
vt 0.942476 0.326931
vt 0.887691 0.018294
vt 0.739079 0.127324
vt 0.821850 0.138201
vt 0.881936 0.021710
vt 0.820535 0.169409
vt 0.253739 0.471140
vt 0.267315 0.461819
vt 0.346685 0.953478
vt 0.312055 0.296371
vt 0.307124 0.303007
vt 0.300277 0.300177
vt 0.825881 0.160327
vt 0.263343 0.035050
vt 0.326222 0.293210
vt 0.720898 0.168145
vt 0.362124 0.923074
vt 0.356560 0.927048
vt 0.279880 0.463011
vt 0.338527 0.953205
vt 0.312725 0.308553
vt 0.302996 0.308613
vt 0.350696 0.929115
vt 0.340789 0.288704
vt 0.883021 0.010807
vt 0.731505 0.073474
vt 0.819947 0.145817
vt 0.354099 0.918584
vt 0.301500 0.321218
vt 0.735068 0.154460
vt 0.737252 0.070311
vt 0.262219 0.472156
vt 0.284526 0.473572
vt 0.340457 0.941527
vt 0.744474 0.088251
vt 0.297648 0.310884
vt 0.721548 0.187845
vt 0.259899 0.514623
vt 0.885240 0.005141
vt 0.334744 0.296133
vt 0.346921 0.281551
vt 0.745276 0.121256
vt 0.746430 0.142887
vt 0.285615 0.493867
vt 0.293736 0.321941
vt 0.957165 0.394784
vt 0.959785 0.382307
vt 0.967579 0.388327
vt 0.965076 0.380213
vt 0.962358 0.371966
vt 0.328975 0.304321
vt 0.716272 0.196190
vt 0.713289 0.198397
vt 0.711150 0.189993
vt 0.717192 0.204707
vt 0.707745 0.198875
vt 0.714030 0.204940
vt 0.258945 0.500883
vt 0.184312 0.039839
vt 0.184066 0.048159
vt 0.293117 0.315487
vt 0.705445 0.197309
vt 0.337049 0.932846
vt 0.333160 0.948798
vt 0.349089 0.286322
vt 0.730466 0.175878
vt 0.805754 0.136306
vt 0.778837 0.109272
vt 0.759866 0.134379
vt 0.753859 0.134587
vt 0.293457 0.302455
vt 0.720677 0.202601
vt 0.719415 0.192526
vt 0.362764 0.900579
vt 0.356629 0.911645
vt 0.351034 0.908108
vt 0.957409 0.401866
vt 0.974470 0.400523
vt 0.706720 0.207860
vt 0.714640 0.212222
vt 0.742034 0.164607
vt 0.336793 0.927139
vt 0.290265 0.307604
vt 0.965621 0.369880
vt 0.970363 0.385512
vt 0.970679 0.385488
vt 0.971343 0.385954
vt 0.977213 0.386591
vt 0.970588 0.384078
vt 0.970206 0.383763
vt 0.972488 0.373106
vt 0.733821 0.167486
vt 0.747976 0.177669
vt 0.328020 0.943781
vt 0.979971 0.395389
vt 0.345841 0.301740
vt 0.352268 0.293316
vt 0.723667 0.212350
vt 0.731568 0.193254
vt 0.733987 0.181037
vt 0.270041 0.520710
vt 0.283495 0.501733
vt 0.277382 0.501958
vt 0.347674 0.289127
vt 0.348460 0.289072
vt 0.348856 0.289371
vt 0.347983 0.288829
vt 0.346913 0.288615
vt 0.727573 0.196440
vt 0.759792 0.148221
vt 0.979468 0.377257
vt 0.461116 0.928965
vt 0.468206 0.922658
vt 0.461958 0.931156
vt 0.359975 0.288499
vt 0.348139 0.288504
vt 0.282682 0.557033
vt 0.963999 0.413711
vt 0.971543 0.409457
vt 0.443063 0.950754
vt 0.451939 0.952937
vt 0.450738 0.961966
vt 0.446560 0.944841
vt 0.431578 0.952904
vt 0.752783 0.183655
vt 0.269121 0.502638
vt 0.281307 0.312565
vt 0.452228 0.927282
vt 0.462784 0.937236
vt 0.452666 0.933302
vt 0.460011 0.943846
vt 0.454642 0.949534
vt 0.959589 0.417232
vt 0.734000 0.205722
vt 0.976398 0.368149
vt 0.463595 0.920556
vt 0.436952 0.965859
vt 0.697399 0.214599
vt 0.739270 0.198374
vt 0.319485 0.946329
vt 0.433378 0.948643
vt 0.431723 0.966354
vt 0.736416 0.190272
vt 0.284262 0.541314
vt 0.325943 0.926225
vt 0.965499 0.362153
vt 0.294611 0.577951
vt 0.437391 0.939637
vt 0.359785 0.308868
vt 0.364735 0.299735
vt 0.444437 0.919702
vt 0.461629 0.916306
vt 0.761972 0.172205
vt 0.312478 0.941972
vt 0.440075 0.936527
vt 0.296952 0.529851
vt 0.974265 0.360741
vt 0.614599 0.953351
vt 0.620628 0.957866
vt 0.617681 0.963152
vt 0.623330 0.967528
vt 0.616250 0.971173
vt 0.710090 0.218998
vt 0.979411 0.358921
vt 0.438067 0.921623
vt 0.628818 0.972113
vt 0.633966 0.964543
vt 0.629052 0.963321
vt 0.718912 0.219441
vt 0.635424 0.973763
vt 0.641584 0.965800
vt 0.302927 0.593530
vt 0.465728 0.909129
vt 0.288789 0.540099
vt 0.293422 0.536211
vt 0.625756 0.955252
vt 0.620703 0.950906
vt 0.606694 0.952856
vt 0.366647 0.314884
vt 0.362877 0.311309
vt 0.376038 0.305869
vt 0.374205 0.302766
vt 0.376936 0.290273
vt 0.707980 0.226903
vt 0.649790 0.952424
vt 0.644921 0.967674
vt 0.692381 0.216308
vt 0.689132 0.230884
vt 0.752268 0.211947
vt 0.645494 0.957976
vt 0.374914 0.299783
vt 0.834179 0.907086
vt 0.830274 0.901933
vt 0.836222 0.902534
vt 0.832610 0.898509
vt 0.496750 0.329790
vt 0.495873 0.360777
vt 0.489852 0.332363
vt 0.501073 0.349822
vt 0.656693 0.959296
vt 0.621942 0.945574
vt 0.616085 0.946316
vt 0.817667 0.912630
vt 0.828006 0.917369
vt 0.824480 0.933003
vt 0.483090 0.386443
vt 0.477162 0.376834
vt 0.483484 0.332665
vt 0.637252 0.955636
vt 0.837703 0.910673
vt 0.840457 0.907719
vt 0.731332 0.221537
vt 0.733321 0.212945
vt 0.763128 0.190032
vt 0.437156 0.910709
vt 0.433068 0.915268
vt 0.830715 0.919714
vt 0.618096 0.934873
vt 0.842320 0.918841
vt 0.847854 0.897193
vt 0.746264 0.213382
vt 0.637273 0.944102
vt 0.373119 0.313742
vt 0.490005 0.367026
vt 0.468561 0.901580
vt 0.383417 0.320192
vt 0.383386 0.310045
vt 0.392794 0.288441
vt 0.499084 0.383338
vt 0.654853 0.941484
vt 0.648273 0.941843
vt 0.624933 0.936558
vt 0.610766 0.936959
vt 0.730082 0.226505
vt 0.826254 0.933924
vt 0.757130 0.220347
vt 0.827957 0.934877
vt 0.480382 0.169377
vt 0.506202 0.168860
vt 0.506886 0.176200
vt 0.845331 0.893809
vt 0.848442 0.910041
vt 0.660246 0.950724
vt 0.633384 0.935714
vt 0.392255 0.285167
vt 0.834790 0.935032
vt 0.848014 0.930356
vt 0.846764 0.920069
vt 0.854479 0.924341
vt 0.407285 0.288007
vt 0.478053 0.417583
vt 0.394149 0.293806
vt 0.735114 0.233241
vt 0.408365 0.293464
vt 0.852508 0.915720
vt 0.496329 0.157549
vt 0.526684 0.163045
vt 0.476802 0.161821
vt 0.473187 0.174260
vt 0.856093 0.897982
vt 0.855257 0.894504
vt 0.865177 0.920483
vt 0.446648 0.167730
vt 0.448453 0.162363
vt 0.491517 0.398285
vt 0.649078 0.920233
vt 0.862897 0.929359
vt 0.493922 0.180522
vt 0.665105 0.929947
vt 0.628893 0.925443
vt 0.486405 0.422822
vt 0.623890 0.925806
vt 0.864580 0.934802
vt 0.643018 0.926410
vt 0.010194 0.831438
vt 0.010029 0.819429
vt 0.012037 0.827748
vt 0.006097 0.827523
vt 0.863858 0.913979
vt 0.646809 0.919931
vt 0.015670 0.826525
vt 0.843779 0.942717
vt 0.666131 0.956183
vt 0.850888 0.935973
vt 0.662458 0.374094
vt 0.675942 0.405586
vt 0.664370 0.403005
vt 0.023161 0.823952
vt 0.819870 0.942903
vt 0.879828 0.925738
vt 0.885660 0.924351
vt 0.889217 0.934952
vt 0.876839 0.930384
vt 0.868617 0.921259
vt 0.447949 0.173668
vt 0.500489 0.422670
vt 0.492727 0.433818
vt 0.022110 0.834231
vt 0.409147 0.284460
vt 0.886227 0.915832
vt 0.857269 0.680550
vt 0.409181 0.308383
vt 0.407407 0.313115
vt 0.398541 0.308700
vt 0.148647 0.954638
vt 0.142597 0.946694
vt 0.152895 0.953775
vt 0.881825 0.898224
vt 0.883969 0.896533
vt 0.471954 0.152733
vt 0.451639 0.156663
vt 0.656802 0.403047
vt 0.654468 0.369515
vt 0.162220 0.949912
vt 0.175420 0.945126
vt 0.155650 0.959738
vt 0.836335 0.670616
vt 0.415873 0.298402
vt 0.892946 0.926435
vt 0.849618 0.663630
vt 0.481976 0.458003
vt 0.645587 0.904083
vt 0.861749 0.688802
vt 0.453469 0.179836
vt 0.639636 0.910808
vt 0.030591 0.833615
vt 0.892920 0.912725
vt 0.836983 0.707331
vt 0.682915 0.411639
vt 0.411694 0.159217
vt 0.636056 0.330446
vt 0.633411 0.306893
vt 0.643188 0.345618
vt 0.033887 0.865840
vt 0.006581 0.888926
vt 0.032446 0.859682
vt 0.651078 0.386924
vt 0.179281 0.946519
vt 0.851123 0.709134
vt 0.825202 0.672667
vt 0.159332 0.960583
vt 0.179556 0.966502
vt 0.182613 0.962554
vt 0.183398 0.972473
vt 0.831379 0.694921
vt 0.415838 0.301597
vt 0.172449 0.959048
vt 0.187639 0.959731
vt 0.173264 0.971242
vt 0.891122 0.901364
vt 0.647347 0.355327
vt 0.143174 0.968222
vt 0.145852 0.953784
vt 0.146590 0.981976
vt 0.646118 0.384862
vt 0.859371 0.701046
vt 0.498372 0.449138
vt 0.639034 0.360276
vt 0.176647 0.979458
vt 0.657125 0.354090
vt 0.038016 0.845664
vt 0.049981 0.856723
vt 0.026104 0.849871
vt 0.153066 0.968439
vt 0.427974 0.286574
vt 0.426774 0.281604
vt 0.164759 0.979494
vt 0.043854 0.868070
vt 0.447267 0.283537
vt 0.172291 0.984757
vt 0.894571 0.893879
vt 0.050646 0.871968
vt 0.045032 0.875808
vt 0.056689 0.848250
vt 0.065596 0.842010
vt 0.067116 0.853462
vt 0.060160 0.877432
vt 0.060503 0.868549
vt 0.073159 0.858837
vt 0.067949 0.888544
vt 0.059419 0.887909
vt 0.074288 0.872517
vt 0.075947 0.849926
vt 0.085378 0.879523
vt 0.084419 0.864165
vt 0.086742 0.849434
vt 0.094340 0.863267
vt 0.095306 0.853755
vt 0.093956 0.856592
vt 0.096277 0.858439
vt 0.095340 0.851843
vt 0.491609 0.462772
vt 0.649351 0.408060
vt 0.839221 0.710194
vt 0.386307 0.163054
vt 0.421267 0.170901
vt 0.856282 0.719106
vt 0.876429 0.681526
vt 0.867281 0.695377
vt 0.394936 0.170915
vt 0.486482 0.474975
vt 0.866293 0.708467
vt 0.873527 0.669718
vt 0.641678 0.392270
vt 0.839901 0.722268
vt 0.838435 0.711936
vt 0.754534 0.747007
vt 0.762588 0.726343
vt 0.765272 0.739261
vt 0.836106 0.657202
vt 0.828823 0.699530
vt 0.783300 0.738118
vt 0.785202 0.727931
vt 0.836568 0.713290
vt 0.436136 0.182346
vt 0.851249 0.723195
vt 0.496652 0.477201
vt 0.879338 0.700507
vt 0.396046 0.158862
vt 0.398643 0.179628
vt 0.796692 0.736087
vt 0.798247 0.720185
vt 0.803778 0.736574
vt 0.641058 0.420130
vt 0.829992 0.721616
vt 0.754065 0.770538
vt 0.745600 0.781305
vt 0.746518 0.759410
vt 0.041915 0.784021
vt 0.031959 0.790363
vt 0.053191 0.737608
vt 0.778818 0.746598
vt 0.059593 0.748552
vt 0.061195 0.722184
vt 0.836626 0.729793
vt 0.849050 0.731869
vt 0.769511 0.752959
vt 0.488195 0.512661
vt 0.069642 0.716273
vt 0.038586 0.763674
vt 0.759536 0.762075
vt 0.425068 0.531209
vt 0.022533 0.791933
vt 0.827223 0.732121
vt 0.401483 0.536685
vt 0.403104 0.530571
vt 0.401867 0.551360
vt 0.840186 0.612375
vt 0.860476 0.619201
vt 0.495407 0.514754
vt 0.631647 0.433152
vt 0.869549 0.718529
vt 0.400231 0.544487
vt 0.398826 0.576303
vt 0.392999 0.562859
vt 0.394877 0.582010
vt 0.042288 0.737505
vt 0.088096 0.693186
vt 0.389630 0.566800
vt 0.391708 0.571829
vt 0.856225 0.624385
vt 0.095242 0.599440
vt 0.096220 0.612821
vt 0.083743 0.628412
vt 0.802572 0.751137
vt 0.084816 0.708058
vt 0.081225 0.722539
vt 0.865103 0.952151
vt 0.858511 0.952034
vt 0.859913 0.948647
vt 0.861582 0.955069
vt 0.860967 0.959709
vt 0.843044 0.948563
vt 0.074905 0.680047
vt 0.866987 0.731262
vt 0.841678 0.986016
vt 0.821537 0.967352
vt 0.837532 0.948354
vt 0.412287 0.510067
vt 0.409765 0.513995
vt 0.400705 0.512908
vt 0.400153 0.523181
vt 0.390804 0.559389
vt 0.843442 0.604302
vt 0.830955 0.601598
vt 0.088059 0.601850
vt 0.087732 0.642564
vt 0.060759 0.702569
vt 0.871379 0.952531
vt 0.853455 0.942523
vt 0.856608 0.936432
vt 0.399737 0.510508
vt 0.397680 0.534995
vt 0.396838 0.539617
vt 0.385151 0.582702
vt 0.881237 0.643190
vt 0.876279 0.649007
vt 0.761515 0.781815
vt 0.794355 0.751948
vt 0.861022 0.594173
vt 0.869083 0.966271
vt 0.876848 0.960634
vt 0.393626 0.513056
vt 0.862899 0.614212
vt 0.859280 0.604321
vt 0.830657 0.740140
vt 0.879031 0.718634
vt 0.869334 0.628681
vt 0.877843 0.593542
vt 0.873048 0.602336
vt 0.868528 0.599425
vt 0.032652 0.748584
vt 0.824004 0.750331
vt 0.045753 0.794216
vt 0.078329 0.734486
vt 0.395946 0.527369
vt 0.387497 0.560901
vt 0.895522 0.658090
vt 0.883269 0.656743
vt 0.863527 0.583907
vt 0.070653 0.647231
vt 0.844350 0.737949
vt 0.756439 0.795763
vt 0.770471 0.770408
vt 0.385239 0.569229
vt 0.629947 0.442002
vt 0.881477 0.601409
vt 0.885447 0.587363
vt 0.077479 0.614536
vt 0.775624 0.760980
vt 0.783947 0.757769
vt 0.860037 0.983484
vt 0.390419 0.535962
vt 0.392539 0.549269
vt 0.372824 0.596279
vt 0.536876 0.958098
vt 0.542586 0.942821
vt 0.545697 0.946943
vt 0.881652 0.581423
vt 0.071839 0.667951
vt 0.862509 0.741824
vt 0.053640 0.784367
vt 0.070614 0.747959
vt 0.061330 0.781189
vt 0.887241 0.948200
vt 0.388719 0.551114
vt 0.538978 0.960952
vt 0.551006 0.977913
vt 0.555546 0.968617
vt 0.556431 0.968317
vt 0.875383 0.589134
vt 0.767606 0.792136
vt 0.870286 0.613918
vt 0.006366 0.797456
vt 0.020802 0.805550
vt 0.005481 0.799139
vt 0.016268 0.787591
vt 0.872331 0.974075
vt 0.876785 0.627974
vt 0.782984 0.806570
vt 0.766188 0.806598
vt 0.774282 0.799400
vt 0.380291 0.575219
vt 0.890387 0.640710
vt 0.010378 0.809235
vt 0.018025 0.810756
vt 0.429201 0.589815
vt 0.045921 0.713495
vt 0.882990 0.961439
vt 0.024859 0.751367
vt 0.787044 0.820252
vt 0.793544 0.818072
vt 0.796800 0.830076
vt 0.148194 0.396302
vt 0.141796 0.397890
vt 0.155487 0.354496
vt 0.883424 0.635481
vt 0.163631 0.343455
vt 0.881689 0.942113
vt 0.984643 0.480351
vt 0.992902 0.464018
vt 0.990743 0.503337
vt 0.064910 0.645037
vt 0.802608 0.822457
vt 0.874174 0.623747
vt 0.870594 0.585224
vt 0.789940 0.809353
vt 0.388923 0.501130
vt 0.382289 0.516826
vt 0.985855 0.495398
vt 0.033960 0.721823
vt 0.773061 0.782456
vt 0.387669 0.541032
vt 0.995000 0.479571
vt 0.057238 0.692093
vt 0.170178 0.336648
vt 0.155011 0.343905
vt 0.424937 0.916528
vt 0.420219 0.912425
vt 0.425282 0.903073
vt 0.385403 0.529251
vt 0.027389 0.810401
vt 0.023141 0.799112
vt 0.028341 0.803773
vt 0.878296 0.576420
vt 0.789457 0.802201
vt 0.875343 0.985039
vt 0.429003 0.910841
vt 0.410998 0.904592
vt 0.045869 0.693522
vt 0.025594 0.730978
vt 0.013014 0.769395
vt 0.801835 0.760579
vt 0.009120 0.762792
vt 0.024233 0.722042
vt 0.160855 0.338960
vt 0.383117 0.527923
vt 0.869789 0.579389
vt 0.782706 0.788521
vt 0.782883 0.775077
vt 0.420327 0.895662
vt 0.886463 0.632962
vt 0.023206 0.820703
vt 0.015518 0.780245
vt 0.790251 0.766311
vt 0.797851 0.810563
vt 0.802966 0.815533
vt 0.794845 0.773465
vt 0.805010 0.813940
vt 0.803793 0.768594
vt 0.795078 0.782879
vt 0.796323 0.787541
vt 0.799771 0.805371
vt 0.798533 0.780762
vt 0.100467 0.286021
vt 0.110611 0.292885
vt 0.112872 0.295710
vt 0.460537 0.884943
vt 0.469073 0.887010
vt 0.465925 0.889041
vt 0.458384 0.890518
vt 0.468600 0.890841
vt 0.460087 0.896770
vt 0.125030 0.301129
vt 0.120424 0.291954
vt 0.141908 0.303697
vt 0.441678 0.886728
vt 0.441430 0.894345
vt 0.438268 0.906795
vt 0.381749 0.549393
vt 0.030131 0.798667
vt 0.146120 0.296785
vt 0.872004 0.579209
vt 0.870300 0.569048
vt 0.039821 0.803306
vt 0.411198 0.899745
vt 0.405337 0.908332
vt 0.391030 0.920095
vt 0.056235 0.677602
vt 0.157413 0.326331
vt 0.151920 0.328197
vt 0.156058 0.313958
vt 0.400822 0.903936
vt 0.382989 0.534082
vt 0.381087 0.566516
vt 0.056477 0.829715
vt 0.047844 0.832595
vt 0.069534 0.817272
vt 0.050517 0.824601
vt 0.068506 0.810819
vt 0.277425 0.981688
vt 0.281157 0.967065
vt 0.301872 0.954757
vt 0.140508 0.290547
vt 0.043683 0.805927
vt 0.087322 0.809372
vt 0.299022 0.985500
vt 0.289690 0.987516
vt 0.301871 0.976808
vt 0.166230 0.305221
vt 0.994233 0.509875
vt 0.052810 0.667217
vt 0.285890 0.980520
vt 0.303171 0.962107
vt 0.029795 0.710167
vt 0.408066 0.893993
vt 0.184276 0.333531
vt 0.371646 0.509810
vt 0.041641 0.688523
vt 0.178670 0.294409
vt 0.402978 0.888554
vt 0.379053 0.537386
vt 0.380216 0.548324
vt 0.380159 0.560135
vt 0.311008 0.964086
vt 0.379952 0.548006
vt 0.379802 0.548522
vt 0.379947 0.548452
vt 0.380108 0.549271
vt 0.380046 0.548472
vt 0.309807 0.976981
vt 0.306123 0.987024
vt 0.189031 0.323777
vt 0.105296 0.800138
vt 0.193216 0.306636
vt 0.048349 0.662314
vt 0.037619 0.688554
vt 0.216473 0.323734
vt 0.395881 0.882559
vt 0.400946 0.881926
vt 0.061812 0.804069
vt 0.273933 0.298120
vt 0.275084 0.303574
vt 0.268432 0.301198
vt 0.196906 0.275081
vt 0.193840 0.271709
vt 0.219213 0.262790
vt 0.315273 0.982623
vt 0.273070 0.311503
vt 0.544608 0.973823
vt 0.201921 0.315339
vt 0.242222 0.265676
vt 0.270812 0.263919
vt 0.280680 0.283178
vt 0.274680 0.282523
vt 0.269062 0.290483
vt 0.222271 0.320827
vt 0.537806 0.984584
vt 0.216193 0.319833
vt 0.199369 0.295007
vt 0.216246 0.289987
vt 0.254231 0.270907
vt 0.261677 0.308620
vt 0.042041 0.670473
vt 0.194214 0.280447
vt 0.227836 0.314367
vt 0.249252 0.319137
vt 0.240707 0.319554
vt 0.314013 0.958777
vt 0.207940 0.275485
vt 0.231097 0.279436
vt 0.236661 0.273944
vt 0.215842 0.306023
vt 0.233404 0.316141
vt 0.211157 0.300885
vt 0.213137 0.296669
vt 0.263905 0.291664
vt 0.216601 0.299417
vt 0.259640 0.307744
vt 0.256193 0.277343
vt 0.231248 0.284965
vt 0.228179 0.309301
vt 0.257626 0.300117
vt 0.255073 0.289557
vt 0.221077 0.300327
vt 0.228197 0.296972
vt 0.252256 0.296513
vt 0.232366 0.303766
vt 0.243549 0.306778
vt 0.244253 0.290357
vt 0.251754 0.300556
vt 0.235051 0.289300
vt 0.246872 0.295248
vt 0.244607 0.300969
vt 0.240840 0.296295
vt 0.242031 0.298598
vt 0.000000 0.000000
vt 1.000000 0.000000
vt 1.000000 1.000000
vt 0.000000 1.000000
s 1
usemtl Material.001
f 3/1/1 5/2/2 4/3/3
f 4/3/3 1/4/4 3/1/1
f 3/1/1 1/4/4 7/5/5
f 5/6/6 3/7/7 10/8/8
f 8/9/9 5/6/6 10/8/8
f 1/4/10 4/3/11 11/10/12
f 7/5/13 1/4/14 13/11/15
f 13/11/15 1/4/14 11/10/16
f 12/12/17 5/2/18 8/13/19
f 11/10/12 4/3/11 14/14/20
f 4/3/21 5/2/18 12/12/17
f 10/8/22 3/7/23 15/15/24
f 3/7/25 7/16/26 15/15/27
f 24/17/28 7/5/13 13/11/15
f 4/3/21 12/12/17 16/18/29
f 12/12/17 8/13/19 21/19/30
f 14/14/31 4/3/21 16/18/29
f 19/20/32 13/11/15 11/10/16
f 8/13/19 17/21/33 21/19/30
f 17/22/34 8/9/35 18/23/36
f 8/9/35 10/8/37 18/23/36
f 10/8/22 15/15/24 20/24/38
f 15/15/27 7/16/26 24/25/39
f 24/17/28 13/11/15 22/26/40
f 12/12/41 21/19/42 28/27/43
f 16/18/44 25/28/45 14/14/46
f 16/18/47 12/12/47 27/29/47
f 18/23/36 10/8/37 20/24/48
f 11/10/49 14/14/46 30/30/50
f 27/29/51 12/12/41 28/27/43
f 29/31/52 20/24/53 15/15/54
f 38/32/55 13/11/56 19/20/57
f 17/22/58 18/23/59 36/33/60
f 29/31/52 15/15/54 26/34/61
f 30/30/50 14/14/46 25/28/45
f 15/15/27 24/25/39 23/35/62
f 22/26/63 13/11/56 38/32/55
f 26/34/64 15/15/27 23/35/62
f 23/35/65 24/25/66 22/36/67
f 38/32/68 19/20/69 32/37/70
f 17/21/58 36/38/60 21/19/71
f 36/33/60 18/23/59 33/39/72
f 25/28/73 16/18/74 34/40/75
f 16/18/74 27/29/76 34/40/75
f 33/39/77 18/23/78 42/41/79
f 32/37/70 19/20/69 11/10/80
f 11/10/80 30/30/81 37/42/82
f 40/43/83 21/19/71 36/38/60
f 18/23/78 20/24/84 42/41/79
f 32/37/70 11/10/80 37/42/82
f 47/44/85 27/29/86 28/27/87
f 42/41/79 20/24/84 29/31/88
f 22/26/63 38/32/55 35/45/89
f 47/44/85 34/40/90 27/29/86
f 28/27/91 21/19/71 40/43/83
f 41/46/92 33/39/93 42/41/94
f 33/39/93 41/46/92 36/33/95
f 46/47/96 34/40/90 47/44/85
f 28/27/97 40/43/98 47/44/85
f 48/48/99 23/35/65 22/36/67
f 30/30/100 25/28/101 45/49/102
f 49/50/103 36/33/104 43/51/105
f 53/52/106 29/31/107 26/34/108
f 35/45/89 38/32/55 52/53/109
f 45/49/110 34/40/90 46/47/96
f 49/50/103 40/54/111 36/33/104
f 53/52/106 26/34/108 51/55/112
f 25/28/101 34/40/113 45/49/102
f 36/33/95 41/46/92 43/51/114
f 29/31/115 53/52/115 42/41/115
f 26/34/116 23/35/117 48/48/118
f 48/48/99 22/36/67 44/56/119
f 37/42/120 30/30/100 56/57/121
f 51/55/122 26/34/116 48/48/118
f 44/56/119 22/36/67 35/58/123
f 46/47/96 47/44/85 58/59/124
f 56/57/121 30/30/100 45/49/102
f 47/44/85 40/43/98 58/59/124
f 52/53/125 38/32/126 32/37/127
f 32/37/127 37/42/128 56/57/129
f 45/49/130 46/47/131 57/60/132
f 53/52/106 51/55/112 54/61/133
f 52/53/125 32/37/127 62/62/134
f 58/63/135 40/54/136 49/50/137
f 41/46/138 42/41/139 59/64/140
f 44/56/141 35/58/142 52/65/143
f 61/66/144 56/57/121 45/49/102
f 48/48/145 44/56/146 60/67/147
f 44/56/141 52/65/143 65/68/148
f 32/37/127 56/57/129 62/62/134
f 59/64/140 42/41/139 53/52/149
f 51/55/150 48/48/150 60/67/150
f 45/49/130 57/60/132 61/66/151
f 60/67/147 44/56/146 65/68/152
f 65/68/148 52/65/143 55/69/153
f 46/47/154 58/59/155 57/60/156
f 53/52/149 54/61/157 59/64/140
f 43/51/158 41/46/159 59/64/160
f 62/70/161 55/69/162 52/65/163
f 63/71/164 56/57/165 61/66/166
f 56/57/165 63/71/164 62/62/167
f 66/72/168 58/63/135 49/50/137
f 54/61/169 51/55/170 67/73/171
f 59/64/140 54/61/157 68/74/172
f 51/55/173 60/67/173 67/73/173
f 57/60/174 64/75/175 61/66/176
f 57/60/156 58/59/155 66/76/177
f 49/50/178 43/51/179 70/77/180
f 66/72/181 49/50/178 70/77/180
f 60/67/182 65/68/183 67/73/184
f 65/68/183 55/69/185 69/78/186
f 76/79/187 55/69/162 62/70/161
f 68/74/188 54/61/169 67/73/171
f 65/68/183 69/78/186 67/73/184
f 76/79/187 62/70/161 63/80/189
f 70/77/190 43/51/158 71/81/191
f 43/51/158 59/64/160 71/81/191
f 71/81/191 59/64/160 68/74/192
f 72/82/193 68/74/188 67/73/171
f 55/69/185 76/79/194 69/78/186
f 63/71/195 61/66/176 64/75/175
f 74/83/196 63/71/195 64/75/175
f 67/73/197 69/78/198 72/82/199
f 57/60/200 66/76/201 79/84/202
f 79/85/203 66/72/203 70/77/203
f 64/75/204 57/60/200 79/84/202
f 68/74/205 72/82/206 71/81/207
f 77/86/208 72/82/199 69/78/198
f 69/78/198 76/79/209 77/86/208
f 76/79/210 63/80/211 74/87/212
f 74/83/213 64/75/213 79/84/213
f 77/86/214 74/87/215 79/85/216
f 70/77/217 71/81/218 79/85/216
f 79/85/216 71/81/218 77/86/214
f 71/81/207 72/82/206 77/86/219
f 76/79/210 74/87/212 77/86/220
f 846/88/221 1939/89/222 82/90/223
f 82/90/224 2570/91/224 83/92/224
f 83/92/225 85/93/226 84/94/227
f 85/95/228 83/92/228 883/96/228
f 83/92/229 2570/91/230 883/96/231
f 2570/91/232 82/90/223 1939/89/222
f 4241/97/233 89/98/234 90/99/235
f 90/99/236 89/98/236 91/100/236
f 90/99/235 4235/101/237 4241/97/233
f 93/102/238 4235/101/237 90/99/235
f 4259/103/239 89/98/240 4241/97/241
f 103/104/242 174/105/243 104/106/244
f 106/107/245 109/108/246 107/109/247
f 111/110/248 106/107/248 110/111/248
f 106/107/245 107/109/247 110/111/249
f 113/112/250 107/109/250 109/108/250
f 109/108/251 106/107/251 166/113/251
f 106/107/252 111/110/252 166/113/252
f 166/113/253 111/110/253 105/114/253
f 105/114/254 111/110/254 112/115/254
f 111/110/255 110/111/255 162/116/255
f 166/113/256 105/114/256 170/117/256
f 115/118/257 116/119/257 157/120/257
f 115/118/258 118/121/259 117/122/260
f 117/122/260 118/121/259 114/123/261
f 120/124/262 119/125/263 123/126/264
f 119/125/265 120/124/266 121/127/267
f 122/128/268 121/127/267 120/124/266
f 114/123/269 125/129/269 124/130/269
f 128/131/270 126/132/270 127/133/270
f 128/134/271 127/135/271 129/136/271
f 127/133/272 126/132/272 130/137/272
f 131/138/273 128/134/274 129/136/275
f 132/139/276 130/137/277 126/132/278
f 129/136/279 127/135/279 133/140/279
f 127/135/280 130/141/280 134/142/280
f 126/132/281 128/131/282 132/139/283
f 132/139/283 128/131/282 131/143/284
f 131/138/273 129/136/275 136/144/285
f 133/140/286 127/135/286 134/142/286
f 137/145/287 130/137/288 135/146/289
f 130/137/277 132/139/276 135/146/290
f 135/146/291 132/139/292 138/147/293
f 131/143/294 136/148/294 140/149/294
f 142/150/295 136/144/296 129/136/297
f 134/142/298 130/141/298 137/151/298
f 142/150/295 129/136/297 141/152/299
f 141/152/300 129/136/300 133/140/300
f 131/143/301 140/149/302 132/139/303
f 148/153/304 135/146/291 138/147/293
f 143/154/305 137/145/306 148/153/307
f 137/145/287 135/146/289 148/153/308
f 134/142/309 137/151/310 133/140/311
f 132/139/303 140/149/302 147/155/312
f 140/149/313 136/148/314 142/156/315
f 137/151/316 143/157/317 144/158/318
f 185/159/319 142/150/320 141/152/321
f 138/147/322 132/139/303 147/155/312
f 151/160/323 146/161/323 145/162/323
f 123/126/324 124/163/324 120/124/324
f 124/130/325 123/164/326 154/165/327
f 119/125/328 145/162/328 146/161/328
f 151/166/329 144/167/330 146/168/331
f 160/169/332 116/119/332 115/118/332
f 117/122/333 114/123/333 150/170/333
f 114/123/334 124/130/325 154/165/327
f 143/154/305 148/153/307 159/171/335
f 121/127/336 171/172/337 149/173/338
f 171/172/339 121/127/340 122/128/341
f 124/130/342 125/129/342 167/174/342
f 152/175/343 125/129/344 114/123/345
f 158/176/346 116/119/347 153/177/348
f 153/177/349 116/119/349 160/169/349
f 154/165/327 123/164/326 173/178/350
f 140/149/313 142/156/315 184/179/351
f 133/140/311 137/151/310 144/158/352
f 145/162/353 119/125/353 121/127/353
f 152/175/343 114/123/345 118/121/354
f 118/121/355 115/118/356 156/180/357
f 157/120/358 116/119/358 163/181/358
f 144/158/318 143/157/317 194/182/359
f 143/154/360 159/171/360 194/183/360
f 145/162/361 155/184/362 161/185/363
f 149/173/364 171/172/365 174/105/366
f 104/106/367 174/105/366 171/172/365
f 156/180/357 115/118/356 157/120/368
f 115/118/369 117/122/369 160/169/369
f 141/152/370 133/140/371 151/186/372
f 151/160/373 145/162/373 161/185/373
f 155/184/374 145/162/374 121/127/374
f 107/109/375 113/112/376 165/187/377
f 112/115/378 111/110/379 104/188/367
f 168/189/380 118/190/380 156/191/380
f 163/181/381 116/119/347 158/176/346
f 114/123/334 154/165/327 150/170/382
f 178/192/383 159/171/335 148/153/307
f 147/155/384 140/149/385 184/179/386
f 184/193/387 142/150/320 185/159/319
f 133/140/371 144/158/388 151/186/372
f 162/116/389 110/111/389 164/194/389
f 110/111/390 107/109/390 164/194/390
f 109/195/391 166/196/391 182/197/391
f 112/115/378 104/188/367 171/198/365
f 152/175/392 118/121/393 168/199/394
f 123/126/264 119/125/263 146/161/395
f 111/110/396 103/200/396 104/188/396
f 166/196/397 193/201/397 182/197/397
f 153/177/398 160/169/398 172/202/398
f 185/159/319 141/152/321 151/186/399
f 174/105/243 103/104/242 179/203/400
f 103/200/401 111/110/401 162/116/401
f 107/109/375 165/187/377 164/194/402
f 166/113/403 170/117/403 177/204/403
f 150/170/404 154/165/405 180/205/406
f 123/126/407 146/161/408 4006/206/409
f 175/207/410 113/208/411 181/209/412
f 193/201/413 166/196/414 177/210/415
f 120/124/416 124/163/416 167/211/416
f 193/201/417 125/129/417 152/175/417
f 156/180/418 157/120/419 183/212/420
f 157/120/421 163/181/421 183/212/421
f 160/169/422 117/122/423 172/202/424
f 155/184/362 121/127/336 149/173/338
f 187/213/425 188/214/426 186/215/427
f 188/216/428 187/217/429 189/218/430
f 189/218/430 187/213/431 174/105/243
f 187/213/425 186/215/427 174/105/432
f 182/197/433 113/208/433 109/195/433
f 105/114/434 112/115/435 170/117/436
f 152/175/392 168/199/394 3992/219/437
f 158/176/438 153/177/438 191/220/438
f 117/122/423 150/170/404 180/205/406
f 192/221/439 138/147/322 147/155/312
f 174/105/440 186/215/440 149/173/440
f 186/215/441 188/216/441 149/173/441
f 188/216/428 189/218/430 149/173/442
f 149/173/442 189/218/430 179/203/400
f 179/203/400 189/218/430 174/105/243
f 165/187/443 113/112/411 175/222/410
f 181/209/412 113/208/411 182/197/444
f 167/174/445 125/129/446 193/201/447
f 182/197/448 193/201/449 152/175/392
f 172/202/424 117/122/423 180/205/406
f 173/223/450 123/126/407 4006/206/409
f 3987/224/451 103/104/452 162/225/453
f 177/226/454 196/227/455 195/228/456
f 195/229/457 196/230/457 197/231/457
f 196/227/455 177/226/454 197/231/458
f 177/226/459 181/209/459 197/231/459
f 197/231/460 181/209/460 182/197/460
f 177/226/461 195/228/461 198/232/461
f 195/229/462 197/231/462 198/232/462
f 197/231/463 182/197/463 198/232/463
f 177/226/464 198/232/464 182/197/464
f 180/205/406 154/165/405 199/233/465
f 146/168/331 144/167/330 4006/234/466
f 102/235/467 144/236/318 194/237/359
f 159/171/335 178/192/383 194/183/468
f 178/192/469 148/153/304 4041/238/470
f 151/160/471 161/185/471 185/239/471
f 161/185/363 155/184/362 149/173/338
f 149/173/442 179/203/400 185/239/472
f 3993/240/473 179/203/474 103/104/452
f 3993/240/473 103/104/452 3987/224/451
f 297/241/475 311/242/476 259/243/477
f 206/244/478 205/245/478 207/246/478
f 216/247/479 209/248/480 270/249/481
f 209/248/480 210/250/482 270/249/481
f 213/251/483 212/252/483 262/253/483
f 212/252/484 211/254/484 214/255/484
f 209/248/485 212/252/486 213/251/487
f 262/253/488 212/252/489 214/255/490
f 216/247/491 211/254/491 209/248/491
f 211/254/492 212/252/492 209/248/492
f 213/251/493 262/253/494 217/256/495
f 211/254/496 208/257/497 214/255/498
f 220/258/499 227/259/500 233/260/501
f 227/259/502 225/261/502 229/262/502
f 225/261/503 222/263/504 229/262/505
f 222/263/506 225/261/506 224/264/506
f 225/261/507 227/259/500 228/265/508
f 228/265/509 220/258/510 221/266/511
f 220/258/510 219/267/512 221/266/511
f 222/268/513 226/269/514 230/270/515
f 227/259/500 220/258/499 228/265/508
f 235/271/516 226/272/514 222/263/513
f 227/259/517 229/262/517 231/273/517
f 230/274/518 226/272/518 250/275/518
f 219/267/519 220/258/499 233/260/501
f 227/259/500 231/273/520 233/260/501
f 218/276/521 234/277/522 243/278/523
f 221/266/511 219/267/512 242/279/524
f 232/280/525 219/267/519 233/260/501
f 233/260/501 231/273/520 236/281/526
f 222/268/504 230/270/527 229/282/505
f 237/283/528 230/270/528 238/284/528
f 230/270/529 239/285/530 238/284/531
f 239/285/530 240/286/532 238/284/531
f 239/285/533 230/270/534 241/287/535
f 241/288/535 230/289/534 218/276/536
f 226/272/537 235/271/537 250/275/537
f 222/263/513 224/264/538 235/271/516
f 238/284/539 240/290/540 237/283/541
f 240/290/540 239/291/542 237/283/541
f 239/291/542 241/287/535 237/283/541
f 241/288/535 218/276/536 237/292/541
f 218/293/536 230/274/534 250/275/543
f 225/261/544 228/265/544 247/294/544
f 228/265/545 221/266/545 247/294/545
f 242/279/546 219/267/547 244/295/548
f 219/267/547 232/280/549 244/295/548
f 232/280/525 233/260/501 245/296/550
f 249/297/551 243/298/552 246/299/553
f 248/300/554 245/296/550 233/260/501
f 229/282/505 230/270/527 254/301/555
f 237/292/556 218/276/521 243/278/523
f 235/271/557 253/302/558 250/275/559
f 224/264/560 225/261/561 251/303/562
f 242/304/563 255/305/564 221/306/565
f 231/273/520 229/262/505 236/281/526
f 254/301/555 230/270/527 237/283/566
f 255/305/564 242/304/563 244/307/567
f 232/280/568 245/296/569 244/295/570
f 236/308/526 229/282/505 254/301/555
f 243/298/552 249/297/551 237/309/571
f 251/303/572 225/261/573 247/294/574
f 244/295/570 245/296/569 257/310/575
f 233/260/501 236/281/526 248/300/554
f 277/311/576 249/297/577 246/299/578
f 218/293/536 250/275/543 260/312/579
f 263/313/580 235/271/516 224/264/538
f 221/306/565 255/305/564 256/314/581
f 257/310/582 245/296/582 248/300/582
f 262/253/488 214/255/490 281/315/583
f 266/316/584 246/317/584 243/278/584
f 260/312/579 250/275/543 253/302/585
f 247/318/586 221/306/565 256/314/581
f 297/319/587 277/320/588 265/321/589
f 224/264/560 251/303/562 271/322/590
f 251/303/572 247/294/574 268/323/591
f 248/324/592 258/325/593 257/326/594
f 210/250/595 209/248/595 274/327/595
f 208/328/596 254/301/555 237/283/566
f 265/321/597 277/320/576 246/317/578
f 218/276/598 267/329/599 234/277/600
f 267/330/601 218/293/536 260/312/579
f 263/313/602 224/264/560 271/322/590
f 257/326/594 258/325/593 269/331/603
f 272/332/604 258/325/605 264/333/606
f 258/325/607 248/324/554 264/333/608
f 264/333/608 248/324/554 236/308/526
f 208/328/609 276/334/610 254/301/555
f 208/257/609 211/254/611 216/247/612
f 274/327/613 209/248/485 213/251/487
f 266/316/614 243/278/614 234/277/614
f 263/313/615 253/302/558 235/271/557
f 255/305/564 244/307/567 257/335/616
f 269/331/617 258/325/605 272/332/604
f 276/334/610 208/328/609 273/336/618
f 285/337/619 251/303/619 268/323/619
f 217/256/495 262/253/494 275/338/620
f 259/243/477 277/311/621 297/241/475
f 260/312/579 253/302/585 279/339/622
f 279/339/623 253/302/623 263/313/623
f 271/322/624 251/303/624 285/337/624
f 208/328/609 216/340/612 273/336/618
f 237/309/625 249/297/577 277/311/576
f 282/341/626 277/311/621 259/243/477
f 283/342/627 267/343/628 315/344/629
f 268/345/630 247/318/631 280/346/632
f 264/333/608 236/308/526 276/334/610
f 236/308/526 254/301/555 276/334/610
f 273/336/618 216/340/612 270/347/633
f 290/348/634 300/349/634 259/243/634
f 315/344/629 314/350/635 283/342/627
f 267/330/601 260/312/579 315/351/636
f 285/352/637 268/345/630 280/346/632
f 257/335/638 269/353/638 255/305/638
f 255/305/564 269/353/639 272/354/640
f 289/355/641 276/334/641 273/336/641
f 214/356/498 208/328/497 282/357/626
f 208/328/497 237/283/642 282/357/626
f 237/309/642 277/311/621 282/341/626
f 284/358/643 279/339/643 263/313/643
f 263/313/644 271/322/645 291/359/646
f 280/346/647 247/318/648 287/360/649
f 247/318/650 256/314/651 287/360/652
f 262/253/653 281/315/654 275/338/655
f 312/361/656 234/277/600 267/329/599
f 289/362/657 210/250/657 274/327/657
f 273/336/658 270/347/659 289/355/660
f 270/347/659 210/363/661 289/355/660
f 207/246/662 205/245/663 300/349/664
f 284/364/665 263/365/666 299/366/667
f 291/359/646 271/322/645 285/337/668
f 255/305/564 272/354/640 256/314/581
f 272/332/669 276/334/670 289/355/671
f 282/357/672 281/367/583 214/356/490
f 301/368/673 300/349/664 205/245/663
f 267/343/674 283/342/675 293/369/676
f 279/339/677 284/358/677 298/370/677
f 299/371/678 263/313/678 291/359/678
f 264/333/679 276/334/670 272/332/669
f 295/372/680 213/373/681 217/374/682
f 282/341/683 259/243/683 300/349/683
f 3622/375/684 205/245/685 206/244/686
f 207/246/687 300/349/687 290/348/687
f 296/376/688 203/377/688 204/378/688
f 203/377/689 311/379/689 297/319/689
f 266/316/690 234/277/691 312/361/692
f 291/380/693 285/352/637 280/346/632
f 282/341/694 300/349/664 301/368/673
f 301/368/695 205/245/685 3622/375/684
f 259/243/696 311/242/696 290/348/696
f 293/369/676 283/342/675 304/381/697
f 283/342/698 314/350/699 294/382/700
f 307/383/701 306/384/702 305/385/703
f 307/383/701 305/385/703 313/386/704
f 308/387/705 307/383/706 313/386/707
f 305/385/708 306/384/708 309/388/708
f 307/383/709 308/387/709 294/382/709
f 298/389/710 284/364/710 3646/390/710
f 284/364/665 299/366/667 310/391/711
f 287/360/652 256/314/651 288/392/712
f 256/314/581 272/354/640 288/392/713
f 274/393/714 213/373/714 295/372/714
f 311/379/715 203/377/716 296/376/717
f 267/329/718 293/394/719 321/395/720
f 293/394/719 304/396/721 321/395/720
f 307/383/722 294/382/700 306/384/723
f 3646/390/724 284/364/724 310/391/724
f 322/397/725 280/346/647 287/360/649
f 296/376/726 204/378/726 317/398/726
f 204/378/727 203/377/727 3628/399/727
f 304/381/697 283/342/675 294/382/728
f 291/380/693 280/346/632 322/397/729
f 288/400/713 272/332/640 289/355/730
f 275/401/655 281/367/654 316/402/731
f 206/244/732 207/246/732 303/403/732
f 320/404/733 311/379/715 296/376/717
f 3630/405/734 305/385/734 309/388/734
f 315/351/636 260/312/579 3631/406/735
f 3631/406/736 260/312/736 279/339/736
f 3625/407/737 289/355/738 3609/408/739
f 324/409/740 323/410/741 325/411/742
f 326/412/743 3455/413/744 3496/414/745
s 0
f 328/415/746 327/416/747 329/417/748
s 1
f 329/417/749 327/416/749 3361/418/749
s 0
f 331/419/750 332/420/750 333/421/750
s 1
f 333/421/751 332/420/752 334/422/753
f 332/420/752 331/423/754 334/422/753
f 331/423/754 335/424/755 334/422/756
f 330/425/757 335/424/757 336/426/757
f 335/424/758 331/423/758 336/426/758
f 336/426/759 331/419/759 334/422/759
f 331/419/760 333/421/760 334/422/760
f 330/425/761 336/426/762 334/422/763
f 335/427/764 330/428/765 3427/429/766
s 0
f 347/430/748 348/431/748 349/432/748
s 1
f 351/433/767 350/434/767 352/435/767
f 527/436/768 351/433/768 352/435/768
f 354/437/769 351/433/769 527/436/769
f 520/438/770 350/434/770 351/433/770
f 355/439/771 356/440/771 357/441/771
f 355/439/772 357/441/772 358/442/772
f 356/440/773 355/439/773 360/443/773
f 357/444/774 356/445/774 359/446/774
f 360/443/775 355/439/775 361/447/775
f 359/446/776 356/445/777 362/448/778
f 358/449/779 357/444/779 359/446/779
f 356/445/780 360/450/780 362/448/780
f 363/451/781 361/452/782 358/453/783
f 361/447/782 355/439/784 358/442/783
f 360/450/785 361/452/786 362/448/787
f 361/452/786 363/451/788 362/448/787
f 359/446/776 362/448/778 364/454/789
f 364/454/790 362/448/791 363/451/792
f 358/449/793 359/446/793 366/455/793
f 366/455/794 359/446/776 364/454/789
f 371/456/795 364/454/790 363/451/792
f 358/449/796 366/455/796 367/457/796
f 358/453/783 367/458/797 363/451/781
f 371/456/798 363/451/781 367/458/797
f 368/459/799 366/455/799 364/454/799
f 364/454/800 371/456/800 369/460/800
f 367/457/801 366/455/801 368/459/801
f 370/461/802 372/462/803 369/460/804
f 369/460/805 371/456/805 370/461/805
f 373/463/806 367/457/806 368/459/806
f 364/454/807 369/460/808 368/459/809
f 368/459/809 369/460/808 372/462/810
f 374/464/811 372/462/803 370/461/802
f 371/456/798 367/458/797 370/461/812
f 367/458/797 373/465/813 370/461/812
f 373/463/814 368/459/815 375/466/816
f 376/467/817 370/461/812 373/465/813
f 374/464/818 370/461/818 376/467/818
f 377/468/819 373/465/814 375/469/816
f 375/466/820 368/459/820 378/470/820
f 378/470/821 368/459/821 372/462/821
f 372/462/822 374/464/822 379/471/822
f 376/467/817 373/465/813 377/468/823
f 378/470/824 372/462/824 379/471/824
f 374/464/825 376/467/825 379/471/825
f 377/468/826 375/469/827 381/472/828
f 381/472/828 375/469/827 380/473/829
f 376/467/817 377/468/823 381/472/830
f 378/470/831 386/474/831 375/466/831
f 384/475/832 378/470/832 379/471/832
f 380/473/833 375/469/833 386/476/833
f 384/475/834 386/474/835 378/470/836
f 379/471/837 376/467/837 509/477/837
f 509/477/838 384/475/838 379/471/838
f 380/473/839 386/476/839 382/478/839
f 509/477/840 376/467/840 383/479/840
f 381/472/841 380/473/842 385/480/843
f 376/467/844 381/472/844 383/479/844
f 380/473/842 382/478/845 385/480/843
f 381/472/846 385/480/846 383/479/846
f 389/481/847 387/482/848 388/483/849
f 388/483/850 387/482/850 391/484/850
f 391/484/851 387/482/852 454/485/853
f 454/485/853 387/482/852 390/486/854
f 390/486/855 387/482/855 389/481/855
f 392/487/856 389/481/847 388/483/849
f 394/488/857 395/489/858 464/490/859
f 464/491/859 395/492/858 463/493/860
f 400/494/861 396/495/862 442/496/863
f 399/497/864 400/494/865 446/498/866
f 397/499/867 442/496/868 396/495/869
f 443/500/870 396/495/871 398/501/872
f 398/501/873 396/495/873 400/494/873
f 397/499/867 396/495/869 443/500/874
f 459/502/875 400/503/876 438/504/877
f 404/505/878 406/506/879 407/507/880
f 406/506/881 404/505/882 408/508/883
f 410/509/884 404/505/878 407/507/880
f 408/508/883 405/510/885 412/511/886
f 406/506/881 408/508/883 411/512/887
f 408/508/883 404/505/888 409/513/889
f 406/506/890 411/512/891 407/507/892
f 407/507/892 411/512/891 431/514/893
f 411/512/887 408/508/883 412/511/886
f 415/515/894 413/516/894 414/517/894
f 414/517/895 413/516/895 416/518/895
f 416/518/896 413/516/896 417/519/896
f 419/520/897 416/518/897 417/519/897
f 418/521/898 413/516/898 415/515/898
f 417/519/899 413/516/899 418/521/899
f 422/522/900 415/515/900 428/523/900
f 428/523/901 415/515/902 423/524/903
f 423/524/903 415/515/902 414/517/904
f 423/524/905 414/517/905 416/518/905
f 418/521/906 415/515/907 421/525/908
f 419/520/909 417/519/909 424/526/909
f 417/519/910 418/521/910 420/527/910
f 417/519/911 420/527/911 424/526/911
f 421/525/908 415/515/907 422/522/912
f 420/527/913 418/521/913 421/525/913
f 416/518/914 419/520/915 426/528/916
f 426/528/917 419/520/917 427/529/917
f 427/529/918 419/520/918 424/526/918
f 425/530/919 421/525/908 422/522/912
f 423/524/920 416/518/921 439/531/922
f 439/531/923 416/518/914 426/528/916
f 428/532/924 409/513/925 422/533/926
f 404/505/927 410/509/928 409/513/929
f 408/508/883 409/513/889 405/510/885
f 429/534/930 428/532/901 423/535/903
f 410/536/931 403/537/932 430/538/933
f 403/539/932 410/509/931 407/507/934
f 411/540/887 412/541/886 448/542/935
f 405/510/936 409/513/936 432/543/936
f 435/544/937 422/533/938 409/513/939
f 403/537/940 441/545/940 436/546/940
f 411/540/941 448/542/941 437/547/941
f 409/513/929 410/509/928 435/544/942
f 403/539/932 407/507/934 431/514/943
f 409/513/925 428/532/924 432/543/944
f 426/548/945 427/549/946 440/550/947
f 422/551/938 435/552/937 425/553/948
f 446/498/949 400/494/861 442/496/863
f 397/499/950 443/500/951 447/554/952
f 398/501/953 400/494/954 459/555/955
f 438/556/956 400/557/865 399/558/864
f 429/534/957 423/535/920 439/559/922
f 410/536/958 430/538/958 435/560/958
f 403/537/932 436/546/959 430/538/933
f 448/542/935 412/541/886 445/561/960
f 412/541/886 405/562/885 445/561/960
f 434/563/961 428/532/901 429/534/930
f 399/497/962 446/498/962 402/564/962
f 444/565/963 437/547/963 448/542/963
f 434/566/964 402/564/965 446/498/966
f 420/527/967 421/525/967 425/530/967
f 431/567/968 411/540/969 437/547/970
f 399/558/971 402/568/972 438/556/877
f 434/566/964 429/569/973 402/564/965
f 427/570/974 424/571/975 450/572/976
f 424/571/975 420/573/977 450/572/976
f 431/514/943 451/574/978 403/539/932
f 447/554/952 449/575/979 397/499/950
f 443/576/951 454/577/980 447/578/952
f 443/576/870 398/579/872 497/580/981
f 429/581/982 439/582/983 485/583/984
f 439/582/985 426/548/985 485/583/985
f 466/584/986 441/545/987 403/537/932
f 431/567/968 437/547/970 451/585/988
f 437/547/989 444/565/990 474/586/991
f 452/587/992 448/542/935 445/561/960
f 449/575/993 447/554/994 461/588/995
f 453/589/996 438/556/877 402/568/972
f 485/583/997 426/548/945 440/550/947
f 450/572/998 420/573/998 425/553/998
f 474/586/999 444/565/999 452/587/999
f 432/543/1000 428/532/1001 487/590/1002
f 487/590/1003 428/532/901 434/563/961
f 402/568/1004 429/581/982 485/583/984
f 435/560/1005 430/538/1005 456/591/1005
f 444/565/1006 448/542/935 452/587/992
f 452/587/992 445/561/960 458/592/1007
f 405/562/885 432/593/1008 445/561/960
f 446/498/1009 442/496/1009 479/594/1009
f 497/580/1010 398/579/953 459/595/955
f 456/591/1011 430/538/1012 436/546/1013
f 403/537/932 451/585/978 466/584/986
f 451/585/1014 437/547/989 474/586/991
f 442/496/868 397/499/867 479/594/1015
f 461/588/995 447/554/994 462/596/1016
f 496/597/1017 443/576/870 497/580/981
f 463/493/860 459/502/875 438/504/877
f 482/598/1018 395/489/1018 394/488/1018
f 463/493/860 438/504/877 464/491/859
f 425/553/1019 435/552/1020 450/572/1021
f 452/587/992 458/592/1007 457/599/1022
s 0
f 468/600/748 469/601/748 470/602/748
s 1
f 470/602/1023 469/601/1024 471/603/1025
f 469/601/1024 468/604/1026 471/603/1025
f 468/604/1027 467/605/1028 471/603/1029
f 467/605/1028 445/606/960 471/603/1029
f 445/606/960 432/543/1008 471/603/1029
f 471/603/1030 432/543/1030 488/607/1030
f 472/608/1031 449/575/1032 461/588/1033
f 462/596/1016 447/554/994 480/609/1034
f 482/598/1035 394/488/1035 483/610/1035
f 438/556/877 453/589/996 464/490/859
f 455/611/1036 453/589/1037 402/568/1038
f 440/550/1039 427/549/974 450/612/976
f 436/546/1040 441/545/1041 466/584/1042
f 458/592/1043 460/613/1044 393/614/1045
f 445/606/1046 475/615/1047 476/616/1048
s 0
f 475/615/1049 477/617/1049 476/616/1049
f 476/616/748 477/617/748 478/618/748
s 1
f 478/618/1050 477/617/1051 445/606/1046
f 477/617/1051 475/615/1047 445/606/1046
f 445/606/1052 467/605/1053 488/607/1054
f 467/605/1053 468/600/1055 488/607/1054
f 468/600/1056 470/602/1056 488/607/1056
f 470/602/1057 471/603/1057 488/607/1057
f 447/554/1058 454/485/853 480/609/1059
f 435/560/1020 465/619/1060 450/620/1021
f 435/560/1061 456/591/1062 465/619/1063
f 458/592/1064 445/561/1064 486/621/1064
f 503/622/1065 445/561/1065 487/623/1065
f 445/606/1066 476/616/1066 487/590/1066
f 487/590/1002 476/616/1067 488/607/1068
f 476/616/1067 478/618/1069 488/607/1068
f 478/618/1050 445/606/1046 488/607/1070
f 397/499/950 449/575/979 479/594/1071
f 394/488/1072 484/624/1072 483/610/1072
f 394/488/1073 464/490/1074 484/624/1075
f 504/625/1076 455/611/1036 402/568/1038
f 402/568/1077 485/583/1077 504/625/1077
f 466/584/1042 494/626/1078 436/546/1040
f 488/607/1068 432/543/1000 487/590/1002
f 491/627/1079 461/588/1080 462/596/1081
f 395/492/1082 482/628/1083 463/493/1084
f 453/589/1037 455/611/1036 464/490/1085
f 455/611/1036 493/629/1086 464/490/1085
f 457/599/1087 458/592/1087 495/630/1087
f 495/630/1088 458/592/1043 393/614/1045
f 445/561/1089 503/622/1090 486/621/1091
f 454/577/980 443/576/951 496/597/1092
f 464/490/1074 493/629/1093 484/624/1075
f 492/631/1094 489/632/1095 498/633/1096
f 451/585/978 474/586/1097 466/584/986
f 458/592/1098 486/621/1098 460/613/1098
f 472/608/1031 461/588/1033 491/627/1099
f 482/628/1083 492/634/1100 463/493/1084
f 493/629/1101 455/611/1102 489/632/1095
f 504/625/1103 489/632/1095 455/611/1102
f 456/591/1011 436/546/1013 494/626/1104
f 474/586/1105 452/587/1105 500/635/1105
f 452/587/1106 457/599/1107 500/635/1108
f 454/485/980 496/636/1092 391/484/1109
f 497/580/1010 459/595/955 386/637/835
f 481/638/1110 459/502/1110 463/493/1110
f 498/633/1096 489/632/1095 517/639/1111
f 517/639/1112 489/632/1095 504/625/1103
f 474/586/1113 500/635/1113 466/584/1113
f 496/597/1114 497/580/1115 505/640/1116
f 386/476/1117 459/641/1117 481/642/1117
f 482/598/1118 483/610/1119 484/624/1120
f 502/643/1121 492/634/1121 498/644/1121
f 500/635/1108 457/599/1107 501/645/1122
f 497/580/1010 386/637/835 505/640/1123
f 492/631/1094 482/598/1118 484/624/1120
f 457/599/1124 495/630/1125 501/645/1126
f 508/646/1127 393/614/1128 460/613/1129
f 487/590/1003 434/563/961 566/647/1130
f 566/648/1131 446/498/966 479/594/1132
f 507/649/1133 462/596/1016 480/609/1034
f 382/478/1134 386/476/1134 481/642/1134
f 485/583/997 518/650/1135 504/625/1136
f 518/650/1135 485/583/997 440/550/947
f 501/645/1126 495/630/1125 506/651/1137
f 506/651/1138 495/630/1139 526/652/1140
f 495/630/1139 393/614/1141 526/652/1140
f 434/566/964 446/498/966 566/648/1131
f 493/629/1101 489/632/1095 484/624/1120
f 465/619/1063 456/591/1062 512/653/1142
f 513/654/1143 508/646/1127 486/621/1144
f 508/646/1127 460/613/1129 486/621/1144
f 486/621/1091 503/622/1090 513/654/1145
f 513/654/1146 503/622/1146 487/623/1146
f 388/483/1147 391/484/1147 514/655/1147
f 481/638/1148 463/493/1084 492/634/1100
f 492/631/1094 484/624/1120 489/632/1095
f 517/639/1149 504/625/1150 518/650/1151
f 479/594/1071 449/575/979 548/656/1152
f 532/657/1153 472/608/1154 519/658/1155
f 389/481/1156 392/487/1156 534/659/1156
f 521/660/1157 385/480/1157 382/478/1157
f 522/661/1158 481/638/1148 492/634/1100
f 500/635/1159 501/645/1160 466/584/1042
f 472/608/1161 491/627/1162 519/658/1155
f 480/609/1059 454/485/853 390/486/854
f 382/478/1163 481/642/1164 521/660/1165
f 515/662/1166 502/643/1166 516/663/1166
f 502/643/1167 498/644/1168 516/663/1169
f 516/664/1169 498/633/1168 517/639/1170
f 508/646/1171 513/654/1171 520/438/1171
f 532/657/1153 519/658/1155 533/665/1172
f 462/596/1081 507/649/1173 491/627/1079
f 491/627/1079 507/649/1173 523/666/1174
f 521/660/1165 481/642/1164 522/667/1175
f 545/668/1176 516/669/1177 511/670/1178
f 535/671/1179 529/672/1180 524/673/1181
f 440/550/1182 450/612/1183 518/650/1184
f 487/623/1003 566/674/1130 513/654/1185
f 569/675/1186 548/656/1187 449/575/1188
f 569/675/1186 449/575/1188 472/608/1189
f 516/669/1190 545/668/1190 515/676/1190
f 535/671/1179 524/673/1181 530/677/1191
f 524/673/1192 529/672/1192 530/678/1192
f 529/672/1193 511/670/1194 525/679/1195
f 511/670/1178 516/669/1177 525/679/1196
f 512/653/1142 456/591/1062 531/680/1197
f 466/584/1042 501/645/1160 494/626/1078
f 526/652/1198 393/614/1199 574/681/1200
f 508/646/1201 520/438/1201 351/433/1201
f 533/665/1202 528/682/1202 532/657/1202
f 502/683/1203 515/676/1203 545/668/1203
f 535/671/1179 530/677/1191 536/684/1204
f 530/678/1205 529/672/1205 536/684/1205
f 529/672/1206 525/679/1206 536/684/1206
f 538/685/1207 539/686/1049 537/687/1208
f 538/685/1207 537/687/1208 540/688/1209
f 537/687/1210 525/679/1210 540/688/1210
f 525/679/1211 516/669/1212 540/688/1213
f 540/688/1213 516/669/1212 517/689/1214
f 465/619/1060 512/653/1215 450/620/1021
f 456/591/1011 494/626/1104 531/680/1216
f 501/645/1160 506/651/1217 494/626/1078
f 574/681/1200 393/614/1199 508/646/1218
f 542/690/1219 472/608/1154 543/691/1220
f 472/608/1154 532/657/1153 543/691/1220
f 392/487/1221 388/483/1221 556/692/1221
f 385/480/1222 521/660/1223 383/479/1224
f 545/668/1225 511/670/1194 529/672/1193
f 535/671/1179 536/684/1204 525/679/1226
f 525/679/1227 537/687/1227 546/693/1227
f 537/687/1228 539/694/1228 546/693/1228
f 539/694/1229 538/695/1229 546/693/1229
f 538/695/1230 540/688/1230 546/693/1230
f 540/688/1231 517/689/1231 546/693/1231
f 508/646/1232 351/433/1232 354/437/1232
f 560/696/1233 527/436/1233 352/435/1233
f 569/675/1234 472/608/1234 549/697/1234
f 472/608/1235 542/690/1235 549/697/1235
f 549/697/1236 542/698/1236 550/699/1236
f 542/700/1237 543/691/1238 550/699/1239
f 550/699/1239 543/691/1238 551/701/1240
f 543/691/1241 532/657/1241 551/701/1241
f 519/658/1155 491/627/1162 523/666/1242
f 388/483/1243 514/655/1243 544/702/1243
f 522/661/1244 492/634/1244 502/643/1244
f 546/693/1245 517/689/1149 518/703/1151
f 518/703/1184 450/620/1183 565/704/1246
f 569/675/1247 549/697/1248 551/701/1249
f 549/697/1250 550/699/1250 551/701/1250
f 532/657/1251 552/705/1251 561/706/1251
f 552/705/1252 532/657/1253 528/682/1254
f 553/707/1255 554/708/1255 1897/709/1255
f 388/483/1256 544/702/1256 556/692/1256
f 391/484/1257 496/636/1114 505/710/1116
f 450/620/1021 512/653/1215 558/711/1258
f 512/653/1259 348/712/1259 558/711/1259
f 558/711/1258 348/431/1260 565/704/1261
f 348/431/1260 347/430/1262 565/704/1261
f 565/704/1263 347/430/1264 512/653/1265
f 347/430/1264 349/432/1266 512/653/1265
f 349/432/1266 348/712/1267 512/653/1265
f 506/651/1217 526/652/1268 494/626/1078
f 354/437/1269 541/713/1269 508/646/1269
f 559/714/1270 354/437/1271 527/436/1272
f 560/696/1273 352/435/1274 1894/715/1275
f 1894/715/1275 352/435/1274 1900/716/1276
f 352/435/1277 350/434/1278 1900/716/1279
f 520/438/1280 513/654/1185 566/674/1130
f 1891/717/1281 551/701/1281 532/657/1281
f 534/659/1282 392/487/1283 562/718/1284
f 562/718/1284 392/487/1283 556/692/1285
f 514/655/1286 557/719/1286 544/702/1286
f 391/484/1257 505/710/1116 514/655/1287
f 505/640/1123 386/637/835 384/720/834
f 384/475/1288 509/477/1288 557/721/1288
f 563/722/1289 557/721/1290 509/477/1291
f 450/620/1021 558/711/1258 565/704/1261
f 541/713/1292 354/437/1271 559/714/1270
f 1900/716/1279 350/434/1278 568/723/1293
f 1891/717/1294 532/657/1295 561/706/1296
f 523/666/1242 553/707/1297 1897/709/1298
f 1897/709/1299 554/708/1299 1892/724/1299
f 570/725/1300 553/707/1301 523/666/1302
f 507/649/1133 480/609/1034 390/486/1303
f 554/708/1304 553/707/1301 570/725/1300
f 570/725/1300 523/666/1302 507/649/1305
f 384/720/1306 557/726/1306 505/640/1306
f 563/722/1289 509/477/1291 383/479/1307
f 565/704/1263 512/653/1265 571/727/1308
f 571/727/1309 512/653/1142 531/680/1197
f 350/434/1310 520/438/1310 566/674/1310
f 566/648/1131 479/594/1132 548/656/1311
f 390/486/1312 389/481/1313 570/725/1314
f 557/719/1315 514/655/1315 505/710/1315
f 521/660/1223 522/667/1316 383/479/1224
f 572/728/1317 502/683/1318 545/668/1319
f 545/668/1320 529/672/1320 572/728/1320
f 535/671/1321 567/729/1322 2913/730/1323
f 535/671/1324 525/679/1324 567/729/1324
f 565/704/1325 546/693/1245 518/703/1151
f 574/681/1326 508/646/1326 541/713/1326
f 559/714/1327 527/436/1328 560/696/1329
f 576/731/1330 577/732/1330 578/733/1330
f 578/733/1331 577/732/1331 579/734/1331
f 576/731/1332 580/735/1332 575/736/1332
f 580/735/1333 576/731/1333 578/733/1333
f 577/732/1334 581/737/1334 579/734/1334
f 580/735/1335 583/738/1335 575/736/1335
f 580/735/1336 578/733/1337 584/739/1338
f 1902/740/1339 581/737/1340 1885/741/1341
f 585/742/1342 586/743/1343 1844/744/1344
f 587/745/1345 591/746/1345 589/747/1345
f 591/746/1346 587/745/1347 590/748/1348
f 586/743/1349 585/742/1350 590/748/1351
f 590/748/1348 587/745/1347 593/749/1352
f 596/750/1353 589/747/1354 591/746/1355
f 594/751/1356 590/748/1351 585/742/1350
f 1833/752/1357 589/747/1358 3117/753/1359
f 589/747/1358 596/750/1360 3117/753/1359
f 587/745/1361 589/747/1361 593/749/1361
f 595/754/1362 586/743/1362 592/755/1362
f 593/749/1363 589/747/1363 597/756/1363
f 1454/757/1364 1433/758/1365 607/759/1366
f 610/760/1367 611/761/1367 612/762/1367
f 1427/763/1368 610/760/1368 612/762/1368
f 610/760/1369 613/764/1370 611/761/1371
f 1423/765/1372 610/760/1372 1427/763/1372
f 619/766/1373 618/767/1374 621/768/1375
f 622/769/1376 617/770/1377 620/771/1378
f 622/769/1379 620/771/1380 1401/772/1381
f 1409/773/1382 617/770/1377 618/774/1374
f 623/775/1383 621/768/1375 618/767/1374
f 618/774/1374 617/770/1377 622/769/1376
f 617/776/1384 1403/777/1385 1406/778/1386
f 617/776/1387 1406/778/1388 620/779/1389
f 615/780/1390 619/766/1390 621/768/1390
f 633/781/1391 632/782/1391 634/783/1391
f 636/784/1392 635/785/1393 634/783/1394
f 633/781/1395 634/783/1394 635/785/1393
f 638/786/1396 635/785/1393 636/784/1392
f 637/787/1397 632/782/1398 633/781/1399
f 639/788/1400 634/783/1400 632/782/1400
f 634/783/1401 639/788/1402 636/784/1403
f 637/787/1397 633/781/1399 643/789/1404
f 638/786/1396 636/784/1392 640/790/1405
f 636/784/1403 639/788/1402 641/791/1406
f 642/792/1407 641/791/1406 639/788/1402
f 644/793/1408 633/781/1395 635/785/1393
f 648/794/1409 632/782/1410 637/787/1411
f 633/781/1412 644/793/1412 643/789/1412
f 639/788/1413 632/782/1410 648/794/1409
f 646/795/1414 637/787/1414 647/796/1414
f 637/787/1397 643/789/1404 647/796/1415
f 646/795/1416 648/794/1409 637/787/1411
f 653/797/1417 641/791/1418 642/792/1419
f 640/798/1405 650/799/1420 656/800/1421
f 660/801/1422 640/790/1405 636/784/1392
f 648/794/1409 651/802/1423 639/788/1413
f 646/795/1424 652/803/1425 648/794/1426
f 654/804/1427 646/795/1428 647/796/1429
f 660/801/1430 636/784/1403 641/791/1406
f 639/788/1431 651/802/1431 642/792/1431
f 652/803/1425 646/795/1424 654/804/1432
f 650/799/1420 640/798/1405 630/805/1433
f 630/805/1433 640/798/1405 660/806/1422
f 658/807/1434 641/791/1406 653/797/1435
f 631/808/1436 653/797/1417 642/792/1419
f 1334/809/1437 654/804/1427 647/796/1429
f 658/810/1438 650/799/1420 630/805/1433
f 629/811/1439 628/812/1439 630/813/1439
f 660/801/1430 641/791/1406 658/807/1434
f 657/814/1440 629/811/1441 630/813/1442
f 1152/815/1443 666/816/1444 667/817/1445
f 1133/818/1446 669/819/1446 1130/820/1446
f 671/821/1447 672/822/1448 1098/823/1449
f 899/824/1450 873/825/1451 910/826/1452
f 680/827/1453 681/828/1453 682/829/1453
f 683/830/1454 710/831/1454 712/832/1454
f 708/833/1455 705/834/1455 703/835/1455
f 686/836/1456 705/834/1456 694/837/1456
f 694/837/1457 705/834/1457 688/838/1457
f 687/839/1458 686/836/1458 689/840/1458
f 689/840/1459 686/836/1459 694/837/1459
f 688/838/1460 705/834/1461 685/841/1462
f 691/842/1463 705/834/1463 686/836/1463
f 693/843/1464 686/836/1464 687/839/1464
f 693/843/1465 687/839/1465 692/844/1465
f 692/844/1466 687/839/1467 718/845/1468
f 719/846/1469 690/847/1470 688/838/1471
f 719/846/1469 688/838/1471 695/848/1472
f 700/849/1473 699/850/1474 696/851/1475
f 697/852/1476 696/851/1475 699/853/1477
f 701/854/1478 700/849/1478 698/855/1478
f 698/855/1479 700/849/1473 702/856/1480
f 700/849/1473 696/851/1475 702/856/1480
f 696/851/1475 697/852/1476 702/856/1480
f 703/857/1481 697/852/1482 698/855/1483
f 697/852/1482 699/853/1484 698/855/1483
f 699/853/1485 700/858/1485 698/855/1485
f 702/856/1480 697/852/1476 704/859/1486
f 718/845/1487 687/839/1488 706/860/1489
f 688/838/1490 690/847/1490 694/837/1490
f 685/841/1462 705/834/1461 708/833/1491
f 693/843/1492 692/844/1492 709/861/1492
f 695/848/1493 688/838/1494 685/841/1495
f 693/843/1496 691/842/1497 686/836/1498
f 709/861/1499 692/844/1499 711/862/1499
f 706/860/1500 687/839/1500 689/840/1500
f 716/863/1501 694/837/1501 690/847/1501
f 695/848/1493 685/841/1495 707/864/1502
f 713/865/1503 710/831/1503 684/866/1503
f 689/840/1504 694/837/1504 716/863/1504
f 717/867/1505 690/847/1470 719/846/1469
f 707/864/1506 685/841/1507 726/868/1508
f 726/868/1508 685/841/1507 708/833/1509
f 698/855/1510 702/856/1511 684/866/1512
f 703/835/1513 705/834/1513 714/869/1513
f 693/843/1496 714/869/1514 691/842/1497
f 692/844/1466 718/845/1468 715/870/1515
f 712/832/1516 710/831/1517 837/871/1518
f 837/871/1518 710/831/1517 713/865/1519
f 684/866/1512 702/856/1511 704/859/1520
f 713/865/1521 684/866/1512 704/859/1520
f 714/872/1522 697/852/1522 703/857/1522
f 716/863/1523 690/847/1523 717/867/1523
f 708/833/1509 703/835/1524 726/868/1508
f 711/862/1525 692/844/1525 838/873/1525
f 838/873/1526 692/844/1526 715/870/1526
f 715/870/1527 718/845/1527 721/874/1527
f 689/840/1528 716/863/1529 706/860/1530
f 719/846/1531 695/848/1532 722/875/1533
f 723/876/1534 695/848/1535 707/864/1536
f 684/866/1512 720/877/1537 698/855/1510
f 705/834/1538 691/842/1497 714/869/1514
f 709/861/1539 711/862/1539 724/878/1539
f 729/879/1540 718/845/1487 706/860/1489
f 720/877/1541 684/866/1542 839/880/1543
f 836/881/1544 683/830/1545 728/882/1546
f 728/882/1547 683/830/1547 712/832/1547
f 716/863/1529 717/867/1548 706/860/1530
f 723/876/1534 707/864/1536 726/868/1549
f 726/868/1508 703/835/1524 698/883/1550
f 839/880/1543 730/884/1551 720/877/1541
f 777/885/1552 736/886/1553 778/887/1554
f 735/888/1555 778/887/1556 737/889/1557
f 776/890/1558 761/891/1559 779/892/1560
f 762/893/1561 760/894/1562 743/895/1563
f 744/896/1564 743/897/1564 760/898/1564
f 747/899/1565 746/900/1565 745/901/1565
f 745/901/1566 748/902/1566 747/899/1566
f 746/900/1567 747/899/1567 744/896/1567
f 748/902/1568 745/901/1568 749/903/1568
f 750/904/1569 751/905/1570 753/906/1571
f 752/907/1572 750/904/1573 766/908/1574
f 754/909/1575 751/905/1576 743/897/1577
f 753/906/1571 766/908/1578 750/904/1569
f 753/906/1579 751/905/1576 754/909/1575
f 767/910/1580 754/909/1581 743/897/1582
f 749/903/1583 745/901/1583 757/911/1583
f 746/900/1584 744/896/1585 759/912/1586
f 767/910/1580 743/897/1582 747/899/1587
f 744/896/1588 747/899/1587 743/897/1582
f 745/901/1589 758/913/1589 757/911/1589
f 758/913/1590 745/901/1590 746/900/1590
f 752/907/1591 755/914/1592 765/915/1593
f 755/914/1592 752/907/1591 766/908/1594
f 759/912/1586 744/896/1585 760/898/1595
f 764/916/1596 761/917/1597 743/918/1598
f 750/904/1573 752/907/1572 772/919/1599
f 747/899/1600 748/902/1600 767/910/1600
f 764/920/1596 743/897/1598 751/905/1570
f 751/905/1570 750/904/1569 764/920/1596
f 765/921/1601 742/922/1602 769/923/1603
f 752/907/1604 765/915/1604 780/924/1604
f 746/900/1605 759/912/1605 758/913/1605
f 754/909/1575 791/925/1606 753/906/1579
f 754/909/1607 767/910/1608 763/926/1609
f 761/917/1559 764/916/1610 770/927/1611
f 750/904/1573 772/919/1599 764/920/1612
f 3403/928/1613 749/903/1614 757/911/1615
f 738/929/1616 736/886/1616 777/885/1616
f 737/889/1557 778/887/1556 736/886/1617
f 739/930/1618 776/890/1558 779/892/1560
f 766/908/1619 753/906/1619 791/925/1619
f 782/931/1620 757/911/1620 758/913/1620
f 759/912/1621 760/898/1621 787/932/1621
f 734/933/1622 827/934/1623 776/890/1624
f 776/935/1558 739/936/1618 777/885/1625
f 777/885/1625 739/936/1618 738/929/1626
f 740/937/1627 738/938/1626 739/939/1618
f 779/940/1628 771/941/1628 741/942/1628
f 761/917/1559 770/927/1611 779/940/1560
f 772/919/1599 752/907/1572 780/924/1629
f 781/943/1630 763/926/1630 773/944/1630
f 773/944/1631 763/926/1632 767/910/1633
f 758/913/1634 759/912/1634 787/932/1634
f 760/894/1635 768/945/1635 787/946/1635
f 762/893/1636 743/895/1637 783/947/1638
f 743/918/1639 761/917/1639 783/948/1639
f 735/888/1640 784/949/1640 778/887/1640
f 738/938/1641 740/937/1642 796/950/1643
f 796/950/1643 740/937/1642 799/951/1644
f 755/914/1592 766/908/1594 791/925/1645
f 787/946/1646 768/945/1647 798/952/1648
f 761/891/1649 775/953/1650 783/954/1651
f 783/954/1651 775/953/1650 825/955/1652
f 777/885/1552 778/887/1554 784/949/1653
f 788/956/1654 789/957/1655 790/958/1656
f 788/956/1657 790/958/1657 802/959/1657
f 791/925/1658 754/909/1607 763/926/1609
f 813/960/1659 805/961/1659 781/943/1659
f 737/889/1660 736/886/1661 738/929/1662
f 779/940/1663 770/927/1663 771/941/1663
f 772/962/1599 780/963/1629 809/964/1664
f 785/965/1665 789/957/1655 788/956/1654
f 785/965/1666 786/966/1667 789/957/1668
f 3361/967/1669 742/922/1670 765/921/1671
f 3403/928/1613 757/911/1615 782/931/1672
f 810/968/1673 760/894/1562 762/893/1561
f 793/969/1674 734/933/1674 3358/970/1674
f 735/888/1675 795/971/1675 794/972/1675
f 737/889/1660 738/929/1662 808/973/1676
f 739/974/1677 779/940/1678 741/942/1679
f 770/927/1680 764/916/1612 800/975/1681
f 800/975/1681 764/916/1612 772/976/1599
f 793/977/1682 741/942/1682 771/941/1682
f 740/978/1627 739/979/1618 800/975/1683
f 3358/970/1684 734/933/1684 732/980/1684
f 801/981/1685 732/982/1686 734/983/1687
f 735/888/1688 737/889/1688 795/971/1688
f 738/938/1689 796/950/1689 808/984/1689
f 797/985/1690 780/963/1691 811/986/1692
f 803/987/1693 802/959/1693 790/958/1693
f 3361/418/1694 765/915/1694 755/914/1694
f 773/944/1631 767/910/1633 748/902/1695
f 787/946/1696 798/952/1696 806/988/1696
f 760/894/1697 810/968/1697 768/945/1697
f 775/953/1698 761/891/1698 827/934/1698
f 739/974/1677 741/942/1679 807/989/1699
f 741/942/1700 793/977/1700 3358/990/1700
f 784/949/1701 735/888/1702 794/972/1703
f 769/923/1704 786/966/1667 785/965/1666
f 791/925/1705 763/926/1706 792/991/1707
f 813/960/1708 781/943/1708 773/944/1708
f 748/902/1709 749/903/1709 773/944/1709
f 761/891/1710 776/890/1624 827/934/1623
f 772/976/1711 740/978/1627 800/975/1683
f 795/971/1712 737/889/1712 808/973/1712
f 740/978/1642 772/976/1713 809/992/1714
f 811/986/1692 780/963/1691 765/921/1715
f 769/923/1603 742/922/1602 812/993/1716
f 755/914/1592 791/925/1645 3368/994/1717
f 783/995/1718 830/996/1719 816/997/1720
f 770/927/1721 800/975/1722 814/998/1723
f 809/964/1714 799/951/1644 740/937/1642
f 809/964/1724 780/963/1724 3360/999/1724
f 811/986/1725 765/921/1725 769/923/1725
f 802/959/1726 803/987/1726 815/1000/1726
f 730/1001/1727 762/1002/1636 816/997/1728
f 816/997/1728 762/1002/1636 783/995/1638
f 783/954/1718 825/955/1729 830/1003/1719
f 771/941/1730 770/927/1730 3365/1004/1730
f 800/975/1731 739/979/1731 807/1005/1731
f 734/983/1732 776/935/1732 731/1006/1732
f 776/935/1733 777/885/1733 731/1006/1733
f 808/984/1734 796/950/1735 821/1007/1736
f 796/950/1735 799/951/1737 821/1007/1736
f 792/991/1707 763/926/1706 804/1008/1738
f 763/926/1706 781/943/1739 804/1008/1738
f 818/1009/1740 819/1010/1741 820/1011/1742
f 773/944/1743 749/903/1743 3364/1012/1743
f 784/949/1701 794/972/1703 851/1013/1744
f 3352/1014/1745 785/965/1745 788/956/1745
f 788/956/1746 802/959/1746 823/1015/1746
f 3349/1016/1747 812/993/1748 742/922/1749
f 804/1008/1750 820/1017/1751 733/1018/1752
f 804/1008/1753 781/943/1754 820/1017/1755
f 820/1017/1755 781/943/1754 805/961/1756
f 3356/1019/1757 758/913/1758 787/932/1759
f 770/927/1721 814/998/1723 3365/1004/1760
f 807/989/1699 741/942/1679 3358/990/1761
f 801/981/1685 734/983/1687 731/1006/1762
f 795/971/1763 801/1020/1763 731/1021/1763
f 777/885/1552 784/949/1653 826/1022/1764
f 731/1006/1765 777/885/1765 825/1023/1765
f 826/1022/1766 784/949/1767 851/1013/1768
f 834/1024/1769 731/1006/1769 825/1023/1769
f 826/1022/1770 825/1023/1770 777/885/1770
f 734/933/1771 793/969/1772 827/934/1773
f 762/1002/1774 730/1001/1775 810/1025/1776
f 830/1003/1719 825/955/1729 826/1026/1777
f 794/972/1778 795/971/1779 834/1027/1780
f 834/1027/1781 795/971/1781 731/1021/1781
f 798/952/1648 768/945/1647 833/1028/1782
f 730/1001/1727 816/997/1728 856/1029/1783
f 827/934/1773 793/969/1772 835/1030/1784
f 835/1031/1785 793/977/1786 828/1032/1787
f 768/945/1788 810/968/1789 833/1028/1790
f 810/1025/1776 730/1001/1775 831/1033/1791
f 834/1034/1792 825/955/1793 775/953/1794
f 775/953/1795 827/934/1795 847/1035/1795
f 839/880/1543 684/866/1542 836/881/1796
f 837/871/1797 713/865/1797 841/1036/1797
f 714/869/1798 693/843/1799 852/1037/1800
f 693/843/1799 709/861/1801 852/1037/1800
f 724/878/1802 711/862/1802 838/873/1802
f 721/874/1803 718/845/1803 729/879/1803
f 845/1038/1804 725/1039/1805 722/875/1806
f 725/1039/1807 719/846/1807 722/875/1807
f 851/1013/1808 794/972/1778 834/1027/1780
f 828/1032/1809 806/1040/1810 835/1031/1811
f 710/831/1812 683/830/1813 684/866/1814
f 713/865/1815 704/859/1816 841/1036/1817
f 855/1041/1818 842/1042/1819 844/1043/1820
f 842/1042/1819 845/1038/1821 844/1043/1820
f 842/1042/1822 855/1041/1822 843/1044/1822
f 722/875/1533 695/848/1532 723/876/1823
f 726/868/1824 698/883/1825 720/1045/1826
f 827/934/1827 835/1030/1827 847/1035/1827
f 836/881/1828 684/866/1814 683/830/1813
f 715/870/1829 721/874/1829 838/873/1829
f 723/876/1830 726/868/1824 858/1046/1831
f 830/1047/1832 826/1022/1766 851/1013/1768
f 848/1048/1833 831/1049/1834 730/1050/1551
f 849/1051/1835 836/881/1544 728/882/1546
f 712/832/1836 837/871/1837 850/1052/1838
f 719/846/1469 725/1039/1839 717/867/1505
f 843/1044/1840 855/1041/1840 861/1053/1840
f 720/1054/1841 730/1001/1727 856/1029/1783
f 834/1034/1792 775/953/1794 847/1035/1842
f 886/1055/1843 847/1035/1844 835/1030/1845
f 730/884/1551 839/880/1543 848/1056/1833
f 857/1057/1846 728/882/1846 712/832/1846
f 697/852/1476 714/872/1847 860/1058/1848
f 854/1059/1849 842/1042/1849 843/1044/1849
f 704/859/1486 697/852/1476 860/1058/1848
f 709/861/1850 853/1060/1850 852/1037/1850
f 853/1060/1851 709/861/1852 724/878/1853
f 865/1061/1854 845/1038/1854 842/1042/1854
f 816/997/1720 867/1062/1855 906/1063/1856
f 886/1064/1857 835/1031/1857 806/1040/1857
f 857/1057/1858 712/832/1858 850/1052/1858
f 841/1036/1817 704/859/1816 860/1058/1859
f 725/1039/1805 845/1038/1804 865/1061/1860
f 866/1065/1861 843/1044/1862 861/1053/1863
f 861/1053/1864 855/1041/1865 862/1066/1866
f 845/1038/1867 722/875/1868 723/876/1869
f 858/1046/1831 726/868/1824 720/1045/1826
f 864/1067/1870 856/1029/1871 816/997/1720
f 864/1067/1870 816/997/1720 906/1063/1856
f 867/1062/1855 816/997/1720 830/996/1719
f 830/996/1872 851/1068/1872 867/1062/1872
f 851/1069/1873 834/1034/1873 886/1055/1873
f 860/1058/1848 714/872/1847 852/1070/1874
f 853/1060/1851 724/878/1853 874/1071/1875
f 874/1071/1876 724/878/1876 869/1072/1876
f 875/1073/1877 721/874/1877 870/1074/1877
f 721/874/1878 729/879/1878 870/1074/1878
f 729/879/1540 706/860/1489 717/867/1879
f 854/1059/1880 843/1044/1862 866/1065/1861
f 855/1041/1881 844/1043/1882 885/1075/1883
f 839/880/1543 836/881/1884 868/1076/1885
f 836/881/1884 849/1051/1886 868/1076/1885
f 728/882/1887 857/1057/1887 859/1077/1887
f 850/1052/1838 837/871/1837 871/1078/1888
f 895/1079/1889 842/1042/1889 854/1059/1889
f 844/1043/1890 845/1038/1867 863/1080/1891
f 833/1081/1790 810/1025/1789 872/1082/1892
f 872/1082/1892 810/1025/1789 831/1033/1893
f 848/1056/1833 839/880/1543 868/1076/1885
f 895/1079/1894 865/1061/1894 842/1042/1894
f 885/1075/1883 844/1043/1882 879/1083/1895
f 845/1038/1867 880/1084/1896 863/1080/1891
f 867/1062/1897 851/1068/1898 876/1085/1899
f 886/1055/1843 834/1034/1900 847/1035/1844
f 886/1086/1901 806/988/1901 917/1087/1901
f 917/1087/1902 806/988/1903 877/1088/1904
f 877/1088/1904 806/988/1903 798/952/1905
f 831/1049/1893 848/1048/1906 872/1089/1892
f 849/1051/1907 728/882/1908 873/825/1909
f 873/825/1910 728/882/1910 859/1077/1910
f 871/1078/1888 837/871/1837 841/1036/1911
f 862/1066/1866 855/1041/1865 885/1075/1912
f 880/1084/1896 845/1038/1867 723/876/1869
f 878/1090/1913 860/1058/1914 881/1091/1915
f 724/878/1916 838/873/1917 882/1092/1918
f 844/1043/1890 863/1080/1891 879/1083/1919
f 856/1029/1871 864/1067/1870 897/1093/1920
f 682/829/1921 876/1094/1899 851/1095/1898
f 838/873/1917 721/874/1922 882/1092/1918
f 882/1092/1918 721/874/1922 875/1073/1923
f 895/1079/1924 854/1059/1924 888/1096/1924
f 866/1065/1925 861/1053/1926 884/1097/1927
f 720/1054/1841 856/1029/1783 858/1098/1928
f 682/829/1929 681/828/1929 876/1094/1929
f 876/1094/1930 681/828/1931 889/1099/1932
f 681/1100/1933 680/1101/1933 889/1099/1933
f 889/1099/1932 680/1101/1934 890/1102/1935
f 680/1101/1936 682/829/1936 890/1102/1936
f 682/829/1937 851/1095/1937 890/1102/1937
f 890/1102/1938 851/1095/1938 886/1086/1938
f 833/1028/1782 887/1103/1939 798/952/1648
f 871/1078/1940 841/1036/1941 891/1104/1942
f 841/1036/1941 860/1058/1943 891/1104/1942
f 891/1104/1944 860/1058/1944 878/1090/1944
f 881/1091/1915 860/1058/1914 852/1070/1945
f 874/1071/1946 869/1072/1946 892/1105/1946
f 869/1072/1947 724/878/1947 894/1106/1947
f 729/879/1540 717/867/1879 870/1074/1948
f 889/1099/1932 890/1102/1935 876/1094/1930
f 849/1051/1907 873/825/1909 899/824/1949
f 881/1091/1950 852/1070/1951 874/1107/1952
f 852/1037/1951 853/1060/1953 874/1071/1952
f 892/1105/1954 869/1072/1954 893/1108/1954
f 725/1039/1839 865/1061/1955 895/1079/1956
f 884/1097/1927 861/1053/1926 896/1109/1957
f 880/1110/1896 723/1111/1869 858/1098/1928
f 858/1098/1928 856/1029/1783 905/1112/1958
f 833/1081/1782 872/1082/1959 887/1113/1939
f 848/1048/1960 898/1114/1961 872/1089/1962
f 848/1048/1960 868/1115/1963 898/1114/1961
f 893/1108/1964 869/1072/1964 894/1106/1964
f 717/867/1505 725/1039/1839 870/1074/1965
f 896/1109/1966 861/1053/1966 862/1066/1966
f 897/1093/1920 864/1067/1870 916/1116/1967
f 906/1063/1968 867/1062/1969 876/1085/1970
f 868/1076/1971 849/1051/1971 899/824/1971
f 901/1117/1972 899/824/1973 910/826/1974
f 870/1074/1965 725/1039/1839 895/1079/1956
f 858/1098/1928 903/1118/1975 880/1110/1896
f 903/1118/1975 858/1098/1928 905/1112/1958
f 876/1094/1976 890/1102/1976 1006/1119/1976
f 898/1114/1961 868/1115/1963 899/1120/1977
f 907/1121/1978 857/1057/1979 850/1052/1980
f 1019/1122/1981 874/1071/1982 892/1105/1983
f 875/1073/1984 870/1074/1985 915/1123/1986
f 895/1079/1987 888/1096/1988 1000/1124/1989
f 910/826/1452 873/825/1451 913/1125/1990
f 907/1121/1978 859/1077/1991 857/1057/1979
f 878/1090/1992 881/1091/1950 908/1126/1993
f 894/1106/1994 724/878/1994 882/1092/1994
f 875/1073/1984 915/1123/1986 902/1127/1995
f 1014/1128/1996 866/1065/1997 884/1097/1998
f 904/1129/1999 879/1130/2000 911/1131/2001
f 1009/1132/2002 905/1112/2003 856/1029/1871
f 909/1133/2004 897/1093/2004 916/1116/2004
f 890/1102/2005 886/1086/2006 917/1087/2007
f 913/1125/2008 873/825/2009 859/1077/2010
f 882/1092/2011 875/1073/2011 1024/1134/2011
f 914/1135/2012 1024/1134/2013 902/1127/2014
f 1024/1134/2013 875/1073/2015 902/1127/2014
f 854/1059/2016 866/1065/1997 888/1096/2017
f 879/1130/2018 904/1129/2018 885/1136/2018
f 879/1130/2000 863/1137/2019 911/1131/2001
f 1006/1119/2020 890/1102/2005 917/1087/2007
f 798/952/1905 887/1103/2021 877/1088/1904
f 922/1138/2022 920/1139/2022 919/1140/2022
f 922/1138/2023 919/1140/2023 921/1141/2023
f 923/1142/2024 920/1143/2024 931/1144/2024
f 920/1143/2025 923/1142/2025 924/1145/2025
f 920/1143/2026 924/1145/2026 919/1146/2026
f 925/1147/2027 922/1138/2027 921/1141/2027
f 919/1146/2028 924/1145/2028 926/1148/2028
f 921/1141/2029 919/1140/2030 929/1149/2031
f 929/1150/2031 919/1146/2030 926/1148/2032
f 931/1151/2033 920/1139/2034 928/1152/2035
f 920/1139/2034 922/1138/2036 928/1152/2035
f 930/1153/2037 923/1154/2037 927/1155/2037
f 922/1138/2038 925/1147/2038 928/1152/2038
f 925/1147/2039 921/1141/2040 933/1156/2041
f 924/1145/2042 923/1142/2042 930/1157/2042
f 927/1155/2043 923/1154/2044 931/1158/2045
f 924/1145/2046 994/1159/2046 926/1148/2046
f 921/1141/2040 929/1149/2047 933/1156/2041
f 924/1145/2048 930/1157/2048 994/1159/2048
f 927/1160/2049 918/1161/2050 1004/1162/2051
f 930/1163/2052 927/1164/2053 934/1165/2054
f 934/1165/2054 927/1164/2053 1004/1166/2055
f 937/1167/2056 936/1168/2056 938/1169/2056
f 938/1169/2057 936/1168/2057 942/1170/2057
f 936/1168/2058 937/1167/2058 939/1171/2058
f 971/1172/2059 937/1167/2060 940/1173/2061
f 937/1167/2062 938/1169/2062 941/1174/2062
f 937/1167/2063 941/1174/2063 940/1173/2063
f 943/1175/2064 936/1168/2065 939/1171/2066
f 939/1171/2067 937/1167/2060 971/1172/2059
f 942/1170/2068 936/1168/2065 943/1175/2064
f 941/1174/2069 938/1169/2069 944/1176/2069
f 944/1176/2070 942/1170/2071 946/1177/2072
f 947/1178/2073 942/1170/2073 945/1179/2073
f 971/1172/2074 940/1173/2075 977/1180/2076
f 942/1170/2071 944/1176/2070 938/1169/2077
f 946/1177/2078 942/1170/2079 947/1178/2080
f 972/1181/2081 940/1173/2082 941/1174/2083
f 950/1182/2084 949/1183/2084 951/1184/2084
f 949/1185/2085 946/1186/2086 951/1184/2087
f 952/1187/2088 951/1184/2087 946/1186/2086
f 946/1186/2089 949/1185/2089 953/1188/2089
f 949/1185/2090 950/1189/2090 953/1188/2090
f 953/1188/2091 950/1182/2091 952/1187/2091
f 950/1182/2092 951/1184/2092 952/1187/2092
f 960/1190/2093 961/1191/2094 962/1192/2095
f 962/1192/2096 961/1191/2096 959/1193/2096
f 958/1194/2097 957/1195/2097 963/1196/2097
f 959/1193/2098 961/1191/2098 958/1197/2098
f 961/1191/2099 960/1190/2099 966/1198/2099
f 959/1199/2100 958/1200/2101 982/1201/2102
f 964/1202/2103 956/1203/2104 989/1204/2105
f 956/1203/2104 955/1205/2106 989/1204/2105
f 967/1206/2107 960/1190/2093 962/1192/2095
f 968/1207/2108 961/1191/2109 966/1198/2110
f 966/1198/2111 960/1190/2111 980/1208/2111
f 982/1209/2102 958/1194/2101 963/1196/2112
f 958/1197/2113 961/1191/2109 968/1207/2108
f 962/1210/2114 959/1199/2114 969/1211/2114
f 964/1202/2115 957/1195/2116 987/1212/2117
f 980/1208/2118 960/1190/2118 974/1213/2118
f 954/1214/2119 952/1187/2120 946/1186/2078
f 942/1170/2121 943/1175/2121 976/1215/2121
f 948/1216/2122 946/1186/2122 985/1217/2122
f 946/1186/2123 953/1188/2123 985/1217/2123
f 953/1188/2124 952/1187/2120 985/1217/2125
f 957/1218/2116 958/1197/2113 979/1219/2126
f 974/1213/2127 960/1190/2127 967/1206/2127
f 975/1220/2128 989/1204/2128 955/1205/2128
f 945/1179/2129 942/1170/2129 976/1215/2129
f 977/1221/2130 976/1215/2131 984/1222/2132
f 977/1180/2076 940/1173/2075 972/1181/2133
f 985/1217/2125 952/1187/2120 954/1214/2119
f 926/1148/2134 994/1159/2135 978/1223/2136
f 987/1224/2117 957/1218/2116 979/1219/2126
f 973/1225/2137 966/1198/2137 980/1208/2137
f 969/1211/2138 959/1199/2138 982/1201/2138
f 982/1209/2139 963/1196/2139 983/1226/2139
f 957/1195/2140 964/1202/2141 989/1204/2142
f 943/1175/2064 939/1171/2066 983/1227/2143
f 954/1214/2119 955/1205/2144 985/1217/2125
f 955/1205/2145 956/1203/2146 986/1228/2147
f 992/1229/2148 935/1230/2148 918/1161/2148
f 935/1230/2149 956/1203/2149 964/1202/2149
f 958/1197/2113 968/1207/2108 979/1219/2126
f 974/1213/2150 967/1206/2150 981/1231/2150
f 1067/1232/2151 962/1210/2152 969/1211/2153
f 975/1220/2154 955/1205/2155 954/1214/2156
f 946/1177/2078 947/1178/2080 954/1233/2119
f 991/1234/2157 941/1174/2158 944/1176/2159
f 929/1150/2160 926/1148/2160 978/1223/2160
f 994/1235/2161 930/1163/2162 988/1236/2163
f 962/1192/2152 1067/1237/2151 967/1206/2164
f 963/1196/2165 957/1195/2140 989/1204/2142
f 944/1238/2166 946/1186/2166 948/1216/2166
f 935/1230/2167 992/1229/2168 956/1203/2146
f 925/1147/2169 933/1156/2170 1010/1239/2171
f 1005/1240/2172 935/1230/2172 964/1202/2172
f 1005/1240/2173 964/1202/2115 987/1212/2117
f 967/1206/2174 1067/1237/2174 981/1231/2174
f 918/1241/2175 927/1155/2043 931/1158/2045
f 1004/1162/2051 918/1161/2050 935/1230/2176
f 987/1224/2177 979/1219/2177 1016/1242/2177
f 983/1226/2178 963/1196/2179 996/1243/2180
f 975/1220/2154 954/1214/2156 997/1244/2181
f 948/1245/2182 910/826/2183 913/1125/2184
f 850/1052/2185 871/1078/2186 907/1121/2187
f 888/1096/2017 866/1065/1997 1014/1128/1996
f 863/1080/2188 880/1084/2188 911/1246/2188
f 910/826/2183 948/1245/2182 1007/1247/2189
f 993/1248/2190 992/1229/2191 918/1161/2192
f 930/1163/2162 934/1165/2193 988/1236/2163
f 973/1225/2194 980/1208/2194 1008/1249/2194
f 995/1250/2195 980/1208/2195 974/1213/2195
f 984/1222/2132 976/1215/2131 983/1227/2196
f 976/1215/2131 943/1175/2197 983/1227/2196
f 945/1179/2198 976/1215/2199 997/1251/2200
f 977/1180/2201 972/1181/2201 998/1252/2201
f 972/1181/2081 941/1174/2083 991/1234/2202
f 859/1077/2203 907/1121/2203 678/1253/2203
f 907/1121/2187 871/1078/2186 891/1104/2204
f 891/1104/2205 878/1090/2205 908/1126/2205
f 892/1105/2206 893/1108/2207 1019/1122/2208
f 902/1127/2209 915/1123/2209 1020/1254/2209
f 870/1074/2210 895/1079/1987 1000/1124/1989
f 1009/1132/2002 856/1029/1871 897/1093/1920
f 887/1103/1939 872/1089/1959 898/1114/2211
f 986/1228/2147 956/1203/2146 992/1229/2168
f 918/1241/2212 931/1158/2033 928/1255/2035
f 1004/1166/2055 679/1256/2213 1037/1257/2214
f 968/1207/2215 966/1198/2216 973/1225/2217
f 1008/1249/2218 980/1208/2218 995/1250/2218
f 982/1209/2219 983/1226/2220 971/1258/2221
f 983/1227/2143 939/1171/2066 971/1172/2222
f 944/1259/2223 948/1245/2182 913/1125/2184
f 894/1106/2224 999/1260/2225 893/1108/2226
f 999/1260/2227 894/1106/2227 882/1092/2227
f 896/1109/2228 862/1066/2228 1001/1261/2228
f 903/1262/2229 911/1246/2229 880/1084/2229
f 1007/1247/2189 948/1245/2182 1011/1263/2230
f 1010/1239/2231 928/1152/2231 925/1147/2231
f 971/1172/2074 977/1180/2076 984/1264/2232
f 885/1136/2233 904/1129/2233 862/1265/2233
f 899/824/2234 901/1117/2235 1003/1266/2236
f 901/1117/1972 910/826/1974 1007/1247/2237
f 948/1216/2238 985/1217/2239 1011/1267/2240
f 933/1268/2241 929/1150/2241 978/1223/2241
f 934/1165/2054 1004/1166/2055 1037/1257/2214
f 968/1207/2215 973/1225/2217 1030/1269/2242
f 974/1213/2243 981/1231/2243 995/1250/2243
f 969/1270/2244 982/1209/2219 971/1258/2221
f 954/1233/2245 947/1178/2245 945/1179/2245
f 977/1180/2246 998/1252/2246 1017/1271/2246
f 908/1126/1993 881/1091/1950 874/1107/1952
f 874/1071/1982 1019/1122/1981 908/1272/2247
f 1019/1122/2208 893/1108/2207 1013/1273/2248
f 1039/1274/2249 914/1135/2249 902/1127/2249
f 870/1074/1985 1000/1124/2250 915/1123/1986
f 884/1097/2251 896/1109/2252 1028/1275/2253
f 904/1129/2254 911/1131/2254 1025/1276/2254
f 1009/1132/2255 897/1093/2256 909/1133/2257
f 986/1228/2258 992/1229/2259 993/1248/2260
f 954/1233/2261 945/1179/2198 997/1251/2200
f 976/1215/2262 977/1221/2263 997/1251/2264
f 888/1096/2017 1014/1128/1996 1000/1124/2265
f 903/1118/2266 905/1112/2003 1009/1132/2002
f 864/1067/1870 906/1063/1856 916/1116/1967
f 1006/1277/2267 906/1063/1968 876/1085/1970
f 1045/1278/2268 1006/1119/2268 917/1087/2268
f 1026/1279/2269 898/1114/2270 677/1280/2271
f 978/1223/2136 994/1159/2135 1058/1281/2272
f 994/1235/2273 988/1236/2274 1080/1282/2275
f 988/1236/2163 934/1165/2193 1037/1257/2276
f 679/1283/2277 1004/1284/2051 1012/1285/2278
f 1004/1162/2051 935/1230/2176 1021/1286/2279
f 1021/1286/2280 935/1230/2280 1005/1240/2280
f 969/1270/2281 971/1258/2282 1051/1287/2283
f 983/1226/2178 996/1243/2180 984/1288/2284
f 1018/1289/2285 913/1125/2008 859/1077/2010
f 1068/1290/2286 859/1077/2287 678/1253/2288
f 893/1108/2226 999/1260/2225 1013/1273/2289
f 1014/1128/2290 884/1097/2251 1028/1275/2253
f 1028/1275/2291 896/1109/2292 1001/1261/2293
f 1006/1277/2267 916/1116/2294 906/1063/1968
f 1026/1279/2295 677/1280/2296 1029/1291/2297
f 1003/1266/2298 1015/1292/2299 3316/1293/2300
f 993/1248/2260 955/1205/2144 986/1228/2258
f 918/1161/2192 928/1294/2301 993/1248/2190
f 1012/1285/2278 1004/1284/2051 1021/1295/2279
f 979/1219/2302 968/1207/2302 1030/1269/2302
f 1067/1232/2303 969/1211/2281 1051/1296/2283
f 998/1252/2304 972/1181/2304 991/1234/2304
f 991/1234/2157 944/1176/2159 1018/1297/2305
f 907/1121/2306 891/1104/2307 678/1253/2308
f 1013/1273/2309 999/1260/2309 1024/1134/2309
f 999/1260/2310 882/1092/2310 1024/1134/2310
f 1039/1274/2311 902/1127/2311 1020/1254/2311
f 1025/1276/2312 911/1131/2313 903/1298/2314
f 1043/1299/2315 909/1133/2315 916/1116/2315
f 887/1103/2316 898/1114/2270 1026/1279/2269
f 1036/1300/2317 3316/1293/2300 1015/1292/2299
f 1003/1266/2236 901/1117/2235 1069/1301/2318
f 993/1248/2190 928/1294/2301 1010/1302/2319
f 1010/1303/2171 933/1268/2170 1083/1304/2320
f 994/1235/2135 1080/1282/2321 1058/1305/2272
f 1066/1306/2322 1008/1249/2322 995/1250/2322
f 963/1196/2323 989/1204/2324 975/1220/2325
f 1018/1289/2326 944/1259/2326 913/1125/2326
f 1018/1289/2327 859/1077/2287 1068/1290/2286
f 1001/1307/2328 862/1265/2329 904/1129/2330
f 903/1118/2331 1009/1132/2332 1031/1308/2333
f 1031/1308/2334 1009/1132/2255 909/1133/2257
f 1032/1309/2335 1034/1310/2335 1033/1311/2335
f 1034/1312/2336 1032/1309/2336 1006/1277/2336
f 1032/1309/2337 1033/1311/2337 1006/1277/2337
f 898/1114/2270 899/1120/2338 677/1280/2271
f 933/1268/2339 978/1223/2339 1058/1281/2339
f 1059/1313/2340 987/1224/2341 1016/1242/2342
f 1067/1237/2343 1050/1314/2344 981/1231/2345
f 996/1243/2346 963/1196/2323 975/1220/2325
f 678/1253/2347 1023/1315/2348 1068/1290/2349
f 1068/1290/2349 1023/1315/2348 1087/1316/2350
f 678/1253/2308 891/1104/2307 908/1126/2351
f 1019/1122/2352 1013/1273/2353 1076/1317/2354
f 1024/1134/2355 914/1135/2355 3317/1318/2355
f 1020/1254/2356 915/1123/2356 1053/1319/2356
f 1001/1307/2328 904/1129/2330 1025/1276/2357
f 1025/1320/2312 903/1118/2314 1040/1321/2358
f 903/1118/2331 1031/1308/2333 1040/1321/2359
f 1041/1322/2360 1031/1308/2361 1042/1323/2362
f 1031/1308/2361 909/1133/2363 1042/1323/2362
f 916/1116/2364 1006/1277/2364 1044/1324/2364
f 1006/1277/2365 1033/1311/2365 1044/1324/2365
f 1033/1311/2366 1034/1325/2366 1044/1324/2366
f 1044/1324/2367 1034/1312/2368 1045/1326/2369
f 1034/1312/2370 1006/1277/2370 1045/1326/2370
f 1045/1278/2371 917/1087/2372 1057/1327/2373
f 1003/1266/2298 1069/1301/2374 1015/1292/2299
f 1011/1267/2240 985/1217/2239 1046/1328/2375
f 985/1217/2239 675/1329/2376 1046/1328/2375
f 1046/1328/2375 675/1330/2377 1047/1331/2378
f 1047/1332/2379 675/1329/2380 1048/1333/2381
f 675/1329/2380 985/1217/2125 1048/1333/2381
f 985/1217/2125 955/1205/2144 1048/1333/2381
f 1016/1242/2382 979/1219/2382 1030/1269/2382
f 973/1225/2383 1008/1249/2383 1030/1269/2383
f 1066/1306/2384 995/1250/2385 981/1231/2386
f 971/1334/2282 984/1288/2387 1051/1335/2283
f 997/1251/2264 977/1221/2263 1017/1336/2388
f 1087/1316/2389 1023/1315/2390 1038/1337/2391
f 678/1253/2392 908/1126/2392 1019/1338/2392
f 1019/1122/2352 1076/1317/2354 678/1339/2393
f 1076/1317/2394 1013/1273/2394 1024/1134/2394
f 1031/1308/2395 1041/1322/2395 1054/1340/2395
f 1054/1340/2396 1041/1341/2397 1055/1342/2398
f 1041/1343/2399 1042/1323/2399 1055/1342/2399
f 1055/1342/2400 1042/1323/2400 909/1133/2400
f 1043/1299/2401 916/1116/2402 1056/1344/2403
f 916/1116/2404 1044/1324/2367 1045/1326/2369
f 677/1345/2405 899/824/2234 1003/1266/2236
f 1011/1267/2240 1046/1328/2375 993/1248/2406
f 1046/1328/2375 1047/1331/2378 993/1248/2406
f 1047/1331/2407 1048/1333/2381 993/1248/2260
f 1048/1333/2381 955/1205/2144 993/1248/2260
f 1059/1346/2340 1021/1286/2408 1005/1240/2409
f 1053/1319/2410 915/1123/2410 1000/1124/2410
f 1061/1347/2411 1014/1128/2290 1028/1275/2253
f 1028/1348/2291 1001/1307/2293 3313/1349/2412
f 1001/1307/2328 1025/1276/2357 3313/1349/2413
f 1054/1340/2396 1055/1342/2398 1031/1308/2414
f 1031/1308/2414 1055/1342/2398 1062/1350/2415
f 1055/1342/2416 909/1133/2416 1062/1350/2416
f 917/1087/2372 1035/1351/2417 1057/1327/2373
f 676/1352/2418 1049/1353/2419 1070/1354/2420
f 1012/1285/2421 1065/1355/2422 676/1356/2418
f 1005/1240/2409 987/1212/2341 1059/1346/2340
f 1059/1313/2423 1016/1242/2423 1071/1357/2423
f 1066/1306/2384 981/1231/2386 1050/1314/2424
f 984/1288/2425 996/1243/2426 1052/1358/2427
f 997/1244/2428 1017/1359/2429 975/1220/2430
f 1062/1350/2431 909/1133/2431 1043/1299/2431
f 916/1116/2432 1045/1326/2432 1056/1344/2432
f 1045/1278/2371 1057/1327/2373 1056/1360/2433
f 877/1088/1904 1063/1361/2434 917/1087/1902
f 877/1088/1904 887/1103/2021 1063/1361/2434
f 1069/1301/2318 901/1117/2235 1085/1362/2435
f 933/1268/2436 1058/1281/2436 1083/1304/2436
f 1012/1285/2278 676/1356/2437 679/1283/2277
f 1064/1363/2438 1049/1364/2439 1081/1365/2440
f 1065/1355/2422 1012/1285/2421 1021/1295/2408
f 1067/1232/2441 1051/1296/2441 1072/1366/2441
f 996/1243/2442 975/1220/2442 1052/1358/2442
f 1000/1124/2443 1014/1128/2444 1073/1367/2445
f 3325/1368/2446 1040/1321/2446 1031/1308/2446
f 887/1103/2021 1026/1279/2447 1063/1361/2434
f 1085/1362/2448 901/1117/1972 1007/1247/2237
f 1011/1267/2449 993/1248/2449 1010/1302/2449
f 988/1236/2163 1037/1257/2276 1084/1369/2450
f 1059/1313/2340 1071/1357/2451 1082/1370/2452
f 1030/1269/2453 1008/1249/2453 1066/1306/2453
f 1061/1347/2454 1028/1275/2291 3313/1371/2412
f 1083/1372/2455 1058/1373/2456 1075/1374/2457
f 1021/1286/2408 1059/1346/2340 1082/1375/2452
f 1071/1357/2458 1016/1242/2458 1030/1269/2458
f 984/1288/2425 1052/1358/2427 1110/1376/2459
f 1052/1358/2460 975/1220/2430 1017/1359/2429
f 1018/1289/2461 1068/1290/2349 1087/1316/2350
f 3325/1368/2462 1031/1308/2462 1062/1350/2462
f 1063/1361/2434 1026/1279/2447 1029/1291/2463
f 1104/1377/2464 1036/1300/2317 1015/1292/2299
f 1011/1267/2465 1010/1302/2466 1083/1372/2467
f 1099/1378/2468 1049/1353/2419 1064/1379/2469
f 1051/1335/2470 984/1288/2425 1072/1380/2471
f 1036/1381/2472 1078/1382/2473 1074/1383/2474
f 1086/1384/2475 1058/1305/2272 1080/1282/2321
f 1080/1282/2275 988/1236/2274 1084/1369/2476
f 676/1352/2477 1070/1354/2477 1088/1385/2477
f 1049/1364/2419 676/1356/2418 1065/1355/2422
f 1030/1269/2478 1066/1306/2478 1093/1386/2478
f 1050/1387/2344 1067/1232/2343 1102/1388/2479
f 984/1288/2425 1110/1376/2459 1072/1380/2471
f 998/1252/2480 991/1234/2481 1017/1271/2482
f 1085/1362/2483 1007/1247/2484 1011/1263/2465
f 1098/823/1449 1088/1385/2485 1070/1354/2486
f 1081/1365/2487 1049/1364/2487 1089/1389/2487
f 1089/1389/2488 1049/1364/2488 1090/1390/2488
f 1049/1364/2489 673/1391/2489 1090/1390/2489
f 1090/1390/2490 673/1392/2490 1091/1393/2490
f 1091/1393/2491 673/1394/748 1092/1395/2492
f 673/1391/2493 1049/1364/2419 1092/1395/2492
f 1092/1395/2492 1049/1364/2419 1065/1355/2422
f 1021/1295/2408 1082/1396/2452 1089/1389/2494
f 1071/1357/2495 1030/1269/2496 1093/1386/2497
f 1067/1232/2343 1072/1366/2498 1102/1388/2479
f 1078/1397/2473 1036/1398/2472 1104/1399/2499
f 1095/1400/2500 1075/1401/2501 1086/1384/2502
f 1075/1401/2457 1058/1305/2456 1086/1384/2503
f 1090/1390/2504 1091/1393/2504 1089/1389/2504
f 1091/1393/2491 1092/1395/2492 1089/1389/2494
f 1092/1395/2492 1065/1355/2422 1089/1389/2494
f 1065/1355/2422 1021/1295/2408 1089/1389/2494
f 1082/1370/2505 1071/1357/2506 1096/1402/2507
f 1093/1386/2508 1066/1306/2508 1097/1403/2508
f 1066/1306/2384 1050/1314/2424 1097/1403/2509
f 1078/1382/2510 1077/1404/2511 1074/1383/2512
f 676/1352/2437 1088/1385/2513 679/1405/2277
f 1098/823/1449 1070/1354/2486 671/821/1447
f 671/821/2514 670/1406/2515 672/822/2516
f 670/1407/2517 1135/1408/2518 1126/1409/2519
f 671/821/2520 1070/1354/2420 1099/1378/2468
f 1100/1410/2521 1096/1402/2507 1071/1357/2506
f 1052/1358/2522 1017/1359/2522 1110/1376/2522
f 1017/1271/2482 991/1234/2481 1110/1411/2523
f 1085/1412/2483 1011/1267/2465 1094/1413/2524
f 1011/1267/2465 1083/1372/2467 1094/1413/2524
f 1037/1257/2525 679/1256/2525 1122/1414/2525
f 1099/1378/2468 1070/1354/2420 1049/1353/2419
f 991/1234/2526 1018/1297/2526 1110/1411/2526
f 1128/1415/2527 1087/1316/2389 1038/1337/2391
f 1088/1385/2513 1098/823/2528 1109/1416/2529
f 1097/1417/2509 1050/1387/2424 1102/1388/2530
f 1110/1418/2531 1018/1289/2461 1087/1316/2350
f 1077/1404/2511 1078/1382/2510 1111/1419/2532
f 1015/1292/2299 1069/1301/2374 1104/1377/2499
f 1083/1372/2467 1075/1374/2533 1094/1413/2524
f 1107/1420/2534 1075/1401/2501 1095/1400/2500
f 1084/1369/2535 1037/1257/2535 1122/1414/2535
f 670/1406/2515 671/821/2514 1144/1421/2536
f 1099/1422/2537 1064/1423/2538 1106/1424/2539
f 1064/1423/2540 668/1425/2540 1106/1424/2540
f 1100/1410/2541 1071/1357/2495 1093/1386/2497
f 1088/1385/2513 1109/1416/2529 679/1405/2277
f 1105/1426/2542 670/1407/2542 1126/1409/2542
f 1126/1409/2543 1101/1427/2544 1105/1426/2545
f 670/1406/2515 1144/1421/2536 1135/1428/2546
f 671/821/2547 1099/1378/2548 1144/1421/2549
f 1171/1429/2550 1087/1316/2389 1128/1415/2527
f 1085/1412/2551 1094/1413/2552 1121/1430/2553
f 1094/1413/2552 1075/1374/2554 1121/1430/2553
f 1109/1416/2529 1098/823/2528 672/822/2555
f 1101/1427/2544 1160/1431/2556 1105/1426/2545
f 1114/1432/2557 1115/1433/2558 1116/1434/2559
f 1115/1433/2560 1113/1435/2560 1117/1436/2560
f 1138/1437/2561 1093/1386/2561 1097/1403/2561
f 1110/1418/2562 1087/1316/2563 1171/1429/2564
f 1104/1399/2499 1069/1438/2374 1129/1439/2565
f 1192/1440/2566 1069/1301/2318 1085/1362/2435
f 1121/1441/2567 1075/1401/2567 1107/1420/2567
f 1116/1434/2559 1115/1433/2558 1117/1436/2568
f 1081/1365/2569 1089/1389/2570 1164/1442/2571
f 1100/1410/2572 1093/1386/2572 1138/1437/2572
f 1132/1443/2573 1121/1441/2573 1107/1420/2573
f 1080/1282/2275 1084/1369/2476 1146/1444/2574
f 1133/818/2575 1118/1445/2576 669/819/2577
f 668/1446/2578 1064/1363/2579 1120/1447/2580
f 1095/1400/2581 1086/1384/2582 1150/1448/2583
f 1101/1427/2584 1113/1435/2585 1160/1431/2556
f 1115/1433/2586 1114/1432/2586 1124/1449/2586
f 1136/1450/2587 1099/1422/2537 1106/1424/2539
f 1120/1447/2588 1064/1363/2588 1131/1451/2588
f 1082/1396/2589 1096/1452/2590 1089/1389/2570
f 1192/1440/2566 1085/1362/2435 1121/1453/2591
f 1086/1384/2475 1080/1282/2321 1146/1444/2592
f 1122/1414/2593 679/1256/2594 1109/1454/2595
f 1109/1455/2596 1118/1445/2597 1133/818/2598
f 672/1456/2599 1123/1457/2600 1118/1445/2601
f 1166/1458/2602 1115/1433/2603 1124/1449/2604
f 1154/1459/2605 1114/1432/2605 1125/1460/2605
f 1064/1363/2438 1164/1442/2606 1131/1451/2607
f 1064/1363/2438 1081/1365/2440 1164/1442/2606
f 1072/1380/2498 1110/1376/2608 1127/1461/2609
f 1127/1461/2610 1110/1376/2562 1171/1462/2564
f 1078/1397/2510 1142/1463/2611 1111/1464/2532
f 1108/1465/2612 1109/1455/2596 1133/818/2598
f 1134/1466/2613 1133/818/2613 1130/820/2613
f 1113/1435/2614 1115/1433/2603 1166/1458/2602
f 1124/1449/2615 1114/1432/2615 1154/1459/2615
f 1125/1460/2616 1114/1432/2616 1116/1434/2616
f 1144/1421/2549 1099/1378/2548 1136/1467/2617
f 1137/1468/2618 668/1425/2618 1148/1469/2618
f 1139/1470/2619 668/1425/2578 1120/1471/2580
f 1140/1472/2620 1149/1473/2620 1120/1447/2620
f 1164/1442/2571 1089/1389/2570 1096/1452/2590
f 1096/1402/2621 1100/1410/2622 1141/1474/2623
f 1138/1437/2624 1097/1403/2624 1102/1475/2624
f 1129/1439/2625 1069/1438/2626 1192/1476/2627
f 1143/1477/2628 1132/1443/2629 1107/1420/2630
f 1107/1420/2534 1095/1400/2500 1150/1448/2631
f 1108/1478/2632 1122/1414/2593 1109/1454/2595
f 1109/1455/2633 672/1456/2599 1118/1445/2601
f 1174/1479/2634 1151/1480/2634 1123/1457/2634
f 1136/1450/2635 1106/1424/2635 1205/1481/2635
f 1106/1424/2636 668/1425/2636 1205/1481/2636
f 1148/1469/2637 668/1425/2578 1139/1470/2619
f 1145/1482/2638 1120/1447/2639 1131/1451/2640
f 1155/1483/2641 1096/1452/2642 1141/1484/2643
f 1100/1410/2622 1138/1437/2644 1141/1474/2623
f 1102/1475/2479 1072/1485/2498 1127/1486/2609
f 1171/1429/2645 1128/1415/2646 1188/1487/2647
f 1128/1415/2646 1038/1337/2648 1188/1487/2647
f 1188/1487/2647 1038/1337/2648 1077/1404/2649
f 1078/1397/2473 1104/1399/2499 1142/1463/2650
f 1175/1488/2651 1154/1459/2651 1125/1460/2651
f 1117/1436/2652 1113/1435/2585 1101/1427/2584
f 1139/1470/2653 1120/1471/2653 1149/1489/2653
f 1120/1447/2639 1145/1482/2638 1140/1472/2654
f 1138/1437/2655 1102/1475/2479 1127/1486/2609
f 1156/1490/2656 1150/1448/2583 1086/1384/2582
f 1122/1414/2657 1147/1491/2658 1084/1369/2659
f 1108/1465/2660 1133/818/2661 1134/1466/2662
f 1105/1426/2663 667/817/2664 670/1407/2665
f 667/817/2666 666/1492/2667 670/1407/2668
f 670/1407/2668 666/1492/2667 1152/1493/2669
f 1152/815/1443 667/817/1445 1153/1494/2670
f 667/817/2664 1105/1426/2663 1153/1494/2671
f 1161/1495/2672 1154/1459/2672 1175/1488/2672
f 1167/1496/2673 1117/1436/2652 1101/1427/2584
f 1135/1428/2546 1144/1421/2536 1148/1497/2674
f 1170/1498/2675 1164/1442/2676 1096/1452/2642
f 1143/1477/2628 1107/1420/2630 1150/1448/2677
f 1146/1444/2574 1084/1369/2476 1147/1491/2678
f 1130/820/2679 669/819/2679 1157/1499/2679
f 669/819/2577 1118/1445/2576 1151/1480/2680
f 1177/1500/2681 1174/1479/2682 1158/1501/2683
f 1152/1493/2684 1153/1494/2684 670/1407/2684
f 670/1407/2685 1153/1494/2685 1159/1502/2685
f 1153/1494/2671 1105/1426/2663 1159/1502/2686
f 1124/1449/2687 1154/1459/2687 1161/1495/2687
f 1116/1434/2688 1117/1436/2689 1125/1460/2690
f 1135/1428/2691 1148/1497/2691 1139/1503/2691
f 1170/1498/2675 1096/1452/2642 1155/1483/2641
f 1198/1504/2692 1160/1505/2556 1113/1506/2585
f 1163/1507/2693 1117/1436/2693 1167/1496/2693
f 1168/1508/2694 1101/1427/2695 1126/1409/2696
f 1199/1509/2697 1149/1489/2698 1169/1510/2699
f 1169/1511/2699 1149/1473/2698 1140/1472/2700
f 1077/1404/2701 1111/1419/2532 1188/1487/2702
f 1134/1466/2703 1130/820/2704 1173/1512/2705
f 672/1456/2516 670/1513/2515 1159/1514/2706
f 1125/1460/2690 1117/1436/2689 1180/1515/2707
f 1168/1508/2708 1126/1409/2519 1135/1408/2518
f 1145/1482/2709 1131/1451/2709 1164/1442/2709
f 1121/1441/2591 1132/1443/2710 1192/1476/2566
f 1173/1512/2705 1130/820/2704 1157/1499/2711
f 1185/1516/2712 669/819/2712 1151/1480/2712
f 1158/1501/2713 1174/1479/2713 1179/1517/2713
f 1174/1479/2714 1123/1457/2714 1179/1517/2714
f 1117/1436/2715 1163/1507/2715 1180/1515/2715
f 1167/1496/2716 1101/1427/2695 1168/1508/2694
f 1138/1518/2717 1127/1519/2718 1230/1520/2719
f 1147/1491/2658 1122/1414/2657 1108/1478/2720
f 1197/1521/2721 1147/1522/2722 1134/1466/2723
f 1118/1445/2576 1123/1457/2724 1151/1480/2680
f 1198/1504/2725 1113/1506/2726 1182/1523/2727
f 1166/1458/2728 1124/1449/2729 1161/1495/2730
f 1176/1524/2731 1164/1442/2731 1170/1498/2731
f 1127/1519/2610 1171/1525/2564 1230/1520/2732
f 1150/1448/2677 1172/1526/2733 1143/1477/2628
f 1086/1384/2475 1146/1444/2592 1184/1527/2734
f 1108/1465/2660 1134/1466/2662 1147/1522/2735
f 1198/1504/2692 1105/1528/2545 1160/1505/2556
f 1141/1484/2736 1138/1529/2737 1191/1530/2738
f 1132/1443/2710 1143/1477/2739 1200/1531/2740
f 1150/1448/2677 1156/1490/2741 1172/1526/2733
f 1156/1490/2742 1086/1384/2743 1184/1527/2744
f 1134/1466/2723 1173/1512/2745 1197/1521/2721
f 1189/1532/2746 1157/1499/2747 669/819/2748
f 1189/1532/2746 669/819/2748 1185/1516/2749
f 1123/1457/2600 672/1456/2599 1159/1514/2750
f 1113/1506/2614 1166/1533/2602 1182/1523/2751
f 1187/1534/2752 1166/1533/2728 1161/1535/2730
f 1190/1536/2753 1180/1515/2753 1163/1507/2753
f 1135/1537/2754 1139/1538/2754 1183/1539/2754
f 1145/1482/2755 1164/1442/2755 1176/1524/2755
f 1138/1518/2717 1230/1520/2719 1191/1540/2756
f 1192/1476/2566 1132/1443/2710 1200/1531/2740
f 1194/1541/2757 1186/1542/2758 1178/1543/2759
f 1125/1460/2760 1180/1515/2761 1215/1544/2762
f 1199/1509/2763 1139/1470/2763 1149/1489/2763
f 1129/1439/2625 1192/1476/2627 1195/1545/2764
f 1156/1490/2742 1184/1527/2744 1196/1546/2765
f 1151/1480/2766 1174/1479/2767 1202/1547/2768
f 1168/1508/2708 1135/1408/2518 1183/1548/2769
f 1169/1511/2770 1140/1472/2771 1208/1549/2772
f 1170/1498/2773 1155/1483/2773 1141/1484/2773
f 1171/1429/2645 1188/1487/2647 1256/1550/2774
f 1193/1551/2775 1146/1444/2776 1147/1491/2777
f 1177/1500/2778 1158/1501/2779 1178/1543/2780
f 1159/1552/2781 1105/1528/2545 1198/1504/2692
f 1175/1488/2782 1125/1460/2760 1215/1544/2762
f 1190/1536/2783 1163/1507/2783 1167/1496/2783
f 1176/1524/2784 1170/1498/2785 1141/1484/2786
f 1230/1520/2732 1171/1525/2564 1206/1553/2787
f 1171/1525/2645 1256/1554/2774 1206/1553/2788
f 1157/1499/2747 1189/1532/2746 1201/1555/2789
f 1185/1516/2790 1151/1480/2766 1202/1547/2768
f 1202/1547/2791 1174/1479/2682 1177/1500/2681
f 1179/1556/2792 1123/1557/2793 1159/1552/2781
f 1187/1534/2794 1161/1535/2794 1219/1558/2794
f 1219/1558/2795 1161/1535/2795 1175/1559/2795
f 1183/1539/2796 1139/1538/2797 1239/1560/2798
f 1239/1560/2798 1139/1538/2797 1199/1561/2799
f 1199/1509/2800 1169/1510/2801 1137/1562/2802
f 1104/1399/2499 1129/1439/2565 1209/1563/2803
f 1143/1477/2739 1172/1526/2804 1200/1531/2740
f 1186/1542/2805 1194/1541/2806 665/1564/2807
f 1207/1565/2808 662/1566/2808 1203/1567/2808
f 668/1425/2809 1137/1468/2809 1205/1481/2809
f 1140/1472/2771 1145/1482/2810 1208/1549/2772
f 1142/1463/2650 1104/1399/2499 1209/1563/2803
f 1129/1439/2811 1195/1545/2812 1209/1563/2813
f 1172/1526/2733 1156/1490/2741 1220/1568/2814
f 1202/1547/2791 1177/1500/2681 663/1569/2815
f 1210/1570/2816 663/1569/2816 1177/1500/2816
f 662/1566/2817 1207/1565/2818 1227/1571/2819
f 1182/1523/2820 1166/1533/2821 1218/1572/2822
f 1190/1536/2823 1167/1496/2824 1216/1573/2825
f 1167/1496/2824 1168/1508/2826 1216/1573/2825
f 1168/1508/2827 1183/1548/2828 1216/1573/2829
f 1148/1497/2830 1144/1421/2831 1233/1574/2832
f 1136/1450/2833 1205/1481/2833 1211/1575/2833
f 1208/1549/2834 1145/1482/2834 1176/1524/2834
f 1195/1545/2764 1192/1476/2627 1200/1531/2835
f 1184/1527/2734 1146/1444/2592 1193/1551/2836
f 1185/1516/2790 1202/1547/2768 1189/1532/2837
f 1158/1576/2779 1179/1556/2838 1178/1577/2780
f 662/1566/2817 1227/1571/2819 1182/1523/2839
f 1203/1567/2840 662/1566/2840 1218/1572/2840
f 662/1566/2841 1182/1523/2841 1218/1572/2841
f 1205/1578/2842 1137/1562/2802 1169/1510/2801
f 1176/1524/2784 1141/1484/2786 1208/1549/2843
f 1220/1568/2814 1156/1490/2741 1196/1546/2844
f 663/1569/2845 1210/1570/2845 1221/1579/2845
f 1218/1572/2822 1166/1533/2821 1187/1534/2846
f 1233/1580/2847 1136/1450/2848 1211/1575/2849
f 1196/1546/2765 1184/1527/2744 1193/1551/2850
f 1202/1547/2851 663/1569/2852 1221/1579/2853
f 1177/1500/2778 1178/1543/2780 1222/1581/2854
f 664/1582/2855 665/1564/2855 1213/1583/2855
f 1217/1584/2856 1194/1541/2856 1178/1543/2856
f 1198/1504/2692 661/1585/2857 1159/1552/2781
f 1216/1573/2829 1183/1548/2828 1239/1586/2858
f 1148/1497/2830 1233/1574/2832 1137/1587/2859
f 1144/1421/2860 1136/1467/2848 1233/1574/2847
f 1220/1568/2814 1196/1546/2844 1193/1551/2861
f 1210/1570/2862 1212/1588/2862 1221/1579/2862
f 1186/1542/2758 665/1564/2863 664/1582/2864
f 1213/1583/2865 665/1564/2865 1214/1589/2865
f 1214/1589/2866 665/1564/2867 1226/1590/2868
f 1179/1556/2792 1159/1552/2781 1265/1591/2869
f 1227/1571/2870 1207/1565/2871 1203/1567/2872
f 1218/1572/2873 1187/1534/2873 1219/1558/2873
f 1180/1515/2874 1190/1536/2874 1215/1544/2874
f 1257/1592/2875 1111/1464/2532 1142/1463/2611
f 1200/1531/2740 1172/1526/2804 1223/1593/2876
f 1223/1593/2876 1220/1568/2877 1251/1594/2878
f 1189/1532/2879 1202/1547/2879 1224/1595/2879
f 1178/1543/2759 1186/1542/2758 1225/1596/2880
f 1217/1584/2881 665/1564/2807 1194/1541/2806
f 1244/1597/2882 661/1585/2883 1198/1504/2725
f 1182/1523/2727 1244/1597/2882 1198/1504/2725
f 1215/1598/2884 1190/1599/2885 1253/1600/2886
f 1246/1601/2887 1137/1602/2887 1233/1603/2887
f 1205/1604/2888 1169/1511/2889 1234/1605/2890
f 1208/1549/2891 1141/1484/2736 1191/1530/2738
f 1223/1593/2876 1172/1526/2804 1220/1568/2877
f 1202/1547/2851 1221/1579/2853 1224/1595/2892
f 1210/1570/2893 1177/1500/2778 1222/1581/2854
f 659/1606/2894 629/1607/1441 661/1585/2883
f 630/813/1442 660/1608/2895 657/814/1440
f 630/813/2896 628/812/2897 658/1609/2898
f 1244/1597/2899 1182/1523/2839 1227/1571/2819
f 1169/1511/2900 1208/1549/2900 1234/1605/2900
f 1157/1499/2901 1201/1555/2902 1173/1512/2903
f 665/1564/2867 1217/1584/2904 1226/1590/2868
f 1217/1610/2904 1178/1577/2905 1179/1556/2792
f 1265/1591/2869 1159/1552/2781 661/1585/2857
f 629/811/1441 657/814/1440 661/1611/2883
f 658/1609/2898 628/812/2897 1270/1612/2906
f 1245/1613/2907 1190/1536/2907 1216/1573/2907
f 1233/1580/2908 1211/1575/2908 1234/1614/2908
f 1147/1522/2909 1235/1615/2909 1236/1616/2909
s 0
f 1236/1616/2910 1235/1615/2910 1237/1617/2910
s 1
f 1235/1615/2911 1147/1522/2911 1237/1617/2911
f 1243/1618/2912 1147/1522/2912 1197/1521/2912
f 1201/1555/2913 1189/1532/2914 1224/1595/2915
f 1212/1588/2916 1210/1570/2917 1222/1581/2918
f 1222/1581/2919 1178/1543/2759 1225/1596/2880
f 1186/1542/2758 664/1582/2864 1232/1619/2920
f 664/1582/2864 1213/1583/2921 1232/1619/2920
f 657/814/2922 660/1608/2922 658/1620/2922
f 1238/1621/2923 1227/1571/2870 1203/1567/2872
f 1199/1561/2800 1137/1602/2802 1246/1601/2924
f 1211/1575/2925 1205/1481/2888 1234/1614/2890
f 1200/1531/2835 1223/1593/2876 1241/1622/2926
f 1147/1491/2777 1236/1623/2927 1193/1551/2775
f 1193/1624/2928 1236/1616/2929 1242/1625/2930
f 1236/1616/2929 1237/1626/2931 1242/1625/2930
f 1237/1617/2932 1147/1522/2932 1242/1625/2932
f 1242/1625/2933 1147/1522/2933 1243/1618/2933
f 1214/1589/2866 1226/1590/2868 627/1627/2934
f 659/1606/2894 661/1585/2883 1244/1597/2882
f 1253/1600/2935 1190/1599/2935 1245/1628/2935
f 1245/1613/2936 1216/1573/2937 1239/1586/2938
f 1191/1540/2756 1230/1520/2719 1274/1629/2939
f 1188/1487/2702 1111/1419/2532 1240/1630/2940
f 1111/1631/2532 1257/1632/2875 1240/1633/2940
f 1195/1545/2764 1200/1531/2835 1241/1622/2926
f 1220/1568/2814 1193/1551/2861 1251/1594/2941
f 1242/1634/2942 1243/1635/2943 1193/1551/2861
f 1231/1636/2944 1221/1579/2944 1212/1588/2944
f 1217/1610/2904 1179/1556/2792 1265/1591/2869
f 1268/1637/2945 1233/1603/2945 1234/1638/2945
f 1256/1639/2946 1188/1640/2947 1240/1641/2948
f 1257/1592/2949 1142/1463/2950 1247/1642/2951
f 1247/1642/2952 1142/1463/2650 1209/1563/2803
f 627/1643/2934 626/1644/2953 1250/1645/2954
f 1270/1612/2955 628/812/2956 1248/1646/2957
f 628/812/2958 629/811/2959 1248/1646/2960
f 629/1607/2959 659/1606/2961 1248/1647/2960
f 1246/1601/2962 1233/1603/2962 1268/1637/2962
f 1273/1648/2963 1234/1605/2964 1208/1549/2891
f 1186/1542/2758 1232/1619/2920 1225/1596/2880
f 1244/1597/2965 1227/1571/2966 1276/1649/2967
f 1203/1567/2968 1218/1572/2969 1238/1621/2970
f 1238/1621/2970 1218/1572/2969 1276/1649/2971
f 1214/1589/2866 627/1627/2934 1250/1650/2954
f 1250/1645/2972 626/1644/2973 1254/1651/2974
f 1276/1649/2967 1227/1571/2966 1238/1621/2975
f 1273/1648/2963 1208/1549/2891 1191/1530/2738
f 1274/1629/2976 1230/1520/2732 1206/1553/2787
f 1195/1545/2812 1241/1622/2977 1209/1563/2813
f 1224/1595/2978 1221/1579/2979 1258/1652/2980
f 1258/1652/2980 1221/1579/2979 1261/1653/2981
f 1221/1579/2979 1231/1636/2982 1261/1653/2981
f 1232/1619/2983 1213/1583/2983 1291/1654/2983
f 658/1655/2984 1270/1656/2985 1266/1657/2986
f 1175/1559/2987 1215/1598/2884 1271/1658/2988
f 1271/1658/2988 1215/1598/2884 1253/1600/2886
f 1193/1551/2861 1243/1635/2943 1251/1594/2941
f 1275/1659/2989 1212/1588/2916 1222/1581/2918
f 1260/1660/2990 1250/1645/2972 1254/1651/2974
f 627/1643/2934 1226/1661/2868 1255/1662/2991
f 657/814/2992 658/1620/2992 1266/1663/2992
f 1271/1658/2993 1219/1558/2993 1175/1559/2993
f 1268/1637/2994 1234/1638/2964 1273/1664/2963
f 1288/1665/2995 1191/1530/2756 1274/1666/2939
f 1243/1618/2996 1173/1512/2903 1201/1555/2902
f 1201/1555/2913 1224/1595/2915 1258/1652/2997
f 1231/1636/2998 1212/1588/2999 1262/1667/3000
f 1212/1588/2999 1275/1659/3001 1262/1667/3000
f 1225/1596/3002 1232/1619/3002 1259/1668/3002
f 1265/1669/2869 1226/1661/2868 1217/1670/2904
f 661/1611/3003 657/814/3004 1281/1671/3005
f 1266/1657/2986 1270/1656/2985 1269/1672/3006
f 659/1606/2961 1244/1597/2965 1276/1649/2967
f 1218/1572/3007 1219/1558/3007 1267/1673/3007
f 1239/1560/3008 1199/1561/3009 1272/1674/3010
f 1199/1561/3009 1246/1601/3011 1272/1674/3010
f 1191/1530/2738 1288/1665/3012 1273/1648/2963
f 1274/1629/3013 1206/1553/2788 1278/1675/3014
f 1278/1675/3014 1206/1553/2788 1256/1554/2774
f 1197/1521/3015 1173/1512/3015 1243/1618/3015
f 1222/1581/3016 1225/1596/3017 1275/1659/3018
f 1275/1659/3018 1225/1596/3017 1259/1668/3019
f 1259/1668/3020 1232/1619/3020 1291/1654/3020
f 1291/1654/3021 1213/1583/3022 1214/1589/3023
f 1255/1662/2991 1226/1661/2868 1265/1669/2869
f 1265/1669/3024 661/1611/3003 1281/1671/3005
f 1248/1647/2960 659/1606/2961 1276/1649/2967
f 1295/1676/3025 1245/1628/2936 1239/1677/2938
f 1246/1601/3026 1268/1637/3026 1272/1674/3026
f 1214/1589/3023 1250/1650/3027 1260/1678/3028
f 626/1644/3029 627/1643/3030 1277/1679/3031
f 627/1643/2934 1255/1662/2991 1280/1680/3032
f 1295/1676/3033 1293/1681/3033 1245/1628/3033
f 1295/1676/3034 1239/1677/3008 1272/1682/3010
f 1209/1563/2813 1241/1622/2977 1299/1683/3035
f 1291/1654/3021 1214/1589/3023 1279/1684/3036
f 1214/1589/3023 1260/1678/3028 1279/1684/3036
f 626/1644/3029 1277/1679/3031 1254/1651/3037
f 1270/1656/2955 1248/1647/2957 1276/1649/3038
f 1278/1685/3039 1256/1639/2946 1240/1641/2948
f 1240/1633/2940 1257/1632/2875 1297/1686/3040
f 1284/1687/3041 1283/1688/3041 1285/1689/3041
f 1283/1688/3042 1260/1678/3042 1285/1689/3042
f 1277/1679/3043 627/1643/3044 1286/1690/3045
f 1286/1690/3045 627/1643/3044 1280/1680/3046
f 1281/1671/3047 657/814/3048 1266/1663/3049
f 1276/1649/3038 1218/1572/3050 1267/1673/3051
f 1267/1673/3052 1219/1558/3053 1271/1658/3054
f 1253/1600/3055 1245/1628/3055 1293/1681/3055
f 1247/1642/2952 1209/1563/2803 1289/1691/3056
f 1289/1691/3056 1209/1563/2803 1299/1683/3057
f 1223/1593/2876 1251/1594/2878 1243/1635/3058
f 1260/1678/3059 1283/1688/3059 1279/1684/3059
f 1279/1684/3060 1283/1688/3060 1287/1692/3060
f 1283/1688/3061 1284/1693/3061 1287/1692/3061
f 1287/1692/3062 1284/1694/3063 1260/1678/3064
f 1284/1694/3065 1285/1689/3065 1260/1678/3065
f 1262/1667/3066 1300/1695/3066 1231/1636/3066
f 1279/1684/3067 1287/1692/3062 1254/1696/3068
f 1287/1692/3062 1260/1678/3064 1254/1696/3068
f 1255/1662/3069 1265/1669/3069 1292/1697/3069
f 1292/1697/3070 1265/1669/3024 1281/1671/3005
f 1270/1656/2955 1276/1649/3038 1267/1673/3051
f 1293/1681/3071 1271/1658/3072 1253/1600/3073
f 1257/1592/2949 1247/1642/2951 1289/1691/3056
f 1275/1698/3074 1259/1699/3075 1291/1700/3076
f 1268/1637/2994 1273/1664/2963 1272/1674/3077
f 1296/1701/3078 1273/1664/2963 1288/1702/3012
f 1243/1618/2996 1201/1555/2902 1290/1703/3079
f 1201/1555/2913 1258/1652/2997 1290/1703/3080
f 1277/1704/3081 1279/1684/3067 1254/1696/3068
f 1286/1690/3082 1280/1680/3083 1255/1662/3084
f 1301/1705/3085 1271/1658/3072 1293/1681/3071
f 1307/1706/3086 1241/1622/2926 1223/1593/2876
f 1261/1653/3087 1231/1636/3087 1300/1695/3087
f 1275/1698/3074 1291/1700/3076 1262/1707/3088
f 1281/1671/3047 1266/1663/3049 1305/1708/3089
f 1267/1673/3052 1271/1658/3054 1301/1705/3090
f 1240/1633/2948 1297/1686/3091 1278/1709/3039
f 1297/1686/3040 1257/1632/2875 1298/1710/3092
f 1223/1593/2876 1243/1635/3058 1307/1706/3086
f 1290/1703/3093 1258/1652/3093 1261/1653/3093
f 1291/1654/3076 1279/1684/3067 1277/1704/3081
f 1286/1690/3082 1255/1662/3084 1294/1711/3094
f 1292/1697/3095 1281/1671/3095 1305/1708/3095
f 1295/1676/3034 1272/1682/3010 1302/1712/3096
f 1272/1674/3097 1273/1664/2963 1296/1701/3078
f 1305/1713/3098 1266/1657/3098 1269/1672/3098
f 1278/1709/3039 1297/1686/3091 1319/1714/3099
f 1243/1618/3058 1290/1703/3100 1307/1715/3086
f 1300/1716/3101 1262/1707/3088 1291/1700/3076
f 1255/1662/3102 1292/1697/3103 1305/1708/3104
f 1270/1656/2955 1267/1673/3051 1269/1672/3105
f 1303/1717/3106 1301/1705/3107 1295/1676/3108
f 1301/1705/3107 1293/1681/3109 1295/1676/3108
f 1288/1665/2995 1274/1666/2939 1318/1718/3110
f 1290/1703/3111 1261/1653/3111 1300/1695/3111
f 1291/1719/3076 1277/1679/3081 1304/1720/3112
f 1303/1717/3113 1267/1673/3051 1301/1705/3114
f 1318/1721/3115 1274/1629/3013 1278/1675/3014
f 1299/1722/3035 1241/1723/2977 1306/1724/3116
f 1291/1700/3076 1304/1725/3112 1308/1726/3117
f 1277/1679/3118 1286/1690/3119 1294/1711/3120
f 1294/1711/3121 1255/1662/3102 1305/1708/3104
f 1302/1727/3122 1272/1674/3097 1296/1701/3078
f 1241/1723/2926 1307/1728/3086 1306/1724/3123
f 1300/1716/3101 1291/1700/3076 1308/1726/3117
f 1304/1720/3124 1277/1679/3118 1294/1711/3120
f 1269/1672/3105 1267/1673/3051 1303/1717/3113
f 1298/1729/3125 1257/1592/2949 1289/1691/3056
f 1290/1703/3100 1300/1695/3126 1307/1715/3086
f 1303/1717/3113 1295/1676/3127 1311/1730/3128
f 1315/1731/3129 1296/1701/3078 1288/1702/3012
f 1299/1683/3057 1298/1729/3125 1289/1691/3056
f 1300/1716/3130 1308/1726/3130 1309/1732/3130
f 1309/1732/3131 1308/1726/3131 1314/1733/3131
f 1314/1733/3132 1308/1726/3132 1310/1734/3132
f 1311/1730/3128 1295/1676/3127 1302/1712/3133
f 1331/1735/3134 1300/1716/3135 1313/1736/3136
f 1300/1716/3135 1309/1732/3137 1313/1736/3136
f 1313/1736/3136 1309/1737/3138 1331/1735/3134
f 1331/1735/3139 1309/1737/3140 1314/1738/3141
f 1314/1738/3141 1310/1734/3142 1331/1735/3139
f 1331/1735/3139 1310/1734/3142 1308/1726/3143
f 1300/1716/3144 1331/1735/3144 1307/1728/3144
f 1294/1711/3145 1305/1708/3145 1304/1720/3145
f 1322/1739/3146 1305/1713/3147 1269/1672/3148
f 1315/1740/3129 1311/1730/3149 1302/1712/3122
f 1297/1686/3091 1323/1741/3150 1319/1714/3099
f 1298/1742/3125 1299/1722/3057 1317/1743/3151
f 1318/1744/3115 1278/1709/3014 1319/1714/3152
f 1315/1731/3129 1302/1727/3122 1296/1701/3078
f 1315/1731/3153 1288/1702/2995 1318/1745/3110
f 1269/1672/3105 1303/1717/3113 1316/1746/3154
f 1306/1724/3155 1317/1743/3156 1299/1722/3157
f 1331/1735/3158 1320/1747/3159 1307/1728/3160
f 1331/1735/3161 1308/1726/3161 1304/1725/3161
f 1304/1720/3162 1305/1708/3147 1322/1748/3146
f 1303/1717/3113 1311/1730/3128 1316/1746/3154
f 1298/1710/3092 1323/1741/3163 1297/1686/3040
f 1269/1672/3164 1316/1746/3164 1322/1739/3164
f 1316/1746/3165 1311/1730/3149 1321/1749/3166
f 1311/1730/3149 1315/1740/3129 1321/1749/3166
f 1327/1750/3167 1317/1743/3156 1306/1724/3155
f 1304/1725/3168 1322/1751/3169 1325/1752/3170
f 1323/1741/3150 1360/1753/3171 1319/1714/3099
f 1306/1724/3123 1307/1728/3086 1324/1754/3172
f 1307/1728/3086 1320/1747/3173 1324/1754/3172
f 653/1755/3174 1325/1752/3170 1322/1751/3169
f 1319/1714/3099 1360/1753/3171 1326/1756/3175
f 1298/1742/3125 1317/1743/3151 1332/1757/3176
f 1306/1724/3155 1324/1754/3177 1327/1750/3167
f 1336/1758/3178 1315/1759/3153 1318/1744/3110
f 1319/1714/3152 1329/1760/3179 1318/1744/3115
f 1304/1725/3180 1325/1752/3180 1331/1735/3180
f 1321/1761/3181 1315/1759/3153 1336/1758/3178
f 653/1755/3182 1322/1751/3183 1330/1762/3184
f 1322/1739/3183 1316/1746/3165 1321/1749/3166
f 1336/1758/3185 1318/1744/3115 1329/1760/3179
f 1330/1762/3184 1322/1751/3183 1321/1763/3166
f 1319/1714/3152 1326/1756/3186 1329/1760/3179
f 1360/1753/3187 1323/1741/3163 1332/1764/3188
f 1320/1747/3173 1337/1765/3189 1324/1754/3172
f 1323/1741/3163 1298/1710/3092 1332/1764/3188
f 1331/1735/3190 1325/1752/3191 1333/1766/3192
f 1325/1752/3170 653/1755/3174 631/1767/3193
f 647/1768/3194 643/1769/3195 1339/1770/3196
f 655/1771/3197 644/1772/3198 635/1773/3199
f 655/1771/3197 635/1773/3199 1340/1774/3200
f 635/1773/3199 638/1775/3201 1340/1774/3200
f 644/1772/3202 655/1771/3203 643/1769/3204
f 640/798/3205 1340/1774/3206 638/1775/3207
f 1340/1774/3206 640/798/3205 656/800/3208
f 1331/1735/3158 1333/1766/3209 1320/1747/3159
f 1333/1766/3192 1325/1752/3191 631/1767/3210
f 648/794/3211 652/803/3212 1338/1776/3213
f 650/799/3214 658/810/3215 653/1777/3216
f 1343/1778/3217 647/1768/3194 1339/1770/3196
f 1344/1779/3218 1330/1762/3184 1321/1763/3166
f 1317/1743/3151 1327/1750/3219 1332/1757/3176
f 651/802/3220 648/794/3211 1338/1776/3213
f 643/1769/3204 655/1771/3203 1342/1780/3221
f 650/799/1420 1341/1781/3222 656/800/1421
f 1338/1776/3223 652/803/3224 1345/1782/3225
f 652/803/3226 654/804/3226 1345/1782/3226
f 1334/1783/1437 647/1768/1429 1343/1778/3227
f 650/799/3214 653/1777/3216 1349/1784/3228
f 1337/1765/3229 1320/1747/3159 1333/1766/3209
f 651/802/3230 1338/1776/3231 642/792/3232
f 1339/1770/3233 643/1769/3204 1342/1780/3221
f 1348/1785/3234 1338/1776/3223 1345/1782/3225
f 1340/1774/3206 656/800/3208 1346/1786/3235
f 656/800/1421 1341/1781/3222 1347/1787/3236
f 1336/1758/3185 1329/1760/3179 1326/1756/3186
f 631/808/3237 642/792/3232 1354/1788/3238
f 1345/1782/3239 654/804/3240 1334/809/3241
f 1340/1774/3200 1351/1789/3242 655/1771/3197
f 1350/1790/3243 1334/1783/3244 1343/1778/3245
f 1342/1780/3221 655/1771/3203 1352/1791/3246
f 1355/1792/3247 1340/1774/3206 1346/1786/3235
f 1344/1779/3248 1321/1763/3181 1336/1793/3178
f 642/792/3232 1338/1776/3231 1354/1788/3238
f 655/1771/3249 1351/1789/3250 1352/1791/3251
f 1340/1774/3252 1355/1792/3252 1351/1789/3252
f 1346/1786/3253 656/800/3253 1347/1787/3253
f 653/1755/3182 1330/1762/3184 1349/1794/3254
f 1332/1757/3176 1327/1750/3219 1353/1795/3255
f 1333/1766/3209 631/1767/3256 1354/1796/3257
f 1341/1781/3258 650/799/3259 1349/1784/3260
f 1349/1794/3261 1330/1762/3184 1344/1779/3218
f 1353/1797/3262 1360/1753/3187 1332/1764/3188
f 1334/1783/3244 1350/1790/3243 1358/1798/3263
f 1354/1796/3257 1337/1765/3229 1333/1766/3209
f 1343/1778/3264 1339/1770/3265 1357/1799/3266
f 1341/1781/3222 1359/1800/3267 1347/1787/3236
f 1362/1801/3268 1344/1779/3248 1336/1793/3178
f 1337/1765/3189 1356/1802/3269 1324/1754/3172
f 1338/1776/3270 1348/1785/3271 1354/1788/3272
f 1348/1785/3273 1345/1782/3274 1363/1803/3275
f 1339/1770/3265 1342/1780/3276 1357/1799/3266
f 1345/1782/3239 1334/809/3241 1358/1804/3277
f 1362/1801/3268 1349/1794/3278 1344/1779/3248
f 1326/1805/3175 1360/1806/3171 1362/1801/3279
f 1359/1800/3280 1341/1781/3281 1361/1807/3282
f 1361/1807/3283 1349/1784/3278 1362/1808/3268
f 1363/1803/3284 1345/1782/3239 1358/1804/3277
f 1343/1778/3264 1357/1799/3266 1350/1790/3285
f 1371/1809/3286 1352/1791/3251 1351/1789/3250
f 1351/1789/3250 1355/1792/3287 1371/1809/3286
f 1341/1781/3258 1349/1784/3260 1361/1807/3288
f 1336/1793/3185 1326/1805/3186 1362/1801/3289
f 1356/1802/3269 1337/1765/3189 1354/1796/3290
f 1357/1799/3266 1342/1780/3276 1374/1810/3291
f 1355/1792/3292 1346/1786/3293 1371/1809/3294
f 1354/1788/3272 1348/1785/3271 1365/1811/3295
f 1363/1803/3284 1358/1804/3277 1366/1812/3296
f 1368/1813/3297 1359/1800/3280 1361/1807/3282
f 1342/1780/3276 1352/1791/3298 1374/1810/3291
f 1346/1786/3299 1347/1787/3300 1369/1814/3301
f 1362/1815/3279 1360/1816/3171 1377/1817/3302
f 1364/1818/3303 1358/1798/3304 1350/1790/3305
f 1377/1817/3306 1360/1816/3187 1353/1819/3262
f 1353/1795/3255 1327/1750/3219 1378/1820/3307
f 1327/1750/3167 1324/1754/3177 1378/1820/3308
f 1347/1787/3300 1359/1800/3309 1372/1821/3310
f 1359/1800/3309 1368/1813/3311 1372/1821/3310
f 1376/1822/3312 1368/1813/3297 1361/1807/3282
f 1388/1823/3313 1377/1817/3306 1353/1819/3262
f 1365/1824/3314 1356/1802/3269 1354/1796/3290
f 1348/1785/3273 1363/1803/3275 1373/1825/3315
f 1358/1798/3316 1364/1818/3317 1366/1826/3318
f 1378/1827/3307 1388/1823/3319 1353/1819/3255
f 1365/1811/3320 1348/1785/3273 1373/1825/3315
f 1373/1825/3321 1363/1803/3322 1366/1812/3323
f 1374/1810/3291 1352/1791/3298 1370/1828/3324
f 1346/1786/3293 1369/1814/3325 1371/1809/3294
f 1369/1814/3301 1347/1787/3300 1372/1821/3310
f 1376/1822/3326 1375/1829/3326 1368/1813/3326
f 1324/1754/3327 1356/1802/3328 1380/1830/3329
f 1368/1813/3311 1375/1829/3330 1372/1821/3310
f 1380/1830/3331 1378/1820/3308 1324/1754/3177
f 1356/1802/3328 1365/1824/3332 1380/1830/3329
f 1373/1825/3321 1366/1812/3323 624/1831/3333
f 1381/1832/3334 1364/1818/3303 1350/1790/3305
f 1352/1791/3251 1371/1809/3286 1370/1828/3335
f 1376/1822/3336 1361/1807/3283 1362/1808/3268
f 1362/1815/3279 1377/1817/3302 1385/1833/3337
f 1366/1826/3318 1364/1818/3317 1477/1834/3338
f 1375/1829/3339 1476/1835/3340 1383/1836/3341
f 1477/1834/3338 1364/1818/3317 1381/1832/3342
f 1382/1837/3343 1371/1809/3294 1369/1814/3325
f 1380/1838/3329 1365/1839/3332 1373/1840/3344
f 1350/1790/3305 1357/1799/3345 1384/1841/3346
f 1357/1799/3345 1374/1810/3347 1384/1841/3346
f 1486/1842/3348 1383/1843/3348 1475/1844/3348
f 1475/1844/3349 1383/1843/3341 1476/1845/3340
f 1476/1835/3350 1375/1829/3350 1376/1822/3350
f 1386/1846/3351 1377/1817/3306 1479/1847/3352
f 1388/1823/3319 1378/1827/3307 1513/1848/3353
f 1513/1848/3354 1378/1827/3308 1380/1849/3331
f 1390/1850/3355 1373/1840/3356 624/1851/3357
f 1383/1843/3358 1486/1842/3358 1387/1852/3358
f 1479/1847/3352 1377/1817/3306 1388/1823/3313
f 1381/1832/3334 1350/1790/3305 1384/1841/3346
f 1380/1838/3329 1373/1840/3344 1390/1850/3359
f 624/1853/3360 1366/1826/3318 1477/1834/3338
f 1387/1854/3361 1477/1834/3338 1381/1832/3342
f 1372/1821/3310 1375/1829/3330 1393/1855/3362
f 1384/1841/3363 1374/1810/3364 1392/1856/3365
f 1370/1828/3335 1371/1809/3286 1382/1837/3366
f 1369/1814/3367 1372/1821/3368 1393/1855/3369
f 1393/1855/3362 1375/1829/3330 1383/1836/3370
f 1387/1854/3361 1381/1832/3342 1391/1857/3371
f 1391/1857/3372 1381/1832/3373 1384/1841/3374
f 1383/1858/3375 1387/1854/3376 1391/1857/3377
f 1374/1810/3364 1370/1828/3335 1392/1856/3365
f 1392/1856/3365 1370/1828/3335 1382/1837/3366
f 1369/1814/3367 1393/1855/3369 1382/1837/3378
f 1391/1857/3372 1384/1841/3374 1392/1856/3379
f 1393/1859/3380 1383/1858/3375 1391/1857/3377
f 1394/1860/3381 1382/1837/3378 1393/1855/3369
f 1399/1861/3382 1393/1859/3380 1391/1857/3377
f 1392/1856/3365 1382/1837/3366 1394/1860/3383
f 1393/1855/3384 1399/1862/3384 1394/1860/3384
f 1399/1861/3385 1391/1857/3372 1395/1863/3386
f 1391/1857/3372 1392/1856/3379 1395/1863/3386
f 1395/1863/3387 1392/1856/3365 1394/1860/3383
f 1397/1864/3388 1396/1865/3389 1394/1866/3390
f 1397/1864/3388 1394/1866/3390 1399/1867/3391
f 1394/1866/3392 1407/1868/3393 1398/1869/3394
f 1396/1870/3389 1397/1871/3388 1400/1872/3395
f 1407/1868/3396 1394/1866/3396 1396/1865/3396
f 1395/1873/3397 1394/1866/3392 1398/1869/3394
f 623/1874/1383 1398/1869/3394 1407/1868/3393
f 618/774/1374 622/769/1376 623/1874/1383
f 620/771/1380 1402/1875/3398 1401/772/1381
f 1395/1873/3399 1398/1869/3400 1399/1876/3401
f 622/769/3402 1401/772/3403 1405/1877/3404
f 621/768/1375 623/775/1383 1410/1878/3405
f 1397/1879/3406 1399/1876/3401 1398/1869/3400
f 1398/1869/3407 623/1874/1383 622/769/1376
f 1411/1880/3408 622/769/3402 1405/1877/3404
f 1411/1880/3408 1405/1877/3404 1414/1881/3409
f 1404/1882/3410 621/768/1375 1410/1878/3405
f 1410/1878/3405 623/775/1383 1407/1883/3393
f 1406/778/1386 1403/777/1385 1412/1884/3411
f 617/776/3412 1409/1885/3413 1403/777/3414
f 1409/773/1382 618/774/1374 1413/1886/3415
f 1405/1877/3416 616/1887/3417 1415/1888/3418
f 616/1887/3417 1416/1889/3419 1415/1888/3418
f 1416/1890/3420 616/1891/3420 1417/1892/3420
f 616/1887/3421 1405/1877/3404 1417/1892/3422
f 1403/777/3414 1409/1885/3413 1439/1893/3423
f 1407/1883/3424 1396/1870/3425 1400/1872/3426
f 1400/1872/3395 1397/1871/3388 1408/1894/3427
f 1397/1879/3428 1398/1869/3429 1425/1895/3430
f 1405/1877/3431 1415/1888/3431 1420/1896/3431
f 1415/1888/3432 1416/1890/3432 1420/1896/3432
f 1416/1890/3433 1417/1892/3433 1420/1896/3433
f 1420/1896/3434 1417/1892/3434 1401/772/3434
f 1417/1892/3422 1405/1877/3404 1401/772/3403
f 1414/1881/3409 1405/1877/3404 1419/1897/3435
f 618/767/3436 619/766/3436 1413/1898/3436
f 614/1899/3437 611/761/3438 1422/1900/3439
f 615/780/3440 1429/1901/3441 1422/1900/3439
f 1404/1882/3442 1410/1878/3443 1424/1902/3444
f 1410/1878/3445 1407/1883/3424 1400/1872/3426
f 1425/1895/3430 1398/1869/3429 1418/1903/3446
f 1398/1869/3447 622/769/3448 1418/1903/3449
f 1420/1896/3450 1401/772/3450 1438/1904/3450
f 611/761/3438 614/1899/3437 612/762/3451
f 1429/1901/3452 615/780/3452 621/768/3452
f 1412/1884/3411 1403/777/1385 1421/1905/3453
f 619/766/3454 615/780/3454 1428/1906/3454
f 1429/1901/3455 621/768/3455 609/1907/3455
f 1408/1894/3456 1397/1871/3457 1425/1908/3458
f 1418/1903/3449 622/769/3448 1411/1880/3459
f 1419/1897/3460 1405/1877/3460 1430/1909/3460
f 1432/1910/3461 1430/1911/3461 1420/1912/3461
f 1430/1909/3462 1405/1877/3462 1420/1896/3462
f 620/779/1389 1406/778/1388 1433/758/3463
f 613/764/1370 610/760/1369 1423/765/3464
f 1440/1913/3465 612/762/3466 614/1899/3467
f 621/768/1375 1404/1882/3410 609/1907/3468
f 608/1914/3469 1404/1882/3442 1424/1902/3444
f 1419/1915/3470 1430/1916/3471 1434/1917/3472
f 1430/1916/3471 1432/1918/3473 1434/1917/3472
f 1432/1918/3473 1431/1919/3474 1434/1917/3472
f 1434/1920/3475 1431/1921/3475 1420/1912/3475
f 1431/1921/3476 1432/1910/3476 1420/1912/3476
f 1439/1922/3477 1409/1923/3478 1437/1924/3479
f 609/1907/3480 608/1914/3480 1435/1925/3480
f 1436/1926/3481 1410/1878/3445 1400/1872/3426
f 1418/1903/3449 1411/1880/3459 1442/1927/3482
f 1411/1880/3408 1414/1881/3409 1457/1928/3483
f 1414/1881/3484 1426/1929/3484 1457/1928/3484
f 1419/1930/3485 1434/1920/3485 1420/1912/3485
f 1453/1931/3486 1401/772/3487 1402/1875/3488
f 615/780/3489 1422/1900/3489 611/761/3489
f 1427/763/3490 612/762/3490 1440/1913/3490
f 1424/1902/3491 1410/1878/3445 1436/1926/3481
f 1401/772/3487 1453/1931/3486 1438/1904/3492
f 1413/1898/3493 619/766/3493 1428/1906/3493
f 1404/1882/3442 608/1914/3469 609/1907/3494
f 608/1914/3495 1424/1902/3496 1436/1926/3497
f 1425/1895/3498 1418/1903/3498 1441/1932/3498
f 1414/1881/3409 1419/1897/3435 1426/1929/3499
f 1433/758/3463 1406/778/1388 1412/1884/3500
f 1443/1933/3501 1409/1923/1382 1446/1934/3502
f 1449/1935/3503 1427/763/3503 1440/1913/3503
f 614/1899/3437 1422/1900/3439 1429/1901/3441
f 1437/1924/3504 1409/1923/3504 1443/1933/3504
f 1419/1936/3505 1420/1896/3506 1445/1937/3507
f 613/764/3508 615/780/3509 611/761/3510
f 608/1914/3495 1436/1926/3497 1435/1925/3511
f 1436/1926/3512 1400/1872/3513 1451/1938/3514
f 1408/1894/3515 1451/1938/3514 1400/1872/3513
f 1411/1880/3459 1448/1939/3516 1442/1927/3482
f 1448/1939/3516 1411/1880/3459 1457/1928/3517
f 1426/1929/3518 1444/1940/3519 1452/1941/3520
f 1446/1934/3502 1409/1923/1382 1413/1942/3415
f 615/1943/3509 613/1944/3508 1428/1945/3521
f 1456/1946/3522 1423/765/3523 1427/763/3524
f 1455/1947/3525 1449/1935/3526 1440/1913/3527
f 614/1899/3467 1429/1901/3528 1450/1948/3529
f 1429/1901/3530 609/1907/3531 1450/1948/3532
f 1408/1894/3456 1425/1908/3458 1461/1949/3533
f 1488/1950/3534 1426/1929/3518 1452/1941/3520
f 1454/1951/1364 1402/1875/3398 620/771/1380
f 1447/1952/3535 1436/1926/3512 1451/1938/3514
f 1420/1896/3506 1438/1904/3536 1445/1937/3507
f 1440/1913/3465 614/1899/3467 1450/1948/3529
f 1435/1925/3537 1436/1926/3537 1447/1952/3537
f 1418/1903/3538 1442/1927/3538 1441/1932/3538
f 1444/1940/3539 1426/1929/3499 1419/1897/3435
f 1443/1933/3501 1446/1934/3502 1464/1953/3540
f 613/1944/3541 1423/1954/3541 1460/1955/3541
f 1456/1946/3522 1427/763/3524 1449/1935/3542
f 609/1907/3543 1435/1925/3543 1447/1952/3543
f 1441/1932/3544 1442/1927/3544 1458/1956/3544
f 1442/1927/3545 1448/1939/3546 1458/1956/3547
f 1448/1939/3548 1457/1928/3548 1459/1957/3548
f 1462/1958/3549 1457/1928/3549 1426/1929/3549
f 1454/757/1364 620/779/1380 1433/758/1365
f 1438/1904/3492 1453/1931/3486 1445/1937/3550
f 1494/1959/3551 1403/777/3414 1439/1893/3423
f 1455/1947/3525 1440/1913/3527 1450/1948/3552
f 1408/1894/3515 1467/1960/3553 1451/1938/3514
f 1459/1957/3554 1457/1928/3554 1462/1958/3554
f 1419/1897/3555 1463/1961/3556 1444/1940/3557
f 1480/1962/3558 1419/1936/3559 1445/1937/3560
f 1428/1945/3561 613/1944/3561 1478/1963/3561
f 1450/1948/3532 609/1907/3531 1447/1952/3562
f 1458/1956/3547 1448/1939/3546 1459/1957/3563
f 1426/1929/3564 1488/1950/3564 1462/1958/3564
f 1463/1961/3565 1419/1897/3565 1480/1964/3565
f 1453/1931/3566 1402/1875/3566 1454/1951/3566
f 1454/757/3567 607/759/3568 1468/1965/3569
f 1433/758/3463 1412/1884/3500 1465/1966/3570
f 1423/1954/3571 1456/1967/3571 1460/1955/3571
f 1425/1895/3572 1441/1932/3573 1461/1968/3574
f 1452/1941/3575 1444/1940/3557 1463/1961/3556
f 1421/1905/3576 1403/777/3577 1494/1959/3578
f 1413/1942/3579 1428/1969/3580 1469/1970/3581
f 1450/1948/3582 1466/1971/3583 1455/1947/3584
f 1467/1960/3585 1408/1894/3456 1490/1972/3586
f 1469/1970/3581 1428/1969/3580 1478/1973/3587
f 1447/1952/3588 1451/1938/3588 1450/1948/3588
f 1408/1894/3456 1461/1949/3533 1490/1972/3586
f 1445/1937/3589 1453/1931/3589 1472/1974/3589
f 607/759/3590 1470/1975/3590 1468/1965/3590
f 607/759/3591 1471/1976/3591 1470/1975/3591
f 607/759/3592 1433/758/3592 1471/1976/3592
f 1471/1976/3593 1433/758/3463 1465/1966/3570
f 1465/1966/3594 1412/1884/3411 1421/1905/3453
f 1464/1953/3595 1446/1934/3596 1473/1977/3597
f 1488/1950/3598 1452/1941/3599 1480/1964/3600
f 1472/1974/3601 1453/1931/3601 1454/1951/3601
f 1437/1924/3602 1443/1933/3602 605/1978/3602
f 1474/1979/3603 1469/1970/3581 1478/1973/3587
f 1466/1971/3583 1450/1948/3582 1451/1938/3514
f 1376/1822/3336 1362/1808/3268 1385/1980/3604
f 1377/1817/3302 1386/1846/3605 1385/1833/3337
f 1459/1957/3606 1462/1958/3606 1488/1950/3606
f 1480/1962/3558 1445/1937/3560 1472/1974/3607
f 1454/757/3567 1468/1965/3569 1481/1981/3608
f 1484/1982/3609 606/1983/3610 1482/1984/3611
f 1486/1842/3612 1475/1844/3612 1461/1985/3612
f 1529/1986/3613 1390/1850/3355 624/1851/3357
f 1441/1932/3614 1458/1956/3614 1487/1987/3614
f 1452/1941/3599 1463/1961/3615 1480/1964/3600
f 1472/1988/3616 1454/757/3616 1481/1981/3616
f 1485/1989/3617 1482/1984/3617 606/1983/3617
f 1439/1922/3477 1437/1924/3479 1501/1990/3618
f 1473/1977/3619 1446/1934/3619 1511/1991/3619
f 1511/1991/3620 1446/1934/3502 1469/1970/3621
f 1446/1934/3502 1413/1942/3415 1469/1970/3621
f 1478/1963/3622 613/1944/3622 1460/1955/3622
f 1476/1835/3623 1376/1822/3336 1385/1980/3604
f 1461/1968/3574 1441/1932/3573 1487/1987/3624
f 1458/1956/3625 1459/1957/3626 1487/1987/3627
f 1505/1992/3628 1468/1965/3628 1470/1975/3628
f 606/1983/3629 1484/1982/3630 1421/1905/3453
f 1466/1971/3583 1451/1938/3514 1467/1960/3553
f 1461/1985/3631 1487/1993/3631 1486/1842/3631
f 1437/1924/3479 605/1978/3632 1501/1990/3618
f 1460/1955/3633 1456/1967/3633 1502/1994/3633
f 1490/1972/3586 1461/1949/3533 1497/1995/3634
f 1479/1847/3635 1388/1823/3319 1513/1848/3353
f 1487/1987/3627 1459/1957/3626 1488/1950/3636
f 1480/1996/3600 1472/1988/3637 1481/1981/3638
f 1465/1966/3594 1421/1905/3453 1484/1982/3630
f 1500/1997/3639 1482/1984/3639 1485/1989/3639
f 1474/1979/3640 1478/1973/3640 1492/1998/3640
f 1466/1971/3641 1467/1960/3585 1496/1999/3642
f 1387/1852/3643 1486/1842/3644 1477/2000/3645
f 1456/1946/3646 1449/1935/3647 1455/1947/3648
f 1497/1995/3649 1461/1949/3650 1475/2001/3651
f 1390/1850/3359 1491/2002/3652 1499/2003/3653
f 1488/1950/3598 1480/1964/3600 1487/1987/3654
f 1465/1966/3655 1484/1982/3609 1482/1984/3611
f 1421/1905/3576 1494/1959/3578 606/1983/3656
f 1511/1991/3620 1469/1970/3621 1495/2004/3657
f 1492/1998/3658 1478/1973/3658 1502/2005/3658
f 1502/1994/3659 1456/1967/3646 1455/2006/3648
f 1496/1999/3642 1467/1960/3585 1490/1972/3586
f 1380/1838/3329 1390/1850/3359 1499/2003/3653
f 1493/2007/3660 1390/1850/3355 1529/1986/3613
f 1517/2008/3661 1487/2009/3654 1480/1996/3600
f 1469/1970/3662 1474/1979/3662 1495/2004/3662
f 1478/1963/3663 1460/1955/3663 1502/1994/3663
f 1390/1850/3664 1493/2007/3665 1491/2002/3652
f 1477/2000/3645 1486/1842/3644 1487/1993/3666
f 1470/1975/3667 1471/1976/3667 1465/1966/3667
f 1439/1893/3668 1501/2010/3668 1494/1959/3668
f 1466/1971/3641 1496/1999/3642 1455/1947/3669
f 1465/1966/3670 1482/1984/3670 1510/2011/3670
f 1497/1995/3649 1475/2001/3651 1509/2012/3671
f 624/1851/3672 1477/2000/3673 1529/1986/3674
f 1481/1981/3675 1468/1965/3676 1505/1992/3677
f 1485/1989/3678 606/1983/3678 1506/2013/3678
f 1495/2004/3679 1474/1979/3679 1492/1998/3679
f 1521/2014/3680 1492/1998/3681 1507/2015/3682
f 1490/1972/3586 1497/1995/3634 1508/2016/3683
f 1386/1846/3351 1479/1847/3352 1512/2017/3684
f 1527/2018/3685 1465/1966/3685 1510/2011/3685
f 1500/1997/3686 1485/1989/3687 1506/2013/3688
f 1464/1953/3540 1522/2019/3689 1443/1933/3501
f 1534/2020/3690 1503/2021/3691 1464/1953/3595
f 1464/1953/3595 1473/1977/3597 1534/2020/3690
f 1511/1991/3692 1514/2022/3693 1515/2023/3694
f 1515/2024/3695 1514/2022/3693 1495/2004/3696
f 1514/2022/3693 1511/1991/3692 1495/2004/3696
f 1495/2004/3697 1492/1998/3697 1521/2014/3697
f 1492/1998/3698 1502/2005/3699 1507/2015/3700
f 1496/1999/3701 1490/1972/3702 1531/2025/3703
f 1526/2026/3704 1475/1844/3349 1476/1845/3340
f 1526/2027/3705 1476/1835/3623 1385/1980/3604
f 1549/2028/3706 1479/1847/3635 1513/1848/3353
f 1513/1848/3354 1380/1849/3331 1499/2029/3707
f 1480/1996/3600 1481/1981/3638 1517/2008/3661
f 1505/1992/3708 1470/1975/3709 1527/2018/3710
f 1470/1975/3711 1465/1966/3711 1527/2018/3711
f 1510/2011/3712 1482/1984/3713 1528/2030/3714
f 1528/2030/3714 1482/1984/3713 1500/1997/3715
f 1511/1991/3692 1515/2023/3694 1518/2031/3716
f 1518/2032/3717 1515/2024/3717 1525/2033/3717
f 1515/2024/3695 1495/2004/3696 1525/2033/3718
f 1495/2004/3696 1520/2034/3719 1525/2033/3718
f 1479/1847/3352 1568/2035/3720 1512/2017/3684
f 1529/1986/3674 1477/2000/3673 1487/1993/3721
f 606/1983/3656 1494/1959/3578 1506/2013/3722
f 1575/2036/3723 605/2037/3723 1522/2038/3723
f 605/1978/3724 1443/1933/3724 1522/2019/3724
f 1523/2039/3725 1473/1977/3726 1511/1991/3727
f 604/2040/3728 1511/1991/3727 1524/2041/3729
f 1511/1991/3727 1518/2031/3730 1524/2041/3729
f 1524/2041/3729 1518/2032/3731 1525/2033/3732
f 1509/2012/3733 1475/2001/3349 1526/2042/3704
f 1386/1846/3605 1512/2017/3734 1385/1833/3337
f 1568/2035/3735 1479/1847/3635 1549/2028/3706
f 1522/2019/3689 1464/1953/3540 1503/2021/3736
f 1503/2021/3737 1534/2020/3738 1537/2043/3739
f 1524/2041/3729 1525/2033/3732 604/2040/3728
f 1502/2044/3659 1455/1947/3648 1496/1999/3740
f 1500/1997/3686 1506/2013/3688 1533/2045/3741
f 1523/2039/3725 1511/1991/3727 604/2040/3728
f 1530/2046/3742 1520/2047/3742 1519/2048/3742
f 1512/2017/3743 1526/2049/3744 1385/1833/3745
f 1517/2008/3746 1481/1981/3675 1538/2050/3747
f 1505/1992/3708 1527/2018/3710 1532/2051/3748
f 1506/2013/3749 1494/1959/3749 1501/2010/3749
f 1502/2044/3750 1516/2052/3750 1535/2053/3750
f 1502/2044/3659 1496/1999/3740 1516/2052/3751
f 1496/1999/3701 1531/2025/3703 1516/2052/3752
f 1531/2025/3753 1490/1972/3753 1535/2053/3753
f 1508/2016/3754 1497/1995/3649 1509/2012/3671
f 1491/2002/3652 1493/2007/3665 1536/2054/3755
f 1481/1981/3675 1505/1992/3677 1538/2050/3747
f 1507/2015/3700 1502/2005/3699 1535/2055/3756
f 1544/2056/3757 1493/2007/3660 1529/1986/3613
f 1487/1993/3721 1544/2056/3758 1529/1986/3674
f 1510/2011/3712 1528/2030/3714 1541/2057/3759
f 1501/1990/3618 605/1978/3632 1539/2058/3760
f 1473/1977/3761 1523/2039/3761 1534/2020/3761
f 1564/2059/3762 1509/2060/3733 1526/2049/3704
f 1549/2028/3763 1513/1848/3354 1499/2029/3707
f 1487/1993/3764 1517/2061/3764 1544/2056/3764
f 1532/2051/3765 1527/2018/3766 1510/2011/3767
f 605/2037/3632 1542/2062/3768 1539/2063/3760
f 1522/2038/3769 1503/2064/3769 1555/2065/3769
f 1547/2066/3770 1519/2048/3770 1520/2047/3770
f 1520/2034/3771 1495/2004/3772 1521/2014/3773
f 1521/2014/3680 1507/2015/3682 604/2067/3774
f 1535/2053/3775 1490/1972/3586 1508/2016/3683
f 1538/2050/3747 1505/1992/3677 1541/2057/3776
f 1528/2030/3777 1500/1997/3778 1540/2068/3779
f 1500/1997/3780 1533/2045/3780 1540/2068/3780
f 1537/2069/3739 1530/2046/3781 1503/2064/3737
f 1530/2046/3781 1537/2069/3739 1520/2047/3719
f 1491/2002/3652 1536/2054/3755 1499/2003/3653
f 1517/2061/3782 1538/2070/3783 1544/2056/3784
f 1505/1992/3785 1532/2051/3785 1541/2057/3785
f 1541/2057/3786 1532/2051/3765 1510/2011/3767
f 605/2037/3787 1575/2036/3788 1542/2062/3789
f 1555/2065/3790 1503/2064/3791 1543/2071/3792
f 1520/2034/3771 1521/2014/3773 1547/2072/3793
f 1525/2073/3732 1566/2074/3794 604/2067/3728
f 1525/2075/3718 1520/2047/3719 1537/2069/3739
f 1546/2076/3795 1534/2020/3795 1523/2039/3795
f 1516/2052/3796 1531/2025/3796 1535/2053/3796
f 1506/2013/3797 1501/2010/3797 1533/2045/3797
f 1521/2014/3798 604/2067/3799 1566/2074/3800
f 1523/2039/3725 604/2040/3728 1546/2076/3801
f 1557/2077/3802 1535/2055/3775 1508/2078/3683
f 1533/2079/3803 1501/2080/3803 1574/2081/3803
f 1574/2081/3804 1501/2080/3804 1539/2063/3804
f 1530/2046/3805 1519/2048/3805 1551/2082/3805
f 1552/2083/3806 1534/2020/3806 1546/2076/3806
f 604/2067/3807 1507/2015/3808 1546/2084/3809
f 1503/2064/3810 1530/2046/3810 1562/2085/3810
f 1546/2084/3809 1507/2015/3808 1554/2086/3811
f 1557/2087/3812 1508/2088/3754 1509/2060/3671
f 1564/2059/3813 1526/2049/3744 1560/2089/3814
f 1525/2075/3815 1537/2069/3815 1566/2090/3815
f 1552/2083/3816 1537/2043/3816 1534/2020/3816
f 1554/2086/3811 1507/2015/3808 1557/2077/3802
f 1507/2015/3808 1535/2055/3775 1557/2077/3802
f 1526/2049/3744 1512/2017/3743 1560/2089/3814
f 1569/2091/3817 1493/2007/3660 1544/2056/3757
f 1528/2030/3777 1540/2068/3779 1545/2092/3818
f 1550/2093/3819 1545/2092/3820 1540/2068/3821
f 1503/2064/3791 1556/2094/3822 1543/2071/3792
f 1551/2082/3823 1519/2048/3823 1563/2095/3823
f 1519/2048/3824 1547/2066/3824 1563/2095/3824
f 1547/2072/3825 1521/2014/3798 1566/2074/3800
f 1546/2084/3826 1554/2086/3827 1559/2096/3828
f 1512/2017/3684 1568/2035/3720 1560/2089/3829
f 1499/2029/3707 1536/2097/3830 1549/2028/3763
f 1556/2094/3831 1503/2064/3831 1562/2085/3831
f 1537/2069/3832 1552/2098/3832 1566/2090/3832
f 1541/2099/3833 1544/2056/3784 1538/2070/3783
f 1550/2093/3819 1540/2068/3821 1533/2045/3834
f 1530/2046/3835 1551/2082/3835 1562/2085/3835
f 1522/2038/3836 1555/2065/3837 1565/2100/3838
f 1552/2083/3839 1546/2076/3826 1559/2101/3828
f 1559/2102/3840 1554/2103/3841 1567/2104/3842
f 1576/2105/3843 1568/2035/3735 1549/2028/3706
f 1545/2092/3844 1541/2057/3844 1528/2030/3844
f 1533/2079/3845 1574/2081/3845 1572/2106/3845
f 1543/2071/3846 1556/2094/3847 1583/2107/3848
f 1585/2108/3849 1562/2085/3850 1551/2082/3851
f 1493/2007/3665 1569/2091/3852 1536/2054/3755
f 1545/2109/3853 1550/2110/3853 1571/2111/3853
f 1543/2071/3846 1583/2107/3848 1555/2065/3854
f 1541/2099/3833 1545/2109/3855 1544/2056/3784
f 1575/2036/3856 1522/2038/3856 1565/2100/3856
f 1555/2065/3857 1583/2107/3857 1586/2112/3857
f 1563/2095/3858 1547/2066/3859 1577/2113/3860
f 1566/2114/3861 1552/2115/3861 1573/2116/3861
f 1573/2117/3862 1552/2083/3862 1559/2101/3862
f 1557/2087/3812 1509/2060/3671 1567/2104/3842
f 1564/2059/3813 1560/2089/3814 1587/2118/3863
f 1597/2119/3864 1569/2091/3817 1544/2056/3757
f 1533/2079/3865 1580/2120/3866 1550/2121/3867
f 1555/2065/3837 1586/2112/3868 1565/2100/3838
f 1547/2066/3825 1566/2114/3800 1577/2113/3869
f 1554/2103/3841 1557/2087/3812 1567/2104/3842
f 1597/2119/3870 1544/2056/3784 1545/2109/3855
f 1579/2122/3871 1550/2121/3872 1580/2120/3873
f 1533/2079/3865 1572/2106/3874 1580/2120/3866
f 1562/2085/3850 1585/2108/3849 1556/2094/3875
f 1551/2082/3876 1563/2095/3877 1585/2108/3878
f 1566/2114/3800 1573/2116/3879 1577/2113/3869
f 1567/2104/3880 1509/2060/3733 1564/2059/3762
f 1578/2123/3881 1536/2097/3755 1569/2124/3852
f 1567/2104/3842 1596/2125/3882 1559/2102/3840
f 1559/2102/3840 1596/2125/3882 1573/2126/3883
f 1576/2105/3884 1549/2028/3763 1536/2097/3830
f 1597/2119/3870 1545/2109/3855 1571/2111/3885
f 1550/2121/3886 1579/2122/3887 1582/2127/3888
f 1574/2081/3889 1539/2063/3890 1584/2128/3891
f 1539/2063/3760 1542/2062/3768 1599/2129/3892
f 1575/2036/3788 1565/2100/3893 1600/2130/3894
f 1595/2131/3895 1585/2108/3878 1563/2095/3877
f 1576/2105/3884 1536/2097/3830 1578/2123/3896
f 1575/2036/3788 1600/2130/3894 1542/2062/3789
f 1583/2107/3848 1556/2094/3847 1585/2108/3897
f 1567/2104/3880 1564/2059/3762 1587/2118/3898
f 1572/2106/3899 1574/2081/3899 1584/2128/3899
f 1590/2132/3900 1591/2133/3901 1586/2112/3868
f 1591/2133/3901 1565/2100/3838 1586/2112/3868
f 1583/2107/3848 1585/2108/3897 1589/2134/3902
f 1594/2135/3903 1589/2134/3904 1585/2108/3905
f 1595/2131/3895 1563/2095/3877 1592/2136/3906
f 1563/2095/3858 1577/2113/3860 1592/2136/3907
f 1577/2137/3908 1573/2126/3883 1596/2125/3882
f 1633/2138/3909 1568/2035/3735 1576/2105/3843
f 1591/2133/3901 1590/2139/3910 1565/2100/3838
f 1565/2100/3911 1590/2139/3911 1593/2140/3911
f 1590/2132/3912 1586/2112/3913 1593/2140/3914
f 1593/2140/3914 1586/2112/3913 1600/2130/3915
f 1584/2128/3891 1539/2063/3890 1599/2129/3916
f 1565/2100/3893 1593/2140/3917 1600/2130/3894
f 603/2141/3918 1598/2142/3918 1583/2143/3918
f 1585/2108/3905 1595/2131/3919 1594/2135/3903
f 1587/2118/3863 1560/2089/3814 1628/2144/3920
f 1571/2145/3921 1550/2121/3922 1582/2127/3923
f 1586/2112/3913 1603/2146/3924 1600/2130/3915
f 1586/2112/3925 1583/2107/3925 1598/2147/3925
f 1578/2123/3881 1569/2124/3852 1622/2148/3926
f 1580/2120/3873 1601/2149/3927 1579/2122/3871
f 1599/2129/3928 1542/2062/3789 1600/2130/3894
f 603/2150/3929 1583/2107/3929 1589/2134/3929
f 1653/2151/3930 1596/2125/3931 1567/2104/3932
f 1560/2089/3829 1568/2035/3720 1628/2144/3933
f 1582/2127/3888 1579/2122/3887 1621/2152/3934
f 1598/2142/3935 603/2141/3935 602/2153/3935
f 1576/2105/3936 1654/2154/3937 1633/2138/3938
f 1576/2105/3884 1578/2123/3896 1654/2154/3939
f 1601/2149/3927 1580/2120/3873 1572/2106/3940
f 1605/2155/3941 1606/2156/3941 1613/2157/3941
f 1606/2156/3942 1605/2155/3942 1607/2158/3942
f 1605/2155/3943 1604/2159/3943 1607/2158/3943
f 1607/2158/3944 1604/2159/3945 1608/2160/3946
f 1604/2159/3945 1609/2161/2090 1608/2160/3946
f 1609/2162/3947 1604/2159/3948 1610/2163/3949
f 1604/2159/3948 1605/2155/3950 1610/2163/3949
f 1610/2163/3951 1605/2155/3952 1611/2164/3953
f 1614/2165/3954 1605/2155/3954 1613/2157/3954
f 1612/2166/3955 1606/2156/3955 1607/2158/3955
f 1607/2158/3956 1608/2160/3957 1611/2164/3953
f 1608/2160/3957 1609/2167/3958 1611/2164/3953
f 1609/2167/3958 1610/2163/3951 1611/2164/3953
f 1611/2164/3959 1605/2155/3959 1614/2165/3959
f 1607/2158/3960 1611/2164/3960 1616/2168/3960
f 1615/2169/3961 1614/2165/3962 1613/2157/3963
f 1611/2164/3964 1614/2165/3964 1618/2170/3964
f 602/2153/3965 603/2141/3965 1629/2171/3965
f 1592/2172/3966 1577/2137/3908 1596/2125/3882
f 1599/2129/3916 1602/2173/3967 1584/2128/3891
f 1615/2169/3961 1613/2157/3963 1617/2174/3968
f 1567/2104/3880 1587/2118/3898 1653/2151/3969
f 1603/2146/3924 1586/2112/3913 1598/2147/3970
f 1612/2166/3971 1607/2158/3972 1616/2168/3973
f 1589/2134/3904 1594/2135/3903 1627/2175/3974
f 1595/2131/3975 1592/2136/3976 1594/2135/3977
f 1628/2144/3933 1568/2035/3720 1624/2176/3978
f 1674/2177/3979 1569/2091/3817 1597/2119/3864
f 1571/2145/3921 1582/2127/3923 1621/2152/3980
f 1579/2122/3887 1601/2149/3981 1621/2152/3934
f 1613/2157/3982 1606/2156/3982 1630/2178/3982
f 1630/2178/3983 1606/2156/3983 1612/2166/3983
f 1615/2169/3984 602/2153/3984 1629/2171/3984
f 603/2150/3985 1589/2134/3986 1627/2175/3987
f 1599/2129/3988 1658/2179/3988 1602/2173/3988
f 1658/2179/3989 1599/2129/3928 1600/2130/3894
f 1625/2180/3990 1615/2169/3961 1617/2174/3968
f 1612/2166/3971 1616/2168/3973 1623/2181/3991
f 1614/2165/3992 1629/2171/3992 1618/2170/3992
f 1568/2035/3735 1633/2138/3909 1624/2176/3993
f 1622/2148/3994 1569/2124/3817 1674/2182/3979
f 1600/2130/3995 1603/2146/3996 1631/2183/3997
f 1614/2165/3998 1615/2169/3998 1629/2171/3998
f 1653/2151/3999 1587/2118/4000 1663/2184/4001
f 1627/2175/4002 1594/2135/3977 1592/2136/3976
f 1663/2184/4003 1587/2118/3863 1628/2144/3920
f 1631/2183/3997 1603/2146/3996 1626/2185/4004
f 1626/2186/4005 1603/2187/3924 1598/2142/3970
f 1625/2180/4006 602/2153/4007 1615/2169/4008
f 1617/2174/4009 1613/2157/4009 1630/2178/4009
f 1616/2168/4010 1611/2164/4011 1618/2170/4012
f 1571/2111/3885 1674/2177/4013 1597/2119/3870
f 1634/2188/4014 1571/2145/3921 1621/2152/3980
f 1631/2183/4015 1658/2179/4015 1600/2130/4015
f 1612/2166/4016 1659/2189/4016 1630/2178/4016
f 1659/2189/4017 1612/2166/4018 1623/2181/4019
f 1596/2125/3931 1653/2151/3930 1650/2190/4020
f 1654/2154/4021 1578/2123/4022 1622/2148/4023
f 1637/2191/4024 1636/2192/4025 1638/2193/4026
f 1639/2194/4027 1638/2193/4026 1636/2192/4025
f 1642/2195/4028 1636/2196/4028 1637/2197/4028
f 1641/2198/4029 1639/2194/4029 1636/2192/4029
f 1636/2196/4030 1642/2195/4030 1640/2199/4030
f 1638/2193/4031 1639/2194/4032 1645/2200/4033
f 1641/2201/4034 1636/2196/4034 1640/2199/4034
f 1637/2191/4035 1638/2193/4036 1643/2202/4037
f 1644/2203/4038 1638/2193/4031 1645/2200/4033
f 1635/2204/4039 1644/2203/4039 1645/2200/4039
f 1645/2200/4040 1639/2194/4040 1641/2198/4040
f 1646/2205/4041 1642/2195/4042 1647/2206/4043
f 1642/2195/4044 1637/2197/4044 1647/2206/4044
f 1640/2199/4045 1642/2195/4042 1646/2205/4041
f 1644/2203/4046 1635/2204/4046 1648/2207/4046
f 1647/2206/4047 1637/2197/4047 1643/2208/4047
f 1643/2202/4037 1638/2193/4036 1644/2203/4048
f 1598/2142/3970 602/2153/4049 1626/2186/4005
f 1592/2172/3966 1596/2125/3882 1650/2190/4050
f 1674/2209/4013 1571/2145/3885 1634/2188/4051
f 1621/2152/4052 1601/2149/4053 1651/2210/4054
f 1601/2149/3927 1572/2106/3940 1652/2211/4055
f 1572/2106/4056 1584/2128/4057 1652/2211/4058
f 1584/2128/4059 1602/2173/4060 1635/2212/4061
f 1602/2213/4060 1648/2207/4062 1635/2204/4061
f 603/2150/3985 1627/2175/3987 1660/2214/4063
f 1623/2181/4064 1616/2168/4065 1662/2215/4066
f 1649/2216/4067 1616/2168/4010 1618/2170/4012
f 1664/2217/4068 1654/2154/4021 1622/2148/4023
f 1656/2218/4069 1601/2149/3927 1652/2211/4055
f 1635/2204/4070 1645/2200/4070 1657/2219/4070
f 1648/2207/4071 1602/2213/4071 1658/2220/4071
f 1625/2180/4072 1617/2174/4073 1630/2178/4074
f 1616/2168/4075 1649/2216/4075 1662/2215/4075
f 1627/2175/4076 1592/2136/4076 1660/2214/4076
f 1622/2148/3994 1674/2182/3979 1713/2221/4077
f 1667/2222/4078 1601/2149/4079 1656/2218/4080
f 1645/2200/4081 1641/2198/4082 1657/2219/4083
f 1678/2223/4084 1641/2201/4084 1640/2199/4084
f 1658/2220/4085 1644/2203/4085 1648/2207/4085
f 1670/2224/4086 1658/2225/4087 1631/2226/4088
f 1659/2227/4017 1623/2228/4019 1665/2229/4089
f 1624/2176/3978 1663/2184/4090 1628/2144/3933
f 1601/2149/4053 1667/2222/4091 1672/2230/4092
f 1652/2211/4058 1584/2128/4057 1635/2212/4093
f 1643/2202/4094 1644/2203/4094 1658/2220/4094
f 1670/2224/4095 1631/2226/4096 1671/2231/4097
f 1626/2186/4098 602/2153/4007 1625/2180/4006
f 1618/2170/4099 1629/2171/4099 1649/2216/4099
f 1601/2149/4053 1672/2230/4092 1651/2210/4054
f 1678/2223/4100 1640/2199/4100 1646/2205/4100
f 1647/2206/4101 1643/2208/4102 1669/2232/4103
f 1631/2183/4104 1626/2185/4105 1668/2233/4106
f 1626/2234/4107 1625/2235/4072 1679/2236/4108
f 1679/2236/4108 1625/2235/4072 1630/2237/4074
f 1622/2148/4109 1713/2221/4110 1664/2217/4111
f 1652/2211/4058 1635/2212/4093 1657/2238/4112
f 1657/2239/4083 1641/2201/4082 1678/2223/4113
f 1671/2240/4114 1631/2183/4114 1668/2233/4114
f 1629/2171/4115 603/2141/4116 1649/2216/4117
f 1649/2216/4117 603/2141/4116 1660/2241/4118
f 1634/2188/4119 1621/2152/4120 1651/2210/4121
f 1646/2205/4122 1647/2206/4122 1669/2232/4122
f 1626/2234/4105 1661/2242/4123 1673/2243/4124
f 1679/2236/4125 1630/2237/4125 1659/2227/4125
f 1659/2227/4017 1665/2229/4089 1676/2244/4126
f 1665/2229/4127 1623/2228/4064 1662/2245/4066
f 1660/2246/4128 1592/2172/3966 1650/2190/4050
f 1678/2223/4129 1646/2205/4129 1669/2232/4129
f 1626/2234/4107 1679/2236/4108 1661/2242/4130
f 1666/2247/4131 1662/2245/4132 1649/2248/4133
f 1675/2249/4134 1671/2240/4135 1668/2233/4136
f 1668/2233/4106 1626/2185/4105 1673/2250/4124
f 1682/2251/4137 1649/2216/4133 1660/2241/4138
f 1633/2138/3938 1654/2154/3937 1685/2252/4139
f 1643/2208/4102 1658/2225/4087 1669/2232/4103
f 1662/2245/4066 1666/2247/4140 1665/2229/4127
f 1691/2253/4141 1653/2151/3999 1663/2184/4001
f 1673/2243/4142 1661/2242/4143 1689/2254/4144
f 1650/2190/4145 1653/2151/3999 1691/2253/4141
f 1651/2210/4121 1672/2230/4146 1634/2188/4119
f 1681/2255/4147 1661/2242/4143 1679/2236/4148
f 1674/2209/4013 1634/2188/4051 1680/2256/4149
f 1652/2211/4055 1657/2238/4083 1656/2218/4069
f 1682/2257/4150 1660/2246/4128 1650/2190/4050
f 1624/2176/3993 1633/2138/3909 1714/2258/4151
f 1634/2188/4152 1672/2230/4153 1680/2256/4154
f 1689/2254/4144 1661/2242/4143 1681/2255/4147
f 1649/2248/4133 1682/2259/4137 1666/2247/4131
f 1654/2154/4021 1664/2217/4068 1694/2260/4155
f 1680/2261/4154 1672/2262/4153 1686/2263/4156
f 1667/2264/4078 1656/2265/4080 1695/2266/4157
f 1656/2265/4069 1657/2239/4083 1678/2223/4113
f 1670/2224/4095 1671/2231/4097 1688/2267/4158
f 1688/2267/4158 1671/2231/4097 1675/2268/4159
f 1679/2236/4160 1659/2227/4160 1676/2244/4160
f 1678/2223/4161 1669/2232/4161 1690/2269/4161
f 1669/2232/4162 1670/2224/4095 1688/2267/4158
f 1718/2270/4163 1682/2257/4150 1650/2190/4050
f 1712/2271/4164 1685/2252/4139 1654/2154/3937
f 1658/2225/4087 1670/2224/4086 1669/2232/4103
f 1708/2272/4165 1709/2273/4166 1693/2274/4167
f 1693/2275/4167 1709/2276/4166 1692/2277/4168
f 1718/2270/4169 1650/2190/4145 1691/2253/4141
f 1714/2258/4151 1633/2138/3909 1685/2252/4170
f 1694/2260/4171 1664/2217/4111 1713/2221/4110
f 1689/2278/4172 1681/2279/4173 1709/2276/4174
f 1681/2279/4173 1692/2277/4175 1709/2276/4174
f 1666/2247/4140 1727/2280/4176 1693/2281/4177
f 1679/2236/4178 1676/2244/4179 1692/2282/4180
f 1665/2229/4127 1666/2247/4140 1693/2281/4177
f 1681/2255/4181 1679/2236/4178 1692/2282/4180
f 1696/2283/4182 1693/2281/4167 1692/2284/4168
f 1676/2244/4183 1665/2229/4184 1697/2285/4185
f 1696/2283/4186 1665/2229/4127 1693/2281/4177
f 1696/2283/4182 1692/2284/4168 1698/2286/4187
f 1692/2282/4188 1676/2244/4183 1697/2285/4185
f 1697/2285/4189 1665/2229/4189 1696/2283/4189
f 1698/2287/4190 1692/2282/4188 1697/2285/4185
f 1696/2288/4191 1699/2289/4192 1697/2290/4193
f 1697/2290/4194 1700/2291/4195 1698/2292/4196
f 1699/2289/4197 1696/2288/4198 1701/2293/4199
f 1701/2293/4199 1696/2288/4198 1698/2294/4200
f 1698/2292/4196 1700/2291/4195 1702/2295/4201
f 1703/2296/4202 1700/2291/4202 1697/2290/4202
f 1701/2297/4203 1698/2298/4203 1702/2299/4203
f 1702/2295/4204 1700/2291/4205 1704/2300/4206
f 1704/2300/4207 1700/2291/4207 1705/2301/4207
f 1705/2301/4208 1700/2291/4208 1703/2296/4208
f 1703/2296/4209 1697/2290/4193 1699/2289/4192
f 1704/2300/4210 1705/2301/4210 1707/2302/4210
f 1704/2300/4211 1707/2302/4211 601/2303/4211
f 1706/2304/4212 1701/2297/4213 1702/2299/4214
f 1701/2293/4215 1708/2272/4216 1699/2289/4217
f 1708/2272/4216 1701/2293/4215 1709/2273/4218
f 1710/2305/4219 1702/2295/4204 1704/2300/4206
f 1706/2304/4212 1702/2299/4214 1710/2306/4220
f 1663/2184/4090 1624/2176/3978 1714/2258/4221
f 1694/2260/4155 1712/2271/4222 1654/2154/4021
f 1713/2221/4077 1674/2182/3979 1723/2307/4223
f 1695/2266/4224 1656/2265/4224 1678/2223/4224
f 1668/2308/4136 1715/2309/4225 1675/2310/4134
f 1720/2311/4226 601/2303/4226 1707/2302/4226
f 1703/2296/4209 1699/2289/4192 1711/2312/4227
f 1733/2313/4228 1691/2253/4229 1663/2184/4230
f 1686/2263/4231 1672/2262/4232 1667/2264/4233
f 1688/2314/4234 1675/2310/4235 1715/2309/4236
f 1707/2302/4237 1705/2301/4237 1728/2315/4237
f 1711/2312/4238 1699/2289/4238 1717/2316/4238
f 1699/2289/4239 1708/2272/4239 1717/2316/4239
f 1708/2272/4240 1693/2274/4240 1727/2317/4240
f 1666/2247/4131 1682/2259/4137 1718/2318/4241
f 1719/2319/4242 1701/2297/4243 1706/2304/4244
f 1705/2301/4245 1703/2296/4245 1728/2315/4245
f 1674/2209/4013 1680/2256/4149 1723/2320/4246
f 1688/2314/4234 1715/2309/4236 1721/2321/4247
f 1673/2322/4248 1689/2278/4249 1722/2323/4250
f 1704/2300/4251 601/2303/4252 1710/2305/4253
f 1695/2266/4254 1678/2223/4254 1690/2269/4254
f 1669/2232/4255 1688/2267/4255 1690/2269/4255
f 1673/2322/4248 1724/2324/4256 1668/2308/4136
f 1689/2278/4172 1709/2276/4174 1722/2323/4257
f 1709/2276/4258 1701/2297/4243 1719/2319/4242
f 1710/2305/4253 601/2303/4252 1720/2311/4259
f 1720/2325/4260 1828/2326/4260 1725/2327/4260
f 1726/2328/4261 1708/2272/4261 1727/2317/4261
f 1727/2280/4176 1666/2247/4140 1718/2318/4262
f 1733/2313/4228 1663/2184/4090 1714/2258/4221
f 1690/2329/4263 1688/2314/4264 1721/2321/4265
f 1708/2272/4266 1726/2328/4266 1717/2316/4266
f 1732/2330/4267 1694/2260/4171 1713/2221/4110
f 1715/2309/4225 1668/2308/4136 1724/2324/4256
f 1724/2324/4256 1673/2322/4248 1722/2323/4250
f 1722/2323/4268 1709/2276/4258 1719/2319/4242
f 1719/2319/4269 1706/2304/4269 1710/2306/4269
f 1667/2264/4270 1695/2266/4271 1730/2331/4272
f 1695/2266/4273 1690/2269/4274 1730/2331/4275
f 1710/2306/4276 1720/2325/4276 1731/2332/4276
f 1720/2325/4277 1725/2327/4277 1731/2332/4277
f 1707/2302/4278 1725/2333/4278 1828/2334/4278
f 1703/2296/4209 1711/2312/4227 1728/2315/4279
f 1732/2330/4280 1713/2221/4077 1723/2307/4223
f 1723/2335/4281 1686/2263/4231 1667/2264/4233
f 1721/2321/4247 1715/2309/4236 1724/2324/4282
f 1725/2333/4283 1707/2302/4283 1728/2315/4283
f 1711/2312/4284 1717/2316/4284 1726/2328/4284
f 600/2336/4285 1727/2280/4285 1718/2318/4285
f 1723/2335/4246 1680/2261/4149 1686/2263/4286
f 1722/2323/4268 1719/2319/4242 1724/2324/4287
f 1730/2331/4275 1690/2269/4274 1735/2337/4288
f 1721/2321/4247 1724/2324/4282 1737/2338/4289
f 1726/2328/4290 1727/2317/4291 600/2339/4292
f 1736/2340/4293 1718/2270/4169 1691/2253/4141
f 1725/2333/4294 1728/2315/4294 1738/2341/4294
f 1728/2315/4279 1711/2312/4227 1726/2328/4290
f 600/2336/4295 1718/2318/4169 1736/2342/4293
f 1736/2340/4296 1691/2253/4229 1733/2313/4228
f 1741/2343/4297 1719/2319/4298 1710/2306/4299
f 1728/2315/4279 1726/2328/4290 600/2339/4292
f 1690/2329/4263 1721/2321/4265 1735/2344/4300
f 1721/2321/4265 1737/2338/4301 1735/2344/4300
f 1710/2306/4302 1731/2332/4303 1741/2343/4304
f 1714/2258/4151 1685/2252/4170 3114/2345/4305
f 1685/2252/4139 1712/2271/4164 3114/2345/4306
f 1738/2341/4307 600/2339/4308 1739/2346/4309
f 1734/2347/4310 1712/2271/4222 1694/2260/4155
f 1741/2343/4304 1731/2332/4303 1808/2348/4311
f 1738/2341/4312 1728/2315/4312 600/2339/4312
f 1724/2324/4282 1719/2319/4298 1741/2343/4297
f 1731/2332/4313 1725/2327/4313 1808/2348/4313
f 1725/2327/4314 1738/2349/4315 1808/2348/4316
f 1739/2346/4317 600/2339/4295 1736/2350/4293
f 1740/2351/4318 1730/2331/4275 1735/2337/4288
f 1742/2352/4319 1786/2353/4320 1772/2354/4321
f 1749/2355/4322 1746/2356/4323 1745/2357/4324
f 1746/2356/4323 1749/2355/4322 1751/2358/4325
f 1757/2359/4326 1745/2357/4326 1747/2360/4326
f 1745/2357/4324 1746/2356/4323 1747/2360/4327
f 1748/2361/4328 1749/2355/4328 1759/2362/4328
f 1749/2355/4329 1745/2357/4329 1759/2362/4329
f 1757/2359/4330 1747/2360/4330 1752/2363/4330
f 1744/2364/4331 1747/2360/4332 1750/2365/4333
f 1750/2365/4334 1747/2360/4335 1746/2356/4336
f 1744/2364/4337 1750/2365/4338 1743/2366/4339
f 1753/2367/4340 1749/2355/4341 1748/2361/4342
f 1752/2363/4343 1747/2360/4332 1744/2364/4331
f 1753/2367/4344 1748/2361/4344 1754/2368/4344
f 1744/2364/4345 1743/2366/4345 1758/2369/4345
f 1777/2370/4346 1749/2355/4341 1753/2367/4340
f 1754/2368/4347 1748/2361/4347 1755/2371/4347
f 1764/2372/4348 1748/2361/4349 1759/2362/4350
f 1750/2365/4334 1746/2356/4336 1761/2373/4351
f 1761/2373/4351 1746/2356/4336 1751/2358/4352
f 1745/2357/4353 1757/2359/4353 1759/2362/4353
f 1756/2374/4354 1757/2359/4354 1752/2363/4354
f 1749/2355/4322 1777/2370/4355 1751/2358/4325
f 1743/2366/4339 1750/2365/4338 1761/2373/4356
f 1762/2375/4357 1758/2369/4358 1772/2354/4359
f 1769/2376/4360 1743/2366/4339 1761/2373/4356
f 1754/2368/4361 1755/2371/4361 1765/2377/4361
f 1755/2371/4362 1748/2361/4363 1764/2372/4364
f 1760/2378/4365 1752/2363/4365 1744/2364/4365
f 1744/2364/4366 1758/2369/4366 1767/2379/4366
f 1772/2354/4359 1758/2369/4358 1743/2366/4367
f 1763/2380/4368 1755/2371/4362 1764/2372/4364
f 1780/2381/4369 1754/2368/4370 1781/2382/4371
f 1781/2382/4371 1754/2368/4370 1765/2377/4372
f 1759/2362/4373 1757/2359/4374 1766/2383/4375
f 1755/2371/4376 1763/2380/4377 1770/2384/4378
f 1774/2385/4379 1756/2374/4380 1752/2363/4381
f 1774/2385/4379 1752/2363/4381 1760/2378/4382
f 1772/2354/4359 1743/2366/4367 1769/2376/4383
f 1754/2368/4384 1780/2381/4385 1753/2367/4386
f 1765/2377/4387 1755/2371/4387 1782/2386/4387
f 1782/2386/4388 1755/2371/4376 1770/2384/4378
f 1766/2383/4375 1757/2359/4374 1756/2374/4389
f 1767/2379/4390 1758/2369/4390 1768/2387/4390
f 1771/2388/4391 1762/2375/4391 1772/2354/4391
f 1760/2378/4392 1744/2364/4393 1767/2379/4394
f 1758/2369/4358 1762/2375/4357 1768/2387/4395
f 1775/2389/4396 1771/2390/4396 1772/2391/4396
f 1773/2392/4397 1781/2382/4398 1784/2393/4399
f 1784/2393/4399 1781/2382/4398 1765/2377/4400
f 1770/2384/4401 1763/2380/4401 1764/2372/4401
f 1707/2394/4402 1756/2374/4403 1774/2385/4404
f 1768/2387/4405 1762/2375/4405 1771/2388/4405
f 1778/2395/4406 1771/2390/4406 1775/2389/4406
f 1761/2373/4351 1751/2358/4352 1779/2396/4407
f 1765/2377/4400 1782/2386/4408 1784/2393/4399
f 1772/2354/4321 1786/2353/4320 1785/2397/4409
f 1786/2353/4410 1742/2352/4410 1787/2398/4410
f 1769/2376/4360 1761/2373/4356 1779/2396/4411
f 1779/2396/4407 1751/2358/4352 1789/2399/4412
f 1777/2370/4413 1753/2367/4386 1780/2381/4385
f 1773/2392/4414 1784/2393/4415 1846/2400/4416
f 1766/2383/4375 1756/2374/4389 1707/2394/4417
f 1775/2401/4418 1772/2354/4418 1788/2402/4418
f 1772/2354/4419 1785/2397/4419 1788/2402/4419
f 1788/2402/4420 1785/2403/4420 1742/2352/4420
f 1785/2403/4421 1786/2404/4422 1742/2352/4423
f 1809/2405/4424 1759/2362/4424 1766/2383/4424
f 1775/2401/4425 1788/2402/4426 1742/2352/4427
f 1784/2393/4428 1782/2386/4429 1790/2406/4430
f 1782/2386/4431 1770/2384/4431 1791/2407/4431
f 1770/2384/4432 1764/2372/4432 1791/2407/4432
f 1835/2408/4433 1751/2358/4434 1777/2370/4435
f 1790/2406/4430 1782/2386/4429 1791/2407/4436
f 1828/2409/4437 1766/2383/4438 1707/2394/4439
f 1767/2379/4440 1768/2387/4440 1792/2410/4440
f 1772/2354/4441 1769/2376/4442 1742/2352/4443
f 1780/2381/4444 1781/2382/4444 1773/2392/4444
f 1846/2400/4416 1784/2393/4415 1790/2406/4445
f 1764/2372/4446 1809/2405/4446 1791/2407/4446
f 1764/2372/4348 1759/2362/4350 1809/2405/4447
f 1774/2385/4448 1760/2378/4392 1810/2411/4449
f 1760/2378/4392 1767/2379/4394 1810/2411/4449
f 1805/2412/4450 1779/2396/4407 1789/2399/4412
f 1796/2413/4451 1795/2414/4452 1800/2415/4453
f 1794/2416/4454 1796/2417/4451 1800/2418/4453
f 1796/2417/4455 1794/2416/4455 1797/2419/4455
f 1798/2420/4456 1795/2414/4457 1799/2421/4458
f 1799/2421/4458 1795/2414/4457 1801/2422/4459
f 1795/2414/4460 1796/2413/4460 1801/2422/4460
f 1803/2423/4461 1794/2416/4461 1800/2418/4461
f 1800/2415/4462 1795/2414/4463 1812/2424/4464
f 1812/2424/4464 1795/2414/4463 1798/2420/4465
f 1801/2422/4466 1796/2413/4467 1802/2425/4468
f 1796/2417/4469 1797/2419/4469 1802/2426/4469
f 1804/2427/4470 1801/2422/4466 1802/2425/4468
f 1797/2419/4471 1794/2416/4472 1803/2423/4473
f 1799/2421/4474 1801/2422/4475 1804/2427/4476
f 1803/2423/4477 1805/2412/4477 1789/2399/4477
f 1802/2426/4478 1797/2419/4479 1806/2428/4480
f 1797/2419/4471 1803/2423/4473 1806/2428/4481
f 1789/2399/4482 1751/2358/4434 1835/2408/4433
f 1739/2346/4309 1791/2429/4483 1809/2430/4484
f 1723/2335/4485 1667/2264/4270 1730/2331/4272
f 1735/2344/4300 1737/2338/4301 1807/2431/4486
f 1737/2338/4289 1724/2324/4282 1741/2343/4297
f 1768/2387/4487 1771/2388/4487 1792/2410/4487
f 1742/2352/4443 1769/2376/4442 1811/2432/4488
f 1805/2412/4489 1803/2423/4490 1800/2418/4491
f 3114/2345/4306 1712/2271/4164 1734/2347/4492
f 1734/2347/4310 1694/2260/4155 1813/2433/4493
f 1813/2433/4494 1694/2260/4171 1732/2330/4267
f 1738/2341/4307 1739/2346/4309 1809/2430/4484
f 1792/2434/4495 1771/2390/4496 1778/2395/4497
f 1769/2376/4360 1779/2396/4411 1829/2435/4498
f 1846/2400/4499 1790/2406/4499 1827/2436/4499
f 1723/2307/4223 3127/2437/4500 1732/2330/4280
f 1737/2338/4501 1741/2343/4502 599/2438/4503
f 1807/2431/4486 1741/2343/4304 1808/2348/4311
f 1775/2401/4425 1742/2352/4427 1816/2439/4504
f 1780/2381/4505 1773/2392/4505 1855/2440/4505
f 1793/2441/4506 1846/2400/4507 1827/2436/4508
f 1739/2346/4317 1736/2350/4293 1824/2442/4509
f 1733/2313/4228 1714/2258/4221 1836/2443/4510
f 1737/2338/4501 599/2438/4503 1818/2444/4511
f 599/2438/4512 598/2445/4512 1818/2444/4512
f 598/2446/4513 599/2438/4513 1819/2447/4513
f 599/2438/4503 1741/2343/4502 1819/2447/4514
f 1707/2394/4402 1774/2385/4404 1720/2448/4515
f 1778/2395/4516 1775/2389/4517 1820/2449/4518
f 1742/2352/4427 1811/2432/4519 1816/2439/4504
f 1803/2423/4520 1789/2399/4520 1806/2428/4520
f 1827/2436/4521 1790/2406/4522 1791/2407/4523
f 1737/2338/4301 1818/2444/4524 1807/2431/4486
f 1818/2444/4524 598/2450/4525 1807/2431/4486
f 598/2450/4525 1819/2447/4526 1807/2431/4486
f 1819/2447/4526 1741/2343/4304 1807/2431/4486
f 1815/2451/4527 1778/2395/4528 1820/2449/4529
f 1798/2420/4530 1799/2421/4530 1822/2452/4530
f 1723/2335/4485 1730/2331/4272 1740/2351/4531
f 1828/2409/4437 1809/2405/4532 1766/2383/4438
f 1720/2448/4533 1774/2385/4534 1825/2453/4535
f 1820/2449/4529 1833/2454/4536 1815/2451/4527
f 1769/2376/4442 1829/2435/4537 1811/2432/4488
f 1829/2435/4498 1779/2396/4411 1826/2455/4538
f 1826/2455/4539 1779/2396/4407 1805/2412/4450
f 1805/2456/4489 1800/2415/4491 1839/2457/4540
f 1777/2370/4541 1780/2381/4541 1855/2440/4541
f 1823/2458/4542 1793/2459/4506 1827/2460/4508
f 1824/2442/4509 1791/2429/4543 1739/2346/4317
f 3127/2437/4500 1723/2307/4223 1740/2461/4544
f 1767/2379/4394 1792/2410/4545 1810/2411/4449
f 1820/2462/4518 1775/2463/4517 1816/2464/4546
f 1802/2426/4478 1806/2428/4480 1830/2465/4547
f 1835/2408/4548 1777/2370/4549 1855/2440/4550
f 3114/2345/4305 1836/2443/4551 1714/2258/4151
f 1837/2466/4552 1808/2348/4316 1738/2349/4315
f 1792/2434/4495 1778/2395/4497 1815/2451/4553
f 1800/2415/4554 1812/2424/4554 1839/2457/4554
f 1828/2467/4555 1720/2448/4556 1825/2453/4557
f 1773/2392/4414 1846/2400/4416 1855/2440/4558
f 1827/2468/4521 1791/2429/4523 1824/2442/4559
f 1736/2340/4296 1733/2313/4228 1836/2443/4510
f 1740/2469/4318 1735/2344/4288 1807/2431/4560
f 1837/2466/4552 3119/2470/4561 1808/2348/4316
f 1843/2471/4562 1844/744/4563 586/743/4564
f 1816/2439/4504 1811/2432/4519 1829/2435/4565
f 1822/2452/4566 1799/2421/4566 1849/2472/4566
f 1799/2421/4474 1834/2473/4567 1849/2472/4568
f 1799/2421/4474 1804/2427/4476 1834/2473/4567
f 1840/2474/4569 1789/2399/4482 1835/2408/4433
f 1832/2475/4570 3114/2345/4306 1734/2347/4492
f 1807/2431/4571 1808/2348/4316 3119/2470/4561
f 1837/2466/4572 1738/2349/4573 1842/2476/4574
f 1842/2477/4574 1738/2341/4573 1809/2430/4575
f 3120/2478/4576 596/750/1353 591/746/1355
f 1839/2457/4577 1812/2424/4578 1851/2479/4579
f 1812/2424/4578 1798/2420/4580 1851/2479/4579
f 1806/2428/4581 1789/2399/4582 1830/2465/4583
f 1830/2465/4583 1789/2399/4582 1840/2474/4584
f 1862/2480/4585 590/748/4585 593/749/4585
f 1820/2462/4518 1816/2464/4546 1845/2481/4586
f 1850/2482/4587 1829/2435/4498 1826/2455/4538
f 1851/2479/4588 1798/2420/4589 1822/2452/4590
f 1804/2427/4591 1802/2425/4592 1834/2473/4593
f 1846/2400/4594 1793/2441/4594 1856/2483/4594
f 597/756/4595 589/747/4596 1833/752/4597
f 1833/752/4597 1820/2462/4598 1845/2481/4599
f 592/755/4600 586/743/4601 1847/2484/4602
f 590/748/4603 1862/2480/4603 1847/2484/4603
f 597/756/4595 1833/752/4597 1845/2481/4599
f 586/743/4601 590/748/4604 1847/2484/4602
f 1816/2439/4504 1829/2435/4565 1850/2482/4605
f 1826/2485/4606 1805/2456/4489 1839/2457/4540
f 1848/2486/4607 1816/2439/4504 1850/2482/4605
f 1854/2487/4608 595/754/4608 592/755/4608
f 1839/2457/4577 1851/2479/4579 1852/2488/4609
f 1802/2426/4592 1830/2465/4610 1834/2489/4593
f 1853/2490/4611 1835/2408/4548 1855/2440/4550
f 1848/2486/4612 1845/2491/4586 1816/2439/4546
f 1835/2408/4433 1853/2490/4613 1840/2474/4569
f 1855/2440/4614 1846/2400/4614 1856/2483/4614
f 1793/2459/4615 1831/2492/4616 1856/2493/4617
f 1854/2487/4618 592/755/4618 1847/2484/4618
f 1862/2494/4619 593/2495/4619 1857/2496/4619
f 593/2495/4620 597/2497/4620 1857/2496/4620
f 1850/2498/4587 1826/2485/4538 1852/2488/4621
f 1859/2499/4622 1854/2487/4623 1847/2484/4624
f 1852/2488/4625 1826/2485/4606 1839/2457/4540
f 1830/2465/4583 1840/2474/4584 1853/2490/4626
f 1847/2484/4627 1862/2480/4627 1860/2500/4627
f 1830/2465/4610 1853/2490/4628 1834/2489/4593
f 1853/2490/4611 1855/2440/4550 1858/2501/4629
f 597/2502/4595 1845/2491/4599 1865/2503/4630
f 1858/2501/4631 1855/2440/4631 1856/2483/4631
f 1859/2499/4622 1847/2484/4624 1860/2500/4632
f 1831/2492/4633 595/754/4633 1854/2487/4633
f 1849/2472/4568 1834/2473/4567 1858/2504/4634
f 1834/2489/4593 1853/2490/4628 1858/2501/4635
f 1856/2493/4617 1831/2492/4616 1861/2505/4636
f 1851/2479/4588 1822/2452/4590 1863/2506/4637
f 1822/2452/4638 1849/2472/4638 1863/2506/4638
f 1831/2492/4639 1854/2487/4639 1861/2505/4639
f 1865/2503/4630 1845/2491/4599 1848/2486/4640
f 1848/2507/4641 1850/2498/4641 1867/2508/4641
f 1867/2508/4642 1850/2498/4587 1852/2488/4621
f 1852/2488/4609 1851/2479/4579 1867/2508/4643
f 1854/2487/4623 1859/2499/4622 1861/2505/4644
f 1857/2496/4645 597/2497/4645 1864/2509/4645
f 1866/2510/4646 1851/2479/4646 1863/2506/4646
f 1869/2511/4647 1860/2500/4648 1862/2480/4649
f 1849/2472/4568 1858/2504/4634 1863/2506/4650
f 1861/2505/4651 1859/2499/4651 1860/2500/4651
f 1871/2512/4652 1857/2496/4653 1864/2509/4654
f 1864/2509/4655 597/2497/4655 1865/2513/4655
f 1851/2479/4656 1866/2510/4657 1867/2508/4658
f 1869/2514/4659 1862/2494/4660 1870/2515/4661
f 1862/2494/4662 1857/2496/4662 1871/2512/4662
f 1867/2516/4658 1866/2517/4657 1910/2518/4663
f 1863/2506/4650 1858/2504/4634 1886/2519/4664
f 1872/2520/4665 1861/2505/4665 1860/2500/4665
f 1865/2521/4630 1848/2507/4640 1867/2508/4666
f 1858/2501/4667 1856/2483/4668 1872/2522/4669
f 1875/2523/4670 1874/2524/4670 1878/2525/4670
f 1874/2524/4671 1875/2523/4671 1876/2526/4671
f 1878/2525/4672 1874/2524/4672 1877/2527/4672
f 1875/2528/4673 1878/2529/4674 1879/2530/4675
f 1883/2531/4676 1876/2526/4676 1875/2523/4676
f 1877/2527/4677 1874/2524/4678 1888/2532/4679
f 1888/2532/4679 1874/2524/4678 1882/2533/4680
f 1874/2524/4681 1876/2526/4681 1882/2533/4681
f 1880/2534/4682 1875/2528/4673 1879/2530/4675
f 1878/2525/4683 1877/2527/4684 1879/2535/4685
f 1879/2535/4685 1877/2527/4684 1888/2532/4686
f 1883/2536/4687 1875/2528/4688 1880/2534/4689
f 1881/2537/4690 1876/2526/4690 1883/2531/4690
f 1882/2533/4691 1876/2526/4692 1881/2537/4693
f 1885/741/4694 1884/2538/4695 1881/2539/4696
f 1881/2537/4693 1884/2540/4697 1882/2533/4691
f 1902/740/1339 1885/741/1341 1881/2539/4698
f 1866/2510/4699 1863/2506/4699 1886/2519/4699
f 1869/2514/4700 1870/2515/4700 2923/2541/4700
f 1864/2509/4654 1865/2513/4701 1871/2512/4652
f 1879/2530/4702 1888/2542/4703 1886/2543/4704
f 1886/2543/4664 1858/2544/4634 1887/2545/4705
f 1856/2493/4706 1861/2505/4706 1872/2520/4706
f 1889/2546/4707 1872/2520/4708 1860/2500/4648
f 1860/2500/4648 1869/2511/4647 1889/2546/4707
f 1862/2494/4660 1871/2512/4709 1870/2515/4661
f 1866/2547/4710 1886/2543/4704 1888/2542/4703
f 1885/741/4694 581/737/4711 1890/2548/4712
f 2915/2549/4713 1881/2539/4713 1883/2536/4713
f 1872/2550/4669 1887/2545/4714 1858/2544/4667
f 1889/2551/4715 1869/2552/4716 1909/2553/4717
f 581/737/4718 577/732/4718 1890/2548/4718
f 569/675/1247 551/701/1249 1891/717/4719
f 1892/724/4720 554/708/4720 1893/2554/4720
f 389/481/4721 534/659/4721 570/725/4721
f 522/667/4722 502/2555/4723 383/479/4724
f 1900/2556/4725 575/736/4726 1894/2557/4727
f 1884/2538/4695 1885/741/4694 1890/2548/4712
f 350/434/4728 566/674/4728 568/723/4728
f 1896/2558/4729 533/665/1172 519/658/1155
f 519/658/1155 523/666/1242 1897/709/1298
f 507/649/4730 390/486/1312 570/725/1314
f 556/692/4731 544/702/4731 1898/2559/4731
f 383/479/4724 502/2555/4723 563/722/4732
f 572/728/4733 529/672/4733 1905/2560/4733
f 525/679/4734 546/693/4734 567/729/4734
f 494/626/1078 526/652/1268 574/681/4735
f 1894/2557/4727 575/736/4726 583/738/4736
f 583/738/4737 580/735/1336 584/739/1338
f 579/734/4738 581/737/4738 1902/740/4738
f 1902/740/1339 1881/2539/4698 2915/2549/4739
f 1866/2517/4710 1888/2532/4703 1910/2518/4740
f 552/705/1252 528/682/1254 1895/2561/4741
f 562/718/4742 556/692/4743 1898/2559/4744
f 567/729/4745 546/693/1245 565/704/1325
f 567/729/4745 565/704/1325 571/727/4746
f 494/626/1078 574/681/4735 531/680/4747
f 2922/2562/4748 1869/2514/4749 2923/2541/4750
f 2923/2541/4751 1870/2515/4751 1903/2563/4751
f 1865/2513/4630 1867/2516/4666 2924/2564/4752
f 1910/2518/4753 2924/2564/4752 1867/2516/4666
f 577/732/4754 576/731/4755 1899/2565/4756
f 1896/2558/4729 519/658/1155 1897/709/1298
f 1892/724/4757 1893/2554/4757 1901/2566/4757
f 529/672/4758 535/671/4759 1906/2567/4760
f 1908/2568/4761 1879/2530/4702 1886/2543/4704
f 1914/2569/4762 1912/2570/4762 1913/2571/4762
f 1913/2572/4763 1912/2573/4764 1918/2574/4765
f 1913/2572/4763 1918/2574/4765 1915/2575/4766
f 1912/2570/4767 1914/2569/4767 1916/2576/4767
f 1912/2573/4768 1916/2577/4769 1918/2574/4770
f 1917/2578/4771 1914/2569/4771 1913/2571/4771
f 1916/2576/4772 1914/2569/4772 1917/2578/4772
f 1913/2571/4773 1915/2579/4774 1920/2580/4775
f 1917/2578/4776 1913/2571/4776 1920/2580/4776
f 1915/2575/4777 1918/2574/4777 1919/2581/4777
f 1919/2581/4778 1918/2574/4778 1921/2582/4778
f 1915/2579/4774 1919/2583/4779 1920/2580/4775
f 1916/2576/4780 1917/2578/4780 1920/2580/4780
f 1923/2584/4781 1916/2577/4781 1920/2585/4781
f 1921/2582/4782 1918/2574/4782 1924/2586/4782
f 1924/2586/4783 1918/2574/4783 1923/2584/4783
f 1918/2574/4770 1916/2577/4769 1923/2584/4784
f 1920/2580/4775 1919/2583/4779 1922/2587/4785
f 1922/2587/4786 1919/2583/4786 1921/2588/4786
f 1923/2589/4787 1920/2590/4788 1925/2591/4789
f 1921/2592/4790 1924/2593/4791 1926/2594/4792
f 1920/2590/4793 1922/2595/4793 1927/2596/4793
f 1922/2595/4794 1921/2592/4790 1926/2594/4792
f 1922/2595/4794 1926/2594/4792 1927/2596/4795
f 1928/2597/4796 1923/2589/4797 1929/2598/4798
f 1920/2590/4788 1927/2596/4799 1925/2591/4789
f 1933/2599/4800 1927/2596/4801 1926/2594/4802
f 1930/2600/4803 1926/2594/4803 1924/2593/4803
f 1923/2584/4804 1928/2601/4804 1924/2586/4804
f 1923/2589/4797 1925/2591/4805 1929/2598/4798
f 1933/2599/4800 1926/2594/4802 1930/2600/4806
f 1930/2602/4807 1924/2603/4807 1931/2604/4807
f 1929/2605/4808 1925/2606/4809 1927/2607/4810
f 1931/2604/4811 1924/2603/4811 1928/2608/4811
f 1932/2609/4812 1928/2608/4812 1929/2610/4812
f 1933/2611/4813 1930/2602/4813 1934/2612/4813
f 1932/2613/4814 1929/2605/4808 1933/2614/4815
f 1929/2605/4808 1927/2607/4810 1933/2614/4815
f 1934/2612/4816 1930/2602/4816 1935/2615/4816
f 1935/2615/4817 1930/2602/4817 1931/2604/4817
f 1936/2616/4818 1928/2608/4818 1932/2609/4818
f 1937/2617/4819 1932/2613/4819 1933/2614/4819
f 1936/2618/4820 1932/2613/4820 1937/2617/4820
f 1937/2617/4821 1933/2614/4822 1934/2619/4823
f 1931/2604/4824 1928/2608/4824 1936/2616/4824
f 1936/2618/4825 1937/2617/4825 1942/2620/4825
f 1937/2617/4821 1934/2619/4823 1941/2621/4826
f 1935/2622/4827 1931/2623/4828 1943/2624/4829
f 1941/2625/4830 1934/2612/4830 1935/2615/4830
f 1943/2624/4829 1931/2623/4828 1940/2626/4831
f 1935/2622/4832 1943/2624/4832 1941/2627/4832
f 1931/2623/4833 1936/2628/4834 1940/2626/4835
f 1936/2618/4834 1944/2629/4836 1940/2630/4835
f 1944/2629/4837 1936/2618/4838 1942/2620/4839
f 1942/2620/4840 1937/2617/4840 2858/2631/4840
f 1945/2632/4841 1944/2629/4837 1942/2620/4839
f 1937/2617/4821 1941/2621/4826 2858/2631/4842
f 1945/2632/4843 1942/2620/4843 2858/2631/4843
f 1941/2627/4844 1943/2624/4844 1946/2633/4844
f 1940/2630/4845 1944/2629/4845 2823/2634/4845
f 1949/2635/4846 1950/2636/4846 1952/2637/4846
f 1954/2638/4847 1953/2639/4847 1955/2640/4847
f 1957/2641/4848 1958/2642/4848 1959/2643/4848
f 1960/2644/4849 1957/2641/4849 1962/2645/4849
f 1962/2645/4850 1957/2641/4850 1964/2646/4850
f 1958/2642/4851 1957/2641/4851 1960/2644/4851
f 1964/2647/4852 1957/2648/4852 1961/2649/4852
f 1961/2649/4853 1957/2648/4853 1959/2650/4853
f 1959/2643/4854 1958/2642/4855 1965/2651/4856
f 1960/2644/4857 1962/2645/4857 1963/2652/4857
f 1958/2642/4858 1960/2644/4859 1968/2653/4860
f 1971/2654/4861 1958/2642/4858 1968/2653/4860
f 1968/2653/4862 1960/2644/4863 1963/2652/4864
f 1958/2642/4855 1971/2654/4865 1965/2651/4856
f 1962/2645/4866 1964/2646/4867 1969/2655/4868
f 1961/2649/4869 1959/2650/4869 1966/2656/4869
f 1967/2657/4870 1959/2643/4870 1965/2651/4870
f 1964/2647/4871 1961/2649/4871 1970/2658/4871
f 1970/2658/4872 1961/2649/4873 1966/2656/4874
f 1966/2659/4875 1959/2643/4876 1967/2657/4877
f 1963/2652/4878 1962/2645/4878 1969/2655/4878
f 1971/2654/4879 1968/2653/4862 1972/2660/4880
f 1964/2647/4867 1970/2658/4881 2262/2661/4882
f 1971/2662/4883 1972/2663/4883 1973/2664/4883
f 1972/2660/4880 1968/2653/4862 1963/2652/4864
f 1969/2665/4868 1964/2647/4867 2262/2661/4882
f 1974/2666/4884 1970/2658/4872 1966/2656/4874
f 1971/2662/4885 1973/2664/4885 1976/2667/4885
f 1965/2651/4886 1977/2668/4887 1967/2657/4888
f 1980/2669/4889 1979/2670/4889 1981/2671/4889
f 2232/2672/4890 1982/2673/4891 1979/2670/4892
f 2232/2672/4890 1979/2670/4892 1980/2669/4893
f 2231/2674/4894 1983/2675/4895 2228/2676/4896
f 1979/2670/4897 2240/2677/4898 1981/2671/4899
f 2240/2677/4900 1979/2670/4901 1982/2673/4902
f 1989/2678/4903 1986/2679/4903 1987/2680/4903
f 1993/2681/4904 1990/2682/4904 1991/2683/4904
f 1990/2682/4905 1993/2681/4905 1992/2684/4905
f 1995/2685/4906 1992/2684/4906 1993/2681/4906
f 1994/2686/4907 1990/2682/4907 1992/2684/4907
f 1993/2681/4908 1991/2683/4908 1999/2687/4908
f 1991/2683/4909 1990/2682/4909 1998/2688/4909
f 1996/2689/4910 1991/2683/4911 1998/2688/4912
f 1998/2688/4913 1990/2682/4913 1994/2686/4913
f 1994/2686/4914 1992/2684/4915 1995/2685/4916
f 2112/2690/4917 1996/2691/4917 1997/2692/4917
f 2001/2693/4918 1996/2689/4910 1998/2688/4912
f 1993/2681/4919 1999/2687/4919 2000/2694/4919
f 1997/2695/4920 1996/2689/4910 2001/2693/4918
f 2003/2696/4921 1998/2688/4922 2222/2697/4923
f 2222/2697/4923 1998/2688/4922 1994/2686/4924
f 2214/2698/4925 2002/2699/4926 2222/2700/4927
f 2011/2701/4928 2013/2702/4929 2012/2703/4930
f 2013/2702/4929 2014/2704/4931 2012/2703/4930
f 2013/2705/4932 2011/2706/4933 2018/2707/4934
f 2015/2708/4935 2019/2709/4935 2021/2710/4935
f 2014/2711/4936 2013/2705/4937 2016/2712/4938
f 2016/2712/4939 2013/2705/4932 2018/2707/4934
f 2015/2708/4940 2011/2701/4941 2012/2703/4942
f 2025/2713/4943 2012/2703/4944 2010/2714/4945
f 2015/2708/4940 2012/2703/4942 2025/2713/4946
f 2018/2707/4934 2011/2706/4933 2021/2715/4947
f 2021/2710/4948 2011/2701/4948 2015/2708/4948
f 2014/2711/4936 2016/2712/4938 2020/2716/4949
f 2012/2703/4950 2014/2704/4951 2010/2714/4952
f 2020/2716/4953 2016/2712/4954 2017/2717/4955
f 2021/2718/4947 2019/2719/4956 2022/2720/4957
f 2019/2709/4958 2015/2708/4958 2025/2713/4958
f 2024/2721/4959 2010/2714/4952 2014/2704/4951
f 2010/2714/4960 2024/2721/4961 2029/2722/4962
f 2022/2720/4963 2019/2719/4963 2023/2723/4963
f 2028/2724/4964 2019/2709/4964 2025/2713/4964
f 2026/2725/4965 2016/2712/4939 2018/2707/4934
f 2027/2726/4966 2022/2720/4966 2009/2727/4966
f 2027/2726/4967 2021/2718/4947 2022/2720/4957
f 2023/2723/4968 2019/2719/4969 2032/2728/4970
f 2032/2729/4970 2019/2709/4969 2028/2724/4971
f 2029/2722/4972 2024/2721/4972 2055/2730/4972
f 2014/2704/4951 2020/2731/4973 2024/2721/4959
f 2016/2712/4974 2026/2725/4974 2030/2732/4974
f 2008/2733/4975 2022/2720/4975 2023/2723/4975
f 2025/2713/4943 2033/2734/4976 2028/2724/4977
f 2025/2713/4943 2010/2714/4945 2033/2734/4976
f 2033/2734/4978 2010/2714/4960 2029/2722/4962
f 2034/2735/4979 2027/2726/4980 2031/2736/4981
f 2027/2726/4980 2009/2727/4982 2031/2736/4981
f 2024/2721/4959 2020/2731/4973 2035/2737/4983
f 2016/2712/4954 2030/2732/4984 2017/2717/4955
f 2056/2738/4985 2033/2734/4986 2055/2730/4987
f 2018/2707/4934 2021/2715/4947 2027/2739/4967
f 2031/2736/4988 2009/2727/4988 2022/2720/4988
f 2008/2733/4989 2023/2723/4990 2032/2728/4991
f 2055/2730/4992 2024/2721/4959 2035/2737/4983
f 2018/2707/4934 2027/2739/4967 2026/2725/4965
f 2008/2740/4993 2036/2741/4993 2022/2742/4993
f 2038/2743/4994 2008/2733/4989 2032/2728/4991
f 2039/2744/4995 2030/2745/4996 2037/2746/4997
f 2046/2747/4998 2040/2748/4998 2041/2749/4998
f 2042/2750/4999 2040/2748/4999 2046/2747/4999
f 2046/2751/5000 2041/2752/5001 2045/2753/5002
f 2044/2754/5003 2043/2755/5003 2041/2752/5003
f 2045/2753/5002 2041/2752/5001 2043/2755/5004
f 2041/2749/5005 2040/2748/5005 2048/2756/5005
f 2047/2757/5006 2043/2755/5006 2044/2754/5006
f 2041/2752/5007 2048/2758/5007 2044/2754/5007
f 2040/2748/5008 2042/2750/5008 2048/2756/5008
f 2037/2746/5009 2042/2750/5010 2046/2747/5011
f 2046/2751/5012 2045/2753/5012 2049/2759/5012
f 2045/2753/5013 2043/2755/5013 2050/2760/5013
f 2043/2755/5014 2047/2757/5014 2050/2760/5014
f 2037/2746/5009 2046/2747/5011 2039/2744/5015
f 2051/2761/5016 2050/2760/5017 2047/2757/5018
f 2093/2762/5019 2042/2750/5020 2037/2746/5021
f 2034/2735/5022 2031/2736/5023 2052/2763/5024
f 2028/2724/5025 2033/2734/5025 2032/2729/5025
f 2033/2734/4986 2029/2722/5026 2055/2730/4987
f 2035/2737/5027 2020/2731/5027 2017/2764/5027
f 2030/2745/4996 2039/2744/4995 2017/2765/5028
f 2046/2747/5029 2049/2766/5030 2039/2744/5031
f 2037/2767/5032 2030/2732/5032 2026/2725/5032
f 2031/2768/5033 2022/2742/5034 2036/2741/5035
f 2031/2768/5033 2036/2741/5035 2053/2769/5036
f 2053/2769/5037 2036/2741/5038 2106/2770/5039
f 2036/2741/5038 2054/2771/5040 2106/2770/5039
f 2036/2741/5041 2008/2740/5042 2038/2772/5043
f 2055/2730/5044 2035/2737/5044 2078/2773/5044
f 2093/2762/5019 2048/2756/5045 2042/2750/5020
f 2054/2771/5046 2036/2741/5041 2038/2772/5043
f 2033/2774/4986 2056/2775/4985 2110/2776/5047
f 2044/2754/5048 2048/2758/5049 2093/2777/5050
f 2088/2778/5051 2034/2735/5022 2052/2763/5024
f 2057/2779/5052 2060/2780/5053 2061/2781/5054
f 2060/2780/5055 2057/2779/5056 2065/2782/5057
f 2062/2783/5058 2063/2784/5059 2059/2785/5060
f 2063/2784/5061 2062/2783/5062 2064/2786/5063
f 2067/2787/5064 2057/2779/5065 2059/2785/5066
f 2059/2785/5067 2063/2784/5067 2067/2787/5067
f 2065/2782/5057 2057/2779/5056 2067/2787/5068
f 2072/2788/5069 2063/2784/5070 2064/2786/5071
f 2068/2789/5072 2062/2783/5058 2059/2785/5060
f 2059/2785/5066 2057/2779/5065 2061/2781/5073
f 2092/2790/5074 2065/2782/5074 2067/2787/5074
f 2066/2791/5075 2069/2792/5075 2094/2793/5075
f 2066/2791/5076 2065/2782/5077 2092/2790/5078
f 2096/2794/5079 2069/2792/5079 2071/2795/5079
f 2063/2784/5080 2072/2788/5081 2073/2796/5082
f 2062/2783/5062 2068/2789/5083 2064/2786/5063
f 2060/2780/5053 2079/2797/5084 2061/2781/5054
f 2065/2782/5077 2066/2791/5076 2094/2793/5085
f 2069/2792/5086 2096/2794/5086 2094/2793/5086
f 2101/2798/5087 2068/2789/5087 2059/2785/5087
f 2075/2799/5088 2073/2800/5088 2076/2801/5088
f 2077/2802/5089 2052/2803/5089 2031/2804/5089
f 2056/2738/5090 2055/2730/5091 2078/2773/5092
f 2045/2753/5093 2050/2760/5094 2049/2759/5095
f 2072/2788/5069 2064/2786/5071 2074/2805/5096
f 2060/2780/5097 2065/2782/5098 2109/2806/5099
f 2071/2795/5100 2069/2792/5100 2080/2807/5100
f 2069/2792/5101 2066/2791/5101 2081/2808/5101
f 2081/2808/5102 2066/2791/5102 2092/2790/5102
f 2067/2787/5103 2063/2784/5080 2073/2796/5082
f 2067/2809/5103 2073/2800/5082 2082/2810/5104
f 2073/2800/5105 2075/2799/5105 2082/2810/5105
f 2076/2801/5088 2073/2800/5088 2083/2811/5088
f 2032/2729/5106 2033/2734/5107 2038/2812/5108
f 2056/2738/5090 2078/2773/5092 2126/2813/5109
f 2039/2744/5031 2049/2766/5030 2085/2814/5110
f 2107/2815/5111 2047/2757/5111 2087/2816/5111
f 2087/2816/5112 2047/2757/5112 2044/2754/5112
f 2026/2725/5113 2027/2739/4980 2034/2817/4979
f 2119/2818/5114 2079/2797/5115 2109/2806/5116
f 2079/2797/5117 2060/2780/5097 2109/2806/5099
f 2065/2782/5077 2094/2793/5085 2109/2806/5118
f 2007/2819/5119 2103/2820/5120 2091/2821/5121
f 2067/2809/5103 2082/2810/5104 2116/2822/5122
f 2082/2810/5123 2075/2823/5123 2116/2822/5123
f 2075/2823/5124 2076/2824/5125 2116/2822/5126
f 2076/2824/5125 2083/2811/5125 2116/2822/5126
f 2083/2811/5127 2073/2800/5127 2116/2822/5127
f 2126/2813/5128 2078/2773/5129 2084/2825/5130
f 2035/2826/5131 2017/2765/5131 2039/2744/5131
f 2037/2767/5132 2026/2725/5133 2093/2827/5134
f 2073/2796/5082 2072/2788/5081 2108/2828/5135
f 2116/2822/5136 2073/2800/5137 2052/2803/5138
f 2033/2774/5107 2110/2776/5139 2038/2772/5108
f 2026/2725/5133 2034/2817/5022 2088/2829/5051
f 2072/2788/5140 2074/2805/5141 2089/2830/5142
f 2007/2819/5143 2071/2795/5144 2080/2807/5145
f 2069/2792/5146 2081/2808/5147 2080/2807/5148
f 2031/2804/5149 2053/2831/5149 2098/2832/5149
f 2095/2833/5150 2156/2834/5151 2084/2825/5152
f 2078/2773/5129 2035/2737/5153 2099/2835/5154
f 2047/2757/5018 2107/2815/5155 2051/2761/5016
f 2088/2778/5156 2052/2763/5138 2073/2796/5137
f 2148/2836/5157 2073/2796/5082 2108/2828/5135
f 2090/2837/5158 2071/2795/5144 2007/2819/5143
f 2090/2837/5159 2007/2819/5159 2097/2838/5159
f 2038/2772/5108 2110/2776/5139 2054/2771/5160
f 2084/2825/5130 2078/2773/5129 2099/2835/5154
f 2026/2725/5133 2088/2829/5051 2093/2827/5134
f 2088/2778/5161 2073/2796/5162 2148/2836/5163
f 2100/2839/5164 2064/2786/5164 2068/2789/5164
f 2031/2804/5165 2098/2832/5165 2105/2840/5165
f 2098/2832/5166 2053/2831/5167 2124/2841/5168
f 2124/2841/5168 2053/2831/5167 2106/2842/5169
f 2044/2754/5048 2093/2777/5050 2087/2816/5170
f 2080/2843/5148 2081/2844/5147 2104/2845/5171
f 2052/2803/5138 2077/2802/5172 2116/2822/5136
f 2039/2846/5173 2085/2847/5174 2035/2737/5175
f 2085/2847/5176 2049/2759/5095 2050/2760/5094
f 2072/2788/5177 2089/2830/5178 2108/2828/5179
f 2089/2830/5142 2074/2805/5141 2117/2848/5180
f 2102/2849/5181 2094/2793/5181 2096/2794/5181
f 2096/2794/5182 2071/2795/5144 2102/2849/5183
f 2007/2819/5119 2091/2821/5121 2097/2838/5184
f 2103/2820/5120 2112/2850/5185 2091/2821/5121
f 2103/2820/5186 2007/2819/5143 2080/2807/5145
f 2092/2851/5187 2067/2809/5103 2116/2822/5122
f 2077/2802/5188 2031/2804/5189 2105/2840/5190
f 2099/2835/5191 2035/2737/5175 2085/2847/5174
f 2061/2781/5054 2079/2797/5084 2142/2852/5192
f 2120/2853/5193 2109/2806/5118 2094/2793/5085
f 2102/2849/5183 2071/2795/5144 2090/2837/5158
f 2121/2854/5194 2091/2821/5121 2112/2850/5185
f 2004/2855/5195 2112/2856/5196 2103/2857/5197
f 2105/2840/5198 2098/2832/5198 2006/2858/5198
f 2106/2770/5199 2054/2771/5160 2110/2776/5139
f 2061/2781/5073 2142/2852/5200 2059/2785/5066
f 1985/2859/5201 2094/2793/5202 2102/2849/5203
f 2090/2837/5204 2097/2838/5204 2115/2860/5204
f 2118/2861/5205 2091/2821/5205 2121/2854/5205
f 2003/2862/5206 2222/2700/4927 2002/2699/4926
f 1991/2683/5207 1996/2689/5208 1999/2687/5209
f 1996/2691/5210 2112/2690/5196 2004/2863/5195
f 2106/2770/5199 2110/2776/5139 2125/2864/5211
f 2097/2838/5212 2091/2821/5212 2118/2861/5212
f 2113/2865/5213 2006/2858/5214 2098/2832/5215
f 2110/2776/5216 2056/2775/5217 2126/2866/5218
f 2156/2834/5219 2136/2867/5220 2005/2868/5221
f 2005/2868/5222 2129/2869/5222 2128/2870/5222
f 2150/2871/5223 2136/2867/5220 2156/2834/5219
f 2074/2805/5224 2064/2786/5225 2100/2839/5226
f 2142/2852/5192 2079/2797/5084 2119/2818/5227
f 2127/2872/5228 2118/2861/5228 2121/2854/5228
f 2077/2802/5188 2105/2840/5190 2122/2873/5229
f 2122/2873/5229 2105/2840/5190 2006/2858/5230
f 2123/2874/5231 2006/2858/5231 2113/2865/5231
f 2150/2871/5223 2156/2834/5219 2095/2833/5232
f 2084/2825/5233 2099/2835/5233 2085/2847/5233
f 2085/2847/5176 2050/2760/5094 2137/2875/5234
f 2107/2815/5235 2087/2816/5235 2130/2876/5235
f 2108/2828/5179 2089/2830/5178 2131/2877/5236
f 2089/2830/5237 2117/2848/5238 2131/2877/5239
f 2068/2789/5240 2101/2798/5240 2132/2878/5240
f 2158/2879/5241 2101/2798/5241 2059/2785/5241
f 2133/2880/5242 2115/2860/5242 2097/2838/5242
f 2143/2881/5243 1997/2695/5243 2139/2882/5243
f 2124/2841/5244 2113/2865/5213 2098/2832/5215
f 2106/2842/5199 2125/2883/5211 2124/2841/5245
f 2126/2866/5246 2084/2884/5246 2125/2864/5246
f 2117/2848/5180 2074/2805/5141 2138/2885/5247
f 2120/2853/5193 2094/2793/5085 1985/2859/5248
f 2004/2855/5249 1988/2886/5250 1986/2887/5251
f 1986/2679/5252 1989/2678/5252 2144/2888/5252
f 1986/2887/5253 1988/2886/5254 2140/2889/5255
f 2006/2858/5256 2123/2874/5257 2141/2890/5258
f 2113/2865/5259 2124/2841/5259 2134/2891/5259
f 2156/2834/5219 2005/2868/5221 2128/2870/5260
f 2005/2868/5261 2136/2867/5261 2129/2869/5261
f 2093/2892/5050 2088/2778/5161 2148/2836/5163
f 2100/2839/5262 2068/2789/5262 2132/2878/5262
f 2152/2893/5263 1985/2859/5201 2102/2849/5203
f 2121/2854/5264 2112/2850/5265 2143/2894/5266
f 2112/2690/5267 1997/2692/5267 2143/2895/5267
f 2139/2882/5268 1997/2695/5268 2001/2693/5268
f 1996/2691/5208 2004/2863/5269 1999/2896/5209
f 2197/2897/5270 2144/2888/5270 1989/2678/5270
f 2103/2857/5186 2080/2843/5145 1988/2886/5250
f 2080/2843/5145 2104/2845/5271 1988/2886/5250
f 2128/2870/5272 2129/2869/5273 2161/2898/5274
f 2084/2825/5152 2085/2847/5176 2095/2833/5150
f 2137/2875/5275 2050/2760/5275 2051/2761/5275
f 2087/2899/5170 2093/2892/5050 2148/2836/5163
f 2151/2900/5276 2108/2828/5277 2131/2877/5278
f 2153/2901/5279 2090/2837/5280 2115/2860/5281
f 2003/2902/5282 2002/2903/5283 2149/2904/5284
f 2149/2904/5285 2002/2903/5286 1999/2896/5287
f 2004/2863/5288 1986/2679/5288 2144/2888/5288
f 2006/2858/5256 2141/2890/5258 2122/2873/5289
f 2123/2874/5290 2113/2865/5290 2145/2905/5290
f 2110/2776/5216 2126/2866/5218 2125/2864/5291
f 2161/2898/5274 2146/2906/5292 2128/2870/5272
f 2150/2871/5223 2095/2833/5232 2137/2875/5293
f 2095/2833/5150 2085/2847/5176 2137/2875/5234
f 2148/2836/5157 2108/2828/5135 2151/2900/5294
f 2119/2818/5114 2109/2806/5116 2120/2853/5295
f 2097/2838/5296 2118/2861/5296 2175/2907/5296
f 2127/2872/5297 2121/2854/5264 2143/2894/5266
f 2144/2888/5298 2197/2897/5299 1984/2908/5300
f 1987/2909/5301 1986/2887/5253 2140/2889/5255
f 2004/2855/5249 2103/2857/5186 1988/2886/5250
f 2104/2845/5171 2081/2844/5147 2092/2910/5302
f 2113/2865/5303 2134/2891/5303 2182/2911/5303
f 2185/2912/5304 2129/2869/5304 2756/2913/5304
f 2157/2914/5305 2101/2798/5306 2158/2879/5307
f 2059/2785/5066 2142/2852/5200 2158/2879/5308
f 2120/2853/5193 1985/2859/5248 2163/2915/5309
f 2133/2880/5310 2097/2838/5310 2175/2907/5310
f 2145/2905/5311 2113/2865/5311 2182/2911/5311
f 2147/2916/5312 2146/2906/5312 2160/2917/5312
f 2160/2917/5313 2146/2906/5313 2161/2898/5313
f 2756/2913/5314 2129/2869/5315 2136/2867/5316
f 2162/2918/5317 2150/2871/5223 2137/2875/5293
f 2142/2852/5318 2119/2818/5318 2120/2853/5318
f 1985/2859/5319 2152/2893/5319 2169/2919/5319
f 2102/2849/5320 2090/2837/5280 2153/2901/5279
f 2118/2861/5321 2127/2872/5321 2180/2920/5321
f 2077/2802/5322 2122/2873/5322 2181/2921/5322
f 2141/2890/5323 2123/2874/5323 2145/2905/5323
f 2147/2916/5324 2160/2917/5325 2164/2922/5326
f 2160/2917/5325 2165/2923/5327 2164/2922/5326
f 2165/2923/5328 2166/2924/5328 2164/2922/5328
f 2165/2925/5329 2160/2917/5329 2161/2898/5329
f 2186/2926/5330 2051/2761/5331 2107/2815/5332
f 2130/2927/5333 2087/2899/5333 2148/2836/5333
f 2132/2878/5334 2101/2798/5306 2157/2914/5305
f 2167/2928/5335 2142/2852/5335 2168/2929/5335
f 2168/2929/5336 2142/2852/5336 2120/2853/5336
f 2163/2915/5337 1985/2859/5337 2169/2919/5337
f 2116/2822/5136 2077/2802/5172 2181/2921/5338
f 2084/2884/5152 2156/2930/5151 2134/2931/5339
f 2156/2834/5219 2128/2870/5260 2171/2932/5340
f 2128/2870/5260 2146/2906/5341 2171/2932/5340
f 2146/2906/5342 2147/2916/5342 2754/2933/5342
f 2147/2916/5343 2164/2922/5344 2161/2898/5345
f 2164/2922/5346 2166/2934/5347 2161/2898/5347
f 2166/2934/5348 2165/2925/5348 2161/2898/5348
f 2162/2918/5349 2137/2875/5350 2173/2935/5351
f 2142/2852/5352 2167/2928/5353 2174/2936/5354
s 0
f 2167/2928/748 2168/2929/748 2174/2936/748
s 1
f 2174/2937/5355 2168/2929/5356 2120/2853/5357
f 2152/2893/5358 2102/2849/5358 2153/2901/5358
f 2176/2938/5359 2139/2939/5359 1987/2909/5359
f 2189/2940/5360 2140/2889/5361 1988/2886/5362
f 1988/2886/5250 2104/2845/5271 2177/2941/5363
f 2768/2942/5364 2150/2871/5365 2162/2918/5366
f 2137/2875/5367 2051/2761/5367 2186/2926/5367
f 2138/2885/5368 2074/2805/5224 2100/2839/5226
f 2142/2852/5369 2174/2936/5354 2179/2943/5370
f 2179/2943/5371 2174/2937/5371 2758/2944/5371
f 2174/2937/5355 2120/2853/5357 2758/2944/5372
f 2175/2907/5373 2118/2861/5373 2180/2920/5373
f 2176/2938/5374 1987/2909/5374 2140/2889/5374
f 2181/2921/5375 2122/2873/5375 2141/2890/5375
f 2124/2841/5376 2125/2883/5376 2134/2891/5376
f 2125/2864/5377 2084/2884/5377 2134/2931/5377
f 2146/2906/5378 2754/2933/5379 2159/2945/5380
f 2136/2867/5381 2172/2946/5382 2183/2947/5383
f 2136/2867/5384 2150/2871/5385 2172/2946/5386
f 2142/2852/5369 2179/2943/5370 2758/2944/5387
f 2150/2871/5385 2768/2942/5388 2172/2946/5386
f 2148/2836/5157 2151/2900/5294 2130/2927/5389
f 2178/2948/5390 2142/2852/5391 2758/2944/5392
f 2163/2915/5393 2169/2919/5393 2188/2949/5393
f 2750/2950/5394 2152/2893/5394 2153/2901/5394
f 2180/2920/5395 2127/2872/5396 2143/2894/5397
f 2146/2906/5378 2159/2945/5380 2171/2932/5398
f 2756/2913/5314 2136/2867/5316 2183/2947/5399
f 2107/2815/5400 2130/2876/5400 2755/2951/5400
f 2142/2852/5200 2178/2948/5401 2158/2879/5308
f 2153/2901/5402 2115/2860/5403 2763/2952/5404
f 2175/2907/5405 2180/2920/5405 2193/2953/5405
f 2143/2954/5397 2139/2939/5406 2180/2955/5395
f 2140/2889/5407 2184/2956/5408 2176/2938/5409
f 2189/2940/5360 1988/2886/5362 2177/2941/5410
f 2156/2957/5411 2171/2958/5412 2198/2959/5413
f 2194/2960/5414 2189/2940/5415 2177/2941/5416
f 2215/2961/5417 2092/2910/5187 2116/2962/5122
f 2171/2932/5418 2159/2945/5419 2184/2963/5420
f 2189/2940/5421 2184/2956/5408 2140/2889/5407
f 2104/2845/5422 2092/2910/5423 2200/2964/5424
f 2116/2965/5425 2181/2966/5426 2211/2967/5427
f 2181/2921/5428 2141/2890/5428 2196/2968/5428
f 2141/2890/5429 2145/2905/5429 2196/2968/5429
f 2189/2940/5415 2194/2960/5414 1984/2969/5430
f 1987/2970/5431 2139/2882/5432 2001/2693/5433
f 1999/2896/5287 2004/2863/5434 2144/2888/5435
f 1999/2896/5287 2144/2888/5435 2149/2904/5285
f 2104/2845/5436 2200/2964/5437 2177/2941/5438
f 2177/2941/5438 2200/2964/5437 2194/2960/5439
f 2200/2964/5424 2092/2910/5423 2215/2961/5440
f 2181/2966/5426 2195/2971/5441 2211/2967/5427
f 2134/2891/5339 2156/2972/5151 2198/2973/5442
f 1998/2688/5443 2003/2696/5444 2001/2693/5433
f 2003/2696/5444 2155/2974/5445 2001/2693/5433
f 2144/2888/5298 1984/2908/5300 2194/2975/5446
f 2215/2976/5447 2116/2965/5448 2211/2967/5449
f 2195/2971/5450 2181/2966/5451 2201/2977/5452
f 2182/2911/5453 2134/2891/5339 2198/2973/5442
f 1987/2970/5431 2001/2693/5433 1989/2978/5454
f 2145/2905/5455 2182/2911/5456 2196/2968/5457
f 2003/2902/5282 2149/2904/5284 2155/2979/5458
f 2201/2977/5452 2181/2966/5451 2196/2980/5459
f 2182/2911/5456 2198/2973/5460 2196/2968/5457
f 1989/2978/5454 2001/2693/5433 2197/2981/5461
f 2001/2693/5433 2155/2974/5445 2197/2981/5461
f 2149/2904/5462 2144/2888/5463 2199/2982/5464
f 2184/2956/5420 2206/2983/5465 2171/2958/5418
f 2205/2984/5466 2203/2985/5467 2195/2971/5468
f 2204/2986/5469 2203/2985/5469 2205/2984/5469
f 2206/2983/5470 2184/2956/5471 2189/2940/5472
f 2194/2975/5473 2200/2987/5473 2144/2888/5473
f 2189/2940/5472 1984/2969/5474 2206/2983/5470
f 2206/2988/5475 1984/2989/5475 2197/2981/5475
f 2199/2982/5464 2144/2888/5463 2200/2987/5476
f 2208/2990/5477 2203/2985/5477 2204/2986/5477
f 2205/2984/5466 2195/2971/5468 2201/2977/5478
f 2202/2991/5479 2155/2979/5480 2212/2992/5481
f 2212/2992/5481 2155/2979/5480 2149/2904/5482
f 2149/2904/5482 2199/2982/5483 2212/2992/5481
f 2204/2986/5484 2205/2984/5484 2209/2993/5484
f 2205/2984/5485 2201/2977/5485 2210/2994/5485
f 2196/2980/5486 2198/2995/5486 2210/2994/5486
f 2197/2981/5461 2155/2974/5445 2202/2996/5487
f 2201/2977/5488 2196/2980/5488 2210/2994/5488
f 2195/2971/5489 2203/2985/5489 2211/2967/5489
f 2206/2988/5490 2197/2981/5461 2202/2996/5487
f 2203/2985/5491 2208/2990/5492 2211/2967/5493
f 2199/2982/5464 2200/2987/5476 2215/2997/5494
f 2171/2958/5418 2206/2983/5465 2220/2998/5495
f 2220/2999/5496 2206/2988/5490 2202/2996/5487
f 2212/2992/5497 2199/2982/5497 2215/2997/5497
f 2209/2993/5498 2205/2984/5498 2210/2994/5498
f 2198/2959/5413 2171/2958/5412 2220/2998/5499
f 2202/2991/5479 2212/2992/5481 2218/3000/5500
f 2211/2967/5493 2208/2990/5492 2223/3001/5501
f 2217/3002/5502 2212/3003/5503 2214/2698/5504
f 2216/3004/5505 2212/3003/5506 2215/2976/5507
f 2215/2976/5447 2211/2967/5449 2225/3005/5508
f 2218/3006/5509 2212/3007/5503 2217/3008/5502
f 2214/2698/5510 2212/3003/5506 2216/3004/5505
f 2208/2990/5511 2204/2986/5512 2219/3009/5513
f 2220/3010/5514 2210/2994/5515 2198/2995/5516
f 2217/3002/5517 2214/2698/5517 2222/2700/5517
f 2211/2967/5518 2223/3001/5518 2225/3005/5518
f 2220/3011/5519 2202/2991/5519 2218/3000/5519
f 1995/2685/5520 1993/2681/5520 2000/2694/5520
f 2216/3004/5521 2215/2976/5447 2225/3005/5508
f 1999/3012/5522 2002/2699/5522 2214/2698/5522
f 1994/2686/4914 1995/2685/4916 2226/3013/5523
f 2210/2994/5515 2220/3010/5514 2209/2993/5524
f 2220/3010/5525 2218/3006/5526 2221/3014/5527
f 1999/3012/5528 2214/2698/5528 2000/3015/5528
f 2214/2698/5529 2216/3004/5530 2235/3016/5531
f 2214/2698/5529 2235/3016/5531 2000/3015/5532
f 2218/3006/5526 2217/3008/5533 2221/3014/5527
f 2223/3001/5534 2208/2990/5511 2219/3009/5513
f 2204/2986/5535 2209/2993/5535 2227/3017/5535
f 2209/2993/5524 2220/3010/5514 2221/3014/5536
f 2226/3013/5537 1995/2685/5537 2000/2694/5537
f 2223/3001/5538 2229/3018/5539 2231/3019/4894
f 1982/2673/4902 1983/2675/5540 2240/2677/4900
f 1994/2686/5541 2226/3013/5541 2222/2697/5541
f 2216/3004/5542 2225/3005/5543 2230/3020/5544
f 2228/2676/4896 1983/2675/4895 1982/2673/4891
f 1983/2675/4895 2231/2674/4894 2229/3021/5539
f 2227/3017/5545 2209/2993/5524 2221/3014/5536
f 2232/2672/5546 1980/2669/5547 2242/3022/5548
f 2219/3009/5549 2204/2986/5549 2227/3017/5549
f 2230/3020/5544 2235/3016/5550 2216/3004/5542
f 2225/3005/5551 2223/3001/5551 2231/3019/5551
f 1980/2669/5552 1981/2671/5553 2234/3023/5554
f 2240/2677/4900 1983/2675/5540 2229/3021/5555
f 2242/3024/5556 1980/3025/5552 2234/3026/5554
f 2229/3018/5557 2223/3001/5557 2219/3009/5557
f 2217/3008/5558 2222/3027/5559 2239/3028/5560
f 2226/3029/5561 2000/3030/5562 2237/3031/5563
f 2230/3020/5564 2225/3005/5565 2231/3019/5566
f 2234/3023/5567 1981/2671/4899 2240/2677/4898
f 2217/3008/5558 2239/3028/5560 2236/3032/5568
f 2239/3028/5560 2222/3027/5559 2226/3029/5569
f 1982/2673/4891 2232/2672/4890 2228/2676/4896
f 2238/3033/5570 2219/3009/5570 2227/3017/5570
f 2217/3008/5558 2236/3032/5568 2221/3014/5571
f 2000/3015/5572 2235/3016/5572 2237/3034/5572
f 2238/3033/5573 2229/3018/5573 2219/3009/5573
f 2230/3035/5564 2231/2674/5566 2228/2676/5574
f 2240/2677/4900 2229/3021/5555 2238/3036/5575
f 2235/3016/5576 2230/3020/5577 2244/3037/5578
f 2242/3022/5548 2228/2676/5579 2232/2672/5546
f 2226/3029/5561 2237/3031/5563 2247/3038/5580
f 2226/3029/5561 2247/3038/5580 2239/3028/5581
f 2251/3039/5582 2228/3040/5579 2242/3024/5548
f 2251/3039/5583 2242/3024/5583 2245/3041/5583
f 2240/2677/5584 2238/3036/5584 2241/3042/5584
f 2238/3033/5585 2227/3017/5586 2246/3043/5587
f 2227/3017/5545 2221/3014/5536 2246/3043/5588
f 2221/3014/5536 2236/3032/5589 2246/3043/5588
f 2237/3044/5590 2243/3045/5591 2247/3046/5592
f 2237/3034/5593 2235/3016/5593 2244/3037/5593
f 2234/3023/5567 2240/2677/4898 2241/3042/5594
f 2236/3032/5595 2239/3028/5595 2250/3047/5595
f 2247/3046/5592 2243/3045/5591 2252/3048/5596
f 2242/3024/5597 2234/3026/5598 2249/3049/5599
f 2250/3047/5600 2246/3043/5588 2236/3032/5589
f 2253/3050/5601 2237/3044/5601 2244/3051/5601
f 2230/3052/5577 2228/3040/5579 2251/3039/5582
f 2249/3053/5602 2234/3023/5567 2241/3042/5594
f 2243/3045/5603 2237/3044/5603 2253/3050/5603
f 2245/3041/5604 1977/2668/5605 2258/3054/5606
f 2258/3054/5607 1977/2668/5607 1965/2651/5607
f 2244/3055/5578 2230/3052/5577 2251/3039/5582
f 1965/2651/5608 1971/2654/5608 2258/3054/5608
f 1963/2652/5609 1969/2655/5610 1972/2660/5611
f 1970/2658/5612 1974/2666/5612 2262/2661/5612
f 2284/3056/5613 1966/2659/4875 1967/2657/4877
f 2239/3028/5614 2247/3038/5615 2250/3047/5616
f 1971/2654/5617 1976/3057/5617 2256/3058/5617
f 2256/3059/5618 1976/3060/5619 2267/3061/5620
f 2245/3041/5621 2242/3024/5597 2257/3062/5622
f 2243/3045/5623 2253/3050/5624 1956/3063/5625
f 1977/2668/4887 2245/3041/5626 2257/3062/5627
f 2242/3024/5597 2249/3049/5599 2257/3062/5622
f 2241/3042/5628 2238/3036/5585 2246/3064/5587
f 2258/3054/5629 1971/2654/5629 2256/3058/5629
f 2267/3061/5620 1976/3060/5619 2259/3065/5630
f 2260/3066/5631 1972/2663/5611 1969/2665/5610
f 1966/2656/4874 2284/3067/5632 1974/2666/4884
f 1977/2668/4887 2257/3062/5627 1967/2657/4888
f 2252/3048/5596 2243/3045/5591 1956/3063/5633
f 2251/3039/5634 2245/3041/5604 2258/3054/5606
f 1976/3060/5619 2270/3068/5635 2259/3065/5630
f 2270/3068/5636 1976/3060/5637 1973/3069/5638
f 2247/3046/5639 2252/3048/5639 2261/3070/5639
f 2255/3071/5640 2252/3048/5596 1956/3063/5633
f 2253/3050/5641 2244/3051/5642 2263/3072/5643
f 2264/3073/748 2263/3072/748 2265/3074/748
f 2263/3072/5644 2244/3051/5644 2265/3074/5644
f 2270/3068/5636 1973/3069/5638 2260/3075/5645
f 1973/2664/5646 1972/2663/5646 2260/3066/5646
f 1969/2665/5647 2262/2661/5648 2260/3066/5649
f 2249/3053/5602 2241/3042/5594 2246/3064/5588
f 2290/3076/5650 2250/3077/5616 2247/3078/5615
f 2261/3070/5651 2252/3048/5652 2255/3071/5653
f 2253/3050/5641 2263/3072/5643 2266/3079/5654
f 2263/3072/5643 2264/3080/748 2266/3079/5654
f 2266/3079/5654 2264/3081/5655 2286/3082/5656
f 2264/3081/5655 2265/3074/5657 2286/3082/5656
f 2265/3074/5657 2244/3051/5578 2286/3082/5656
f 2269/3083/5658 2295/3084/5659 2270/3068/5635
f 2268/3085/5660 2295/3084/5659 2269/3083/5658
f 2249/3053/5602 2246/3064/5588 2250/3086/5600
f 2253/3050/5641 2266/3079/5654 2286/3082/5656
f 1967/2657/5661 2257/3062/5662 2284/3056/5663
f 2257/3062/5664 2249/3049/5665 2275/3087/5666
f 2290/3088/5667 2247/3046/5668 2261/3070/5669
f 2267/3061/5670 2273/3089/5671 2256/3059/5672
f 2258/3090/5673 2256/3059/5673 2273/3089/5673
f 2277/3091/5674 2269/3083/5675 2278/3092/5676
f 2278/3092/5676 2269/3083/5675 2270/3068/5636
f 2276/3093/5677 2253/3050/5641 2286/3082/5656
f 2280/3094/5678 2259/3065/5630 2270/3068/5635
f 2281/3095/5679 2295/3084/5680 2268/3085/5681
f 2268/3085/5660 2269/3083/5658 2282/3096/5682
f 2301/3097/5683 2270/3068/5636 2260/3075/5645
f 2261/3070/5651 2255/3071/5653 2279/3098/5684
f 2255/3071/5640 1956/3063/5633 2285/3099/5685
f 1956/3063/5625 2253/3050/5624 2285/3099/5686
f 2267/3061/5687 2259/3065/5688 2287/3100/5689
f 2259/3065/5630 2280/3094/5678 2288/3101/5690
f 2288/3102/5691 2289/3103/5691 2295/3084/5691
f 2288/3104/5692 2280/3094/5692 2295/3084/5692
f 2280/3094/5678 2270/3068/5635 2295/3084/5659
f 2293/3105/5693 2262/2661/5694 1974/2666/5695
f 2284/3056/5663 2257/3062/5662 2275/3087/5696
f 2290/3076/5650 2249/3049/5697 2250/3077/5616
f 2251/3106/5582 2258/3090/5698 2291/3107/5699
f 2295/3084/5700 2259/3065/5700 2292/3108/5700
f 2259/3065/5701 2288/3101/5701 2292/3108/5701
f 2288/3102/5702 2295/3084/5702 2292/3108/5702
f 2278/3092/5676 2270/3068/5636 2301/3097/5683
f 2262/2661/5648 2293/3105/5703 2260/3066/5649
f 2275/3087/5666 2249/3049/5665 2290/3076/5704
f 2279/3098/5705 2255/3071/5640 2285/3099/5685
f 2244/3051/5578 2251/3106/5582 2286/3082/5656
f 2282/3096/5706 2269/3083/5707 2277/3091/5708
f 1974/3109/5709 2284/3056/5663 2308/3110/5710
f 2291/3107/5699 2258/3090/5698 2273/3089/5711
f 2259/3065/5688 2295/3084/5712 2287/3100/5689
f 2300/3111/5713 2296/3112/5713 2312/3113/5713
f 2312/3113/5714 2296/3112/5714 2277/3091/5714
f 2293/3105/5693 1974/2666/5695 2317/3114/5715
f 2273/3089/5671 2267/3061/5670 2297/3115/5716
f 2267/3061/5670 2287/3100/5717 2297/3115/5716
f 2299/3116/5718 2268/3085/5718 2282/3096/5718
f 2284/3056/5663 2294/3117/5719 2308/3110/5710
f 2294/3117/5719 2284/3056/5663 2275/3087/5696
f 2261/3070/5720 2279/3098/5721 2302/3118/5722
f 2253/3050/5723 2276/3093/5723 2285/3099/5723
f 2286/3082/5656 2251/3106/5582 2291/3107/5699
f 2268/3085/5681 2299/3116/5724 2281/3095/5679
f 2281/3095/5725 2299/3116/5725 2303/3119/5725
f 2304/3120/5726 2303/3121/5727 2282/3096/5728
f 2303/3121/5729 2299/3116/5729 2282/3096/5729
f 2282/3096/5706 2277/3091/5708 2296/3112/5730
f 2312/3113/5731 2277/3091/5731 2305/3122/5731
f 2301/3097/5732 2260/3075/5733 2307/3123/5734
f 2260/3124/5733 2293/3125/5735 2307/3126/5734
f 2317/3127/5715 1974/3109/5695 2308/3110/5736
f 2290/3088/5667 2261/3070/5669 2302/3118/5737
f 2295/3084/5712 2298/3128/5738 2287/3100/5689
f 2303/3119/5739 2304/3129/5740 2281/3095/5741
f 2281/3095/5741 2304/3129/5740 2310/3130/5742
f 2310/3130/5742 2304/3120/5743 2311/3131/5744
f 2304/3120/5726 2282/3096/5728 2311/3131/5745
f 2308/3132/5746 2294/3133/5746 2313/3134/5746
f 2313/3134/5747 2314/3135/5747 2315/3136/5748
s 0
f 2315/3136/1049 2314/3135/1049 2316/3137/1049
s 1
f 2314/3135/5747 2313/3134/5747 2316/3138/5749
f 2316/3138/5750 2313/3134/5750 2294/3133/5750
f 2298/3128/5738 2295/3084/5712 2327/3139/5751
f 2320/3140/5752 2295/3084/5752 2281/3095/5752
f 2328/3141/5753 2281/3095/5754 2311/3131/5755
f 2281/3095/5741 2310/3130/5742 2311/3131/5744
f 2277/3091/5756 2306/3142/5757 2305/3122/5758
f 2277/3091/5756 2278/3092/5759 2306/3142/5757
f 2293/3125/5735 2317/3143/5760 2307/3126/5734
f 2315/3136/5761 2316/3137/5761 2313/3134/5761
f 2313/3134/5762 2316/3137/5762 2318/3144/5762
f 2316/3138/5763 2294/3133/5764 2318/3144/5765
f 2294/3145/5766 2275/3146/5767 2290/3147/5768
f 2290/3088/5667 2302/3118/5737 2319/3148/5769
f 2276/3093/5677 2286/3082/5656 2309/3149/5770
f 2311/3131/5771 2282/3096/5771 2328/3141/5771
f 2323/3150/5772 2312/3113/5772 2305/3122/5772
f 2278/3092/5759 2301/3097/5773 2306/3142/5757
f 2324/3151/5774 2301/3097/5732 2307/3123/5734
f 2313/3134/5775 2318/3144/5765 2322/3152/5776
f 2318/3144/5765 2294/3133/5764 2322/3152/5776
f 2322/3152/5776 2294/3133/5764 2338/3153/5777
f 2295/3084/5778 2320/3140/5778 2327/3139/5778
f 2281/3095/5754 2328/3141/5753 2320/3140/5779
f 2317/3143/5780 1955/2640/5781 2307/3126/5782
f 1955/2640/5781 1953/3154/5783 2307/3126/5782
f 2307/3126/5784 1953/3154/5785 2321/3155/5786
f 1953/3154/5785 1954/3156/5787 2321/3155/5786
f 2321/3155/5788 1954/2638/5788 2317/3143/5788
f 1954/2638/5789 1955/2640/5789 2317/3143/5789
f 2322/3152/5790 2317/3143/5790 2308/3132/5790
f 2308/3132/5791 2313/3134/5791 2322/3152/5791
f 2326/3157/5792 2279/3098/5705 2285/3099/5685
f 2297/3115/5716 2287/3100/5717 2298/3128/5793
f 2341/3158/5794 2298/3128/5793 2334/3159/5795
f 2328/3141/5796 2282/3096/5796 2335/3160/5796
f 2307/3126/5784 2321/3155/5786 2322/3152/5797
f 2321/3155/5798 2317/3143/5798 2322/3152/5798
f 2319/3148/5799 2302/3118/5800 2325/3161/5801
f 2302/3118/5722 2279/3098/5721 2326/3157/5802
f 2297/3115/5716 2298/3128/5793 2341/3158/5794
f 2300/3111/5803 2312/3113/5804 2323/3150/5805
f 2347/3162/5806 2307/3126/5784 2322/3152/5797
f 2325/3161/5801 2302/3118/5800 2329/3163/5807
f 2302/3118/5808 2326/3157/5809 2329/3163/5810
f 2331/3164/5811 2330/3165/5811 2326/3157/5811
f 2330/3165/5812 2329/3163/5810 2326/3157/5809
f 2276/3093/5677 2309/3149/5770 2349/3166/5813
f 2334/3159/5795 2298/3128/5793 2327/3139/5814
f 2336/3167/5815 2300/3111/5816 2332/3168/5817
f 2306/3142/5818 2301/3097/5732 2324/3151/5774
f 2319/3148/5819 2325/3161/5820 2346/3169/5821
f 2325/3161/5822 2329/3163/5822 2333/3170/5822
f 2329/3163/5823 2330/3171/5823 2333/3170/5823
f 2330/3172/5824 2331/3164/5825 2333/3170/5826
f 2333/3170/5826 2331/3164/5825 2326/3157/5827
f 2326/3157/5828 2285/3099/5828 2276/3093/5828
f 2335/3160/5829 2282/3096/5830 2336/3167/5831
f 2282/3096/5832 2296/3112/5832 2336/3167/5832
f 2305/3122/5833 2306/3142/5834 2337/3173/5835
f 2294/3145/5766 2290/3147/5768 2339/3174/5836
f 2333/3170/5837 2326/3157/5837 2325/3161/5837
f 2349/3166/5838 2309/3149/5839 2340/3175/5840
f 2296/3112/5841 2300/3111/5841 2336/3167/5841
f 2323/3150/5842 2305/3122/5833 2337/3173/5835
f 2290/3147/5667 2319/3176/5769 2339/3174/5843
f 2273/3089/5711 2297/3115/5844 2361/3177/5845
f 2337/3173/5835 2306/3142/5834 2324/3151/5846
f 2324/3151/5847 2307/3123/5784 2365/3178/5848
f 2365/3179/5848 2307/3126/5784 2347/3162/5806
f 2347/3162/5849 2322/3152/5776 2338/3153/5777
f 2340/3175/5850 2309/3149/5851 2291/3107/5852
f 2309/3149/5851 2286/3082/5853 2291/3107/5852
f 2291/3107/5699 2273/3089/5711 2361/3177/5845
f 2332/3168/5854 2300/3111/5854 2343/3180/5854
f 2343/3180/5855 2300/3111/5803 2323/3150/5805
f 2342/3181/5856 2324/3151/5847 2365/3178/5848
f 2348/3182/5857 2325/3161/5820 2326/3157/5858
f 2360/3183/5859 2347/3184/5859 2338/3185/5859
f 2338/3185/5860 2294/3145/5766 2339/3174/5836
f 2326/3157/5861 2276/3093/5862 2349/3166/5863
f 2327/3139/5864 2320/3140/5864 2328/3141/5864
f 2355/3186/5865 2336/3167/5815 2332/3168/5817
f 2339/3174/5843 2319/3176/5769 2346/3187/5866
f 2328/3141/5867 2335/3160/5868 2327/3139/5869
f 2345/3188/5870 2336/3167/5815 2355/3186/5865
f 2297/3115/5844 2341/3158/5871 2361/3177/5845
f 2341/3158/5872 2334/3159/5872 2344/3189/5872
f 2327/3139/5869 2335/3160/5868 2351/3190/5869
f 2323/3150/5873 2337/3173/5873 2352/3191/5873
f 2337/3192/5874 2350/3193/5874 2352/3194/5874
f 2346/3169/5821 2325/3161/5820 2348/3182/5857
f 2344/3189/5875 2334/3159/5876 2327/3139/5877
f 2337/3192/5878 2324/3195/5878 2342/3196/5878
f 2530/3197/5879 2347/3184/5879 2360/3183/5879
f 2327/3139/5877 2351/3190/5880 2344/3189/5875
f 2355/3186/5881 2332/3168/5881 2359/3198/5881
f 2357/3199/5882 2365/3179/5883 2347/3162/5884
f 2326/3157/5861 2349/3166/5863 2348/3182/5885
f 2335/3160/5829 2336/3167/5831 2345/3188/5886
f 2350/3193/5887 2337/3192/5887 2342/3196/5887
f 2340/3175/5888 2291/3107/5889 2353/3200/5890
f 2357/3201/5891 2347/3184/5892 2530/3197/5893
f 2332/3168/5894 2343/3180/5894 2359/3198/5894
f 2360/3183/5895 2338/3185/5895 2358/3202/5895
f 2338/3185/5896 2339/3174/5896 2358/3202/5896
f 2340/3175/5888 2353/3200/5890 2369/3203/5897
f 2361/3177/5898 2341/3158/5899 2344/3189/5900
f 2352/3194/5901 2350/3193/5901 2364/3204/5901
f 2368/3205/5902 2360/3183/5902 2358/3202/5902
f 2363/3206/5903 2323/3150/5903 2352/3191/5903
f 2350/3193/5904 2342/3196/5905 2364/3204/5906
f 2364/3204/5906 2342/3196/5905 2365/3207/5907
f 2363/3208/5908 2352/3194/5908 2356/3209/5908
f 2367/3210/5909 2365/3207/5883 2357/3201/5882
f 2339/3174/5910 2366/3211/5911 2358/3202/5912
f 2349/3166/5838 2340/3175/5840 2513/3212/5913
f 2361/3177/5898 2344/3189/5900 2509/3213/5914
f 2520/3214/5915 2344/3189/5875 2351/3190/5880
f 2518/3215/5916 2343/3180/5917 2323/3150/5918
f 2520/3214/5919 2335/3160/5829 2345/3188/5886
f 2378/3216/5920 2375/3217/5921 2376/3218/5922
f 2378/3216/5920 2376/3218/5922 2377/3219/5923
f 2376/3218/5924 2375/3217/5924 2380/3220/5924
f 2375/3217/5925 2378/3216/5925 2379/3221/5925
f 2377/3219/5926 2376/3218/5926 2382/3222/5926
f 2378/3216/5927 2377/3219/5927 2381/3223/5927
f 2382/3222/5928 2376/3218/5928 2380/3220/5928
f 2383/3224/5929 2379/3221/5929 2378/3216/5929
f 2385/3225/5930 2381/3223/5930 2377/3219/5930
f 2380/3220/5931 2375/3217/5931 2387/3226/5931
f 2375/3217/5932 2386/3227/5932 2387/3226/5932
f 2385/3225/5933 2377/3219/5933 2382/3222/5933
f 2386/3227/5934 2375/3217/5935 2379/3221/5936
f 2383/3224/5937 2378/3216/5937 2381/3223/5937
f 2386/3227/5934 2379/3221/5936 2389/3228/5938
f 2427/3229/5939 2382/3230/5940 2391/3231/5941
f 2382/3230/5942 2380/3232/5942 2391/3231/5942
f 2379/3221/5943 2383/3224/5943 2388/3233/5943
f 2389/3228/5938 2379/3221/5936 2388/3233/5944
f 2385/3234/5945 2382/3230/5945 2427/3229/5945
f 2381/3223/5946 2385/3225/5947 2393/3235/5948
f 2386/3227/5934 2389/3228/5938 2387/3226/5949
f 2383/3224/5950 2381/3223/5946 2393/3235/5948
f 2389/3236/5951 2388/3237/5951 2390/3238/5951
f 2380/3232/5952 2387/3239/5953 2391/3231/5954
f 2392/3240/5955 2390/3238/5956 2388/3237/5957
f 2388/3233/5957 2383/3224/5958 2392/3241/5955
f 2427/3229/5959 2393/3242/5948 2385/3234/5947
f 2391/3243/5954 2387/3244/5953 2397/3245/5960
f 2427/3229/5939 2391/3231/5941 2422/3246/5961
f 2374/3247/5962 2395/3248/5963 2398/3249/5964
f 2402/3250/5965 2401/3251/5965 2403/3252/5965
f 2409/3253/5966 2404/3254/5967 2400/3255/5968
f 2401/3251/5969 2402/3250/5969 2405/3256/5969
f 2405/3256/5970 2402/3250/5971 2399/3257/5972
f 2401/3251/5973 2400/3255/5974 2403/3252/5975
f 2410/3258/5976 2401/3251/5977 2405/3256/5978
f 2399/3257/5972 2402/3250/5971 2412/3259/5979
f 2403/3252/5975 2400/3255/5974 2404/3254/5980
f 2407/3260/5981 2417/3261/5982 2408/3262/5983
f 2400/3255/5984 2401/3251/5977 2410/3258/5976
f 2411/3263/5985 2417/3261/5986 2407/3260/5987
f 2402/3250/5988 2403/3252/5988 2414/3264/5988
f 2409/3265/5989 2406/3266/5989 2416/3267/5989
f 2412/3259/5990 2402/3250/5990 2414/3264/5990
f 2404/3268/5967 2409/3265/5966 2416/3267/5991
f 2406/3266/5992 2408/3262/5992 2417/3261/5992
f 2407/3269/5993 2458/3270/5994 2413/3271/5995
f 2408/3262/5996 2406/3266/5997 2409/3265/5998
f 2409/3253/5998 2400/3255/5999 2418/3272/6000
f 2418/3272/6000 2400/3255/5999 2423/3273/6001
f 2423/3273/6002 2400/3255/6002 2410/3258/6002
f 2403/3252/6003 2404/3254/6003 2419/3274/6003
f 2419/3275/6004 2404/3268/6005 2415/3276/6006
f 2431/3277/6007 2417/3261/5986 2411/3263/5985
f 2399/3257/6008 2412/3259/6008 2429/3278/6008
f 2415/3276/6009 2404/3268/6010 2416/3267/6011
f 2416/3267/6012 2406/3266/6012 2420/3279/6012
f 2424/3280/6013 2413/3271/6014 2422/3281/6015
f 2408/3282/5996 2409/3253/5998 2418/3272/6000
f 2410/3258/6016 2405/3256/6016 2399/3257/6016
f 2422/3281/6017 2413/3271/5995 2458/3270/5994
f 2428/3283/6018 2408/3282/5996 2418/3272/6000
f 2418/3272/6019 2423/3273/6019 2425/3284/6019
f 2406/3266/6020 2417/3261/6020 2420/3279/6020
f 2413/3271/6014 2424/3280/6013 2421/3285/6021
f 2395/3248/6022 2374/3247/6023 2396/3286/6024
f 2457/3287/6025 2387/3244/5949 2389/3236/5938
f 2391/3243/6026 2424/3280/6026 2422/3281/6026
f 2412/3259/6027 2414/3264/6027 2430/3288/6027
f 2403/3252/6028 2419/3274/6029 2439/3289/6030
f 2407/3290/5993 2413/3291/5995 2411/3292/6031
f 2413/3271/6032 2433/3293/6032 2434/3294/6032
f 2433/3293/6033 2413/3271/6033 2435/3295/6033
f 2435/3295/6034 2413/3271/6014 2421/3285/6021
f 2398/3249/5964 2395/3248/5963 2394/3296/6035
f 2396/3286/6024 2374/3247/6023 2426/3297/6036
f 2392/3241/6037 2383/3224/5950 2393/3235/5948
f 2414/3264/6038 2403/3252/6028 2439/3289/6030
f 2419/3298/6004 2415/3299/6006 2440/3300/6039
f 2432/3301/6040 2411/3292/6041 2413/3291/6042
f 2413/3271/6043 2434/3294/6043 2432/3302/6043
f 2434/3294/6044 2433/3303/6044 2432/3302/6044
f 2432/3302/6045 2433/3303/6046 2436/3304/6047
f 2433/3305/6048 2435/3295/6034 2436/3304/6047
f 2436/3304/6047 2435/3295/6034 2421/3285/6021
f 2398/3249/6049 2397/3245/6049 2387/3244/6049
f 2407/3306/5981 2408/3282/5983 2452/3307/6050
f 2429/3278/6051 2412/3259/6051 2430/3288/6051
f 2415/3276/6009 2416/3267/6011 2437/3308/6052
f 2432/3302/6045 2436/3304/6047 2421/3285/6021
f 2465/3309/6053 2398/3249/6054 2387/3244/6055
f 2420/3279/6056 2438/3310/6057 2416/3267/6058
f 2431/3311/6059 2411/3292/6041 2432/3301/6040
f 2453/3312/6060 2395/3248/6061 2396/3286/6062
f 2457/3287/6063 2389/3236/6064 2390/3238/6065
f 2452/3307/6066 2408/3282/5996 2428/3283/6018
f 2410/3258/6067 2399/3257/6067 2423/3273/6067
f 2441/3313/6068 2399/3257/6068 2429/3278/6068
f 2414/3264/6069 2439/3289/6069 2430/3288/6069
f 2437/3308/6070 2438/3310/6070 2440/3314/6070
f 2443/3315/6071 2373/3316/6071 2371/3317/6071
f 2371/3317/6072 2373/3316/6072 2442/3318/6072
f 2416/3267/6058 2438/3310/6057 2437/3308/6073
f 2415/3319/6074 2373/3316/6074 2443/3315/6074
f 2373/3316/6075 2415/3319/6076 2442/3318/6077
f 2440/3314/6078 2415/3320/6079 2444/3321/6080
f 2442/3322/6077 2415/3276/6076 2437/3308/6081
f 2450/3323/6082 2443/3315/6082 2371/3317/6082
f 2444/3324/6080 2415/3319/6079 2443/3315/6083
f 2447/3325/6084 2445/3326/6085 2371/3317/6086
f 2440/3314/6087 2444/3321/6087 2446/3327/6087
f 2450/3323/6088 2371/3317/6088 2445/3326/6088
f 2371/3317/6089 2442/3318/6089 2448/3328/6089
f 2370/3329/6090 2442/3318/6090 2449/3330/6090
f 2442/3322/6091 2437/3308/6091 2449/3331/6091
f 2437/3308/6092 2440/3314/6093 2449/3331/6094
f 2447/3325/6084 2371/3317/6086 2448/3328/6095
f 2440/3314/6093 2446/3327/6096 2449/3331/6094
f 2443/3315/6097 2450/3323/6098 2444/3324/6099
f 2442/3318/6100 2370/3329/6100 2448/3328/6100
f 2448/3328/6101 2370/3329/6101 2451/3332/6101
f 2397/3245/6102 2398/3249/6103 2394/3296/6104
f 2419/3298/6105 2440/3300/6106 2459/3333/6107
f 2451/3332/6108 2431/3311/6059 2432/3301/6040
f 2391/3243/6109 2397/3245/6110 2474/3334/6111
f 2464/3335/6112 2426/3297/6113 2374/3247/6114
f 2465/3309/6115 2387/3244/5949 2457/3287/6025
f 2450/3323/6116 2445/3326/6117 2478/3336/6118
f 2448/3328/6119 2451/3332/6120 2456/3337/6121
f 2424/3280/6122 2391/3243/6123 2474/3334/6124
f 2396/3286/6062 2475/3338/6125 2453/3312/6060
f 2396/3286/6126 2426/3297/6127 2475/3338/6128
f 2427/3339/5939 2422/3340/5961 2454/3341/6129
f 2399/3257/6130 2441/3313/6131 2423/3273/6132
f 2451/3332/6133 2370/3329/6134 2449/3330/6135
f 2484/3342/6136 2446/3343/6137 2444/3324/6138
f 2472/3344/6139 2447/3325/6139 2448/3328/6139
f 2472/3344/6140 2448/3328/6141 2456/3337/6142
f 2476/3345/6143 2397/3245/6102 2394/3296/6104
f 2398/3249/6054 2465/3309/6053 2374/3247/6144
f 2458/3346/6145 2407/3306/5981 2452/3307/6050
f 2428/3283/6146 2418/3272/6147 2470/3347/6148
f 2417/3261/6149 2431/3277/6150 2477/3348/6151
f 2449/3349/6152 2446/3343/6153 2455/3350/6154
f 2446/3343/6137 2484/3342/6136 2455/3350/6155
f 2445/3326/6156 2447/3325/6156 2478/3336/6156
f 2461/3351/6157 2460/3352/6158 2462/3353/6159
f 2460/3352/6158 2421/3285/6021 2462/3353/6159
f 2462/3353/6159 2421/3285/6021 2424/3280/6013
f 2395/3248/6061 2453/3312/6060 2394/3296/6160
f 2487/3354/6161 2465/3309/6115 2457/3287/6025
f 2439/3355/6162 2419/3298/6163 2459/3333/6164
f 2466/3356/6165 2455/3350/6165 2484/3342/6165
f 2472/3344/6140 2456/3337/6142 2467/3357/6166
f 2460/3352/6167 2461/3351/6168 2469/3358/6169
f 2469/3358/6169 2461/3359/6170 2424/3280/6122
f 2461/3359/6171 2462/3353/6159 2424/3280/6013
f 2417/3261/6149 2477/3348/6151 2420/3279/6172
f 2431/3311/6173 2451/3332/6133 2449/3330/6135
f 2471/3360/6174 2444/3324/6099 2450/3323/6098
f 2478/3336/6175 2447/3325/6175 2472/3344/6175
f 2451/3332/6120 2432/3301/6176 2468/3361/6177
f 2468/3362/6177 2432/3302/6176 2460/3352/6158
f 2432/3302/6176 2421/3285/6021 2460/3352/6158
f 2460/3352/6167 2469/3358/6169 2473/3363/6178
f 2469/3358/6169 2424/3280/6122 2473/3363/6178
f 2473/3363/6178 2424/3280/6122 2474/3334/6124
f 2474/3334/6111 2397/3245/6110 2476/3345/6179
f 2465/3309/6053 2464/3335/6180 2374/3247/6144
f 2452/3364/6066 2428/3365/6018 2495/3366/6181
f 2423/3273/6132 2441/3313/6131 2425/3284/6182
f 2441/3313/6183 2429/3278/6184 2430/3288/6185
f 2438/3310/6057 2420/3279/6056 2477/3348/6186
f 2477/3367/6187 2431/3311/6187 2449/3330/6187
f 2426/3297/6113 2464/3335/6112 2480/3368/6188
f 2454/3369/6189 2422/3281/6017 2458/3270/5994
f 2459/3333/6107 2440/3300/6106 2438/3370/6190
f 2449/3349/6152 2455/3350/6154 2477/3371/6191
f 2484/3342/6192 2444/3324/6192 2471/3360/6192
f 2456/3337/6121 2451/3332/6120 2468/3361/6177
f 2418/3272/6147 2425/3284/6193 2470/3347/6148
f 2394/3296/6194 2453/3312/6195 2463/3372/6196
f 2453/3312/6060 2475/3338/6125 2479/3373/6197
f 2475/3338/6125 2485/3374/6198 2479/3373/6197
f 2505/3375/6199 2475/3338/6128 2426/3297/6127
f 2505/3375/6200 2426/3297/6200 2480/3368/6200
f 2428/3376/6201 2470/3377/6201 2483/3378/6201
f 2430/3379/6202 2439/3355/6202 2481/3380/6202
f 2471/3360/6203 2450/3323/6116 2478/3336/6118
f 2482/3381/6204 2468/3362/6205 2460/3352/6167
f 2460/3352/6167 2473/3363/6178 2482/3381/6204
f 2476/3345/6206 2394/3296/6194 2463/3372/6196
f 2441/3382/6183 2430/3379/6185 2481/3380/6207
f 2463/3372/6196 2453/3312/6195 2479/3373/6208
f 2464/3335/6209 2465/3309/6115 2487/3354/6161
f 2500/3383/6210 2452/3364/6066 2495/3366/6181
f 2470/3377/6211 2486/3384/6212 2490/3385/6213
f 2470/3377/6211 2425/3386/6214 2486/3384/6212
f 2425/3386/6182 2441/3382/6131 2486/3384/6215
f 2438/3370/6216 2477/3387/6216 2492/3388/6216
f 2467/3357/6217 2478/3336/6217 2472/3344/6217
f 2467/3357/6166 2456/3337/6142 2482/3389/6218
f 2456/3337/6142 2468/3361/6219 2482/3389/6218
f 2475/3338/6125 2493/3390/6220 2485/3374/6198
f 2487/3354/6221 2457/3287/6063 2494/3391/6222
f 2390/3238/5956 2392/3240/5955 2522/3392/6223
f 2463/3372/6196 2479/3373/6208 2491/3393/6224
f 2480/3368/6225 2489/3394/6225 2505/3375/6225
f 2392/3240/6037 2393/3395/5948 2522/3392/6226
f 2522/3392/6227 2393/3395/5948 2427/3396/5959
f 2500/3383/6228 2458/3397/6145 2452/3364/6050
f 2486/3384/6229 2441/3382/6229 2481/3380/6229
f 2484/3342/6230 2471/3360/6230 2466/3356/6230
f 2471/3360/6231 2478/3336/6231 2507/3398/6231
f 2489/3394/6232 2480/3368/6232 2464/3335/6232
f 2457/3287/6063 2390/3238/6065 2494/3391/6222
f 2495/3366/6181 2428/3365/6018 2483/3399/6233
f 2512/3400/6234 2483/3378/6234 2470/3377/6234
f 2439/3355/6162 2459/3333/6164 2497/3401/6235
f 2459/3333/6107 2438/3370/6190 2492/3388/6236
f 2477/3371/6237 2455/3350/6237 2492/3402/6237
f 2454/3341/6238 2458/3397/6145 2500/3383/6228
f 2481/3380/6239 2439/3355/6240 2504/3403/6241
f 2502/3404/6242 1868/3405/6243 2497/3406/6244
f 2498/3407/6245 2467/3357/6246 2482/3389/6247
f 2488/3408/6248 2463/3372/6249 2491/3393/6250
f 2499/3409/6251 2485/3374/6198 2493/3390/6220
f 2500/3383/6252 2427/3339/5939 2454/3341/6129
f 2504/3403/6253 2439/3355/6253 2497/3401/6253
f 2507/3398/6254 2466/3356/6254 2471/3360/6254
f 2507/3398/6255 2478/3336/6256 2467/3357/6257
f 2497/3401/6258 2459/3333/6258 2492/3388/6258
f 2474/3334/6111 2476/3345/6179 2503/3410/6259
f 2493/3390/6260 2516/3411/6260 2499/3409/6260
f 2522/3412/6227 2427/3339/5959 2500/3383/6210
f 2506/3413/6261 2495/3366/6181 2483/3399/6233
f 2490/3385/6262 2486/3384/6263 2504/3403/6241
f 2504/3403/6241 2486/3384/6263 2481/3380/6239
f 2492/3402/6264 2455/3350/6265 2466/3356/6266
f 2498/3407/6245 2482/3389/6247 2514/3414/6267
f 2475/3338/6128 2505/3375/6199 2493/3390/6268
f 3743/3415/6269 2487/3354/6221 2494/3391/6222
f 2494/3391/6270 2390/3238/5956 2522/3392/6223
f 2498/3416/6271 2359/3417/6272 2507/3418/6273
f 2359/3198/6274 2343/3180/6274 2518/3215/6274
f 2518/3215/5916 2323/3150/5918 2363/3206/6275
f 2356/3209/6276 2352/3194/6276 2508/3419/6276
f 2352/3194/6277 2364/3204/6278 2508/3419/6279
f 2348/3182/6280 2349/3166/6280 2513/3212/6280
f 2527/3420/6281 2369/3203/6282 2353/3200/6283
f 2291/3107/6284 2361/3177/6285 2353/3200/6286
f 2482/3381/6247 2473/3363/6287 2514/3421/6267
f 2501/3422/6288 2488/3408/6289 2491/3393/6290
f 2479/3373/6208 2485/3374/6291 2510/3423/6292
f 2493/3390/6268 2505/3375/6199 2517/3424/6293
f 2464/3335/6209 2487/3354/6161 3549/3425/6294
f 2512/3400/6295 2470/3377/6295 2490/3385/6295
f 2504/3426/6296 2497/3427/6297 1868/3428/6298
f 2492/3402/6264 2466/3356/6266 2507/3398/6299
f 2467/3357/6257 2498/3407/6300 2507/3398/6255
f 2339/3174/5910 2346/3187/6301 2366/3211/5911
f 2351/3190/6302 2335/3160/5829 2520/3214/5919
f 2522/3412/6227 2500/3383/6210 2506/3413/6303
f 2363/3208/6304 2356/3209/6304 2508/3419/6304
f 2508/3419/6279 2364/3204/6278 2367/3210/5909
f 2364/3204/6278 2365/3207/5883 2367/3210/5909
f 2367/3210/6305 2357/3201/5891 2530/3197/5893
f 2513/3212/6306 2340/3175/6307 2369/3203/6308
f 2345/3188/6309 2355/3186/6310 2523/3429/6311
f 2359/3417/6312 2498/3416/6313 2514/3430/6314
f 2473/3363/6315 2474/3334/6316 2503/3410/6317
f 2501/3422/6288 2491/3393/6290 3994/3431/6318
f 3174/3432/6319 2521/3433/6320 2485/3434/6291
f 3743/3415/6321 2494/3391/6270 4218/3435/6322
f 2500/3383/6210 2495/3366/6181 2506/3413/6303
f 3523/3436/6323 2987/3437/6324 2543/3438/6325
f 2543/3438/6326 2987/3437/6327 2502/3404/6328
f 2528/3439/6329 2359/3417/6312 2514/3430/6314
f 2514/3421/6330 2473/3363/6315 2503/3410/6317
f 2510/3440/6292 2485/3434/6291 2521/3433/6320
f 1952/2637/6331 1950/2636/6332 3554/3441/6333
f 1950/2636/6334 2499/3409/6335 3931/3442/6336
f 3549/3425/6337 2487/3354/6338 3849/3443/6339
f 3849/3443/6340 2487/3354/6221 3743/3415/6269
f 4218/3435/6322 2494/3391/6270 2522/3392/6223
f 2490/3385/6341 2504/3403/6342 2526/3444/6343
f 2502/3404/6242 2497/3406/6244 2529/3445/6344
f 2497/3406/6244 2492/3446/6345 2529/3445/6344
f 2492/3446/6345 2507/3418/6346 2529/3445/6344
f 2507/3418/6273 2359/3417/6272 2518/3447/6347
f 2358/3202/6348 2366/3211/6348 2538/3448/6348
f 2531/3449/6349 2366/3211/5911 2346/3187/6301
f 2346/3169/6350 2348/3182/6351 2531/3450/6352
f 2348/3182/6351 2513/3212/6353 2531/3450/6352
f 2528/3451/6354 2355/3186/6354 2359/3198/6354
f 2463/3372/6196 2524/3452/6355 2476/3345/6206
f 2539/3453/6356 2369/3203/6282 2527/3420/6281
f 2353/3200/6286 2361/3177/6285 2527/3420/6357
f 2527/3420/6357 2509/3213/6358 2519/3454/6359
f 2552/3455/6360 2519/3454/6361 2509/3213/6362
f 2463/3372/6249 2488/3408/6248 2534/3456/6363
f 2537/3457/6364 2513/3212/6306 2369/3203/6308
f 2361/3177/6285 2509/3213/6358 2527/3420/6357
f 2540/3458/6365 2509/3213/6365 2344/3189/6365
f 2355/3186/6366 2528/3451/6366 2523/3429/6366
f 2476/3345/6367 2524/3452/6368 2503/3410/6369
f 2524/3452/6370 2463/3372/6249 2534/3456/6363
f 2501/3422/6371 3909/3459/6372 2532/3460/6373
f 2507/3418/6374 2518/3447/6375 2535/3461/6376
f 2536/3462/6377 2363/3208/6378 2508/3419/6379
f 2530/3197/6380 2360/3183/6381 2533/3463/6382
f 2520/3214/6383 2345/3188/6309 2523/3429/6311
f 2518/3447/6375 2363/3208/6384 2535/3461/6376
f 2536/3462/6385 2535/3461/6376 2363/3208/6384
f 2533/3463/6382 2360/3183/6381 2548/3464/6386
f 2537/3457/6387 2531/3450/6387 2513/3212/6387
f 2537/3457/6388 2369/3203/6388 2539/3453/6388
f 2552/3455/6360 2509/3213/6362 2540/3458/6389
f 2540/3458/6390 2344/3189/5875 2520/3214/5915
f 2501/3422/6288 2532/3460/6391 2488/3408/6289
f 2536/3462/6377 2508/3419/6379 2367/3210/6392
f 2548/3464/6386 2360/3183/6381 2368/3205/6393
f 2366/3211/6394 2531/3449/6394 2538/3448/6394
f 2528/3439/6395 2514/3430/6396 2503/3465/6397
f 2507/3418/6346 2535/3461/6398 2529/3445/6344
f 2367/3210/6399 2530/3197/6400 2536/3462/6401
f 2488/3408/6289 2532/3460/6391 2534/3456/6402
f 2535/3461/6376 2536/3462/6385 2546/3466/6403
f 2536/3462/6401 2530/3197/6400 2533/3463/6404
f 2550/3467/6405 2531/3450/6405 2537/3457/6405
f 2527/3420/6357 2519/3454/6359 2545/3468/6406
f 2542/3469/6407 2519/3454/6361 2552/3455/6360
f 2560/3470/6408 2528/3439/6395 2503/3465/6397
f 2529/3445/6409 2535/3461/6410 2544/3471/6411
f 2539/3453/6412 2527/3420/6413 2545/3468/6414
f 2552/3455/6415 2540/3458/6415 2547/3472/6415
f 2523/3429/6416 2540/3458/6417 2520/3214/6418
f 2503/3410/6369 2524/3452/6368 2560/3473/6419
f 2502/3404/6328 2529/3445/6409 2543/3438/6326
f 2538/3448/6420 2531/3449/6421 2549/3474/6422
f 2549/3475/6422 2531/3450/6421 2550/3467/6423
f 2551/3476/6424 2537/3457/6424 2539/3453/6424
f 2539/3453/6412 2545/3468/6414 2555/3477/6425
f 2543/3438/6326 2529/3445/6409 2544/3471/6411
f 2546/3466/6426 2536/3462/6427 2533/3463/6382
f 2537/3457/6428 2551/3476/6429 2550/3467/6430
f 2551/3476/6431 2539/3453/6431 2554/3478/6431
f 2562/3479/6432 2524/3452/6370 2534/3456/6363
f 2554/3478/6433 2539/3453/6433 2555/3477/6433
f 2519/3454/6434 2542/3469/6435 2545/3468/6436
f 2557/3480/6437 3909/3481/6438 3523/3436/6439
f 2535/3461/6410 2546/3466/6440 2544/3471/6411
f 2545/3468/6436 2542/3469/6435 2563/3482/6441
f 2564/3483/6442 2538/3448/6442 2549/3474/6442
f 2567/3484/6443 2542/3469/6444 2552/3455/6445
f 2547/3472/6446 2540/3458/6417 2523/3429/6416
f 3523/3436/6323 2543/3438/6325 2557/3480/6447
f 2546/3466/6426 2533/3463/6382 2561/3485/6448
f 2533/3463/6382 2548/3464/6386 2561/3485/6448
f 2549/3486/6449 2569/3487/6450 2564/3488/6451
f 2551/3476/6452 2554/3478/6452 2559/3489/6452
f 2523/3429/6453 2528/3451/6453 2560/3490/6453
f 2358/3202/6454 2556/3491/6455 2368/3205/6456
f 2358/3202/6457 2538/3448/6457 2556/3491/6457
f 2549/3486/6458 2550/3492/6459 2558/3493/6460
f 2552/3455/6445 2547/3472/6461 2567/3484/6443
f 2567/3484/6462 2547/3472/6462 2568/3494/6462
f 2562/3479/6432 2534/3456/6363 2571/3495/6463
f 2557/3480/6447 2543/3438/6325 2544/3471/6464
f 2558/3496/6465 2550/3467/6430 2551/3476/6429
f 2565/3497/6466 2545/3468/6466 2563/3482/6466
f 2562/3479/6467 2560/3473/6419 2524/3452/6368
f 2532/3498/6468 3909/3481/6438 2557/3480/6437
f 2556/3491/6469 2538/3448/6470 2564/3483/6471
f 2555/3477/6472 2545/3468/6472 2565/3497/6472
f 2563/3482/6473 2542/3469/6474 2572/3499/6475
f 2547/3472/6476 2523/3429/6476 2568/3494/6476
f 2549/3486/6458 2558/3493/6460 2569/3487/6477
f 2544/3471/6464 2566/3500/6478 2557/3480/6447
f 2544/3471/6464 2546/3466/6479 2566/3500/6478
f 2548/3464/6480 2368/3205/6456 2573/3501/6481
f 2572/3499/6475 2542/3469/6474 2567/3484/6482
f 2574/3502/6483 2523/3429/6483 2560/3490/6483
f 2532/3460/6391 2571/3495/6484 2534/3456/6402
f 2566/3500/6478 2546/3466/6479 2561/3485/6485
f 2574/3502/6486 2560/3490/6487 2562/3503/6488
f 2368/3205/6456 2556/3491/6455 2573/3501/6481
f 2554/3478/6489 2555/3477/6489 2565/3497/6489
f 2568/3494/6490 2523/3429/6490 2574/3502/6490
f 2564/3488/6451 2569/3487/6450 2722/3504/6491
f 2551/3476/6429 2559/3489/6492 2558/3496/6465
f 2565/3497/6493 2563/3482/6493 2572/3499/6493
f 2562/3503/6494 2718/3505/6495 2717/3506/6496
f 2585/3507/6497 2579/3508/6498 2578/3509/6499
f 2580/3510/6500 2579/3508/6501 2585/3507/6502
f 2579/3508/6501 2580/3510/6500 2586/3511/6503
f 2581/3512/6504 2577/3513/6505 2583/3514/6506
f 2589/3515/6507 2582/3516/6508 2594/3517/6509
f 2577/3513/6505 2578/3509/6510 2583/3514/6506
f 2576/3518/6511 2588/3519/6512 2587/3520/6513
f 2580/3510/6514 2587/3520/6515 2586/3511/6516
f 2588/3519/6517 2576/3518/6518 3916/3521/6519
f 2581/3512/6520 2583/3514/6521 2594/3522/6522
f 3916/3521/6523 2582/3516/6524 2593/3523/6525
f 2590/3524/6526 2578/3509/6499 2579/3508/6498
f 2587/3520/6515 2591/3525/6527 2586/3511/6516
f 2591/3525/6528 2587/3520/6529 2595/3526/6530
f 2587/3520/6513 2588/3519/6512 2595/3526/6531
f 2582/3516/6524 2589/3515/6532 2593/3523/6525
f 2578/3509/6510 2592/3527/6533 2583/3514/6506
f 2594/3522/6522 2583/3514/6521 2600/3528/6534
f 2588/3519/6517 3916/3521/6519 2593/3523/6535
f 2594/3522/6509 2596/3529/6536 2589/3530/6507
f 2596/3529/6536 2594/3522/6509 2600/3528/6537
f 2595/3526/6538 2588/3519/6517 2593/3523/6535
f 2598/3531/6539 2590/3524/6526 2579/3508/6498
f 2592/3527/6540 2578/3509/6541 2590/3524/6542
f 2598/3531/6543 2579/3508/6501 2586/3511/6503
f 2593/3532/6525 2589/3530/6532 2596/3529/6544
f 2600/3528/6534 2583/3514/6521 2592/3527/6545
f 2592/3527/6540 2590/3524/6542 2597/3533/6546
f 2591/3525/6528 2595/3526/6530 2599/3534/6547
f 2598/3531/6539 2597/3533/6548 2590/3524/6526
f 2599/3534/6549 2586/3511/6516 2591/3525/6527
f 2598/3531/6543 2586/3511/6503 2599/3534/6550
f 2605/3535/6551 2595/3536/6538 2593/3532/6535
f 2599/3537/6547 2595/3538/6530 2602/3539/6552
f 2595/3538/6553 2605/3540/6554 2602/3539/6555
f 2593/3532/6525 2596/3529/6544 2603/3541/6556
f 2596/3529/6536 2600/3528/6537 2604/3542/6557
f 2600/3528/6537 2601/3543/6558 2604/3542/6557
f 2600/3528/6534 2592/3527/6545 2601/3543/6559
f 2593/3532/6560 2603/3541/6561 2605/3535/6562
f 2592/3527/6563 2597/3533/6564 2601/3543/6565
f 2601/3544/6565 2597/3545/6564 2606/3546/6566
f 2597/3545/6567 2609/3547/6568 2606/3546/6569
f 2596/3529/6544 2604/3542/6570 2603/3541/6556
f 2597/3548/6548 2598/3549/6539 2609/3550/6571
f 2615/3551/6572 2609/3550/6571 2598/3549/6539
f 2611/3552/6573 2602/3539/6555 2605/3540/6554
f 2601/3544/6574 2606/3546/6575 2607/3553/6576
f 2615/3551/6577 2598/3549/6543 2599/3537/6550
f 2601/3544/6558 2607/3553/6578 2604/3554/6557
f 2611/3552/6579 2605/3540/6580 2610/3555/6581
f 2605/3540/6562 2603/3556/6561 2610/3555/6582
f 2607/3553/6578 2617/3557/6583 2604/3554/6557
f 2604/3558/6570 2613/3559/6584 2603/3556/6556
f 2615/3551/6572 2614/3560/6585 2609/3550/6571
f 2615/3551/6586 2599/3537/6587 2618/3561/6588
f 2618/3561/6589 2599/3537/6547 2602/3539/6552
f 2613/3562/6584 2604/3554/6570 2617/3557/6590
f 2626/3563/6591 2606/3546/6569 2609/3547/6568
f 2626/3564/6592 2609/3550/6593 2614/3560/6594
f 2625/3565/6595 2615/3551/6586 2618/3561/6588
f 2618/3561/6596 2602/3539/6597 2611/3552/6598
f 2603/3556/6561 2613/3559/6599 2610/3555/6582
f 2610/3555/6582 2613/3559/6599 2620/3566/6600
f 2624/3567/6601 2617/3557/6583 2607/3553/6578
f 2624/3567/6602 2607/3553/6603 2621/3568/6604
f 2630/3569/6605 2615/3551/6586 2625/3565/6595
f 2607/3553/6576 2606/3546/6575 2621/3568/6606
f 2606/3546/6607 2626/3563/6608 2621/3568/6609
f 2611/3552/6579 2610/3555/6581 2623/3570/6610
f 2610/3555/6582 2620/3566/6600 2623/3570/6611
f 2614/3560/6585 2615/3551/6572 2630/3569/6612
f 2625/3565/6613 2618/3561/6596 2628/3571/6614
f 2614/3560/6585 2630/3569/6612 2632/3572/6615
f 2628/3571/6614 2618/3561/6596 2611/3552/6598
f 2620/3573/6616 2613/3562/6584 2617/3557/6590
f 2628/3571/6617 2611/3552/6579 2623/3570/6610
f 2626/3564/6592 2614/3560/6594 2632/3572/6618
f 2621/3568/6604 2627/3574/6619 2624/3567/6602
f 2627/3574/6620 2621/3568/6609 2626/3563/6608
f 2629/3575/6621 2628/3571/6617 2623/3570/6610
f 2626/3576/6592 2632/3577/6618 2631/3578/6622
f 2629/3575/6623 2623/3570/6611 2620/3566/6600
f 2633/3579/6624 2625/3565/6613 2628/3571/6614
f 2620/3573/6616 2617/3557/6590 2639/3580/6625
f 2630/3569/6605 2625/3565/6595 2633/3579/6626
f 2626/3576/6608 2631/3578/6627 2627/3581/6620
f 2629/3582/6623 2620/3573/6600 2635/3583/6628
f 2620/3573/6616 2639/3580/6625 2635/3583/6629
f 2632/3572/6615 2630/3569/6612 2638/3584/6630
f 2631/3578/6622 2632/3577/6618 2634/3585/6631
f 2638/3584/6632 2630/3569/6605 2633/3579/6626
f 2617/3557/6583 2624/3567/6601 2637/3586/6633
f 2636/3587/6634 2631/3578/6627 2634/3585/6635
f 2632/3572/6615 2638/3584/6630 2643/3588/6636
f 2624/3567/6602 2627/3574/6619 2637/3586/6637
f 2638/3584/6638 2633/3579/6624 2640/3589/6639
f 2640/3589/6639 2633/3579/6624 2628/3571/6614
f 2631/3578/6627 2636/3587/6634 2627/3581/6620
f 2640/3589/6640 2628/3571/6617 2629/3575/6621
f 2632/3577/6618 2643/3590/6641 2634/3585/6631
f 2639/3580/6642 2617/3557/6583 2637/3586/6633
f 2627/3581/6619 2636/3587/6643 2637/3591/6637
f 2636/3592/6634 2634/3593/6635 2641/3594/6644
f 2652/3595/6645 2641/3594/6644 2634/3593/6635
f 2634/3596/6631 2643/3597/6641 2652/3598/6646
f 2644/3599/6647 2638/3584/6638 2640/3589/6639
f 2635/3583/6629 2639/3580/6625 2642/3600/6648
f 2638/3584/6630 2649/3601/6649 2643/3588/6636
f 2649/3601/6649 2638/3584/6630 2646/3602/6650
f 2645/3603/6651 2640/3604/6640 2629/3582/6621
f 2646/3602/6652 2638/3584/6638 2644/3599/6647
f 2644/3605/6653 2640/3604/6640 2645/3603/6651
f 2642/3600/6648 2639/3580/6625 2647/3606/6654
f 2657/3607/6655 2647/3606/6656 2639/3580/6657
f 2636/3592/6658 2641/3594/6659 2650/3608/6660
f 2641/3594/6659 2652/3595/6661 2650/3608/6660
f 2653/3609/6662 2644/3605/6653 2645/3603/6651
f 2635/3583/6628 2642/3600/6663 2629/3582/6623
f 2629/3582/6623 2642/3600/6663 2645/3603/6664
f 2657/3607/6665 2639/3580/6642 2637/3586/6633
f 2652/3598/6646 2643/3597/6641 2648/3610/6666
f 2654/3611/6667 2647/3606/6656 2657/3607/6655
f 2649/3601/6649 2646/3602/6650 2664/3612/6668
f 2653/3609/6669 2645/3603/6664 2642/3600/6663
f 2642/3600/6648 2647/3606/6654 2655/3613/6670
f 2637/3614/6637 2636/3592/6643 2650/3608/6671
f 2648/3615/6666 2643/3588/6641 2649/3601/6672
f 2637/3614/6637 2650/3608/6671 2657/3616/6673
f 2656/3617/6674 2646/3602/6652 2644/3599/6647
f 2646/3602/6652 2656/3617/6674 2664/3612/6675
f 2650/3608/6660 2652/3595/6661 2651/3618/6676
f 2648/3619/6677 2651/3620/6676 2652/3621/6661
f 2653/3609/6669 2642/3600/6663 2655/3613/6678
f 2654/3611/6679 2658/3622/6680 2647/3606/6681
f 2658/3622/6680 2654/3611/6679 2660/3623/6682
f 2659/3624/6683 2654/3611/6667 2657/3607/6655
f 2656/3625/6684 2644/3605/6653 2653/3609/6662
f 2657/3616/6673 2650/3608/6671 2659/3626/6685
f 2650/3608/6671 2651/3618/6686 2659/3626/6685
f 2662/3627/6687 2651/3620/6676 2648/3619/6677
f 2661/3628/6688 2656/3625/6684 2653/3609/6662
f 2660/3623/6689 2654/3611/6667 2659/3624/6683
f 2647/3606/6654 2658/3622/6690 2655/3613/6670
f 2648/3615/6666 2649/3601/6672 2666/3629/6691
f 2666/3630/6692 2649/3631/6649 2664/3632/6668
f 2668/3633/6693 2658/3622/6680 2660/3623/6682
f 2661/3628/6694 2653/3609/6669 2655/3613/6678
f 2655/3613/6678 2658/3622/6695 2661/3628/6694
f 2661/3628/6694 2658/3622/6695 2663/3634/6696
f 2665/3635/6697 2664/3632/6675 2656/3636/6674
f 2665/3635/6698 2656/3636/6684 2661/3637/6688
f 2667/3638/6699 2666/3630/6692 2664/3632/6668
f 2651/3620/6676 2662/3627/6687 2669/3639/6700
f 2648/3619/6701 2666/3630/6702 2662/3627/6703
f 2665/3635/6698 2661/3637/6688 2670/3640/6704
f 2661/3628/6694 2663/3634/6696 2670/3641/6705
f 2663/3634/6706 2658/3622/6707 2668/3633/6708
f 2673/3642/6709 2668/3633/6693 2660/3623/6682
f 2651/3618/6686 2669/3643/6710 2659/3626/6685
f 2672/3644/6711 2665/3635/6698 2670/3640/6704
f 2670/3641/6712 2663/3634/6706 2668/3633/6708
f 2662/3627/6687 2675/3645/6713 2669/3639/6700
f 2675/3645/6714 2662/3627/6703 2666/3630/6702
f 2667/3638/6715 2664/3632/6716 2671/3646/6717
f 2673/3642/6718 2660/3623/6689 2679/3647/6719
f 2659/3626/6685 2669/3643/6710 2679/3648/6720
f 2666/3630/6692 2667/3638/6699 2674/3649/6721
f 2664/3632/6675 2665/3635/6697 2671/3646/6722
f 2671/3650/6723 2665/3651/6724 2672/3652/6725
f 2679/3647/6719 2660/3623/6689 2659/3624/6683
f 2675/3645/6714 2666/3630/6702 2674/3649/6726
f 2670/3653/6712 2668/3654/6708 2680/3655/6727
f 2669/3639/6700 2675/3645/6713 2678/3656/6728
f 2677/3657/6729 2671/3650/6723 2672/3652/6725
f 2672/3658/6730 2670/3653/6731 2680/3655/6732
f 2669/3643/6710 2678/3659/6733 2679/3648/6720
f 2674/3649/6734 2667/3638/6715 2671/3646/6717
f 2675/3645/6714 2674/3649/6726 2682/3660/6735
f 2675/3645/6736 2682/3660/6737 2678/3656/6738
f 2685/3661/6739 2674/3662/6734 2671/3663/6717
f 2683/3664/6740 2671/3650/6723 2677/3657/6729
f 2680/3655/6727 2668/3654/6708 2687/3665/6741
f 2677/3666/6742 2672/3658/6730 2680/3655/6732
f 2685/3661/6743 2671/3663/6744 2683/3667/6745
f 2682/3668/6746 2674/3662/6747 2685/3661/6748
f 2687/3669/6749 2668/3633/6693 2673/3642/6709
f 2684/3670/6750 2679/3648/6720 2678/3659/6733
f 2678/3671/6738 2682/3668/6737 2691/3672/6751
f 2694/3673/6752 2677/3666/6742 2680/3655/6732
f 2693/3674/6753 2673/3642/6718 2679/3647/6719
f 2683/3664/6740 2677/3657/6729 2686/3675/6754
f 2679/3648/6755 2684/3670/6756 2693/3676/6757
f 2686/3677/6758 2677/3666/6742 2694/3673/6752
f 2684/3678/6759 2678/3671/6760 2688/3679/6761
f 2687/3669/6749 2673/3642/6709 2693/3674/6762
f 2688/3679/6763 2678/3671/6764 2691/3672/6765
f 2682/3668/6746 2685/3661/6748 2689/3680/6766
f 2694/3673/6767 2680/3655/6727 2687/3665/6741
f 2683/3664/6740 2686/3675/6754 2690/3681/6768
f 2691/3672/6751 2682/3668/6737 2689/3680/6769
f 2690/3682/6770 2685/3661/6743 2683/3667/6745
f 2703/3683/6771 2691/3672/6751 2689/3680/6769
f 2685/3661/6748 2690/3682/6772 2689/3680/6766
f 2691/3672/6765 2703/3683/6773 2688/3679/6763
f 2694/3673/6767 2687/3665/6741 2698/3684/6774
f 2686/3677/6758 2694/3673/6752 2696/3685/6775
f 2698/3686/6776 2687/3687/6749 2695/3688/6777
f 2695/3688/6777 2687/3687/6749 2693/3689/6762
f 2693/3676/6757 2684/3670/6756 2697/3690/6778
f 2684/3678/6759 2688/3679/6761 2697/3691/6779
f 2702/3692/6780 2686/3693/6758 2696/3694/6775
f 2696/3685/6781 2694/3673/6767 2698/3684/6774
f 2695/3688/6782 2693/3689/6757 2697/3695/6778
f 2708/3696/6783 2690/3682/6784 2701/3697/6785
f 2690/3681/6768 2686/3675/6754 2701/3698/6786
f 2689/3680/6766 2690/3682/6772 2708/3696/6787
f 2698/3686/6774 2700/3699/6788 2696/3694/6781
f 2703/3683/6771 2689/3680/6769 2704/3700/6789
f 2686/3693/6754 2702/3692/6790 2701/3701/6786
f 2704/3700/6791 2689/3680/6792 2708/3696/6793
f 2700/3699/6794 2698/3686/6776 2695/3688/6777
f 2696/3694/6781 2700/3699/6788 2575/3702/6795
f 2697/3691/6779 2688/3679/6761 2710/3703/6796
f 2688/3679/6763 2703/3683/6773 2710/3703/6797
f 2702/3692/6780 2696/3694/6775 2575/3702/6798
f 2713/3704/6799 2702/3692/6780 2575/3702/6798
f 2697/3691/6779 2710/3703/6796 2715/3705/6800
f 2703/3683/6771 2704/3700/6789 2710/3703/6801
f 2707/3706/6802 2701/3701/6786 2702/3692/6790
f 2709/3707/6803 2695/3688/6782 2697/3695/6778
f 2702/3692/6804 2713/3704/6805 2707/3706/6806
f 2697/3695/6807 2715/3708/6808 2709/3707/6809
f 2700/3699/6794 2695/3688/6777 2716/3709/6810
f 2716/3709/6811 2695/3688/6782 2709/3707/6803
f 2713/3710/6799 2575/3711/6798 2711/3712/6812
f 2711/3712/6813 2575/3711/6795 2700/3713/6788
f 2721/3714/6814 2708/3696/6783 2701/3697/6785
f 2701/3715/6815 2707/3716/6816 2721/3717/6817
f 2709/3718/6809 2715/3705/6808 2712/3719/6818
f 2710/3703/6801 2704/3700/6789 2714/3720/6819
f 2704/3700/6791 2708/3696/6793 2714/3720/6820
f 2711/3712/6813 2700/3713/6788 2726/3721/6821
f 2713/3710/6799 2711/3712/6812 2717/3722/6822
f 2726/3721/6823 2700/3713/6794 2716/3723/6810
f 2710/3703/6796 2720/3724/6824 2715/3705/6800
f 2720/3724/6825 2710/3703/6801 2714/3720/6819
f 2708/3696/6793 2721/3714/6826 2714/3720/6820
f 2709/3718/6809 2712/3719/6818 2729/3725/6827
f 2713/3710/6805 2717/3722/6828 2718/3726/6829
f 2532/3498/6468 2557/3480/6437 2719/3727/6830
f 2561/3485/6831 2548/3464/6480 2566/3500/6832
f 2707/3716/6806 2713/3710/6805 2718/3726/6829
f 2559/3489/6833 2554/3478/6833 2725/3728/6833
f 2727/3729/6834 2715/3705/6834 2720/3724/6834
f 2566/3500/6832 2548/3464/6480 2573/3501/6481
f 2717/3722/6835 2711/3712/6813 2726/3721/6821
f 2727/3729/6836 2712/3719/6837 2715/3705/6838
f 2718/3505/6495 2562/3503/6494 2571/3730/6839
f 2571/3731/6484 2532/3498/6391 2719/3727/6840
f 2557/3480/6437 2566/3500/6841 2719/3727/6830
f 2558/3496/6465 2559/3489/6492 2724/3732/6842
f 2565/3497/6843 2572/3499/6843 2725/3728/6843
f 2567/3484/6844 2568/3494/6845 2574/3502/6846
f 2723/3733/6847 2569/3487/6477 2733/3734/6848
f 2554/3478/6849 2565/3497/6849 2725/3728/6849
f 2726/3735/6823 2716/3736/6810 2735/3737/6850
f 2716/3738/6811 2709/3718/6803 2729/3725/6851
f 2569/3487/6477 2558/3493/6460 2733/3734/6848
f 2572/3499/6852 2567/3484/6853 2728/3739/6854
f 2721/3717/6817 2707/3716/6816 2734/3740/6855
f 2558/3493/6856 2724/3741/6857 2733/3734/6858
f 2562/3503/6488 2717/3506/6859 2574/3502/6486
f 2574/3502/6486 2717/3506/6859 2726/3735/6860
f 2733/3734/6858 2724/3741/6857 2731/3742/6861
f 2728/3739/6862 2567/3484/6844 2574/3502/6846
f 2735/3743/6863 2716/3738/6811 2729/3725/6851
f 2714/3720/6820 2721/3714/6826 2720/3724/6864
f 2707/3716/6816 2718/3726/6865 2734/3740/6855
f 2719/3727/6830 2566/3500/6841 2573/3501/6866
f 2559/3489/6867 2725/3728/6867 2724/3732/6867
f 2732/3744/6868 2572/3499/6852 2728/3739/6854
f 2720/3724/6864 2721/3714/6826 2734/3745/6869
f 2556/3491/6469 2564/3483/6471 2730/3746/6870
f 2722/3504/6491 2569/3487/6450 2723/3733/6871
f 2728/3739/6872 2574/3502/6873 2726/3735/6874
f 2734/3747/6875 2571/3731/6876 2719/3727/6877
f 2564/3488/6878 2722/3504/6879 2742/3748/6880
f 2718/3726/6881 2571/3749/6876 2734/3740/6875
f 2573/3501/6481 2556/3491/6455 2730/3746/6882
f 2732/3750/6883 2731/3742/6884 2724/3741/6885
f 2724/3732/6886 2725/3728/6886 2732/3744/6886
f 2725/3728/6887 2572/3499/6887 2732/3744/6887
f 2729/3725/6888 2712/3719/6837 2727/3729/6836
f 2719/3727/6830 2573/3501/6866 2730/3746/6889
f 2730/3751/6890 2564/3488/6891 2742/3748/6892
f 2726/3735/6874 2735/3737/6893 2728/3739/6872
f 2734/3747/6869 2719/3727/6830 2730/3746/6889
f 2723/3733/6847 2733/3734/6848 2736/3752/6894
f 2729/3753/6895 2727/3754/6895 1948/3755/6896
f 2731/3742/6884 2732/3750/6883 2738/3756/6897
f 2732/3750/6898 2728/3757/6872 2738/3756/6899
f 2735/3758/6900 2729/3753/6901 2741/3759/6902
f 2741/3759/6902 2729/3753/6901 2743/3760/6903
f 2722/3504/6491 2723/3733/6871 2736/3752/6904
f 2728/3757/6872 2735/3761/6893 2741/3762/6905
f 2743/3760/6906 2729/3753/6895 1948/3755/6896
f 2730/3751/6889 2737/3763/6907 2734/3764/6869
f 2734/3764/6869 2737/3763/6907 2744/3765/6908
f 2737/3763/6909 2730/3751/6890 2742/3748/6892
f 2727/3729/6910 2720/3724/6911 2744/3766/6912
f 2720/3724/6864 2734/3745/6869 2744/3766/6908
f 2746/3767/6913 2742/3748/6880 2722/3504/6879
f 2733/3734/6858 2731/3742/6861 2745/3768/6914
f 1948/3755/6915 2727/3754/6910 2744/3769/6912
f 2722/3504/6879 2736/3752/6916 2746/3767/6913
f 2747/3770/6917 2731/3742/6884 2738/3756/6897
f 2736/3752/6894 2733/3734/6848 2745/3768/6918
f 2745/3768/6914 2731/3742/6861 2747/3770/6919
f 2764/3771/6920 1948/3755/6915 2744/3769/6912
f 2741/3762/6905 2738/3756/6899 2728/3757/6872
f 2742/3748/6892 2746/3767/6921 2737/3763/6909
f 2741/3759/6902 2743/3760/6903 2797/3772/6922
f 2192/3773/6923 2738/3756/6899 2741/3762/6905
f 2193/3774/6924 2747/3770/6917 2738/3756/6897
f 2754/2933/6925 2147/2916/5343 2161/2898/5345
f 2186/2926/5330 2107/2815/5332 2755/2951/6926
f 2131/2877/5278 2187/3775/6927 2151/2900/5276
f 2187/3775/6927 2131/2877/5278 2190/3776/6928
f 2749/3777/6929 2169/2919/6929 2152/2893/6929
f 2750/2950/6930 2153/2901/6931 2191/3778/6932
f 2115/2860/6933 2133/2880/6934 2763/2952/6935
f 2133/2880/6934 2175/2907/6936 2192/3779/6937
f 2193/2953/6938 2180/2920/5395 2748/3780/6939
f 2117/2848/6940 2138/2885/6941 2752/3781/6942
f 2100/3782/6943 2132/3783/6943 2773/3784/6943
f 2773/3784/6944 2132/3783/6944 2157/3785/6944
f 2188/2949/6945 2169/2919/6946 2749/3777/6947
f 2745/3768/6948 2747/3770/6948 2748/3786/6948
f 2193/3774/6949 2748/3786/6949 2747/3770/6949
f 2180/2955/5395 2139/2939/5406 2748/3787/6939
f 2768/2942/5364 2162/2918/5366 2751/3788/6950
f 2120/2853/6951 2163/2915/6951 2758/2944/6951
f 2163/2915/6952 2188/2949/6952 2758/2944/6952
f 2749/3777/6953 2152/2893/6954 2750/2950/6955
f 2193/3774/6956 2738/3756/6899 2192/3773/6923
f 2826/3789/6957 2744/3765/6908 2737/3763/6907
f 2139/2939/5406 2176/2938/5409 2748/3787/6939
f 2159/2945/6958 2754/2933/6959 2776/3790/6960
f 2173/2935/5351 2137/2875/5350 2755/2951/6961
f 2137/2875/5350 2186/2926/6962 2755/2951/6961
f 2130/2927/6963 2151/2900/6964 2187/3775/6927
f 2131/2877/5239 2117/2848/5238 2190/3776/6965
f 2100/3782/5226 2773/3784/6966 2762/3791/6967
f 2753/3792/6968 2178/2948/5390 2757/3793/6969
f 2191/3778/6970 2153/2901/5402 2763/2952/5404
f 2138/3794/5368 2100/3782/5226 2762/3791/6967
f 2133/2880/6934 2192/3779/6937 2763/2952/6935
f 2192/3779/6971 2175/2907/6971 2193/2953/6971
f 2745/3768/6972 2748/3786/6973 2810/3795/6974
f 2748/3787/6939 2176/2938/5409 2184/2956/5408
f 2129/2869/6975 2185/2912/6976 2765/3796/6977
f 2183/2947/5383 2172/2946/5382 2766/3797/6978
f 2761/3798/6979 2173/2935/6980 2755/2951/6981
f 2158/2879/5308 2178/2948/5401 2753/3792/6982
f 2771/3799/6983 2753/3792/6968 2757/3793/6969
f 2178/2948/5390 2758/2944/5392 2757/3793/6969
f 2188/2949/6945 2749/3777/6947 2760/3800/6984
f 2749/3777/6953 2750/2950/6955 2772/3801/6985
f 2746/3767/6913 2736/3752/6916 2769/3802/6986
f 2748/3803/6987 2184/2963/5420 2804/3804/6988
f 2756/2913/5314 2183/2947/5399 2805/3805/6989
f 2766/3797/6990 2172/2946/5386 2768/2942/5388
f 2770/3806/6991 2130/2927/6963 2187/3775/6927
f 2117/2848/6992 2752/3781/6993 2190/3776/6994
f 2753/3792/6995 2771/3799/6995 2778/3807/6995
f 2188/2949/6996 2760/3800/6997 2759/3808/6998
f 2836/3809/6999 2764/3771/6920 2744/3769/6912
f 2836/3809/7000 2744/3769/6908 2826/3810/6957
f 2776/3790/6960 2754/2933/6959 2783/3811/7001
f 2185/2912/7002 2756/2913/7003 2788/3812/7004
f 2750/2950/6930 2191/3778/6932 2774/3813/7005
f 2192/3814/6923 2741/3759/6905 2797/3772/7006
f 2743/3760/6906 1948/3755/6896 2801/3815/7007
f 2769/3802/6986 2736/3752/6916 2775/3816/7008
f 2736/3752/6894 2745/3768/6918 2775/3816/7009
f 2775/3816/7009 2745/3768/6918 2810/3795/7010
f 2184/2963/5420 2159/2945/5419 2776/3790/7011
f 2185/2912/6976 2788/3812/7012 2765/3796/6977
f 2774/3813/7013 2191/3778/6970 2763/2952/5404
f 2801/3815/7014 1948/3755/7015 2764/3771/7016
f 2804/3804/6988 2184/2963/5420 2776/3790/7011
f 2161/2898/5274 2129/2869/5273 2777/3817/7017
f 2777/3817/7018 2129/2869/7019 2765/3796/7020
f 2770/3818/6991 2187/3819/6927 1947/3820/7021
f 2752/3821/6942 2138/3794/6941 2780/3822/7022
f 2760/3800/7023 2749/3777/7024 2772/3801/7025
f 2786/3823/7026 2763/2952/7026 2192/3779/7026
f 2130/2927/7027 2770/3806/7028 2755/3824/7029
f 2190/3776/6994 2752/3781/6993 2811/3825/7030
f 2158/2879/5308 2753/3792/6982 2781/3826/7031
f 2781/3826/7032 2753/3792/7032 2778/3807/7032
f 2778/3807/7033 2771/3799/7033 2782/3827/7033
f 2758/2944/7034 2188/2949/7034 2759/3808/7034
f 2750/2950/7035 2774/3813/7036 2772/3801/7037
f 2787/3828/7038 2743/3760/6906 2801/3815/7007
f 2737/3763/6909 2746/3767/6921 2826/3789/7039
f 2783/3811/7040 2754/2933/7040 2161/2898/7040
f 2788/3812/7004 2756/2913/7003 2805/3805/7041
f 2138/3794/5368 2762/3791/6967 2780/3822/7042
f 2157/2914/5305 2158/2879/5307 2781/3826/7043
f 2757/3793/7044 2758/2944/7044 2759/3808/7044
f 2759/3808/6998 2760/3800/6997 2779/3829/7045
f 2774/3813/7046 2763/2952/7046 2786/3823/7046
f 2764/3771/6920 2836/3809/6999 2809/3830/7047
f 2785/3831/7048 2755/2951/7029 2770/3832/7028
f 2752/3821/7049 2780/3822/7049 2811/3833/7049
f 2773/3784/7050 2157/3785/7051 2807/3834/7052
f 2743/3760/6903 2787/3828/7053 2797/3772/6922
f 2810/3835/6974 2748/3803/6973 2804/3804/7054
f 2765/3796/6977 2788/3812/7012 2832/3836/7055
f 2785/3837/7048 2770/3818/7028 1947/3820/7056
f 2792/3838/7057 2790/3839/7057 2789/3840/7057
f 2790/3839/7058 2792/3838/7058 2791/3841/7058
f 2789/3840/7059 2790/3839/7060 1947/3842/7021
f 2823/3843/7061 2190/3844/7062 2811/3845/7063
f 2794/3846/7064 2793/3847/7064 2796/3848/7064
f 2794/3846/7065 2796/3848/7065 2799/3849/7065
f 2812/3850/7066 2786/3851/7067 2797/3772/7006
f 2786/3851/7067 2192/3814/6923 2797/3772/7006
f 2821/3852/7068 2768/2942/5364 2751/3788/6950
f 2173/2935/7069 2761/3798/6979 2803/3853/7070
f 2771/3799/7071 2757/3793/7072 2782/3827/7073
f 2804/3804/7074 2776/3790/7074 2783/3811/7074
f 2162/2918/7075 2173/2935/7069 2803/3853/7070
f 2789/3840/7059 1947/3842/7021 2187/3854/6927
f 2762/3791/6967 2773/3784/6966 2793/3847/7076
f 2796/3848/7077 2793/3847/7078 2773/3784/7050
f 2778/3807/7079 2782/3827/7079 2800/3855/7079
f 2808/3856/7080 2759/3808/6998 2779/3829/7045
f 2760/3800/7023 2772/3801/7025 2838/3857/7081
f 2812/3858/7082 2772/3801/7037 2774/3813/7036
f 2183/2947/5383 2766/3797/6978 2813/3859/7083
f 2844/3860/7084 2768/2942/5364 2821/3852/7068
f 2761/3798/6979 2755/2951/6981 2785/3831/7085
f 2785/3837/7086 1947/3820/7087 2791/3861/7088
f 1947/3842/7087 2790/3839/7089 2791/3841/7088
f 2789/3840/7059 2187/3854/6927 2190/3844/6928
f 2793/3847/7090 2794/3846/7090 2819/3862/7090
f 2795/3863/7091 2794/3846/7091 2799/3849/7091
f 2799/3849/7092 2796/3848/7092 2806/3864/7092
f 2807/3865/7093 2157/2914/5305 2781/3826/7043
f 2779/3829/7094 2760/3800/7094 2838/3857/7094
f 2787/3828/7038 2801/3815/7007 2835/3866/7095
f 2801/3815/7014 2764/3771/7016 2809/3830/7096
f 2766/3797/6990 2768/2942/5388 2844/3860/7097
f 2751/3788/7098 2162/2918/7098 2803/3853/7098
f 2794/3846/7099 2795/3863/7100 2819/3862/7101
f 2778/3807/7102 2800/3855/7102 2831/3867/7102
f 2757/3793/7072 2808/3856/7103 2782/3827/7073
f 2774/3868/7104 2786/3851/7067 2812/3850/7066
f 2805/3805/6989 2183/2947/5399 2813/3859/7105
f 2844/3860/7084 2821/3852/7068 2820/3869/7106
f 2796/3848/7077 2773/3784/7050 2807/3834/7052
f 2757/3793/7107 2759/3808/7107 2808/3856/7107
f 2772/3801/7108 2812/3858/7108 2838/3857/7108
f 2816/3870/7109 2812/3850/7066 2797/3772/7006
f 2787/3828/7038 2835/3866/7095 2816/3870/7110
f 2783/3811/7111 2161/2898/7111 2817/3871/7111
f 2817/3871/7112 2161/2898/5274 2777/3817/7017
f 2813/3859/7083 2766/3797/6978 2814/3872/7113
f 2821/3852/7114 2751/3788/7115 2803/3853/7116
f 2791/3861/7117 2792/3873/7118 2761/3874/6979
f 2782/3827/7073 2808/3856/7103 2815/3875/7119
f 2769/3802/6986 2827/3876/7120 2746/3767/6913
f 2804/3804/7054 2783/3811/7121 2817/3871/7122
f 2788/3812/7012 2818/3877/7123 2832/3836/7055
f 2788/3812/7004 2805/3805/7041 2850/3878/7124
f 2766/3797/6990 2844/3860/7097 2814/3872/7125
f 2785/3837/7085 2791/3861/7117 2761/3874/6979
f 2789/3840/7126 2190/3844/7062 2823/3843/7061
f 2762/3791/6967 2793/3847/7127 2780/3822/7042
f 2780/3822/7042 2793/3847/7127 2819/3862/7128
f 2819/3862/7101 2795/3863/7100 2840/3879/7129
f 2781/3826/7130 2778/3807/7130 2831/3867/7130
f 2787/3828/7053 2816/3870/7131 2797/3772/6922
f 2777/3817/7018 2765/3796/7020 2832/3836/7132
f 2828/3880/7133 2829/3881/7133 2830/3882/7133
f 2829/3883/7134 2823/2634/7061 2830/3884/7135
f 2823/2634/7061 2811/3885/7063 2830/3884/7135
f 2796/3848/7136 2824/3886/7136 2806/3864/7136
f 2824/3886/7137 2796/3848/7137 2807/3834/7137
f 2801/3815/7014 2809/3830/7096 2835/3866/7138
f 2818/3877/7139 2788/3812/7004 2850/3878/7124
f 2792/3838/7140 2789/3840/7141 2822/3887/7142
f 2823/2634/7143 2829/3883/7143 1940/2630/7143
f 1940/2626/7144 2829/3888/7145 2833/3889/7146
f 2829/3888/7145 2828/3890/7147 2833/3889/7146
f 2833/3889/7148 2828/3891/7148 2834/3892/7148
f 2828/3880/7149 2830/3882/7149 2834/3893/7149
f 2804/3804/7054 2817/3871/7122 2810/3835/6974
f 2789/3840/7141 2823/3843/7150 2822/3887/7142
f 1940/2626/7144 2833/3889/7146 2830/3894/7151
f 2833/3889/7146 2834/3892/7152 2830/3894/7151
f 2746/3767/6921 2827/3876/7153 2826/3789/7039
f 2832/3836/7154 2818/3877/7154 2850/3878/7154
f 2761/3874/6979 2792/3873/7118 2803/3895/7070
f 2803/3895/7155 2792/3873/7155 2822/3896/7155
f 1941/2621/7156 1946/3897/7157 2858/2631/7158
f 2839/3898/7159 2830/3899/7160 2811/3833/7161
f 2807/3865/7162 2781/3826/7163 2831/3867/7164
f 2853/3900/7165 2838/3857/7166 2812/3858/7167
f 2827/3876/7120 2769/3802/6986 2775/3816/7008
f 2777/3817/7168 2810/3835/6974 2817/3871/7122
f 1943/2624/4829 1940/2626/4831 2839/3901/7159
f 1940/2626/4831 2830/3894/7160 2839/3901/7159
f 2839/3898/7169 2811/3833/7170 2780/3822/7171
f 2831/3867/7172 2800/3855/7173 2843/3902/7174
f 2800/3855/7175 2782/3827/7175 2815/3875/7175
f 2780/3822/7171 2819/3862/7176 2840/3879/7177
f 2795/3863/7178 2799/3849/7178 2852/3903/7178
f 2807/3834/7179 2842/3904/7179 2824/3886/7179
f 2842/3905/7180 2807/3865/7162 2831/3867/7164
f 2815/3875/7181 2808/3856/7182 2849/3906/7183
f 2806/3864/7184 2824/3886/7184 2861/3907/7184
f 2808/3856/7182 2841/3908/7185 2849/3906/7183
f 2779/3829/7186 2853/3900/7187 2808/3856/7188
f 2779/3829/7189 2838/3857/7166 2853/3900/7165
f 2803/3895/7190 2822/3896/7190 2845/3909/7190
f 2846/3910/7191 2845/3909/7192 2847/3911/7193
f 2845/3909/7192 2822/3896/7194 2847/3911/7193
f 2847/3911/7195 2822/3896/7196 2848/3912/7197
f 2822/3896/7142 2823/3913/7150 2848/3912/7198
f 2823/2634/7199 1944/2629/7200 1945/2632/7201
f 2780/3822/7171 2840/3879/7177 2839/3898/7169
f 2800/3855/7202 2815/3875/7203 2849/3906/7204
f 2826/3810/7039 2827/3914/7153 2856/3915/7205
f 2810/3835/7206 2777/3817/7207 2863/3916/7208
f 2821/3852/7114 2803/3853/7116 2859/3917/7209
f 2845/3909/7210 2846/3918/7211 2803/3895/7212
f 2803/3895/7212 2846/3918/7211 2851/3919/7213
f 2846/3920/7214 2847/3911/7195 2851/3919/7215
f 2851/3919/7215 2847/3911/7195 2848/3912/7197
f 2858/2631/7158 1946/3897/7157 2867/3921/7216
f 2832/3836/7217 2850/3878/7217 2777/3817/7217
f 2850/3878/7218 2805/3805/6989 2813/3859/7105
f 2803/3895/7219 2851/3919/7215 2848/3912/7197
f 2848/3922/7220 2823/2634/7199 1945/2632/7201
f 2852/3903/7221 2799/3849/7221 2806/3864/7221
f 2841/3908/7222 2808/3856/7188 2853/3900/7187
f 2856/3915/7223 2836/3809/7000 2826/3810/6957
f 2827/3923/7120 2775/3924/7008 2870/3925/7224
f 2854/3926/7225 2810/3835/7010 2863/3916/7226
f 2821/3852/7227 2859/3917/7228 2820/3869/7229
f 2831/3867/7172 2843/3902/7174 2842/3905/7230
f 2849/3927/7231 2841/3928/7231 2853/3929/7231
f 2853/3929/7232 2812/3850/7066 2816/3870/7109
f 2809/3830/7096 2855/3930/7233 2835/3866/7138
f 2810/3835/7010 2854/3926/7225 2775/3924/7009
f 2777/3817/7207 2850/3878/7234 2863/3916/7208
f 2814/3872/7125 2844/3860/7097 2864/3931/7235
f 2840/3879/7236 2795/3863/7237 1946/3932/7238
f 2795/3863/7237 2852/3903/7239 1946/3932/7238
f 2870/3933/7240 2856/3915/7205 2827/3914/7153
f 2865/3934/7241 2843/3902/7242 2800/3855/7243
f 2866/3935/7244 2800/3855/7202 2849/3906/7204
f 2813/3859/7245 2814/3872/7245 2857/3936/7245
f 2864/3931/7246 2844/3860/7084 2820/3869/7106
f 2848/3922/7247 1945/2632/7248 2858/2631/7249
f 2839/3898/7250 2840/3879/7236 1946/3932/7238
f 2775/3924/7008 2854/3926/7251 2870/3925/7224
f 2850/3878/7218 2813/3859/7105 2857/3936/7252
f 2864/3931/7253 2857/3936/7253 2814/3872/7253
f 1943/2624/7254 2839/3901/7254 1946/2633/7254
f 2862/3937/7255 2843/3902/7256 2865/3934/7257
f 2803/3938/7258 2848/3922/7247 2858/2631/7249
f 2842/3905/7259 2843/3902/7256 2862/3937/7255
f 2816/3870/7109 2849/3927/7260 2853/3929/7232
f 2824/3939/7261 2842/3940/7261 2862/3941/7261
f 2865/3934/7241 2800/3855/7243 2866/3935/7262
f 2857/3936/7263 2864/3931/7264 2868/3942/7265
f 2852/3903/7266 2806/3864/7267 2861/3907/7268
f 2849/3927/7260 2816/3870/7109 2866/3943/7269
f 2888/3944/7270 2836/3809/7000 2856/3915/7223
f 2868/3942/7271 2863/3916/7208 2850/3878/7234
f 1946/3897/7238 2852/3945/7239 2867/3921/7272
f 2871/3946/7273 2816/3870/7110 2835/3866/7095
f 2850/3878/7274 2857/3936/7263 2868/3942/7265
f 2858/2631/7275 2867/3921/7276 2803/3938/7116
f 2835/3866/7277 2877/3947/7278 2871/3946/7279
f 2855/3930/7280 2809/3830/7047 2836/3809/6999
f 2868/3948/7265 2864/3949/7264 2869/3950/7281
f 2859/3951/7209 2803/3938/7116 2867/3921/7276
f 2824/3939/7282 2862/3941/7283 2861/3952/7284
f 2863/3916/7226 2868/3942/7285 2854/3926/7225
f 2876/3953/7286 2852/3945/7266 2861/3952/7268
f 2888/3944/7270 2856/3915/7223 2881/3954/7287
f 2856/3915/7205 2870/3933/7240 2881/3954/7288
f 2820/3869/7229 2859/3917/7228 2864/3931/7289
f 2877/3947/7290 2835/3866/7138 2855/3930/7233
f 2855/3930/7280 2836/3809/6999 2888/3944/7291
f 2861/3952/7284 2862/3941/7283 2874/3955/7292
f 2873/3956/7293 2866/3943/7294 2816/3870/7110
f 2861/3952/7268 2874/3955/7295 2876/3953/7286
f 2865/3934/7296 2866/3935/7296 2873/3957/7296
f 2885/3958/7297 2868/3948/7265 2869/3950/7281
f 2874/3959/7298 2862/3937/7299 2865/3934/7300
f 2867/3921/7301 2852/3945/7302 2876/3953/7303
f 2816/3870/7110 2871/3946/7273 2873/3956/7293
f 2854/3960/7225 2868/3948/7285 2875/3961/7304
f 2875/3961/7304 2868/3948/7285 2885/3958/7305
f 2859/3951/7228 2867/3921/7301 2876/3953/7303
f 2865/3934/7300 2873/3957/7306 2874/3959/7298
f 2870/3933/7224 2854/3962/7251 2879/3963/7307
f 2864/3964/7289 2859/3951/7228 2876/3953/7303
f 2881/3954/7288 2870/3933/7240 2879/3963/7308
f 2869/3950/7309 2864/3949/7310 2876/3965/7311
f 2883/3966/7312 2869/3950/7309 2876/3965/7311
f 2854/3960/7313 2875/3961/7314 2884/3967/7315
f 2854/3960/7251 2884/3967/7316 2879/3968/7307
f 2882/3969/7317 2875/3961/7304 2885/3958/7305
f 2880/3970/7318 2869/3950/7309 2883/3966/7312
f 2873/3971/7319 2876/3965/7320 2874/3972/7321
f 2877/3947/7290 2855/3930/7233 2886/3973/7322
f 2876/3965/7320 2873/3971/7319 2883/3966/7323
f 2885/3958/7297 2869/3950/7281 2880/3970/7324
f 2855/3930/7233 2890/3974/7325 2886/3973/7322
f 2884/3967/7315 2875/3961/7314 2882/3969/7326
f 2890/3974/7327 2855/3930/7280 2888/3944/7291
f 2886/3973/7328 2871/3946/7279 2877/3947/7278
f 2888/3944/7270 2881/3954/7287 2899/3975/7329
f 2887/3976/7330 2880/3970/7318 2883/3966/7312
f 2894/3977/7331 2871/3946/7279 2886/3973/7328
f 2881/3954/7288 2879/3963/7308 2899/3975/7332
f 2883/3966/7323 2873/3971/7319 2891/3978/7333
f 2871/3946/7273 2894/3977/7334 2873/3956/7293
f 2899/3975/7335 2890/3974/7327 2888/3944/7291
f 2887/3976/7330 2883/3966/7323 2891/3978/7333
f 2890/3974/7325 2892/3979/7336 2886/3973/7322
f 2880/3970/7324 2893/3980/7337 2885/3958/7297
f 2896/3981/7338 2890/3974/7327 2899/3975/7335
f 2884/3967/7315 2882/3969/7326 2897/3982/7339
f 2900/3983/7340 2880/3970/7318 2887/3976/7330
f 2882/3969/7317 2885/3958/7305 2893/3980/7341
f 2894/3977/7331 2886/3973/7328 2895/3984/7342
f 2892/3979/7343 2890/3974/7327 2896/3981/7338
f 2884/3967/7316 2898/3985/7344 2879/3968/7307
f 2884/3967/7315 2897/3982/7339 2909/3986/7345
f 2886/3973/7328 2892/3979/7346 2895/3984/7342
f 2893/3980/7337 2880/3970/7324 2900/3983/7347
f 2891/3978/7348 2873/3971/7293 2894/3987/7334
f 2897/3982/7349 2882/3969/7317 2893/3980/7341
f 2879/3963/7308 2898/3988/7350 2899/3975/7332
f 2884/3967/7316 2909/3986/7351 2898/3985/7344
f 2900/3983/7340 2887/3976/7330 2902/3989/7352
f 2894/3977/7331 2895/3984/7342 2906/3990/7353
f 2919/3991/7354 2893/3980/7337 2900/3983/7347
f 2906/3992/7355 2891/3978/7348 2894/3987/7334
f 2901/3993/7356 2897/3982/7349 2893/3980/7341
f 2887/3976/7330 2891/3978/7333 2902/3989/7352
f 2905/3994/7357 2900/3983/7340 2902/3989/7352
f 2902/3989/7358 2891/3978/7348 2906/3992/7355
f 2897/3982/7349 2901/3993/7356 2903/3995/7359
f 2892/3979/7343 2896/3981/7338 2904/3996/7360
f 2904/3996/7361 2896/3981/7338 2899/3975/7335
f 2897/3982/7339 2903/3995/7362 2909/3986/7345
f 2901/3993/7356 2893/3980/7341 2919/3991/7363
f 2904/3996/7361 2899/3975/7335 2907/3997/7364
f 2899/3975/7332 2898/3988/7350 2907/3997/7365
f 2917/3998/7366 2895/3984/7342 2892/3979/7346
f 2906/3990/7353 2895/3984/7342 2917/3998/7367
f 2907/3997/7365 2898/3988/7350 2968/3999/7368
f 2909/3986/7351 2968/4000/7369 2898/3985/7344
f 2911/4001/7370 2906/3990/7353 2917/3998/7367
f 572/4002/7371 2919/3991/7354 2900/3983/7347
f 2911/4003/7372 2902/3989/7358 2906/3992/7355
f 2918/4004/7373 2892/3979/7343 2904/3996/7360
f 2907/3997/7365 2968/3999/7368 2949/4005/7374
f 2912/4006/7375 572/728/7375 1905/2560/7375
f 2913/730/7376 1907/4007/7377 2920/4008/7378
f 531/680/7379 574/681/7379 2921/4009/7379
f 574/681/7380 541/713/7380 2921/4009/7380
f 560/696/1329 1894/715/7381 559/714/1327
f 578/733/7382 579/734/7383 2914/4010/7384
f 2922/4011/7385 1909/2553/7386 1869/2552/7387
f 2954/4012/7388 1910/2518/4740 1888/2532/4703
f 576/731/7389 575/736/7389 1899/2565/7389
f 575/736/7390 1900/2556/7391 1899/2565/7392
f 566/648/1131 548/656/1311 2916/4013/7393
f 2933/4014/7394 548/656/7395 569/675/7396
f 1895/2561/7397 528/682/7398 533/665/7399
f 2941/4015/7400 534/659/7401 562/718/7402
f 502/683/1318 2928/4016/7403 563/4017/7404
f 502/683/1318 572/728/1317 2928/4016/7403
f 2912/4006/7405 1905/2560/7406 529/672/4758
f 579/734/7407 1902/740/7407 2914/4010/7407
f 2915/2549/7408 1883/2536/4687 1880/2534/4689
f 1872/4018/7409 1889/2551/4715 1909/2553/4717
f 1870/2515/4661 1871/2512/4709 1903/2563/7410
f 1903/2563/7411 1871/2512/4652 1865/2513/4701
f 1888/2532/4679 1882/2533/4680 2954/4012/7412
f 1890/2548/7413 577/732/4754 1899/2565/4756
f 1899/2565/7392 1900/2556/7391 568/4019/7414
f 568/4020/7415 566/648/7416 2916/4013/7417
f 1893/2554/7418 554/708/7419 1911/4021/7420
f 554/708/7419 570/725/7421 1911/4021/7420
f 2901/3993/7356 2919/3991/7363 2929/4022/7422
f 535/671/1321 2913/730/1323 1906/2567/7423
f 1907/4007/7377 2913/730/7376 2925/4023/7424
f 2913/730/1323 567/729/1322 2925/4023/7425
f 1894/2557/7426 583/738/7427 584/739/7428
f 1887/2545/4714 1872/2550/4669 2932/4024/7429
f 544/702/7430 557/719/7430 563/4025/7430
f 572/4002/7431 2900/3983/7340 2905/3994/7357
f 2903/3995/7359 2901/3993/7356 2929/4022/7432
f 2919/3991/7354 572/4002/7371 2912/4026/7433
f 531/680/7434 2921/4009/7434 571/727/7434
f 2957/4027/7435 559/714/1327 1894/715/7381
f 584/739/7436 578/733/7382 2914/4010/7384
f 1880/2534/4682 1879/2530/4675 1908/2568/7437
f 2924/2564/7438 1910/2518/7438 2954/4012/7438
f 1884/2538/7439 1890/2548/7439 2946/4028/7439
f 2933/4014/7440 569/675/7440 1891/717/7440
f 561/706/7441 552/705/7442 2939/4029/7443
f 1895/2561/7444 2926/4030/7444 552/705/7444
f 570/725/7445 534/659/7445 2941/4015/7445
f 2943/4031/7446 1902/740/7447 2915/2549/7448
f 1865/2513/4701 2924/2564/7449 1903/2563/7411
f 2916/4013/7450 548/656/7395 2933/4014/7394
f 1897/709/7451 1892/724/7451 1896/2558/7451
f 2892/3979/7346 2918/4004/7452 2917/3998/7366
f 2912/4006/7405 529/672/4758 1906/2567/4760
f 2930/4032/7453 2913/730/7376 2935/4033/7454
f 568/4020/7415 2916/4013/7417 2962/4034/7455
f 2916/4013/7456 2938/4035/7457 2962/4034/7458
f 1891/717/1294 561/706/1296 2933/4014/7459
f 1904/4036/7460 561/706/7460 2939/4029/7460
f 2939/4029/7461 2926/4030/7462 2940/4037/7463
f 1892/724/7464 1901/2566/7465 2927/4038/7466
f 2909/3986/7345 2903/3995/7362 2968/4000/7467
f 2919/3991/7363 2999/4039/7468 2929/4022/7422
f 2935/4033/7454 2913/730/7376 2920/4008/7378
f 2943/4031/7469 2915/2549/7470 1880/2534/4682
f 1886/2543/7471 1887/2545/7472 1908/2568/7473
f 2922/4011/7385 2936/4040/7474 2937/4041/7475
f 2944/4042/7476 2937/4041/7476 2936/4040/7476
f 2922/2562/4748 2923/2541/4750 2945/4043/7477
f 2939/4029/7443 552/705/7442 2926/4030/7478
f 533/665/7399 1896/2558/7479 1895/2561/7397
f 544/702/7480 563/4025/7404 1898/2559/7481
f 2905/3994/7357 2902/3989/7352 2996/4044/7482
f 2911/4003/7372 2996/4044/7483 2902/3989/7358
f 2951/4045/7484 2925/4023/7484 2952/4046/7484
f 2925/4023/7425 567/729/1322 2953/4047/7485
f 1894/4048/7426 584/4049/7428 2957/4050/7486
f 1872/4018/7487 1909/2553/7487 2932/4051/7487
f 2923/2541/7488 1903/2563/7489 2945/4043/7490
f 1890/2548/7491 1899/2565/7491 2946/4028/7491
f 2938/4035/7457 2916/4013/7456 2947/4052/7492
f 2916/4013/7493 2933/4014/7494 2947/4052/7495
f 561/706/7496 1904/4036/7496 2933/4014/7496
f 2963/4053/7497 1904/4036/7497 2948/4054/7497
f 2904/3996/7361 2907/3997/7364 2960/4055/7498
f 2960/4055/7498 2907/3997/7364 2949/4005/7499
f 2903/3995/7362 2929/4022/7500 2968/4000/7467
f 1907/4007/7501 2925/4023/7501 2956/4056/7501
f 2925/4023/7502 2951/4045/7502 2956/4056/7502
f 2951/4045/7503 2950/4057/7503 2956/4056/7503
f 2956/4056/7504 2950/4058/7505 2953/4047/7506
f 2950/4058/7505 2951/4059/7507 2953/4047/7506
f 2951/4059/7507 2952/4046/7508 2953/4047/7506
f 2952/4046/7509 2925/4023/7509 2953/4047/7509
f 2921/4009/7510 541/713/7510 571/727/7510
f 571/727/7511 541/713/1292 559/714/1270
f 1908/2568/7473 1887/2545/7472 2932/4024/7512
f 2926/4030/7513 1895/2561/7513 2927/4038/7513
f 2995/4060/7514 1901/2566/7514 1893/2554/7514
f 570/725/7515 2941/4015/7515 1911/4021/7515
f 2919/3991/7354 2912/4026/7433 2961/4061/7516
f 2912/4006/7517 1906/2567/7517 2961/4062/7517
f 1906/2567/7423 2913/730/1323 2961/4062/7518
f 1907/4007/7519 2956/4056/7519 2953/4047/7519
f 2953/4047/7485 567/729/1322 2942/4063/7520
f 2942/4063/7521 567/729/4745 571/727/4746
f 2943/4031/7469 1880/2534/4682 1908/2568/7437
f 2958/4064/7522 1909/2553/7523 2937/4041/7524
f 1909/2553/7386 2922/4011/7385 2937/4041/7475
f 2922/4011/7525 2945/4065/7525 2936/4040/7525
f 2933/4014/7526 1904/4036/7526 2963/4053/7526
f 2939/4029/7461 2940/4037/7463 2955/4066/7527
f 1895/2561/7528 1896/2558/7528 2927/4038/7528
f 1896/2558/7529 1892/724/7529 2927/4038/7529
f 1893/2554/7530 1911/4021/7530 2972/4067/7530
f 1911/4021/7531 2941/4015/7531 2964/4068/7531
f 2941/4015/7532 2965/4069/7532 2964/4068/7532
f 2966/4070/7533 2965/4069/7534 2967/4071/7535
f 2965/4069/7534 2941/4015/7536 2967/4071/7535
f 1898/4072/7481 563/4017/7404 2928/4016/7403
f 572/4002/7431 2905/3994/7357 2928/4073/7537
f 2917/3998/7366 2918/4004/7452 2959/4074/7538
f 2918/4004/7373 2904/3996/7360 2960/4055/7539
f 2969/4075/7540 2970/4076/7540 2935/4033/7540
f 1908/2568/7541 2932/4024/7542 2971/4077/7543
f 2932/4051/7544 1909/2553/7523 2958/4064/7522
f 1911/4021/7545 2964/4068/7545 2973/4078/7545
f 2964/4068/7546 2965/4079/7546 2973/4078/7546
f 2965/4079/7547 2966/4080/7547 2973/4078/7547
f 2966/4080/7548 2967/4071/7548 2973/4078/7548
f 2973/4078/7549 2967/4071/7549 2941/4015/7549
f 2935/4033/7550 2970/4076/7551 2974/4081/7552
f 2974/4081/7552 2970/4082/7553 2975/4083/7554
f 2970/4082/7555 2969/4084/7555 2975/4083/7555
f 2969/4075/7556 2935/4033/7556 2975/4083/7556
f 2935/4033/7557 2920/4008/7557 2975/4083/7557
f 2942/4063/7521 571/727/4746 2978/4085/7558
f 2914/4010/7559 1902/740/7447 2943/4031/7446
f 1882/2533/4680 1884/2540/7560 2954/4012/7412
f 2954/4086/7412 1884/2538/7560 2946/4028/7561
f 2946/4028/7562 1899/2565/7563 3005/4087/7564
f 2962/4088/7565 3005/4087/7564 1899/2565/7563
f 1899/2565/7563 568/4019/7566 2962/4088/7565
f 2927/4038/7466 1901/2566/7465 3051/4089/7567
f 2928/4073/7568 2905/3994/7357 2996/4044/7482
f 2999/4039/7468 2919/3991/7363 2961/4061/7569
f 2913/730/7570 2930/4032/7570 2961/4062/7570
f 2930/4032/7571 2935/4033/7571 2976/4090/7571
f 2935/4033/7550 2974/4081/7552 2976/4090/7572
f 2974/4081/7552 2975/4083/7554 2976/4090/7572
f 2975/4083/7573 2920/4008/7574 2976/4090/7575
f 2976/4090/7575 2920/4008/7574 2977/4091/7576
f 2977/4091/7576 2920/4008/7574 1907/4007/7577
f 2953/4047/7485 2942/4063/7520 2978/4085/7578
f 571/727/7579 559/714/7579 3004/4092/7579
f 2932/4051/7580 2958/4064/7580 2979/4093/7580
f 2944/4042/7581 2936/4040/7581 2945/4065/7581
f 2962/4094/7582 2938/4095/7583 3006/4096/7584
f 2947/4052/7495 2933/4014/7494 2963/4053/7585
f 1904/4036/7586 2939/4029/7586 2980/4097/7586
f 2972/4067/7587 1911/4021/7588 3008/4098/7589
f 2911/4001/7370 2917/3998/7367 2959/4074/7590
f 2918/4004/7373 2960/4055/7539 2997/4099/7591
f 2968/4000/7467 2929/4022/7500 2981/4100/7592
f 2929/4022/7593 2999/4039/7594 2981/4100/7595
f 2977/4091/7596 1907/4007/7596 2953/4047/7596
f 559/714/7597 2957/4027/7597 3004/4092/7597
f 2982/4101/7598 584/4049/7436 2914/4102/7384
f 2945/4043/7490 1903/2563/7489 3013/4103/7599
f 1903/2563/7411 2924/2564/7449 3013/4103/7600
f 2983/4104/7601 2924/4105/7602 2954/4106/7603
f 2963/4053/7604 2948/4054/7605 2986/4107/7606
f 2948/4054/7607 1904/4036/7608 3049/4108/7609
f 1901/2566/7610 2995/4060/7610 3051/4089/7610
f 1911/4021/7588 2973/4078/7611 3008/4098/7589
f 562/718/4742 1898/2559/4744 2996/4109/7612
f 2958/4064/7613 2937/4041/7613 2944/4042/7613
f 3013/4110/7614 2924/4105/7614 2983/4104/7614
f 2983/4104/7601 2954/4106/7603 2984/4111/7615
f 2954/4106/7412 2946/4112/7561 2984/4111/7616
f 2995/4060/7617 1893/2554/7617 2972/4067/7617
f 3003/4113/7618 2973/4078/7618 2941/4015/7618
f 3003/4113/7619 2941/4015/7400 562/718/7402
f 2984/4111/7620 2946/4112/7620 2985/4114/7620
f 2985/4114/7621 2946/4112/7562 3005/4115/7564
f 2993/4116/7622 2962/4094/7582 3006/4096/7584
f 2980/4097/7623 2939/4029/7624 2955/4066/7625
f 562/718/4742 2996/4109/7612 3003/4113/7626
f 2918/4004/7373 2997/4099/7591 3052/4117/7627
f 2953/4047/7628 2978/4085/7629 3000/4118/7630
f 3004/4119/7631 2957/4050/7632 584/4049/7436
f 2988/4120/7633 584/4049/7436 2982/4101/7598
f 2943/4031/7634 1908/2568/7635 3001/4121/7636
f 1908/2568/7635 2971/4077/7637 3001/4121/7636
f 2948/4054/7605 2990/4122/7638 2986/4107/7606
f 2955/4066/7639 2940/4037/7640 3007/4123/7641
f 2940/4037/7642 2926/4030/7642 2994/4124/7642
f 1898/2559/7643 2928/4125/7643 2996/4109/7643
f 584/4049/7436 2988/4120/7633 3004/4119/7631
f 2971/4126/7543 2932/4051/7542 2979/4093/7644
f 3005/4087/7645 2962/4088/7582 2991/4127/7646
f 2962/4128/7582 2993/4129/7622 2992/4130/7647
f 2990/4122/7638 2948/4054/7605 3049/4108/7648
f 2940/4037/7640 2994/4124/7649 3007/4123/7641
f 2926/4030/7650 2927/4038/7650 2994/4124/7650
f 2968/3999/7368 2998/4131/7651 2949/4005/7374
f 2976/4090/7652 2977/4091/7652 3009/4132/7652
f 3011/4133/7653 2977/4091/7654 2953/4047/7628
f 2985/4114/7655 3005/4115/7656 2989/4134/7657
f 2963/4053/7604 2986/4107/7606 2947/4052/7492
f 3049/4108/7609 1904/4036/7608 2980/4097/7658
f 2980/4097/7623 2955/4066/7625 3002/4135/7659
f 3002/4135/7660 2955/4066/7661 3007/4123/7662
f 3051/4089/7663 2995/4060/7663 3042/4136/7663
f 2999/4137/7468 2961/4062/7569 2930/4032/7664
f 2999/4137/7468 2930/4032/7664 2976/4090/7665
f 3011/4133/7653 2953/4047/7628 3000/4118/7630
f 2978/4085/7558 571/727/4746 3004/4092/7666
f 3047/4138/7667 3004/4119/7631 2988/4120/7633
f 2958/4064/7668 2944/4042/7668 3013/4110/7668
f 2945/4065/7669 3013/4110/7669 2944/4042/7669
f 3014/4139/7670 2960/4055/7498 2949/4005/7499
f 3009/4132/7671 2977/4091/7654 3011/4133/7653
f 2914/4010/7672 2943/4031/7634 3001/4121/7636
f 2983/4104/7673 2984/4111/7673 3020/4140/7673
f 3015/4141/7674 2993/4142/7674 3006/4143/7674
f 346/4144/7675 3040/4145/7676 3006/4096/7677
f 2990/4122/7678 3063/4146/7678 2986/4107/7678
f 3007/4123/7679 2994/4124/7679 3041/4147/7679
f 2994/4124/7680 2927/4038/7680 3051/4089/7680
f 2911/4001/7370 2959/4074/7590 3045/4148/7681
f 3052/4117/7682 2959/4074/7538 2918/4004/7452
f 3009/4132/7671 3011/4133/7653 3010/4149/7683
f 2988/4120/7684 3012/4150/7684 3015/4141/7684
f 3005/4087/7685 2991/4127/7685 2989/4151/7685
f 2993/4142/7686 3015/4141/7687 3017/4152/7688
f 3017/4152/7689 3015/4141/7689 3012/4150/7689
f 2982/4101/7690 3035/4153/7691 2988/4120/7692
f 3035/4153/7693 2982/4101/7693 3018/4154/7693
f 2992/4130/7694 2993/4129/7686 3017/4155/7688
f 2985/4114/7655 2989/4134/7657 3019/4156/7695
f 2979/4093/7696 2958/4064/7696 3013/4110/7696
f 3018/4154/7697 2982/4101/7698 2914/4102/7699
f 3013/4110/7700 2983/4104/7701 3024/4157/7702
f 3022/4158/7703 3018/4159/7697 2914/4160/7699
f 3001/4161/7704 2971/4126/7704 3021/4162/7704
f 2979/4093/7705 3013/4110/7706 3024/4157/7707
f 2983/4104/7701 3020/4140/7708 3024/4157/7702
f 2971/4126/7709 2979/4093/7709 3021/4162/7709
f 2989/4134/7710 3018/4159/7711 3022/4158/7712
f 3019/4156/7713 2989/4134/7710 3022/4158/7712
f 3024/4157/7714 3020/4140/7714 3023/4163/7714
f 3023/4163/7715 3020/4140/7716 3019/4156/7717
f 2984/4111/7718 2985/4114/7719 3020/4140/7716
f 3021/4162/7720 2979/4093/7705 3024/4157/7707
f 3020/4140/7716 2985/4114/7719 3019/4156/7717
f 3025/4164/7721 3024/4157/7721 3023/4163/7721
f 2914/4160/7722 3001/4165/7723 3022/4158/7724
f 3026/4166/7725 3025/4164/7725 3027/4167/7725
f 3021/4162/7726 3024/4157/7727 3025/4164/7728
f 3028/4168/7729 3025/4164/7729 3026/4166/7729
f 3022/4169/7724 3001/4161/7723 3021/4162/7730
f 3021/4162/7726 3025/4164/7728 3028/4168/7731
f 3026/4166/7732 3027/4167/7732 3029/4170/7732
f 3023/4163/7733 3019/4156/7733 3027/4167/7733
f 3030/4171/7734 3019/4156/7734 3022/4158/7734
f 3025/4164/7735 3023/4163/7735 3027/4167/7735
f 3030/4171/7736 3022/4158/7736 3036/4172/7736
f 3036/4172/7737 3022/4158/7737 3031/4173/7737
f 3033/4174/7738 3026/4166/7739 3029/4170/7740
f 3027/4167/7741 3019/4156/7741 3030/4171/7741
f 3022/4169/7742 3021/4162/7743 3032/4175/7744
f 3026/4166/7739 3033/4174/7738 3028/4168/7745
f 3021/4162/7746 3028/4168/7746 3032/4175/7746
f 3032/4175/7747 3028/4168/7747 3033/4174/7747
f 3031/4176/7748 3022/4169/7742 3032/4175/7744
f 3030/4171/7749 2991/4177/7749 3027/4167/7749
f 3033/4178/7750 3029/4179/7751 3043/4180/7752
f 3034/4181/7753 3029/4179/7753 3027/4182/7753
f 2991/4183/7646 2962/4128/7582 2992/4130/7647
f 3035/4153/7754 3018/4154/7755 2989/4184/7756
f 3029/4179/7751 3034/4181/7757 3043/4180/7752
f 2989/4184/7756 2991/4185/7758 3035/4153/7754
f 2991/4177/7759 3030/4171/7760 3036/4172/7761
f 3031/4176/7762 3032/4175/7762 3033/4174/7762
f 3033/4178/7763 3043/4180/7764 3037/4186/7765
f 2992/4130/7766 3038/4187/7767 2991/4183/7768
f 3039/4188/7769 3036/4172/7769 3031/4173/7769
f 3033/4178/7770 3037/4186/7770 3031/4189/7770
f 3027/4182/7771 2991/4190/7768 3034/4181/7772
f 3036/4172/7761 3039/4188/7773 2991/4177/7759
f 3043/4180/7774 3034/4181/7774 344/4191/7774
f 2992/4130/7775 3048/4192/7775 3038/4187/7775
f 2992/4130/7776 3017/4155/7776 3048/4192/7776
f 3012/4150/7777 2988/4120/7777 3048/4193/7777
f 2988/4120/7692 3035/4153/7691 3048/4193/7778
f 3035/4194/7754 2991/4195/7758 3039/4196/7779
f 3034/4181/7772 2991/4190/7768 3038/4197/7767
f 3012/4150/7780 3048/4193/7780 3017/4152/7780
f 3034/4181/7772 3038/4197/7767 346/4198/7781
f 3038/4187/7782 3040/4145/7782 346/4144/7782
f 2938/4095/7783 346/4144/7675 3006/4096/7677
f 3002/4135/7660 3007/4123/7662 3060/4199/7784
f 2998/4131/7785 2968/3999/7786 2981/4200/7787
f 3011/4133/7788 3000/4118/7788 3057/4201/7788
f 2938/4035/7457 2947/4052/7492 2986/4107/7606
f 3008/4098/7789 2973/4078/7789 3003/4113/7789
f 3000/4118/7790 2978/4085/7791 3046/4202/7792
f 2978/4085/7791 3004/4092/7793 3046/4202/7792
f 3048/4203/7778 3035/4194/7691 3039/4196/7794
f 2994/4124/7795 3051/4089/7795 3041/4147/7795
f 3008/4098/7796 3003/4113/7797 2996/4109/7483
f 3008/4098/7796 2996/4109/7483 2911/4204/7372
f 2960/4055/7498 3014/4139/7670 2997/4099/7798
f 3046/4202/7799 3004/4092/7631 3047/4205/7667
f 3015/4141/7800 3006/4143/7800 3050/4206/7800
f 346/4207/7675 2938/4035/7783 2986/4107/7801
f 3044/4208/7802 3007/4123/7802 3041/4147/7802
f 3014/4139/7803 2949/4005/7374 2998/4131/7651
f 2976/4090/7665 3009/4132/7804 2999/4137/7468
f 3006/4096/7805 3040/4145/7805 3050/4209/7805
f 3049/4108/7806 2980/4097/7807 3059/4210/7808
f 3044/4208/7809 3060/4199/7809 3007/4123/7809
f 3054/4211/7810 3040/4145/7810 3038/4187/7810
f 3054/4211/7811 3038/4187/7811 3048/4192/7811
f 344/4191/7812 3034/4181/7812 346/4198/7812
f 2980/4097/7807 3002/4135/7813 3059/4210/7808
f 3002/4135/7814 3060/4199/7814 3059/4210/7814
f 3042/4136/7815 2995/4060/7815 3066/4212/7815
f 3079/4213/7816 2998/4131/7785 2981/4200/7787
f 3050/4209/7817 3040/4145/7817 3054/4211/7817
f 3048/4203/7778 3039/4196/7794 3037/4186/7818
f 3039/4196/7794 3031/4189/7819 3037/4186/7818
f 3058/4214/7820 2986/4107/7801 3063/4146/7821
f 3063/4146/7822 2990/4122/7823 3055/4215/7824
f 3011/4133/7825 3056/4216/7825 3010/4149/7825
f 344/4191/7826 346/4198/7826 3062/4217/7826
f 346/4207/7675 2986/4107/7801 3058/4214/7820
f 2990/4122/7823 3049/4108/7827 3055/4215/7824
f 3051/4089/7828 3042/4136/7829 3064/4218/7830
f 3008/4098/7831 3066/4212/7832 2972/4067/7833
f 3008/4098/7796 2911/4204/7372 3045/4219/7834
f 3054/4220/7835 3048/4203/7778 3037/4186/7818
f 3043/4180/7836 344/4191/7836 3067/4221/7836
f 3049/4108/7837 3059/4210/7837 3068/4222/7837
f 3064/4218/7830 3042/4136/7829 3066/4212/7838
f 2995/4060/7839 2972/4067/7833 3066/4212/7832
f 2981/4223/7787 3061/4224/7840 3079/4225/7816
f 3092/4226/7841 2981/4223/7595 2999/4137/7594
f 2999/4137/7468 3009/4132/7804 3010/4149/7842
f 3065/4227/7843 3011/4133/7844 3057/4201/7845
f 3072/4228/7846 3000/4118/7790 3046/4202/7792
f 3037/4186/7765 3043/4180/7764 3069/4229/7847
f 346/4207/7848 3058/4214/7848 3062/4230/7848
f 3061/4224/7849 2981/4223/7595 3092/4226/7841
f 3056/4216/7850 3011/4133/7844 3065/4227/7843
f 3070/4231/7851 3044/4208/7851 3041/4147/7851
f 3092/4226/7852 2999/4137/7468 3010/4149/7842
f 2988/4120/7853 3015/4141/7853 3047/4138/7853
f 3050/4209/7854 3054/4211/7835 3069/4232/7855
f 3054/4220/7835 3037/4186/7818 3069/4229/7855
f 3055/4215/7856 3049/4108/7856 3068/4222/7856
f 3076/4233/7857 3064/4218/7857 3066/4212/7857
f 3065/4227/7858 3057/4201/7858 3072/4228/7858
f 3057/4201/7859 3000/4118/7790 3072/4228/7846
f 3058/4214/7860 3063/4146/7860 3073/4234/7860
f 3068/4222/7861 3059/4210/7862 3074/4235/7863
f 3041/4147/7864 3051/4089/7865 3070/4231/7866
f 3051/4089/7867 3064/4218/7867 3076/4233/7867
f 3014/4139/7803 2998/4131/7651 3079/4213/7868
f 3056/4216/7869 3065/4227/7870 345/4236/7871
f 3069/4229/7872 3043/4180/7872 3067/4221/7872
f 3059/4210/7862 3060/4199/7873 3074/4235/7863
f 3060/4199/7874 3044/4208/7874 3074/4235/7874
f 3008/4098/7796 3045/4219/7834 3066/4212/7875
f 345/4236/7876 3010/4149/7842 3056/4216/7877
f 3015/4141/7878 3050/4206/7854 3047/4138/7879
f 3063/4146/7880 3055/4215/7881 3075/4237/7882
f 3078/4238/7883 3075/4237/7884 3055/4215/7885
f 3070/4231/7866 3051/4089/7865 3076/4233/7886
f 3092/4226/7852 3010/4149/7842 345/4236/7876
f 3065/4227/7870 3072/4228/7887 345/4236/7871
f 3062/4230/7888 3058/4214/7889 344/4239/7890
f 3058/4214/7889 3077/4240/7891 344/4239/7890
f 3073/4234/7892 3063/4146/7880 3075/4237/7882
f 3074/4235/7893 3044/4208/7894 3070/4231/7895
f 3067/4241/7896 344/4239/7897 3077/4240/7898
f 3082/4242/7899 3055/4215/7900 3068/4222/7901
f 3082/4242/7902 3068/4222/7902 3080/4243/7902
f 3046/4202/7903 3047/4205/7903 3084/4244/7903
f 3050/4206/7854 3069/4245/7855 3047/4138/7879
f 3047/4205/7879 3069/4246/7855 3084/4244/7904
f 3077/4240/7898 3081/4247/7905 3067/4241/7896
f 3068/4222/7906 3074/4235/7906 3080/4243/7906
f 3075/4237/7884 3078/4238/7883 3085/4248/7907
f 3078/4238/7908 3055/4215/7900 3082/4242/7899
f 3077/4240/7909 3058/4214/7909 3087/4249/7909
f 3096/4250/7910 3074/4235/7893 3070/4231/7895
f 345/4236/7911 3072/4228/7912 3086/4251/7913
f 3086/4251/7913 3072/4228/7912 3046/4202/7914
f 3081/4247/7915 3077/4240/7915 3087/4249/7915
f 3058/4214/7916 3073/4234/7916 3087/4249/7916
f 3073/4234/7917 3075/4237/7917 3085/4248/7917
f 3045/4148/7681 2959/4074/7590 3089/4252/7918
f 3076/4233/7919 3066/4212/7875 3045/4219/7834
f 3079/4225/7816 3061/4224/7840 3099/4253/7920
f 3086/4251/7921 3084/4244/7904 3069/4246/7855
f 3082/4242/7922 3080/4243/7923 3088/4254/7924
f 3080/4243/7925 3074/4235/7925 3096/4250/7925
f 3070/4231/7926 3076/4233/7926 3096/4250/7926
f 3014/4139/7670 3095/4255/7927 2997/4099/7798
f 3091/4256/7928 3014/4257/7803 3079/4225/7868
f 3046/4202/7929 3084/4244/7904 3086/4251/7921
f 3086/4251/7921 3069/4246/7855 3067/4258/7930
f 3093/4259/7931 3086/4251/7921 3067/4258/7930
f 3067/4241/7930 3081/4247/7932 3093/4260/7931
f 3094/4261/7933 3073/4234/7934 3085/4248/7935
f 3052/4117/7627 2997/4099/7591 3095/4255/7936
f 3087/4249/7937 3073/4234/7934 3094/4261/7933
f 3078/4238/7938 3082/4242/7922 3088/4254/7924
f 3088/4254/7939 3080/4243/7940 3096/4250/7941
f 2959/4074/7538 3097/4262/7942 3106/4263/7943
f 3093/4260/7944 3081/4247/7944 3094/4261/7944
f 3081/4247/7945 3087/4249/7945 3094/4261/7945
f 3095/4255/7927 3014/4139/7670 3091/4264/7946
f 3076/4233/7919 3045/4219/7834 3089/4265/7947
f 2959/4074/7538 3052/4117/7682 3097/4262/7942
f 3052/4117/7627 3095/4255/7936 3097/4262/7948
f 3092/4226/7852 345/4236/7876 3086/4251/7949
f 3088/4254/7939 3096/4250/7941 3107/4266/7950
f 2959/4074/7590 3106/4263/7951 3089/4252/7918
f 3099/4253/7920 3061/4224/7840 3098/4267/7952
f 3085/4248/7953 3078/4238/7953 3100/4268/7953
f 3100/4268/7954 3088/4254/7939 3107/4266/7950
f 3096/4250/7955 3076/4233/7919 3089/4265/7947
f 3091/4256/7928 3079/4225/7868 3099/4253/7956
f 3098/4267/7957 3061/4224/7849 3092/4226/7841
f 3102/4269/7958 3086/4251/7958 3093/4259/7958
f 3078/4238/7959 3088/4254/7959 3100/4268/7959
f 3092/4226/7960 3086/4251/7960 3102/4269/7960
f 3098/4270/7957 3092/4271/7841 3104/4272/7961
f 3107/4266/7962 3096/4250/7955 3089/4265/7947
f 3102/4273/7963 3093/4260/7964 3094/4261/7965
f 3094/4261/7965 3085/4248/7966 3102/4273/7963
f 3102/4273/7963 3085/4248/7966 3100/4268/7967
f 3092/4271/7968 3102/4274/7969 3103/4275/7970
f 3104/4272/7971 3092/4271/7968 3103/4275/7970
f 3089/4252/7918 3106/4263/7951 3108/4276/7972
f 3099/4277/7920 3098/4270/7952 3105/4278/7973
f 3107/4266/7962 3089/4265/7947 3108/4279/7974
f 3115/4280/7975 3100/4281/7954 3107/4282/7950
f 3105/4278/7976 3091/4283/7928 3099/4277/7956
f 3104/4272/7971 1844/744/4563 1843/2471/4562
f 3110/4284/7977 586/743/7977 595/754/7977
f 1824/2442/7978 1736/2350/4296 3116/4285/7979
f 1825/2453/4535 1774/2385/4534 1810/2411/7980
f 1810/2411/4449 1792/2410/4545 3123/4286/7981
f 1792/2434/4495 1815/2451/4553 3123/4287/7982
f 594/751/7983 591/746/1346 590/748/1348
f 3112/4288/7984 594/751/1356 585/742/1350
f 3100/4281/7985 3115/4280/7986 3133/4289/7987
f 3124/4290/7988 3108/4276/7972 3106/4263/7951
f 3105/4278/7973 3098/4270/7952 3109/4291/7989
f 595/754/7990 1831/2492/7990 3110/4284/7990
f 1740/2469/7991 1807/2431/7991 3137/4292/7991
f 3098/4270/7957 3104/4272/7961 3109/4291/7992
f 3104/4272/7961 1843/2471/7993 3109/4291/7992
f 3116/4293/7979 1736/2340/4296 1836/2443/4510
f 1809/4294/4532 1828/2467/4437 1842/4295/7994
f 1828/2467/4555 1825/2453/4557 1842/4295/7995
f 3118/4296/7996 3120/2478/4576 591/746/1355
f 3102/4297/7997 3100/4281/7985 3133/4289/7987
f 3131/4298/7998 3091/4283/7928 3105/4278/7976
f 586/743/7999 3110/4284/7999 1843/2471/7999
f 1831/2492/4616 1793/2459/4615 3126/4299/8000
f 3126/4299/8001 1793/2459/8002 1823/2458/8003
f 1813/2433/4494 1732/2330/4267 3127/2437/8004
f 3111/4300/8005 1833/2454/4536 3117/4301/8006
f 3117/753/8007 596/750/8008 3120/2478/8009
f 3112/4288/8010 585/742/1342 1844/744/1344
f 3095/4302/7927 3091/4283/7946 3129/4303/8011
f 3109/4291/7992 1843/2471/7993 3122/4304/8012
f 3122/4304/8012 1843/2471/7993 3110/4284/8013
f 1827/2468/4521 1824/2442/4559 3116/4285/8014
f 1807/2431/8015 3119/2470/8015 3137/4292/8015
f 3118/4296/8016 591/746/1346 594/751/7983
f 3125/4305/8017 3104/4272/7971 3103/4275/7970
f 3103/4306/8018 3102/4297/8019 3133/4289/8020
f 3124/4290/8021 3106/4263/7943 3121/4307/8022
f 3106/4263/7943 3097/4262/7942 3121/4307/8022
f 3119/2470/8023 1837/2466/8024 1842/2476/8025
f 1844/744/4563 3104/4272/7971 3125/4305/8017
f 3140/4308/8026 1836/2443/4551 3114/2345/4305
f 1815/2451/4527 1833/2454/4536 3132/4309/8027
f 1833/2454/4536 3111/4300/8005 3132/4309/8027
f 3128/4310/8028 3117/4301/8007 3120/4311/8009
f 3129/4303/8011 3091/4283/7946 3131/4298/8029
f 1823/2458/8003 1827/2460/8030 3116/4312/8031
f 3127/2437/4500 1740/2461/4544 3137/4313/8032
f 3117/4301/8033 3128/4310/8033 3111/4300/8033
f 3135/4314/8034 3107/4282/7962 3108/4315/7974
f 3097/4262/7948 3095/4255/7936 3129/4316/8035
f 1832/2475/8036 1734/2347/4310 1813/2433/4493
f 3119/2470/8023 1842/2476/8025 3130/4317/8037
f 3110/4284/8038 1831/2492/4616 3126/4299/8000
f 3116/4293/8031 1836/2443/4551 3140/4308/8026
f 1825/2453/8039 1810/2411/8039 3134/4318/8039
f 1810/2411/8040 3123/4286/8040 3134/4318/8040
f 3128/4310/8041 3120/4311/8041 3139/4319/8041
f 3105/4278/7973 3109/4291/7989 3136/4320/8042
f 3109/4291/7989 3122/4304/8043 3136/4320/8042
f 1842/4295/8044 1825/2453/8045 3130/4321/8046
f 3123/4287/7982 1815/2451/4553 3138/4322/8047
f 1844/744/1344 3125/4305/8048 3112/4288/8010
f 3115/4280/7975 3107/4282/7950 3135/4314/8049
f 3126/4299/8050 3122/4304/8043 3110/4284/8051
f 3119/2470/8023 3130/4317/8037 3137/4292/8052
f 1815/2451/4553 3132/4309/8053 3138/4322/8047
f 3139/4319/8054 3120/4311/8054 3146/4323/8054
f 3120/2478/8055 3118/4296/8055 3146/4324/8055
f 3133/4289/7987 3115/4280/7986 3147/4325/8056
f 1823/2458/8003 3116/4312/8031 3140/4326/8026
f 3130/4321/8046 1825/2453/8045 3134/4318/8057
f 3111/4300/8058 3128/4310/8059 3141/4327/8060
f 3146/4324/8061 594/751/8061 3112/4288/8061
f 3112/4288/8010 3125/4305/8048 3103/4275/8048
f 3097/4262/7948 3129/4316/8035 3121/4307/8062
f 3136/4320/8042 3122/4304/8043 3126/4299/8050
f 3134/4328/8063 3123/4287/8064 3138/4322/8065
f 3132/4309/8066 3111/4300/8066 3143/4329/8066
f 3118/4296/8067 594/751/8067 3146/4324/8067
f 3167/4330/8068 3108/4276/7972 3124/4290/7988
f 3131/4298/7998 3105/4278/7976 3142/4331/8069
f 3126/4299/8001 1823/2458/8003 3140/4326/8026
f 3140/4308/8070 3114/2345/4306 3144/4332/8071
f 3134/4328/8063 3138/4322/8065 3149/4333/8072
f 3144/4332/8071 3114/2345/4306 1832/2475/4570
f 3154/4334/8073 3127/2437/4500 3137/4313/8032
f 3138/4322/8074 3132/4309/8074 3143/4329/8074
f 3112/4335/8075 3103/4306/8018 3146/4323/8076
f 3115/4280/7975 3135/4314/8049 3147/4325/8077
f 3105/4278/7976 3136/4320/8078 3142/4331/8069
f 3141/4327/8079 3128/4310/8079 3139/4319/8079
f 3139/4319/8080 3146/4323/8080 3150/4336/8080
f 1832/2475/8036 1813/2433/4493 3144/4332/8081
f 3111/4300/8058 3141/4327/8060 3143/4329/8082
f 3146/4323/8076 3103/4306/8018 3133/4289/8020
f 1813/2433/4494 3127/2437/8004 3156/4337/8083
f 3137/4313/8032 3130/4338/8084 3154/4334/8073
f 3156/4337/8083 3127/2437/8004 3154/4334/8085
f 3130/4339/8046 3134/4328/8057 3152/4340/8086
f 3152/4340/8087 3134/4328/8087 3149/4333/8087
f 3150/4336/8088 3146/4323/8076 3133/4289/8020
f 3135/4314/8034 3108/4315/7974 3167/4341/8089
f 3136/4320/8078 3126/4299/8090 3142/4331/8069
f 3149/4333/8072 3138/4322/8065 3148/4342/8091
f 3138/4322/8092 3143/4329/8092 3148/4342/8092
f 3141/4327/8093 3139/4319/8094 3153/4343/8095
f 3142/4331/8096 3140/4326/8097 3144/4344/8098
f 3148/4342/8099 3143/4329/8100 3141/4327/8101
f 3139/4319/8094 3150/4336/8102 3153/4343/8095
f 3142/4331/8103 3126/4299/8001 3140/4326/8026
f 3144/4332/8081 1813/2433/4493 3156/4337/8104
f 3130/4339/8105 3152/4340/8105 3154/4345/8105
f 3133/4289/7987 3147/4325/8056 3150/4336/8106
f 3148/4342/8099 3141/4327/8101 3153/4343/8107
f 3121/4307/8062 3129/4316/8035 3165/4346/8108
f 3153/4343/8109 3152/4340/8110 3149/4333/8111
f 3150/4336/8112 3166/4347/8112 3153/4343/8112
f 3150/4336/8106 3147/4325/8056 3166/4347/8113
f 3121/4307/8022 3165/4346/8114 3124/4290/8021
f 3165/4346/8108 3129/4316/8035 3158/4348/8115
f 3142/4331/8096 3144/4344/8098 3158/4349/8116
f 3131/4298/8029 3142/4331/8096 3158/4349/8116
f 3154/4345/8117 3152/4340/8118 3159/4350/8119
f 3129/4303/8011 3131/4298/8029 3158/4349/8116
f 3144/4344/8120 3156/4351/8120 3170/4352/8120
f 3163/4353/8121 3161/4354/8121 3152/4340/8121
f 3170/4352/8122 3158/4349/8122 3144/4344/8122
f 3172/4355/8123 3154/4345/8124 3159/4350/8125
f 3152/4340/8118 3161/4354/8126 3162/4356/8127
f 3163/4353/8128 3152/4340/8128 3164/4357/8128
f 3152/4340/8129 3153/4343/8129 3164/4357/8129
f 3135/4314/8049 3167/4341/8130 3147/4325/8077
f 3124/4290/8021 3165/4346/8114 3168/4358/8131
f 3156/4359/8132 3154/4345/8124 3172/4355/8123
f 3152/4340/8118 3162/4356/8127 3159/4350/8119
f 3162/4356/8127 3161/4360/8133 3159/4350/8119
f 3161/4360/8133 3163/4361/8134 3159/4350/8119
f 3163/4361/8135 3164/4357/8135 3159/4350/8135
f 3159/4350/8136 3164/4357/8136 3153/4343/8136
f 3153/4343/8109 3149/4333/8111 3148/4342/8137
f 3166/4347/8138 3147/4325/8077 3167/4341/8130
f 3124/4290/7988 3168/4358/8139 3167/4330/8068
f 3165/4362/8140 3158/4363/8141 3169/4364/8142
f 3172/4365/8143 3170/4352/8143 3156/4351/8143
f 3166/4347/8138 3167/4341/8130 3159/4350/8144
f 3159/4350/8145 3153/4343/8145 3166/4347/8145
f 3165/4362/8140 3169/4364/8142 3173/4366/8146
f 3158/4363/8147 3170/4367/8147 3169/4364/8147
f 3167/4368/8148 3168/4369/8148 3171/4370/8148
f 3168/4369/8149 3165/4362/8149 3179/4371/8149
f 3159/4372/8150 3167/4373/8150 3176/4374/8150
f 3171/4370/8151 3168/4369/8152 3179/4371/8153
f 3165/4362/8154 3173/4366/8155 3179/4371/8156
f 3183/4375/8157 3172/4376/8157 3159/4372/8157
f 3173/4366/8146 3169/4364/8142 3178/4377/8158
f 3175/4378/8159 3170/4367/8160 3172/4376/8161
f 3171/4370/8162 3176/4379/8163 3167/4368/8164
f 3183/4375/8165 3159/4372/8166 3176/4374/8167
f 3178/4377/8168 3169/4364/8169 3180/4380/8170
f 3180/4380/8170 3169/4364/8169 3170/4367/8171
f 3170/4367/8160 3175/4378/8159 3180/4380/8172
f 3175/4378/8173 3172/4376/8174 3183/4375/8175
f 3179/4371/8156 3173/4366/8155 3181/4381/8176
f 3193/4382/8177 3181/4381/8176 3173/4366/8155
f 3179/4371/8178 3181/4381/8179 3187/4383/8180
f 3175/4378/8173 3183/4375/8175 3188/4384/8181
f 3176/4379/8163 3171/4370/8162 3185/4385/8182
f 3176/4374/8167 3184/4386/8183 3191/4387/8184
f 3171/4370/8151 3179/4371/8153 3187/4383/8185
f 3176/4374/8167 3191/4387/8184 3183/4375/8165
f 3171/4370/8151 3187/4383/8185 3185/4385/8186
f 3185/4385/8182 3184/4388/8187 3176/4379/8163
f 3193/4382/8188 3173/4366/8146 3178/4377/8158
f 3180/4380/8172 3175/4378/8159 3188/4384/8189
f 3180/4380/8170 3190/4389/8190 3178/4377/8168
f 3185/4385/8186 3187/4383/8185 3189/4390/8191
f 3190/4389/8192 3180/4380/8193 3200/4391/8194
f 3183/4375/8195 3191/4387/8196 3188/4384/8197
f 3198/4392/8198 3187/4383/8180 3181/4381/8179
f 3178/4377/8199 3190/4389/8200 3193/4382/8201
f 3200/4391/8202 3180/4380/8172 3188/4384/8189
f 3196/4393/8203 3191/4387/8184 3184/4386/8183
f 3198/4392/8204 3181/4381/8176 3193/4382/8177
f 3185/4385/8182 3189/4390/8205 3184/4388/8187
f 3189/4390/8191 3187/4383/8185 3192/4394/8206
f 3192/4394/8207 3187/4383/8180 3198/4392/8198
f 3184/4388/8208 3189/4390/8209 3194/4395/8210
f 3188/4384/8197 3191/4387/8196 3195/4396/8211
f 3184/4388/8212 3194/4395/8213 3196/4397/8214
f 3200/4391/8215 3188/4384/8216 3195/4396/8217
f 3195/4396/8211 3191/4387/8196 3196/4393/8218
f 3192/4394/8207 3201/4398/8219 3197/4399/8220
f 3201/4398/8219 3192/4394/8207 3198/4392/8198
f 3197/4399/8221 3189/4390/8191 3192/4394/8206
f 3198/4392/8204 3193/4382/8177 3203/4400/8222
f 3193/4382/8201 3190/4389/8200 3203/4400/8223
f 3203/4400/8223 3190/4389/8200 3204/4401/8224
f 3190/4389/8192 3200/4391/8194 3204/4401/8225
f 3189/4390/8191 3197/4399/8221 3199/4402/8226
f 3196/4393/8218 3205/4403/8227 3195/4396/8211
f 3211/4404/8228 3201/4398/8219 3198/4392/8198
f 3194/4395/8210 3189/4390/8209 3199/4402/8229
f 3214/4405/8230 3200/4391/8215 3195/4396/8217
f 3202/4406/8231 3196/4397/8214 3194/4395/8213
f 3194/4395/8210 3199/4402/8229 3202/4406/8232
f 3211/4404/8233 3198/4392/8204 3203/4400/8222
f 3211/4404/8233 3203/4400/8222 3212/4407/8234
f 3200/4391/8235 3214/4405/8236 3210/4408/8237
f 3214/4405/8238 3195/4396/8239 3205/4403/8240
f 3200/4391/8194 3210/4408/8241 3204/4401/8225
f 3203/4400/8223 3204/4401/8224 3212/4407/8242
f 3206/4409/8243 3202/4406/8232 3199/4402/8229
f 3209/4410/8244 3201/4398/8219 3211/4404/8228
f 3204/4401/8245 3210/4408/8246 3212/4407/8247
f 3207/4411/8248 3197/4399/8220 3209/4410/8249
f 3197/4399/8220 3201/4398/8219 3209/4410/8249
f 3196/4397/8214 3202/4406/8231 3206/4409/8250
f 3205/4412/8240 3208/4413/8251 3214/4414/8238
f 3199/4402/8226 3197/4399/8221 3207/4411/8252
f 3196/4397/8218 3206/4409/8253 3205/4415/8227
f 3199/4402/8254 3207/4411/8255 3219/4416/8256
f 3211/4404/8233 3212/4407/8234 3221/4417/8257
f 3206/4409/8243 3199/4402/8229 3219/4416/8258
f 3205/4412/8227 3206/4418/8253 3215/4419/8259
f 3209/4410/8244 3211/4404/8228 3221/4417/8260
f 3205/4412/8227 3215/4419/8259 3216/4420/8261
f 3217/4421/8262 3212/4407/8247 3210/4408/8246
f 3205/4412/8240 3216/4420/8263 3208/4413/8251
f 3207/4411/8248 3209/4410/8249 3225/4422/8264
f 3224/4423/8265 3221/4417/8257 3212/4407/8234
f 3217/4421/8266 3210/4408/8237 3214/4405/8236
f 3206/4418/8267 3219/4424/8268 3215/4419/8269
f 3217/4425/8270 3214/4414/8271 3208/4413/8272
f 3219/4424/8256 3207/4426/8255 3220/4427/8273
f 3207/4426/8274 3225/4428/8275 3220/4427/8276
f 3224/4423/8277 3212/4407/8247 3217/4421/8262
f 3219/4424/8256 3220/4427/8273 3223/4429/8278
f 3209/4410/8244 3221/4417/8260 3222/4430/8279
f 3224/4431/8277 3217/4425/8262 3226/4432/8280
f 3222/4430/8281 3221/4417/8257 3224/4423/8265
f 3219/4424/8268 3223/4429/8282 3215/4419/8269
f 3228/4433/8283 3222/4434/8281 3224/4435/8265
f 3208/4413/8251 3216/4420/8263 3232/4436/8284
f 3225/4422/8285 3209/4410/8286 3222/4430/8287
f 3228/4433/8283 3229/4437/8288 3222/4434/8281
f 3230/4438/8289 3224/4431/8277 3226/4432/8280
f 3228/4439/8290 3224/4431/8277 3230/4438/8289
f 3215/4419/8269 3223/4429/8282 3227/4440/8291
f 3217/4425/8270 3208/4413/8272 3232/4436/8292
f 3222/4441/8287 3238/4442/8293 3225/4428/8285
f 3227/4440/8291 3223/4429/8282 3233/4443/8294
f 3238/4442/8293 3222/4441/8287 3229/4444/8295
f 3235/4445/8296 3228/4433/8290 3230/4446/8289
f 3226/4432/8297 3217/4425/8270 3232/4436/8292
f 3223/4429/8278 3220/4427/8273 3233/4443/8298
f 3229/4437/8288 3228/4433/8283 3250/4447/8299
f 3236/4448/8300 3230/4438/8301 3226/4432/8302
f 3215/4419/8259 3227/4440/8303 3216/4420/8261
f 3225/4428/8275 3238/4442/8304 3231/4449/8305
f 3220/4427/8276 3225/4428/8275 3231/4449/8305
f 3236/4448/8306 3226/4432/8297 3239/4450/8307
f 3216/4420/8261 3227/4440/8303 3234/4451/8308
f 3239/4450/8307 3226/4432/8297 3232/4436/8292
f 3220/4427/8273 3231/4449/8309 3240/4452/8310
f 3250/4447/8311 3228/4433/8290 3241/4453/8312
f 3228/4433/8290 3235/4445/8296 3241/4453/8312
f 3234/4451/8308 3227/4440/8303 3237/4454/8313
f 3233/4443/8298 3220/4427/8273 3240/4452/8310
f 3243/4455/8314 3235/4445/8315 3230/4446/8301
f 3247/4456/8316 3236/4448/8306 3239/4450/8307
f 3227/4440/8291 3233/4443/8294 3240/4452/8317
f 3241/4453/8318 3235/4445/8315 3243/4455/8314
f 3243/4457/8314 3230/4438/8301 3236/4448/8300
f 3232/4436/8284 3216/4420/8263 3239/4450/8319
f 3231/4449/8305 3238/4442/8304 3242/4458/8320
f 3238/4442/8304 3249/4459/8321 3242/4458/8320
f 3249/4459/8322 3238/4442/8293 3229/4444/8295
f 3229/4437/8288 3250/4447/8299 3245/4460/8323
f 3239/4450/8324 3216/4420/8325 3234/4451/8326
f 3240/4452/8310 3231/4449/8309 3242/4458/8327
f 3247/4456/8328 3239/4450/8324 3234/4451/8326
f 3237/4454/8329 3227/4440/8330 3246/4461/8331
f 3246/4461/8332 3227/4440/8291 3240/4452/8317
f 3240/4452/8333 3242/4458/8334 3246/4461/8335
f 3243/4457/8336 3236/4448/8306 3247/4456/8316
f 3251/4462/8337 3237/4454/8329 3246/4461/8331
f 3234/4451/8308 3237/4454/8313 3248/4463/8338
f 3229/4444/8295 3255/4464/8339 3249/4459/8322
f 3247/4456/8328 3234/4451/8326 3248/4463/8340
f 3229/4444/8341 3245/4465/8342 3255/4464/8343
f 3241/4453/8318 3243/4455/8314 3252/4466/8344
f 3242/4458/8320 3249/4459/8321 3253/4467/8345
f 3254/4468/8346 3241/4453/8318 3252/4466/8344
f 3253/4467/8345 3249/4459/8321 3258/4469/8347
f 3260/4470/8348 3243/4457/8336 3247/4456/8316
f 3248/4463/8338 3237/4454/8313 3256/4471/8349
f 3258/4469/8350 3249/4459/8322 3255/4464/8339
f 3241/4453/8312 3254/4468/8351 3250/4447/8311
f 3252/4466/8352 3243/4455/8336 3260/4472/8348
f 3246/4461/8335 3242/4458/8334 3251/4462/8353
f 3242/4458/8334 3253/4467/8354 3251/4462/8353
f 3237/4454/8313 3251/4462/8355 3256/4471/8349
f 3257/4473/8356 3254/4468/8346 3252/4466/8344
f 3247/4456/8328 3248/4463/8340 3260/4470/8357
f 3248/4463/8340 3256/4471/8358 3260/4470/8357
f 3269/4474/8359 3245/4460/8323 3250/4447/8299
f 3252/4466/8352 3260/4472/8348 3261/4475/8360
f 3256/4476/8358 3261/4475/8361 3260/4472/8357
f 3259/4477/8362 3251/4462/8353 3253/4467/8354
f 3258/4469/8347 3265/4478/8363 3253/4467/8345
f 3261/4475/8360 3257/4473/8364 3252/4466/8352
f 3269/4474/8365 3250/4447/8311 3254/4468/8351
f 3255/4464/8343 3245/4465/8342 3268/4479/8366
f 3259/4477/8367 3256/4471/8349 3251/4462/8355
f 3265/4478/8368 3258/4469/8350 3275/4480/8369
f 3258/4469/8350 3255/4464/8339 3275/4480/8369
f 3275/4480/8370 3255/4464/8343 3268/4479/8366
f 3261/4475/8361 3256/4476/8358 3262/4481/8371
f 3266/4482/8372 3269/4474/8365 3254/4468/8351
f 3259/4477/8362 3253/4467/8354 3273/4483/8373
f 3253/4467/8345 3265/4478/8363 3273/4483/8374
f 3268/4484/8375 3245/4460/8323 3269/4474/8359
f 3271/4485/8376 3257/4473/8364 3261/4475/8360
f 3276/4486/8377 3268/4484/8375 3269/4474/8359
f 3257/4473/8356 3271/4485/8378 3267/4487/8379
f 3271/4485/8380 3261/4475/8381 3262/4481/8382
f 3254/4468/8346 3257/4473/8356 3267/4487/8379
f 3266/4482/8372 3254/4468/8383 3267/4487/8384
f 3270/4488/8385 3256/4476/8349 3259/4489/8367
f 3283/4490/8386 3256/4476/8349 3270/4488/8385
f 3275/4491/8370 3268/4492/8366 3276/4493/8387
f 3262/4481/8371 3256/4476/8358 3283/4490/8388
f 3265/4494/8363 3274/4495/8389 3273/4496/8374
f 3269/4474/8365 3266/4482/8372 3289/4497/8390
f 3278/4498/8391 3265/4499/8368 3275/4491/8369
f 3289/4497/8392 3276/4486/8377 3269/4474/8359
f 3270/4488/8393 3259/4489/8362 3273/4496/8373
f 3274/4500/8394 3265/4499/8395 3278/4498/8396
f 3271/4485/8380 3262/4481/8382 3277/4501/8397
f 3262/4481/8371 3283/4490/8388 3277/4501/8398
f 3270/4488/8393 3273/4496/8373 3274/4495/8399
f 3281/4502/8400 3266/4482/8372 3267/4487/8384
f 3267/4487/8379 3271/4485/8378 3281/4502/8401
f 3271/4485/8378 3282/4503/8402 3281/4502/8401
f 3282/4503/8403 3271/4485/8380 3277/4501/8397
f 3276/4504/8377 3289/4505/8392 3280/4506/8404
f 3290/4507/8405 3283/4508/8386 3270/4509/8385
f 3289/4497/8390 3266/4482/8372 3281/4502/8400
f 3275/4491/8370 3276/4493/8387 3284/4510/8406
f 3278/4498/8407 3275/4491/8407 3284/4510/8407
f 3289/4505/8390 3281/4511/8400 3285/4512/8408
f 3284/4510/8406 3276/4493/8387 3280/4513/8409
f 3281/4511/8401 3282/4514/8402 3285/4512/8410
f 3286/4515/8411 3290/4507/8412 3270/4509/8413
f 3270/4516/8393 3274/4500/8399 3286/4517/8414
f 3287/4518/8415 3286/4517/8416 3274/4500/8417
f 3287/4518/8418 3274/4500/8394 3278/4498/8396
f 3282/4503/8419 3277/4501/8398 3283/4490/8388
f 3291/4519/8420 3288/4520/8421 3282/4514/8422
f 3282/4514/8402 3288/4520/8423 3285/4512/8410
f 3282/4514/8419 3283/4508/8388 3291/4519/8424
f 3287/4518/8425 3278/4498/8426 3284/4510/8427
f 3291/4519/8428 3283/4508/8386 3290/4507/8405
f 3300/4521/8429 3289/4505/8390 3285/4512/8408
f 3297/4522/8430 3287/4518/8425 3284/4510/8427
f 3286/4517/8416 3287/4518/8415 3298/4523/8431
f 3280/4506/8404 3289/4505/8392 3294/4524/8432
f 3292/4525/8433 3280/4506/8404 3294/4524/8432
f 3289/4505/8392 3300/4521/8434 3294/4524/8432
f 3285/4512/8410 3288/4520/8423 3295/4526/8435
f 3291/4519/8428 3290/4507/8405 3296/4527/8436
f 3298/4523/8431 3287/4518/8415 3297/4522/8437
f 3284/4510/8406 3280/4513/8409 3292/4528/8438
f 3285/4512/8439 3295/4526/8440 3300/4521/8441
f 3295/4526/8442 3288/4520/8421 3291/4519/8420
f 3290/4507/8412 3286/4515/8411 3298/4529/8443
f 3297/4522/8444 3284/4510/8445 3292/4528/8446
f 3291/4519/8420 3301/4530/8447 3295/4526/8442
f 3291/4519/8448 3299/4531/8449 3301/4530/8450
f 3291/4519/8428 3296/4527/8436 3299/4531/8451
f 3296/4527/8452 3290/4507/8412 3298/4529/8443
f 3298/4529/8431 3297/4532/8437 3303/4533/8453
f 3296/4527/8452 3298/4529/8443 3306/4534/8454
f 3303/4533/8455 3297/4532/8444 3304/4535/8456
f 3311/4536/8457 3299/4531/8451 3296/4527/8436
f 3306/4534/8458 3298/4529/8431 3303/4533/8453
f 3297/4522/8444 3292/4528/8446 3304/4537/8456
f 3292/4525/8433 3294/4524/8432 3304/4538/8459
f 3322/4539/8460 3296/4527/8452 3306/4534/8454
f 3311/4536/8461 3296/4527/8462 3322/4539/8463
f 3305/4540/8464 3294/4524/8432 3300/4521/8434
f 3323/4541/8465 3301/4530/8450 3299/4531/8449
f 3301/4530/8447 3323/4541/8466 3307/4542/8467
f 3301/4530/8447 3307/4542/8467 3295/4526/8442
f 3300/4521/8441 3295/4526/8440 3307/4542/8468
f 3311/4536/8457 3308/4543/8469 3299/4531/8451
f 3309/4544/8470 3294/4524/8432 3305/4540/8471
f 3305/4540/8464 3300/4521/8434 3310/4545/8472
f 3310/4545/8473 3300/4521/8441 3307/4542/8468
f 3338/4546/8474 3306/4534/8458 3303/4533/8453
f 3294/4524/8432 3309/4544/8470 3304/4538/8459
f 674/4547/8475 1029/1291/8476 3314/4548/8477
f 3314/4548/8477 1029/1291/8476 3312/4549/8478
f 1077/1404/2649 1038/1337/2648 3332/4550/8479
f 1076/1317/8480 1024/1134/8480 3317/1318/8480
f 1000/1124/2443 1073/1367/2445 1053/1319/8481
f 1025/1320/8482 1040/1321/8483 3325/1368/8484
f 1035/1351/8485 917/1087/1902 1063/1361/2434
f 1029/1291/2463 674/4547/8486 1063/1361/2434
f 3322/4539/8487 3306/4534/8488 3338/4546/8489
f 1029/1291/2297 677/1280/2296 1003/4551/8490
f 3324/4552/8491 1039/1274/8491 1020/1254/8491
f 1073/1367/8492 1014/1128/2290 1061/1347/2411
f 3313/4553/8493 1025/4554/8482 3325/4555/8484
f 3303/4533/8455 3304/4535/8456 3309/4556/8494
f 3319/4557/8495 1038/1337/2391 1023/1315/2390
f 3308/4543/8469 3311/4536/8457 674/4558/8496
f 674/4558/8497 3311/4536/8497 1063/4559/8497
f 3299/4531/8449 3308/4543/8498 3323/4541/8465
f 3312/4549/8499 1029/1291/8500 3316/4560/8501
f 1029/1291/8500 1003/4551/8502 3316/4560/8501
f 1073/1367/8503 1020/1254/8504 1053/1319/8505
f 1023/1315/2348 678/1253/2347 3319/4557/8506
f 3319/4561/8506 678/1339/2347 1076/1317/8507
f 3314/4562/8508 3318/4563/8509 674/4558/8510
f 3331/4564/8511 1036/1381/2472 1074/1383/2474
f 3327/4565/8512 1020/1254/8504 1073/1367/8503
f 3320/4566/8513 1061/1347/8513 3313/1371/8513
f 3334/4567/8514 3313/4553/8515 3325/4555/8516
f 3325/1368/8517 1062/1350/8517 3321/4568/8517
f 1056/1360/2403 1057/1327/8518 3336/4569/8519
f 3336/4569/8520 1057/1327/8520 1035/1351/8520
f 1063/4559/8521 3311/4536/8461 3322/4539/8463
f 3314/4562/8522 3312/4570/8523 3318/4563/8524
f 3319/4557/8525 3332/4550/8479 1038/1337/2648
f 3319/4561/8526 1076/1317/8527 3317/1318/8528
f 1062/1350/8529 1043/1299/8529 3321/4568/8529
f 1043/1299/2401 1056/1344/2403 3336/4571/8519
f 1035/1351/8530 1063/1361/8530 3328/4572/8530
f 3308/4543/8498 674/4558/8510 3318/4563/8509
f 1073/1367/8492 1061/1347/2411 3320/4566/8531
f 3320/4566/8532 3313/1371/8515 3334/4573/8514
f 3336/4569/8533 1035/1351/8533 3328/4572/8533
f 3328/4574/8534 1063/4559/8535 3322/4539/8487
f 3323/4541/8465 3308/4543/8498 3318/4563/8509
f 3318/4563/8524 3312/4570/8523 3316/4575/8536
f 1020/1254/8537 3329/4576/8538 3324/4552/8539
f 3321/4568/8540 1043/1299/2401 3336/4571/8519
f 3330/4577/8541 3316/1293/2300 1036/1300/2317
f 914/1135/8542 1039/1274/8543 3344/4578/8544
f 3325/1368/8545 3326/4579/8545 3334/4580/8545
f 3326/4579/8546 3325/1368/8546 3321/4568/8546
f 1077/1404/2511 3332/4550/8547 1074/1383/2512
f 3317/1318/8548 914/1135/8549 3344/4578/8550
f 3344/4578/8544 1039/1274/8543 3324/4552/8551
f 3329/4576/8538 1020/1254/8537 3327/4565/8552
f 3319/4561/8526 3317/1318/8528 3333/4581/8553
f 3336/4582/8554 3328/4574/8554 3337/4583/8554
f 3330/4584/8555 1036/1381/2472 3331/4564/8511
f 3333/4581/8556 3317/1318/8548 3344/4578/8550
f 1073/1367/8503 3320/4566/8557 3327/4565/8512
f 3337/4583/8558 3328/4574/8534 3322/4539/8487
f 3322/4539/8487 3338/4546/8489 3337/4583/8558
f 3339/4585/8559 3323/4541/8466 3318/4563/8560
f 3309/4544/8470 3305/4540/8471 3366/4586/8561
f 3366/4586/8561 3305/4540/8471 3342/4587/8562
f 3307/4542/8467 3323/4541/8466 3339/4585/8559
f 3318/4563/8563 3316/4575/8564 3330/4588/8565
f 3321/4568/8566 3336/4571/8566 3326/4579/8566
f 3326/4589/8567 3336/4590/8568 3341/4591/8569
f 3307/4542/8468 3339/4585/8570 3310/4545/8473
f 3327/4592/8571 3320/4593/8572 3343/4594/8573
f 3318/4563/8563 3330/4588/8565 3339/4585/8574
f 1074/1383/2512 3332/4550/8547 3331/4564/8575
f 3332/4595/8479 3319/4561/8525 3333/4581/8576
f 3320/4593/8577 3334/4596/8577 3343/4594/8577
f 3334/4596/8578 3326/4589/8579 3341/4591/8580
f 3329/4597/8581 3327/4592/8582 3426/4598/8583
f 3429/4599/8584 3336/4600/8585 3337/4601/8586
f 3337/4583/8587 3338/4546/8587 3372/4602/8587
f 3372/4602/8588 3338/4546/8474 3303/4533/8453
f 3371/4603/8589 3337/4601/8590 3372/4604/8591
f 3342/4587/8592 3305/4540/8464 3310/4545/8472
f 3329/4597/8581 3426/4598/8583 3374/4605/8593
f 3344/4578/8544 3324/4552/8551 3373/4606/8594
f 3324/4552/8551 3329/4576/8595 3373/4606/8594
f 3336/4590/8568 3398/4607/8596 3341/4591/8569
f 3336/4600/8585 3429/4599/8584 3398/4608/8597
f 3429/4599/8584 3337/4601/8586 3371/4603/8598
f 3366/4609/8599 3372/4602/8600 3309/4556/8494
f 3372/4602/8600 3303/4533/8455 3309/4556/8494
f 3310/4545/8601 3339/4585/8601 3342/4587/8601
f 3339/4585/8602 3330/4588/8603 3342/4587/8604
f 3330/4610/8603 3331/4611/8605 3342/4612/8604
f 3332/4595/8606 3333/4581/8556 3373/4606/8607
f 3333/4581/8556 3344/4578/8550 3373/4606/8607
f 3426/4598/8608 3327/4592/8571 3343/4594/8573
f 799/951/8609 809/964/8609 822/4613/8609
f 3360/999/8610 780/963/8610 797/985/8610
f 3351/4614/8611 797/985/8611 811/986/8611
f 811/986/8612 769/923/8612 3352/1014/8612
f 769/923/8613 785/965/8613 3352/1014/8613
f 769/923/8614 812/993/8614 3347/4615/8614
f 3347/4615/8615 812/993/8615 3348/4616/8615
f 812/993/8616 3349/1016/8616 3348/4616/8616
f 3350/4617/8617 3349/1016/1747 742/922/1749
f 828/1032/1787 793/977/1786 771/941/8618
f 801/4618/8619 3341/4591/8569 3398/4607/8596
f 3352/1014/8620 788/956/8620 3376/4619/8620
f 788/956/8621 823/1015/8621 3376/4619/8621
f 803/987/8622 790/958/8623 3353/4620/8624
f 790/958/8625 789/957/8626 817/4621/8627
f 789/957/8626 786/966/8628 817/4621/8627
f 3348/4616/8629 3349/4622/8629 3347/4615/8629
f 3349/4622/8630 3350/4623/8630 3347/4615/8630
f 3347/4615/8631 3350/4623/8631 3354/4624/8631
f 3350/4617/8617 742/922/1749 3354/4624/8632
f 820/1017/1742 819/4625/1741 733/1018/8633
f 819/4626/1741 818/4627/1740 341/4628/8634
f 820/1011/8635 805/4629/8635 3355/4630/8635
f 3355/4630/8636 805/4629/8636 813/4631/8636
f 782/931/8637 758/913/1758 3356/1019/1757
f 787/932/1759 806/4632/8638 3356/1019/1757
f 814/998/8639 800/975/8639 3357/4633/8639
f 732/982/8640 801/981/8619 3398/4634/8596
f 795/971/8641 808/973/8641 821/4635/8641
f 769/923/8642 3347/4615/8642 786/966/8642
f 3354/4624/8643 742/922/8643 3347/4615/8643
f 3411/4636/8644 819/4625/8644 341/4637/8644
f 342/4638/8645 341/4628/8645 3386/4639/8645
f 813/960/8646 773/944/8646 3364/1012/8646
f 3331/4611/8575 3332/4640/8547 3373/4641/8647
f 3383/4642/8648 3329/4597/8649 3374/4605/8650
f 3359/4643/8651 3341/4591/8652 801/4618/8653
f 821/1007/8654 799/951/8655 3367/4644/8656
f 822/4613/8657 809/964/8657 3360/999/8657
f 797/985/8658 3351/4614/8659 3360/999/8660
f 823/1015/8661 802/959/8661 815/1000/8661
f 3368/994/8662 791/925/1705 792/991/1707
f 804/1008/1750 733/1018/1752 3362/4645/8663
f 341/4628/8664 342/4638/8665 343/4646/8666
f 341/4628/8667 818/4627/8668 3386/4639/8669
f 3386/4639/8669 818/4627/8668 3363/4647/8670
f 818/1009/8671 820/1011/8671 3370/4648/8671
f 3370/4648/8672 820/1011/8672 824/4649/8672
f 3357/4633/8673 800/975/8673 3358/4650/8673
f 3382/4651/8674 3331/4611/8575 3373/4641/8647
f 3334/4596/8578 3341/4591/8580 3359/4643/8675
f 799/951/8676 822/4613/8676 3391/4652/8676
f 3353/4620/8624 790/958/8623 817/4621/8677
f 742/922/1670 3361/967/1669 3347/4615/8678
f 340/4653/8679 343/4646/8680 3380/4654/8681
f 749/903/8682 3403/928/8683 3364/1012/8684
f 800/975/8685 807/1005/8685 3358/4650/8685
f 801/1020/8686 795/971/8687 821/4635/8688
f 3375/4655/8689 3360/999/8660 3351/4614/8659
f 817/4621/8627 786/966/8628 3377/4656/8690
f 3411/4636/8691 341/4637/8664 3378/4657/8692
f 3385/4658/8693 343/4646/8680 342/4638/8694
f 3410/4659/8695 3355/4630/8695 813/4631/8695
f 799/951/8655 3391/4652/8696 3367/4644/8656
f 822/4613/8697 3360/999/8697 3391/4652/8697
f 3369/4660/8698 340/4653/8699 3421/4661/8700
f 3380/4654/8701 3421/4661/8700 340/4653/8699
f 3385/4658/8702 342/4638/8702 3386/4639/8702
f 3381/4662/8703 3363/4663/8704 818/1009/8705
f 818/1009/8705 3370/4648/8706 3381/4662/8703
f 813/960/8707 3364/1012/8707 3387/4664/8707
f 828/1032/1787 771/941/8618 3365/1004/8708
s 0
f 3388/4665/1049 3390/4666/1049 3389/4667/1049
s 1
f 3390/4668/8709 3358/4650/8710 3389/4667/8711
f 3373/4641/8712 3329/4597/8649 3383/4642/8648
f 3351/4614/8713 811/986/8713 3352/1014/8713
f 815/1000/8714 803/987/8715 3353/4620/8716
f 804/1008/1738 3394/4669/8717 3393/4670/8718
f 3393/4671/8719 3394/4672/8719 3395/4673/8719
f 3394/4669/8720 804/1008/8720 3395/4673/8720
f 804/1008/1750 3362/4645/8663 3395/4673/8721
f 3362/4645/8722 733/1018/8633 3411/4636/8723
f 733/1018/8633 819/4625/1741 3411/4636/8723
f 3379/4674/8724 343/4646/8666 3369/4660/8725
f 343/4646/8666 340/4653/8726 3369/4660/8725
f 343/4646/8680 3385/4658/8693 3380/4654/8681
f 3370/4648/8727 824/4649/8728 339/4675/8729
f 824/4649/8730 820/1011/8730 3355/4630/8730
f 3357/4633/8731 3358/4650/8731 3397/4676/8731
f 3358/4650/8732 3390/4668/8732 3397/4676/8732
f 3397/4676/8733 3390/4666/8734 3398/4677/8735
f 3390/4666/8736 3388/4665/8736 3398/4677/8736
f 3388/4665/8737 3389/4667/8737 3398/4677/8737
f 3389/4667/8711 3358/4650/8710 3398/4677/8596
f 3392/4678/8738 815/1000/8714 3353/4620/8716
f 804/1008/1738 3393/4670/8718 3399/4679/8739
f 3399/4679/8739 3393/4671/8740 3384/4680/8741
f 3393/4671/8742 3395/4673/8742 3384/4680/8742
f 3395/4673/8721 3362/4645/8663 3384/4680/8743
f 3401/4681/8744 3400/4682/8744 3402/4683/8744
f 3400/4682/8745 3384/4680/8745 3402/4683/8746
f 3402/4683/8747 3384/4680/8747 3396/4684/8747
f 3384/4680/8743 3362/4645/8663 3396/4684/8748
f 3415/4685/8749 3411/4636/8691 3378/4657/8692
f 341/4628/8664 343/4646/8666 3378/4686/8692
f 3378/4686/8692 343/4646/8666 3379/4674/8724
f 3403/4687/8750 782/4688/8751 3423/4689/8752
f 828/1032/8753 3365/1004/8753 3404/4690/8753
f 3365/1004/8754 814/998/8754 3357/4633/8754
f 3357/4633/8755 3397/4676/8733 3398/4677/8735
f 3342/4612/8756 3331/4611/8757 3382/4651/8758
f 3334/4596/8759 3359/4643/8760 3343/4594/8761
f 801/4691/8686 821/1007/8688 3405/4692/8762
f 3360/999/8763 3375/4655/8764 3413/4693/8765
f 3351/4614/8766 3352/1014/8767 3406/4694/8768
f 3434/4695/8769 815/1000/8769 3392/4678/8769
f 804/1008/1738 3399/4679/8739 792/991/1707
f 792/991/1707 3399/4679/8739 3384/4680/8741
f 3384/4680/8741 3400/4682/8770 3407/4696/8771
f 3400/4697/8772 3401/4698/8773 3407/4696/8771
f 3407/4696/8771 3401/4698/8773 3396/4684/8774
f 3401/4698/8775 3402/4683/8775 3396/4684/8775
f 3410/4659/8776 813/4631/8776 3387/4699/8776
f 3398/4700/8596 3358/970/8710 732/980/8640
f 3372/4604/8777 3366/4701/8777 3451/4702/8777
f 3342/4612/8756 3382/4651/8758 3366/4703/8778
f 3382/4651/8674 3373/4641/8647 3452/4704/8779
f 3352/1014/8780 3376/4619/8780 3406/4694/8780
f 3377/4656/8781 786/966/8782 3347/4615/8783
f 3384/4680/8741 3407/4696/8771 792/991/1707
f 792/991/1707 3407/4696/8771 3396/4684/8774
f 3378/4657/8692 3419/4705/8784 3418/4706/8785
f 3378/4686/8692 3379/4674/8724 3419/4707/8784
f 3370/4648/8727 339/4675/8729 3381/4662/8786
f 3381/4662/8787 339/4675/8788 3408/4708/8789
f 339/4675/8790 824/4649/8790 3409/4709/8790
f 3365/1004/8791 3357/4633/8791 3404/4690/8791
f 3391/4652/8792 3360/999/8763 3413/4693/8765
f 3415/4685/8793 3378/4657/8793 3418/4706/8793
f 3379/4674/8724 3369/4660/8725 337/4710/8794
f 3443/4711/8795 3386/4712/8796 3363/4663/8797
f 3355/4630/8798 3410/4659/8799 3422/4713/8800
f 3429/4599/8584 3371/4603/8598 3466/4714/8801
f 3451/4702/8802 3371/4603/8589 3372/4604/8591
f 3452/4704/8803 3373/4641/8712 3383/4642/8648
f 3359/4643/8651 801/4618/8653 3405/4715/8804
f 3414/4716/8805 817/4621/8806 3377/4656/8807
f 3361/418/8808 755/914/8809 3368/994/8810
f 3419/4707/8784 3379/4674/8724 337/4710/8794
f 3421/4661/8811 3380/4654/8812 338/4717/8813
f 3380/4654/8812 3385/4658/8814 338/4717/8813
f 3385/4658/8814 3386/4639/8796 338/4717/8813
f 3408/4708/8815 339/4675/8815 3409/4709/8815
f 3409/4709/8816 824/4649/8816 3355/4630/8816
f 3436/4718/8817 3364/4719/8684 3403/4687/8683
f 3412/4720/8818 3343/4594/8761 3359/4643/8760
f 821/1007/8819 3367/4644/8820 3405/4692/8821
f 3375/4655/8822 3351/4614/8822 3416/4721/8822
f 792/991/1707 3396/4684/8774 3417/4722/8823
f 3409/4709/8824 3355/4630/8798 3422/4713/8800
f 782/4688/8825 3356/4723/8826 3423/4689/8827
f 828/1032/1809 3404/4690/8828 806/1040/1810
f 3451/4724/8829 3366/4703/8830 3424/4725/8831
f 3351/4614/8766 3406/4694/8768 3416/4721/8832
f 3406/4694/8833 3376/4619/8833 3425/4726/8833
f 823/1015/8834 815/1000/8834 3434/4695/8834
f 3353/4620/8835 817/4621/8806 3414/4716/8805
f 3414/4727/8805 3377/4728/8807 3460/4729/8836
f 792/991/1707 3417/4722/8823 3368/994/8662
f 337/4710/8794 3369/4660/8725 3420/4730/8837
f 3462/4731/8838 3443/4711/8795 3363/4663/8797
f 3363/4663/8839 3381/4662/8787 3408/4708/8789
f 3436/4718/8817 3403/4687/8683 3463/4732/8840
f 3366/4703/8778 3382/4651/8758 3424/4725/8841
f 3425/4726/8842 3376/4619/8843 823/1015/8844
f 3396/4684/8748 3362/4645/8663 3417/4722/8845
f 3428/4733/8846 3356/4723/1757 806/4734/8638
f 3367/4644/8847 3391/4652/8847 3432/4735/8847
f 3420/4730/8848 3369/4660/8849 3433/4736/8850
f 3387/4699/8851 3364/4737/8852 3431/4738/8853
f 3405/4692/8821 3367/4644/8820 3432/4735/8854
f 3353/4620/8855 3430/4739/8856 3392/4678/8857
f 3377/4728/8781 3347/4740/8783 3447/4741/8858
f 3435/4742/8859 3418/4706/8785 3419/4705/8784
f 3369/4660/8849 3421/4661/8860 3433/4736/8850
f 3431/4738/8853 3364/4737/8852 3436/4743/8861
f 3343/4594/8573 3412/4720/8862 3467/4744/8863
f 3432/4735/8864 3391/4652/8864 3413/4693/8864
f 3413/4693/8865 3375/4655/8866 3416/4721/8867
f 3353/4620/8868 3414/4716/8868 3427/429/8868
f 3427/429/8869 330/428/8869 3430/4739/8869
f 330/428/761 334/4745/763 3430/4739/8870
f 334/422/756 335/424/755 3437/4746/8871
f 3442/4747/8872 338/4748/8813 3386/4712/8796
f 3499/4749/8873 3408/4708/8874 3409/4709/8875
f 3450/4750/8876 3409/4709/8824 3422/4713/8800
f 3428/4751/8877 806/1040/8877 3404/4690/8877
f 3357/4752/8878 3398/4608/8597 3404/4753/8879
f 3343/4594/8573 3467/4744/8863 3426/4598/8608
f 335/427/764 3427/429/766 3438/4754/8880
f 3440/4755/8881 3362/4645/8881 3441/4756/8881
f 3433/4736/8882 3421/4661/8811 338/4717/8813
f 3386/4712/8796 3443/4711/8795 3442/4747/8872
f 3486/4757/8883 3382/4651/8674 3452/4704/8779
f 3416/4721/8832 3406/4694/8768 3444/4758/8884
f 3353/4620/8855 3427/429/8885 3430/4739/8856
f 3437/4746/8871 335/424/755 3445/4759/8886
f 3347/4740/8887 3361/4760/8887 3446/4761/8887
f 3361/4760/8888 327/4762/8888 3446/4761/8888
f 3446/4761/8889 327/4763/8890 3447/4741/8858
f 327/4764/8890 328/415/8891 3447/4765/8858
f 328/415/8892 329/417/8892 3447/4765/8892
f 3447/4765/8893 329/417/8893 3361/418/8893
f 3362/4645/8663 3440/4755/8894 3417/4722/8845
f 3440/4755/8895 3439/4766/8895 3417/4722/8895
f 3417/4722/8896 3440/4767/8896 3448/4768/8896
f 3440/4769/8897 3441/4756/8898 3448/4768/8899
f 3448/4768/8899 3441/4756/8898 3411/4636/8723
f 3441/4756/8898 3362/4645/8722 3411/4636/8723
f 3456/4770/8900 3418/4706/8785 3435/4742/8859
f 3356/4723/8826 3428/4733/8901 3423/4689/8827
f 3404/4753/8879 3398/4608/8597 3429/4599/8584
f 3451/4702/8802 3466/4714/8902 3371/4603/8589
f 3425/4726/8842 823/1015/8844 3453/4771/8903
f 3445/4772/8904 335/427/764 3438/4754/8880
f 3347/4740/8783 3446/4761/8889 3447/4741/8858
f 3447/4765/8905 3361/418/8906 3455/4773/8907
f 3417/4722/8908 3448/4768/8908 3411/4636/8908
f 3456/4770/8900 3411/4636/8691 3415/4685/8749
f 3415/4685/8909 3418/4706/8909 3456/4770/8909
f 3435/4742/8859 3419/4705/8784 337/4774/8794
f 3363/4663/8839 3408/4708/8789 3462/4731/8910
f 3410/4659/8911 3387/4699/8912 3431/4738/8913
f 3359/4643/8914 3405/4715/8915 3432/4775/8916
f 3434/4695/8917 3392/4678/8917 3454/4776/8917
f 3458/4777/8918 3457/4778/8918 3459/4779/8918
f 3457/4778/8919 3427/429/8919 3459/4779/8919
f 3427/429/8920 3414/4716/8920 3459/4779/8920
f 3377/4728/8807 3447/4741/8905 3460/4729/8836
f 3455/4773/8921 3361/418/8808 3368/994/8810
f 3499/4749/8922 3409/4709/8824 3450/4750/8876
f 3383/4642/8648 3374/4605/8650 3452/4704/8923
f 823/1015/8924 3434/4695/8924 3453/4771/8924
f 3392/4678/8925 3430/4739/8925 3454/4776/8925
f 3427/429/8926 3457/4778/8926 3438/4754/8926
f 3457/4778/8927 3458/4780/8927 3438/4754/8927
f 3438/4754/8928 3458/4780/8929 3464/4781/8930
f 3458/4782/8931 3459/4779/8931 3464/4781/8931
f 3459/4779/8932 3414/4716/8932 3464/4781/8932
f 3420/4783/8837 3449/4784/8933 3480/4785/8934
f 3465/4786/8935 3449/4784/8935 3420/4783/8935
f 3422/4713/8936 3410/4659/8911 3431/4738/8913
f 3404/4753/8937 3429/4599/8584 3466/4714/8801
f 3382/4651/8758 3486/4757/8938 3424/4725/8841
f 3426/4598/8583 3467/4744/8939 3374/4605/8593
f 3359/4643/8914 3432/4775/8916 3483/4787/8940
f 3406/4694/8941 3425/4726/8941 3503/4788/8941
f 334/422/8942 3437/4746/8943 3479/4789/8944
f 3464/4781/8930 3414/4716/8945 3438/4754/8928
f 3438/4790/8946 3414/4727/8946 3460/4729/8946
f 3471/4791/8947 3468/4792/8948 3455/4793/8907
f 3468/4792/8948 3447/4741/8905 3455/4793/8907
f 3417/4722/8949 3411/4636/8691 3456/4770/8900
f 337/4774/8794 3420/4783/8837 3480/4785/8934
f 3483/4794/8950 3432/4735/8950 3413/4693/8950
f 3413/4693/8865 3416/4721/8867 3483/4794/8951
f 3430/4739/8952 334/4745/8942 3479/4795/8944
f 3447/4741/8905 3468/4792/8948 3460/4729/8836
f 3460/4729/8953 3468/4792/8953 3470/4796/8953
s 0
f 3470/4796/1049 3468/4792/1049 3471/4797/1049
s 1
f 3471/4791/8954 3455/4793/8954 3472/4798/8954
f 337/4774/8794 3480/4785/8934 3435/4742/8859
f 3469/4799/8955 3449/4784/8956 3465/4786/8957
f 3465/4800/8958 3420/4730/8958 3433/4736/8958
f 3428/4801/8959 3404/4753/8959 3482/4802/8959
f 3482/4802/8960 3404/4753/8937 3466/4714/8801
f 3474/4803/8961 3466/4714/8902 3451/4702/8802
f 3470/4796/8962 3471/4797/8963 3460/4729/8964
f 3471/4797/8965 3472/4804/8966 3460/4729/8964
f 3460/4729/8967 3472/4804/8968 3477/4805/8969
f 3472/4798/8970 3455/4793/8970 3477/4805/8970
f 3449/4784/8956 3469/4799/8955 3480/4785/8971
f 3478/4806/8972 3443/4711/8972 3462/4731/8972
f 3481/4807/8973 3408/4708/8874 3499/4749/8873
f 3431/4738/8853 3436/4743/8861 3473/4808/8974
f 3479/4795/8975 3454/4776/8976 3430/4739/8977
f 3477/4805/8969 3455/4793/744 3460/4729/8967
f 338/4748/8813 3442/4747/8872 3433/4809/8882
f 3462/4731/8910 3408/4708/8789 3481/4807/8978
f 3473/4808/8979 3436/4743/8979 3463/4810/8979
f 3463/4732/8980 3403/4687/8750 3423/4689/8752
f 3510/4811/8981 3451/4724/8829 3424/4725/8831
f 3452/4704/8923 3374/4605/8650 3485/4812/8982
f 3485/4812/8983 3374/4605/8593 3467/4744/8939
f 3412/4720/8818 3359/4643/8760 3483/4787/8984
f 3483/4794/8951 3416/4721/8867 3444/4758/8985
f 3442/4747/8872 3443/4711/8795 3484/4813/8986
f 3443/4711/8987 3478/4806/8987 3484/4813/8987
f 3412/4720/8862 3501/4814/8988 3467/4744/8863
f 3460/4729/8967 3455/4793/744 326/4815/743
f 3469/4816/8989 3465/4800/8990 3433/4736/8882
f 3423/4689/8991 3428/4733/8992 3482/4817/8993
f 3474/4818/8994 3451/4724/8829 3510/4811/8981
f 3412/4720/8818 3483/4787/8984 3511/4819/8995
f 3444/4758/8996 3406/4694/8997 3503/4788/8998
f 3488/4820/8999 3490/4821/9000 3487/4822/9001
f 3487/4822/9002 3490/4821/9002 3489/4823/9002
f 3489/4824/9003 3490/4825/9003 3491/4826/9003
f 3490/4821/9004 3488/4820/9004 3491/4826/9004
f 3493/4827/9005 3487/4822/9006 3492/4828/9007
f 3487/4822/9006 3489/4823/9008 3492/4828/9007
f 3489/4824/9009 3491/4826/9009 3492/4828/9009
f 3492/4828/9010 3491/4826/9010 3493/4827/9010
f 3493/4827/9011 3491/4826/9011 3488/4820/9011
f 3494/4829/9012 3488/4830/8999 3487/4831/9001
f 326/412/9013 3496/414/9014 3494/4829/9015
f 3493/4827/9016 3488/4820/9017 3505/4832/9018
f 3505/4832/9018 3488/4820/9017 3495/4833/9019
f 3488/4830/9020 3494/4829/9015 3496/414/9014
f 3498/4834/9021 3481/4807/9021 3499/4749/9021
f 3453/4771/9022 3434/4695/9023 3454/4776/9024
f 3437/4746/9025 3445/4759/9026 3502/4835/9027
f 3445/4772/8904 3438/4754/8880 3502/4836/9028
f 3456/4770/8900 3435/4742/8859 3497/4837/9029
f 3450/4750/9030 3422/4713/9030 3514/4838/9030
f 3501/4814/8988 3412/4720/8862 3511/4819/9031
f 3496/4839/745 3455/4773/744 3495/4840/9032
f 3469/4841/8989 3433/4809/8882 3442/4747/8872
f 3482/4802/9033 3466/4714/8902 3474/4803/8961
f 3516/4842/9034 3486/4757/8883 3452/4704/8779
f 3512/4843/9035 3444/4758/8996 3503/4788/8998
f 3532/4844/9036 3487/4831/9006 3493/4845/9005
f 3495/4846/9032 3488/4830/9037 3496/414/745
f 3455/4773/744 3368/994/8662 3417/4722/8823
f 3417/4722/8949 3456/4770/8900 3497/4837/9029
f 3435/4742/8859 3480/4785/8934 3497/4837/9029
f 3507/4847/9038 3473/4808/9039 3463/4810/9040
f 3423/4689/8991 3482/4817/8993 3463/4732/9041
f 3467/4744/8939 3501/4814/9042 3485/4812/8983
f 3502/4848/9043 3460/4729/8967 326/4815/743
f 3517/4849/9044 3497/4837/9045 3480/4785/9046
f 3517/4849/9044 3480/4785/9046 3469/4799/9047
f 3484/4813/9048 3478/4806/9048 3506/4850/9048
f 3507/4847/9038 3463/4810/9040 3482/4851/9049
f 3482/4851/9033 3474/4852/8961 3525/4853/9050
f 3474/4818/8994 3510/4811/8981 3540/4854/9051
f 3424/4725/8841 3486/4757/8938 3510/4811/9052
f 3503/4788/9053 3425/4726/9054 3453/4771/9055
f 3438/4790/9056 3460/4729/8967 3502/4848/9043
f 3532/4855/9036 3493/4856/9005 3508/4857/9057
f 3513/4858/9058 3505/4859/9058 3509/4860/9058
f 3498/4834/9059 3499/4749/9059 3514/4838/9059
f 3422/4713/8936 3431/4738/8913 3514/4838/9060
f 3483/4787/8984 3444/4861/9061 3511/4819/8995
f 3500/4862/9062 326/412/743 3494/4829/9063
f 3455/4773/744 3417/4722/8823 3495/4840/9032
f 3478/4806/9064 3462/4731/9064 3506/4850/9064
f 3431/4738/8913 3473/4808/9065 3514/4838/9060
f 3444/4861/9061 3512/4863/9066 3511/4819/8995
f 3508/4857/9067 3493/4856/9067 3505/4859/9067
f 3495/4840/9032 3417/4722/8823 3497/4837/9068
f 3469/4841/9069 3442/4747/8872 3517/4864/9070
f 3517/4864/9070 3442/4747/8872 3484/4813/8986
f 3514/4838/9071 3499/4749/8922 3450/4750/8876
f 3507/4847/9072 3482/4851/9033 3525/4853/9050
f 3510/4811/9052 3486/4757/8938 3524/4865/9073
f 3516/4842/9034 3452/4704/8779 3515/4866/9074
f 3437/4746/9025 3502/4835/9027 3518/4867/9075
f 3502/4835/9043 326/412/743 3500/4862/9062
f 3494/4829/9076 3487/4831/9077 3532/4844/9078
f 3505/4859/9079 3513/4858/9079 3520/4868/9079
f 3505/4869/9080 3495/4870/9080 3509/4871/9080
f 3506/4850/9081 3462/4731/8910 3481/4807/8978
f 3486/4757/8938 3516/4842/9082 3524/4865/9073
f 3481/4807/9083 3498/4834/9083 3514/4838/9083
f 3473/4808/9039 3507/4847/9038 3514/4838/9084
f 3437/4746/8943 3518/4867/9085 3479/4789/8944
f 3518/4867/9075 3500/4862/9086 3519/4872/9087
f 3500/4862/9086 3494/4829/9088 3519/4872/9087
f 3502/4835/9027 3500/4862/9086 3518/4867/9075
f 3494/4829/9076 3532/4844/9078 3519/4872/9089
f 3508/4857/9090 3505/4859/9090 3520/4868/9090
f 3521/4873/9091 3495/4840/9032 3497/4837/9068
f 3524/4865/9092 3540/4854/9093 3510/4811/9094
f 3501/4814/9095 3511/4819/9096 3526/4874/9097
f 3522/4875/9098 3454/4876/8976 3479/4789/8975
f 3509/4860/9099 3521/4873/9100 3513/4858/9101
f 3509/4871/9102 3495/4870/9032 3521/4877/9091
f 3481/4807/9103 3514/4838/9084 3531/4878/9104
f 3453/4879/9022 3454/4876/9024 3522/4875/9105
f 3506/4850/9106 3481/4807/9103 3531/4878/9104
f 3515/4866/9107 3452/4704/8923 3485/4812/8982
f 3501/4814/9042 3526/4874/9108 3485/4812/8983
f 3507/4847/9038 3531/4878/9104 3514/4838/9084
f 3525/4853/9109 3474/4852/9110 3540/4880/9111
f 3511/4819/8995 3512/4863/9066 3528/4881/9112
f 3503/4788/9053 3453/4771/9055 3529/4882/9113
f 3522/4875/9105 3479/4789/9114 3518/4867/9115
f 3517/4864/9116 3484/4813/9117 3527/4883/9118
f 3531/4878/9119 3507/4847/9072 3525/4853/9050
f 3512/4843/9035 3503/4788/8998 3529/4882/9120
f 3453/4884/9022 3522/4885/9105 3538/4886/9121
f 3518/4867/9115 3519/4872/9122 3532/4844/9123
f 3513/4858/9101 3521/4873/9100 3534/4887/9124
f 3527/4883/9125 3484/4813/9125 3506/4850/9125
f 3534/4887/9126 3521/4873/9127 3497/4837/9128
f 3516/4842/9082 3590/4888/9129 3524/4865/9073
f 3485/4812/8982 3526/4874/9130 3515/4866/9107
f 3512/4863/9066 3529/4889/9131 3528/4881/9112
f 3520/4868/9132 3513/4858/9132 3534/4887/9132
f 3534/4887/9126 3497/4837/9128 3517/4849/9133
f 3518/4867/9115 3532/4844/9123 3522/4875/9105
f 3506/4850/9134 3530/4890/9135 3536/4891/9136
f 3530/4890/9137 3506/4850/9106 3531/4878/9104
f 3508/4857/9138 3520/4868/9139 3536/4892/9140
f 3520/4868/9139 3534/4887/9141 3536/4892/9140
f 3517/4864/9116 3527/4883/9118 3536/4891/9140
f 3527/4883/9142 3506/4850/9142 3536/4891/9142
f 3530/4893/9135 3588/4894/9143 3537/4895/9144
f 3531/4878/9119 3525/4853/9050 3598/4896/9145
f 3522/4875/9105 3532/4844/9123 3538/4897/9121
f 3534/4887/9141 3517/4849/9116 3536/4892/9140
f 3530/4890/9137 3531/4878/9104 3539/4898/9146
f 3538/4897/9121 3532/4844/9036 3508/4899/9057
f 3530/4893/9135 3537/4895/9144 3536/4900/9136
f 3541/4901/9147 3543/4902/9148 3542/4903/9149
f 3541/4901/9147 3542/4903/9149 3545/4904/9150
f 3544/4905/9151 3543/4902/9148 3541/4901/9147
f 3544/4905/9151 3541/4901/9147 3546/4906/9152
f 3542/4903/9153 3543/4902/9154 3547/4907/9155
f 3550/4908/9156 3543/4902/9157 3544/4905/9158
f 3542/4903/9159 3547/4907/9160 3545/4904/9161
f 3543/4902/9154 3550/4908/9162 3548/4909/9163
f 3553/4910/9164 3546/4906/9165 3541/4901/9166
f 3541/4901/9147 3545/4904/9150 3551/4911/9167
f 3547/4907/9155 3543/4902/9154 3548/4909/9163
f 3544/4905/9151 3546/4906/9152 3556/4912/9168
f 3545/4904/9161 3547/4907/9160 3552/4913/9169
f 3560/4914/9170 3550/4908/9156 3544/4905/9158
f 3541/4901/9166 3551/4911/9171 3553/4910/9164
f 3545/4904/9172 3555/4915/9173 3551/4911/9174
f 3560/4914/9170 3544/4905/9158 3556/4912/9175
f 3553/4910/9164 3551/4911/9171 3557/4916/9176
f 3547/4907/9177 3548/4909/9178 3558/4917/9179
f 3567/4918/9180 3553/4910/9164 3557/4916/9176
f 3545/4904/9161 3552/4913/9169 3561/4919/9181
f 3546/4906/9182 3553/4910/9183 3559/4920/9184
f 3561/4919/9185 3555/4915/9173 3545/4904/9172
f 3552/4913/9186 3547/4907/9177 3570/4921/9187
f 3548/4909/9188 3550/4908/9189 3560/4914/9190
f 3556/4912/9191 3546/4906/9192 3559/4920/9193
f 3559/4920/9184 3553/4910/9183 3565/4922/9194
f 3557/4916/9195 3551/4911/9195 3555/4915/9195
f 3570/4921/9187 3547/4907/9177 3558/4917/9179
f 3571/4923/9196 3560/4914/9170 3562/4924/9197
f 3562/4924/9197 3560/4914/9170 3556/4912/9175
f 3548/4909/9188 3564/4925/9198 3558/4917/9199
f 3548/4909/9188 3560/4914/9190 3566/4926/9200
f 3562/4924/9201 3556/4912/9201 3569/4927/9201
f 3556/4912/9191 3559/4920/9193 3569/4927/9202
f 3568/4928/9203 3555/4915/9203 3561/4919/9203
f 3564/4925/9198 3548/4909/9188 3566/4926/9200
f 3553/4910/9183 3567/4918/9204 3565/4922/9194
f 3561/4919/9205 3552/4913/9205 3584/4929/9205
f 3552/4913/9206 3570/4921/9207 3584/4929/9208
f 3558/4917/9209 3564/4925/9210 3575/4930/9211
f 3560/4914/9190 3571/4923/9212 3566/4926/9200
f 3557/4916/9213 3555/4915/9213 3573/4931/9213
f 3559/4920/9214 3565/4922/9215 3574/4932/9216
f 3565/4922/9217 3567/4918/9217 3579/4933/9217
f 3567/4918/9218 3557/4916/9219 3579/4933/9220
f 3568/4928/9221 3561/4919/9221 3584/4929/9221
f 3564/4925/9222 3566/4926/9223 3576/4934/9224
f 3571/4923/9225 3562/4924/9225 3577/4935/9225
f 3570/4921/9226 3558/4917/9227 3582/4936/9228
f 3582/4936/9229 3558/4917/9209 3575/4930/9211
f 3569/4927/9230 3559/4920/9231 3574/4932/9232
f 3574/4937/9216 3565/4938/9215 3578/4939/9233
f 3566/4926/9234 3571/4923/9234 3576/4934/9234
f 3562/4924/9235 3569/4927/9236 3577/4935/9237
f 3579/4933/9220 3557/4916/9219 3573/4931/9238
f 3555/4915/9239 3568/4928/9240 3581/4940/9241
f 3584/4929/9208 3570/4921/9207 3580/4941/9242
f 3565/4938/9243 3579/4942/9244 3578/4939/9245
f 3573/4931/9246 3555/4915/9239 3581/4940/9241
f 3576/4934/9247 3571/4923/9248 3577/4935/9249
f 3586/4943/9250 3569/4927/9230 3574/4932/9232
f 3583/4944/9251 3568/4928/9252 3584/4929/9253
f 3564/4925/9222 3576/4934/9224 3575/4930/9254
f 3580/4941/9255 3570/4921/9226 3582/4936/9228
f 3578/4939/9245 3579/4942/9244 3592/4945/9256
f 3584/4929/9257 3580/4941/9257 3585/4946/9257
f 3577/4935/9237 3569/4927/9236 3586/4943/9258
f 3586/4947/9259 3574/4937/9216 3594/4948/9260
f 3594/4948/9260 3574/4937/9216 3578/4939/9233
f 3587/4949/9261 3580/4941/9255 3582/4936/9228
f 3576/4934/9247 3577/4935/9249 3588/4950/9262
f 3575/4930/9254 3576/4934/9224 3589/4951/9263
f 3525/4853/9109 3540/4880/9111 3598/4896/9264
f 3533/4952/9265 3524/4865/9266 3590/4888/9129
f 3453/4884/9022 3538/4886/9121 3529/4953/9267
f 3577/4935/9237 3586/4943/9258 3537/4954/9268
f 3568/4928/9252 3583/4944/9251 3581/4940/9269
f 3582/4936/9270 3575/4930/9271 3600/4955/9272
f 3540/4854/9093 3524/4865/9092 3533/4952/9273
f 3583/4944/9251 3584/4929/9253 3585/4946/9274
f 3511/4819/9096 3528/4881/9275 3591/4956/9276
f 3588/4950/9262 3577/4935/9249 3537/4954/9277
f 3587/4949/9278 3582/4936/9270 3600/4955/9272
f 3539/4898/9279 3531/4878/9119 3598/4896/9145
f 3526/4874/9097 3511/4819/9096 3591/4956/9276
f 3576/4934/9247 3588/4950/9262 3603/4957/9280
f 3594/4948/9281 3578/4939/9282 3596/4958/9283
f 3592/4945/9284 3579/4942/9285 3573/4959/9286
f 3581/4940/9287 3595/4960/9287 3573/4931/9287
f 3585/4946/9288 3580/4941/9289 3593/4961/9290
f 3603/4962/9291 3588/4894/9292 3530/4893/9137
f 3613/4963/9293 3526/4874/9130 3591/4956/9294
f 3508/4964/9138 3536/4900/9140 3597/4965/9295
f 3604/4966/9296 3586/4947/9297 3594/4948/9298
f 3538/4886/9121 3508/4964/9057 3597/4965/9299
f 3578/4939/9282 3592/4945/9300 3596/4958/9283
f 3573/4959/9286 3595/4967/9301 3592/4945/9284
f 3611/4968/9302 3539/4898/9279 3598/4896/9145
f 3593/4961/9303 3580/4941/9255 3587/4949/9261
f 3575/4930/9271 3589/4951/9304 3600/4955/9272
f 3515/4866/9107 3526/4874/9130 3613/4963/9293
f 3597/4965/9305 3536/4900/9306 3599/4969/9307
f 3595/4960/9308 3581/4940/9309 3583/4944/9310
f 3605/4970/9311 3598/4896/9264 3540/4880/9111
f 3529/4953/9267 3538/4886/9121 3597/4965/9299
f 3536/4900/9306 3537/4895/9312 3599/4969/9307
f 3601/4971/9313 3595/4967/9308 3583/4972/9310
f 3583/4944/9314 3585/4946/9288 3602/4973/9315
f 3589/4951/9316 3576/4934/9247 3603/4957/9280
f 3603/4962/9291 3530/4893/9137 3539/4974/9146
f 3608/4975/9317 3529/4953/9318 3597/4965/9319
f 3537/4976/9268 3586/4947/9258 3604/4966/9320
f 3540/4854/9093 3533/4952/9273 3605/4977/9321
f 3533/4952/9265 3590/4888/9129 3620/4978/9322
f 3583/4972/9310 3602/4979/9323 3601/4971/9313
f 3600/4955/9272 3589/4951/9304 3610/4980/9324
f 3620/4978/9322 3590/4888/9129 3618/4981/9325
f 325/411/742 3618/4981/9325 3590/4888/9129
f 3606/4982/9326 3602/4973/9315 3585/4946/9288
f 3589/4951/9316 3603/4957/9280 3610/4980/9327
f 3603/4962/9328 3539/4974/9279 3611/4983/9302
f 3605/4977/9321 3533/4952/9273 3620/4978/9329
f 325/411/742 323/410/741 3618/4981/9325
f 3618/4981/9325 323/410/741 3607/4984/9330
f 323/4985/741 324/4986/740 3607/4984/9330
f 3607/4984/9330 324/4986/740 3590/4888/9129
f 324/4986/740 325/411/742 3590/4888/9129
f 3516/4842/9034 3515/4866/9074 3613/4963/9331
f 3528/4881/9112 3529/4889/9131 3608/4987/9332
f 3597/4965/9319 3599/4969/9333 3608/4975/9317
f 3609/408/9334 3602/4988/9335 3615/4989/9336
f 3606/4982/9326 3585/4946/9288 3593/4961/9290
f 3611/4968/9337 3598/4896/9264 3605/4970/9311
f 3618/4981/9325 3607/4984/9330 3516/4842/9082
f 3607/4984/9330 3590/4888/9129 3516/4842/9082
f 3599/4969/9307 3537/4895/9312 3604/4990/9338
f 3601/4991/9339 3602/4988/9335 3609/408/9334
f 3591/4956/9276 3528/4881/9275 3619/4992/9340
f 3604/4966/9296 3594/4948/9298 3612/4993/9341
f 3606/4982/9342 3593/4961/9303 3616/4994/9343
f 3610/4995/9344 3603/4962/9328 3611/4983/9302
f 3592/4945/9345 3595/4967/9346 3614/4996/9347
f 3613/4963/9293 3591/4956/9294 3619/4992/9348
f 3528/4881/9275 3608/4987/9349 3619/4992/9340
f 3593/4961/9303 3587/4949/9261 3616/4994/9343
f 3612/4993/9350 3594/4948/9351 3596/4958/9352
f 3592/4945/9345 3614/4996/9347 3596/4958/9353
f 3595/4967/9354 3601/4971/9354 3614/4996/9354
f 295/4997/9355 3601/4991/9355 3609/408/9355
f 3610/4995/9356 3611/4983/9356 3617/4998/9356
f 3615/4989/9357 3602/4988/9357 3606/4999/9357
f 3599/4969/9333 3604/4990/9358 3612/5000/9359
f 3587/4949/9360 3600/4955/9360 3617/5001/9360
f 3600/4955/9272 3610/4980/9324 3617/5001/9361
f 3608/4975/9317 3599/4969/9333 3612/5000/9359
f 3587/4949/9362 3617/5001/9362 3616/4994/9362
f 3611/4983/9337 3605/5002/9311 3650/5003/9363
f 3618/4981/9364 3516/4842/9034 3613/4963/9331
f 3606/4982/9365 3616/4994/9366 3647/5004/9367
f 3617/4998/9368 3611/4983/9337 3650/5003/9363
f 3614/5005/9369 3601/5006/9370 295/5007/9371
f 3609/5008/739 289/5009/738 274/5010/9372
f 290/5011/9373 311/379/9374 320/404/9375
f 3639/5012/9376 314/350/635 315/344/629
f 288/400/713 289/355/730 319/5013/9377
f 3650/5014/9378 3605/4977/9321 3620/4978/9329
f 3596/4958/9379 3614/4996/9379 3626/5015/9379
f 281/367/9380 282/357/9381 316/402/9382
f 3622/375/9383 206/244/9384 303/403/9385
f 317/398/9386 204/378/9386 3627/5016/9386
f 312/361/9387 267/329/9388 321/395/9389
f 304/396/721 3623/5017/9390 321/395/720
f 294/382/9391 308/387/9392 3624/5018/9393
f 308/387/9392 318/5019/9394 3624/5018/9393
f 308/387/705 313/386/707 318/5019/9395
f 313/386/9396 305/385/9396 3629/5020/9396
f 306/384/723 294/382/700 314/350/699
f 3631/406/9397 279/339/9397 298/370/9397
f 291/380/693 3671/5021/9398 299/5022/9399
f 291/380/693 322/397/729 3671/5021/9398
f 287/360/652 288/392/712 319/5023/9400
f 319/5013/9401 289/355/738 3625/407/737
f 3609/408/9334 3615/4989/9336 3625/407/9402
f 3616/4994/9403 3617/5001/9404 3647/5004/9405
f 3647/5004/9405 3617/5001/9404 3698/5024/9406
f 3634/5025/9407 3633/5026/9408 3632/5027/9408
f 3634/5025/9407 3632/5027/9408 3635/5028/9408
f 3632/5027/9409 3608/5029/9349 3635/5028/9410
f 3635/5028/9411 3608/5029/9411 3612/4993/9411
f 217/5030/682 275/401/9412 3663/5031/9413
f 282/341/9381 301/368/9414 316/5032/9382
f 316/5032/9382 301/368/9414 3622/375/9415
f 303/403/9416 207/246/9416 290/348/9416
f 320/404/9417 296/376/9417 317/398/9417
f 204/378/9418 3628/399/9418 3627/5016/9418
f 3628/399/9419 203/377/9420 297/319/9421
f 3636/5033/9422 297/319/587 265/321/589
f 305/385/9423 3630/405/9423 3629/5020/9423
f 299/366/9424 3671/5034/9424 3656/5035/9424
f 3657/5036/9425 287/360/9425 319/5023/9425
f 3608/5029/9349 3632/5027/9409 3640/5037/9426
f 3632/5027/9409 3633/5038/9427 3640/5037/9426
f 3633/5038/9427 3634/5039/9428 3640/5037/9426
f 3634/5039/9429 3635/5028/9429 3640/5037/9429
f 3635/5028/9430 3612/4993/9431 3640/5037/9432
f 274/5010/9433 295/5040/9433 3609/5008/9433
f 309/388/9434 306/384/9435 3639/5012/9376
f 315/351/9436 3631/406/9436 3639/5041/9436
f 3648/5042/9437 3613/4963/9293 3619/4992/9348
f 3614/5005/9369 295/5007/9371 3637/5043/9438
f 246/317/9439 266/316/9440 3658/5044/9441
f 294/382/728 3624/5018/9442 304/381/697
f 3639/5012/9376 306/384/9435 314/350/635
f 3618/4981/9364 3613/4963/9331 3648/5042/9443
f 3619/4992/9340 3608/4987/9349 3640/5045/9426
f 3640/5037/9432 3612/4993/9431 3649/5046/9444
f 3649/5046/9445 3612/4993/9350 3596/4958/9352
f 275/401/9446 316/402/9447 3663/5031/9448
f 316/5032/9449 3622/375/9383 3641/5047/9450
f 3622/375/9383 303/403/9385 3641/5047/9450
f 318/5048/9394 3642/5049/9451 3624/5050/9393
f 318/5048/9452 3638/5051/9453 3660/5052/9454
f 298/389/9455 3646/390/9456 3645/5053/9457
f 3646/390/9458 310/391/9459 3666/5054/9460
f 3649/5046/9445 3596/4958/9352 3626/5015/9461
f 3626/5055/9462 3614/5005/9462 3637/5043/9462
f 303/5056/9463 290/5011/9373 320/404/9375
f 3628/399/9419 297/319/9421 3636/5033/9464
f 266/316/690 312/361/692 3651/5057/9465
f 3624/5018/9393 3659/5058/9466 304/381/9467
f 3642/5049/9468 318/5048/9452 3660/5052/9454
f 3638/5051/9469 318/5048/9469 3653/5059/9469
f 3661/5060/9470 3653/5059/9470 3654/5061/9470
f 3653/5059/9471 318/5048/9472 3654/5061/9473
f 3654/5061/9473 318/5048/9472 3643/5062/9474
f 318/5048/9472 313/5063/9475 3643/5062/9474
f 3625/407/9402 3615/4989/9336 319/5013/9476
f 3668/5064/9477 3650/5014/9478 3620/4978/9322
f 321/395/9389 3652/5065/9479 312/361/9387
f 304/396/9480 3659/5066/9480 3623/5017/9480
f 3638/5051/9481 3653/5059/9481 3661/5067/9481
f 3661/5068/9482 3654/5061/9482 3643/5062/9482
f 313/5063/9483 3629/5069/9483 3643/5062/9483
f 3655/5070/9484 3630/405/9485 309/388/9486
f 3685/5071/9487 3615/5072/9488 3647/5073/9367
f 3615/5074/9488 3606/4982/9365 3647/5004/9367
f 3698/5024/9489 3617/5001/9368 3650/5075/9363
f 3636/5033/9422 265/321/589 3658/5044/9490
f 3658/5044/9491 265/321/9491 246/317/9491
f 3664/5076/9492 266/316/9492 3651/5057/9492
f 321/395/9389 3623/5017/9493 3652/5065/9479
f 3638/5051/9494 3661/5067/9494 3665/5077/9494
f 3661/5068/9495 3643/5062/9495 3665/5077/9495
f 309/388/9486 3644/5078/9496 3655/5070/9484
f 3645/5053/9497 3646/390/9498 3666/5054/9499
f 299/366/9500 3656/5035/9501 3662/5079/9502
f 322/397/725 287/360/649 3657/5036/9503
f 3619/4992/9348 3640/5045/9432 3648/5042/9437
f 316/5032/9447 3641/5047/9504 3663/5080/9448
f 3658/5044/9441 266/316/9440 3664/5076/9505
f 3638/5051/9506 3665/5077/9506 3667/5081/9506
f 3665/5077/9507 3643/5062/9507 3667/5081/9507
f 310/391/9459 3662/5079/9508 3666/5054/9460
f 310/391/9509 299/366/9500 3662/5079/9502
f 319/5013/9510 3615/4989/9488 3657/5082/9511
f 3668/5064/9477 3620/4978/9322 3618/4981/9325
f 3686/5083/9512 3628/399/9512 3636/5033/9512
f 3670/5084/9513 3638/5051/9514 3667/5081/9515
f 3671/5021/9398 322/397/729 3657/5036/9516
f 3637/5043/9517 295/5007/9517 3669/5085/9517
f 295/372/680 217/374/682 3669/5086/9518
f 3764/5087/9519 3698/5024/9520 3675/5088/9521
f 3698/5024/9520 3650/5075/9522 3675/5088/9521
f 3673/5089/9523 3640/5037/9432 3649/5046/9444
f 3669/5090/9518 217/5030/682 3663/5031/9413
f 3641/5047/9524 303/403/9524 3663/5080/9524
f 3627/5016/9525 3628/399/9525 3686/5083/9525
f 3651/5057/9526 312/361/9387 3652/5065/9479
f 3631/406/9527 298/370/9527 3639/5041/9527
f 3639/5012/9528 298/5091/9528 3644/5078/9528
f 3657/5092/9511 3615/5072/9488 3685/5071/9487
f 3648/5093/9437 3640/5037/9432 3673/5089/9523
f 3649/5046/9444 3626/5015/9529 3673/5089/9523
f 3676/5094/9530 3626/5055/9529 3637/5043/9531
f 3652/5065/9479 3623/5017/9493 3696/5095/9532
f 3696/5096/9532 3623/5097/9493 3701/5098/9533
f 3678/5099/9534 3660/5052/9534 3638/5051/9534
f 3670/5084/9513 3667/5081/9515 3784/5100/9535
f 309/388/9536 3639/5012/9536 3644/5078/9536
f 3645/5053/9497 3666/5054/9499 3688/5101/9537
f 3662/5079/9502 3656/5035/9501 3684/5102/9538
f 3656/5035/9539 3671/5034/9539 3684/5102/9539
f 3648/5093/9443 3673/5089/9540 3672/5103/9541
f 303/5056/9542 320/404/9543 3674/5104/9544
f 3623/5097/9493 3659/5105/9466 3701/5098/9533
f 3659/5106/9466 3624/5050/9393 3681/5107/9545
f 3687/5108/9546 3670/5084/9547 3784/5100/9548
f 3667/5081/9549 3643/5062/9550 3784/5100/9551
f 3784/5100/9551 3643/5062/9550 3629/5069/9552
f 3629/5020/9553 3630/405/9554 3829/5109/9555
f 3630/405/9554 3655/5070/9556 3829/5109/9555
f 298/5091/9455 3645/5110/9457 3644/5078/9557
f 3675/5111/9558 3650/5014/9478 3668/5064/9477
f 3637/5043/9531 3677/5112/9559 3689/5113/9560
f 3677/5112/9561 3637/5043/9562 3669/5085/9563
f 320/404/9543 317/398/9564 3674/5104/9544
f 317/398/9565 3627/5016/9565 3699/5114/9565
f 3636/5033/9566 3658/5044/9566 3686/5083/9566
f 3658/5044/9441 3664/5076/9505 3680/5115/9567
f 3680/5115/9568 3664/5076/9568 3690/5116/9568
f 3691/5117/9569 3670/5084/9547 3687/5108/9546
f 3644/5078/9570 3645/5110/9571 3683/5118/9572
f 3764/5087/9573 3647/5004/9405 3698/5024/9406
f 3668/5064/9574 3618/4981/9575 3672/5119/9576
f 3618/4981/9364 3648/5042/9443 3672/5119/9541
f 3690/5116/9577 3664/5076/9578 3694/5120/9579
f 3651/5057/9526 3652/5065/9479 3664/5076/9580
f 3657/5092/9511 3685/5071/9487 3671/5121/9581
f 3673/5089/9523 3626/5015/9529 3676/5122/9530
f 3637/5043/9531 3689/5113/9560 3676/5094/9530
f 3669/5123/9518 3663/5080/9413 3693/5124/9582
f 3663/5080/9413 3679/5125/9583 3693/5124/9582
f 3663/5080/9584 303/403/9585 3679/5125/9586
f 303/5056/9585 3674/5104/9587 3679/5126/9586
f 3699/5114/9588 3627/5016/9588 3765/5127/9588
f 3694/5120/9579 3664/5076/9578 3652/5065/9479
f 3627/5016/9589 3686/5083/9589 3765/5127/9589
f 3686/5083/9590 3658/5044/9590 3680/5115/9590
f 3701/5098/9533 3659/5105/9466 3700/5128/9591
f 3624/5050/9393 3642/5049/9451 3682/5129/9592
f 3629/5069/9593 3829/5130/9594 3784/5100/9595
f 3666/5054/9460 3662/5079/9508 3697/5131/9596
f 3662/5079/9508 3684/5102/9597 3697/5131/9596
f 3675/5111/9558 3668/5064/9477 3704/5132/9598
f 3674/5104/9599 317/398/9600 3705/5133/9601
f 3652/5065/9479 3695/5134/9602 3694/5120/9579
f 3624/5050/9393 3682/5129/9592 3773/5135/9603
f 3678/5099/9604 3638/5051/9514 3670/5084/9513
f 3702/5136/9605 3645/5110/9571 3688/5137/9606
f 3688/5101/9537 3666/5054/9499 3697/5131/9607
f 3684/5138/9608 3671/5121/9581 3685/5071/9487
f 3673/5089/9540 3704/5139/9609 3672/5103/9541
f 317/398/9600 3699/5114/9610 3705/5133/9601
f 3710/5140/9611 3696/5096/9611 3701/5098/9611
f 3682/5129/9612 3642/5049/9613 3777/5141/9614
f 3709/5142/9615 3644/5078/9496 3683/5118/9616
f 3684/5138/9608 3685/5071/9487 3697/5143/9617
f 3703/5144/9618 3675/5088/9558 3778/5145/9619
f 3689/5113/9620 3785/5146/9621 3676/5094/9622
f 3695/5134/9602 3652/5065/9479 3706/5147/9623
f 3763/5148/9624 3685/5071/9625 3647/5073/9626
f 3771/5149/9627 3676/5150/9628 3785/5151/9629
f 3652/5065/9479 3696/5095/9532 3706/5147/9623
f 3710/5140/9630 3701/5098/9630 3711/5152/9630
f 3712/5153/9631 3701/5098/9533 3700/5128/9591
f 3659/5105/9466 3681/5154/9545 3700/5128/9591
f 3718/5155/9632 3721/5156/9632 3719/5157/9632
f 3720/5158/9633 3719/5157/9634 3717/5159/9635
f 3722/5160/9636 3718/5155/9637 3741/5161/9638
f 3724/5162/9639 3717/5159/9640 3728/5163/9641
f 3727/5164/9642 3726/5165/9642 3725/5166/9642
f 3725/5166/9643 3728/5163/9643 3727/5164/9643
f 3729/5167/9644 3718/5155/9637 3723/5168/9645
f 3723/5168/9645 3718/5155/9637 3722/5160/9636
f 3720/5158/9633 3717/5159/9635 3724/5162/9646
f 3724/5162/9647 3728/5163/9647 3725/5166/9647
f 3718/5155/9648 3719/5157/9634 3720/5158/9633
f 3721/5156/9649 3718/5155/9637 3729/5167/9644
f 3733/5169/9650 3730/5170/9651 3737/5171/9652
f 3730/5170/9653 3731/5172/9653 3744/5173/9653
f 3730/5170/9654 3733/5169/9654 3732/5174/9654
f 3735/5175/9655 3722/5160/9636 3733/5169/9650
f 3735/5175/9655 3733/5169/9650 3737/5171/9652
f 3737/5171/9656 3730/5170/9656 3744/5173/9656
f 3731/5172/9657 3730/5170/9658 3740/5176/9659
f 3740/5176/9659 3730/5170/9658 3732/5174/9660
f 3759/5177/9661 3727/5164/9662 3728/5163/9663
f 3733/5169/9650 3722/5160/9636 3741/5161/9638
f 3739/5178/9664 3717/5159/9665 3719/5157/9666
f 3744/5179/9667 3731/5180/9667 3736/5181/9667
f 3736/5181/9668 3731/5180/9668 3738/5182/9668
f 3738/5182/9669 3731/5180/9669 3740/5183/9669
f 3726/5165/9670 3727/5164/9670 3754/5184/9670
f 3724/5162/9671 3725/5166/9672 3726/5165/9673
f 3750/5185/9674 3723/5168/9674 3722/5160/9674
f 3718/5155/9648 3720/5158/9633 3751/5186/9675
f 3742/5187/9676 3726/5165/9676 3754/5184/9676
f 3739/5178/9664 3719/5157/9666 3721/5156/9677
f 3747/5188/9678 3745/5189/9678 3780/5190/9678
f 3723/5168/9679 3750/5185/9680 3716/5191/9681
f 3732/5174/9682 3733/5169/9682 3748/5192/9682
f 3748/5192/9683 3733/5169/9683 3741/5161/9683
f 3724/5162/9671 3726/5165/9673 3720/5158/9684
f 3755/5193/9685 3728/5163/9685 3739/5178/9685
f 3713/5194/9686 3746/5195/9686 3714/5196/9686
f 3780/5190/9687 3745/5189/9687 3746/5195/9687
f 3728/5163/9641 3717/5159/9640 3739/5178/9688
f 3721/5156/9689 3729/5167/9690 3753/5197/9691
f 3737/5198/9692 3744/5179/9693 3756/5199/9694
f 3752/5200/9695 3726/5165/9695 3742/5187/9695
f 3729/5167/9644 3723/5168/9645 3761/5201/9696
f 3715/5202/9697 3714/5196/9698 3745/5189/9699
f 3746/5195/9700 3713/5194/9700 3749/5203/9700
f 3714/5196/9698 3715/5202/9697 3774/5204/9701
f 3738/5182/9702 3740/5183/9702 3757/5205/9702
f 3752/5200/9703 3742/5187/9703 3758/5206/9703
f 3714/5196/9704 3746/5195/9704 3745/5189/9704
f 3749/5203/9705 3713/5194/9706 3714/5196/9707
f 3775/5207/9708 3722/5160/9708 3735/5175/9708
f 3735/5175/9709 3737/5171/9692 3775/5207/9710
f 3741/5161/9711 3718/5155/9712 3751/5186/9713
f 3720/5158/9714 3726/5165/9714 3752/5200/9714
f 3728/5163/9663 3755/5193/9715 3759/5177/9661
f 3739/5178/9664 3721/5156/9677 3753/5197/9716
f 3691/5117/9717 3687/5108/9718 3708/5208/9719
f 3697/5143/9617 3685/5071/9487 3796/5209/9720
f 3778/5145/9619 3675/5088/9558 3704/5210/9598
f 3704/5132/9721 3668/5064/9574 3672/5119/9576
f 3677/5112/9561 3669/5085/9563 3693/5211/9722
f 3686/5083/9723 3680/5115/9723 3707/5212/9723
f 3680/5115/9724 3690/5116/9724 3707/5212/9724
f 3695/5134/9725 3706/5147/9725 3772/5213/9725
f 3700/5128/9726 3681/5154/9727 3828/5214/9728
f 3681/5107/9545 3624/5050/9393 3773/5135/9603
f 3818/5215/9729 3747/5188/9729 3766/5216/9729
f 3715/5217/9730 3716/5218/9681 3750/5219/9680
f 3737/5198/9692 3756/5199/9694 3775/5220/9710
f 3744/5179/9731 3736/5181/9731 3776/5221/9731
f 3736/5181/9732 3738/5182/9732 3776/5221/9732
f 3740/5176/9733 3732/5174/9733 3757/5222/9733
f 3732/5174/9734 3748/5192/9734 3767/5223/9734
f 3745/5189/9735 3747/5188/9736 3773/5224/9737
f 3777/5141/9738 3642/5049/9468 3660/5052/9454
f 3644/5078/9496 3709/5142/9615 3655/5070/9484
f 3645/5110/9571 3702/5136/9605 3683/5118/9572
f 3796/5209/9739 3685/5071/9625 3763/5148/9624
f 3763/5225/9740 3647/5226/9405 3764/5227/9573
f 3764/5087/9519 3675/5088/9521 3703/5144/9741
f 3673/5089/9540 3676/5122/9628 3704/5139/9609
f 3704/5228/9609 3676/5150/9628 3771/5149/9627
f 3789/5229/9742 3695/5134/9743 3772/5213/9744
f 3828/5230/9745 3681/5231/9745 3779/5232/9745
f 3780/5190/9746 3746/5195/9746 3749/5203/9746
f 3749/5203/9705 3714/5196/9707 3774/5204/9747
f 3750/5185/9748 3722/5160/9748 3775/5207/9748
f 3758/5206/9749 3742/5187/9750 3768/5233/9751
f 3754/5184/9752 3727/5164/9753 3759/5177/9754
f 3753/5197/9691 3729/5167/9690 3760/5234/9755
f 3679/5126/9756 3674/5104/9599 3705/5133/9601
f 3699/5114/9757 3765/5127/9758 3705/5133/9759
f 3780/5190/9760 3766/5216/9760 3747/5188/9760
f 3748/5192/9761 3741/5161/9711 3751/5186/9713
f 3808/5235/9762 3742/5187/9763 3754/5184/9764
f 3781/5236/9765 3754/5184/9752 3759/5177/9754
f 3723/5168/9679 3716/5191/9681 3761/5201/9766
f 3679/5126/9583 3705/5133/9767 3797/5237/9768
f 3786/5238/9769 3797/5237/9770 3705/5133/9771
f 3788/5239/9772 3690/5116/9772 3694/5120/9772
f 3773/5224/9773 3747/5188/9773 3818/5215/9773
f 3751/5186/9774 3720/5158/9775 3752/5200/9776
f 3790/5240/9777 3758/5206/9749 3768/5233/9751
f 3782/5241/9778 3759/5177/9778 3755/5193/9778
f 3760/5234/9779 3729/5167/9644 3761/5201/9696
f 3716/5218/9681 3715/5217/9730 3761/5242/9766
f 3745/5189/9735 3773/5224/9737 3761/5243/9766
f 3678/5099/9780 3777/5141/9781 3660/5052/9782
f 3687/5108/9718 3710/5140/9783 3711/5152/9784
f 3772/5213/9785 3706/5147/9785 3795/5244/9785
f 3683/5118/9616 3702/5136/9786 3792/5245/9787
f 3693/5246/9582 3679/5126/9583 3797/5237/9768
f 3772/5213/9788 3712/5247/9631 3700/5248/9591
f 3776/5221/9789 3738/5182/9789 3811/5249/9789
f 3742/5187/9763 3791/5250/9790 3768/5233/9791
f 3742/5187/9763 3808/5235/9762 3791/5250/9790
f 3761/5243/9766 3715/5202/9730 3745/5189/9735
f 3701/5098/9792 3712/5153/9792 3711/5152/9792
f 3712/5247/9793 3772/5213/9794 3795/5244/9795
f 3771/5149/9796 3778/5251/9797 3704/5228/9798
f 3765/5127/9799 3686/5083/9799 3834/5252/9799
f 3834/5252/9800 3686/5083/9800 3707/5212/9800
f 3798/5253/9801 3694/5120/9802 3695/5134/9803
f 3798/5253/9804 3695/5134/9804 3799/5254/9804
f 3695/5134/9805 3789/5229/9806 3793/5255/9807
f 3779/5232/9808 3681/5231/9808 3794/5256/9808
f 3681/5231/9809 3773/5224/9810 3794/5256/9811
f 3757/5222/9812 3732/5174/9812 3767/5223/9812
f 3678/5099/9813 3670/5084/9814 3691/5117/9815
f 3687/5108/9718 3711/5152/9784 3838/5257/9816
f 3800/5258/9817 3706/5147/9817 3801/5259/9817
f 3706/5147/9818 3696/5095/9818 3801/5259/9818
f 3655/5070/9819 3709/5142/9819 3829/5109/9819
f 3709/5142/9615 3683/5118/9616 3792/5245/9787
f 3792/5245/9820 3702/5136/9820 3688/5137/9820
f 3688/5101/9821 3697/5131/9617 3796/5260/9720
f 3693/5211/9722 3797/5261/9822 3677/5112/9561
f 3707/5212/9823 3690/5116/9824 3787/5262/9825
f 3690/5116/9824 3788/5239/9826 3787/5262/9825
f 3695/5134/9805 3793/5255/9807 3799/5254/9827
f 3803/5263/9828 3804/5264/9828 3805/5265/9828
f 3766/5216/9829 202/5266/9829 3818/5215/9829
f 3766/5216/9830 3780/5190/9830 3823/5267/9830
f 3780/5190/9831 3749/5203/9832 3821/5268/9833
f 3749/5203/9834 3774/5204/9834 3819/5269/9834
f 3715/5217/9835 3750/5219/9835 3774/5270/9835
f 3756/5199/9836 3744/5179/9837 3776/5221/9838
f 3691/5271/9717 3708/5272/9719 3809/5273/9839
f 3708/5272/9840 3783/5274/9841 3809/5273/9842
f 3823/5267/9843 3780/5190/9843 3821/5268/9843
f 3791/5250/9844 3808/5235/9844 3815/5275/9844
f 3754/5184/9764 3781/5236/9845 3808/5235/9762
f 3783/5274/9841 3810/5276/9846 3816/5277/9847
f 3783/5278/9848 3828/5230/9849 3810/5279/9850
f 3821/5268/9833 3749/5203/9832 3819/5269/9851
f 3738/5182/9852 3757/5205/9853 3811/5249/9854
f 3820/5280/9855 3767/5223/9856 3748/5192/9857
f 3752/5200/9858 3758/5206/9859 3812/5281/9860
f 3812/5281/9861 3758/5206/9861 3879/5282/9861
f 3813/5283/9862 3758/5206/9862 3790/5240/9862
f 3814/5284/9863 3768/5233/9864 3791/5250/9865
f 3881/5285/9866 3760/5234/9867 3825/5286/9868
f 3901/5287/9869 3777/5141/9781 3678/5099/9780
f 3810/5279/9850 3828/5230/9849 3779/5232/9870
f 3779/5232/9871 3794/5256/9871 3817/5288/9871
f 3887/5289/9872 3819/5290/9873 3774/5270/9874
f 3775/5220/9875 3756/5199/9875 3878/5291/9875
f 3879/5282/9876 3758/5206/9876 3813/5283/9876
f 3790/5240/9877 3768/5233/9864 3814/5284/9863
f 3739/5178/9878 3753/5197/9878 3881/5285/9878
f 3753/5197/9879 3760/5234/9867 3881/5285/9866
f 3773/5292/9603 3682/5293/9592 3761/5294/9696
f 3809/5273/9842 3783/5274/9841 3816/5277/9847
f 3822/5295/9880 202/5296/9880 3766/5297/9880
f 3821/5268/9833 3819/5269/9851 3872/5298/9881
f 3878/5291/9882 3756/5199/9836 3776/5221/9838
f 3820/5280/9855 3748/5192/9857 3751/5186/9774
f 3814/5284/9883 3791/5250/9884 3815/5275/9885
f 3781/5236/9765 3759/5177/9754 3782/5241/9886
f 3755/5193/9887 3739/5178/9887 3881/5285/9887
f 3682/5129/9612 3777/5141/9614 3877/5299/9888
f 3901/5287/9889 3678/5099/9890 3883/5300/9891
f 3816/5277/9847 3826/5301/9892 3809/5273/9842
f 3773/5224/9893 3818/5215/9893 3826/5302/9893
f 3794/5256/9811 3773/5224/9810 3826/5302/9894
f 3818/5215/9895 202/5266/9895 3826/5302/9895
f 3817/5288/9896 3794/5256/9896 3804/5264/9896
f 3827/5303/9897 3826/5301/9897 3816/5277/9897
f 3816/5277/9847 3810/5276/9846 3827/5303/9898
f 3794/5256/9899 3826/5302/9900 3804/5264/9901
f 3827/5303/9902 3810/5276/9903 3842/5304/9904
f 3810/5279/9905 3779/5232/9905 3817/5288/9905
f 3817/5288/9906 3804/5264/9906 3803/5263/9906
f 3844/5305/9907 3789/5229/9742 3772/5213/9744
f 3844/5306/9908 3700/5128/9726 3828/5214/9728
f 3708/5208/9719 3687/5108/9718 3838/5257/9816
f 3763/5225/9740 3764/5227/9573 3852/5307/9909
f 3807/5308/9910 3803/5263/9910 3835/5309/9910
f 3804/5264/9911 3806/5310/9912 3805/5265/9913
f 3842/5311/9914 3810/5279/9914 3817/5288/9914
f 3711/5152/9915 3712/5153/9793 3795/5312/9795
f 3802/5313/9916 3709/5142/9917 3792/5245/9918
f 3807/5314/9919 3835/5315/9919 3789/5229/9919
f 3806/5310/9912 3837/5316/9920 3805/5265/9913
f 3772/5213/9921 3700/5248/9921 3844/5305/9921
f 3795/5244/9922 3706/5147/9922 3800/5258/9922
f 3801/5317/9923 3696/5096/9923 3710/5140/9923
f 3709/5142/9917 3802/5313/9916 3829/5109/9924
f 3852/5318/9909 3851/5319/9925 3763/5320/9740
f 3852/5321/9926 3764/5322/9519 3703/5323/9741
f 3830/5324/9927 3797/5237/9928 3786/5238/9929
f 3705/5133/9759 3765/5127/9758 3833/5325/9930
f 3788/5239/9931 3694/5120/9802 3798/5253/9801
f 3793/5255/9807 3789/5229/9806 3835/5315/9932
f 3806/5310/9933 3804/5264/9901 3826/5302/9900
f 3817/5288/9934 3803/5263/9934 3807/5308/9934
f 3797/5237/9935 3830/5324/9936 3836/5326/9937
f 3807/5314/9938 3789/5229/9742 3844/5305/9907
f 3784/5100/9595 3829/5130/9594 3839/5327/9939
f 201/5328/9940 3778/5251/9797 3771/5149/9796
f 3689/5113/9560 3677/5112/9559 3854/5329/9941
f 3677/5112/9561 3797/5261/9822 3836/5330/9942
f 3786/5238/9769 3705/5133/9771 3833/5325/9943
f 3833/5325/9944 3765/5127/9945 3834/5252/9946
f 3834/5252/9947 3707/5212/9947 3831/5331/9947
f 3831/5331/9948 3707/5212/9948 3787/5262/9948
f 3844/5332/9949 3828/5333/9950 3783/5334/9951
f 3843/5335/9952 3710/5140/9952 3687/5108/9952
f 3840/5336/9953 3786/5238/9953 3833/5325/9953
f 3817/5288/9954 3807/5308/9955 3842/5311/9956
f 3801/5317/9957 3710/5140/9957 3843/5335/9957
f 3835/5309/9958 3803/5263/9958 3805/5265/9958
f 3837/5316/9959 3806/5310/9960 3847/5337/9961
f 3838/5338/9962 3783/5334/9962 3708/5339/9962
f 3848/5340/9963 3711/5152/9964 3795/5312/9965
f 3829/5109/9966 3802/5313/9966 3839/5341/9966
f 3792/5342/9967 3688/5101/9821 3796/5260/9720
f 3786/5238/9929 3840/5336/9968 3830/5324/9927
f 3787/5262/9969 3788/5239/9969 3798/5253/9969
f 3798/5253/9970 3799/5254/9971 3845/5343/9972
f 3845/5343/9972 3799/5254/9971 3846/5344/9973
f 3841/5345/9974 3805/5265/9974 3837/5316/9974
f 3806/5310/9960 3826/5302/9975 3827/5346/9976
f 3856/5347/9977 3783/5334/9978 3838/5338/9979
f 3711/5152/9964 3848/5340/9963 3838/5257/9980
f 3802/5348/9981 3792/5342/9967 3796/5260/9720
f 3796/5260/9739 3763/5320/9624 3851/5319/9982
f 3778/5251/9619 3850/5349/9983 3703/5350/9618
f 3689/5113/9620 3854/5329/9984 3785/5146/9621
f 3799/5254/9971 3793/5255/9985 3846/5344/9973
f 3835/5309/9986 3805/5265/9986 3841/5345/9986
f 3844/5332/9949 3783/5334/9951 3856/5347/9987
f 3795/5244/9988 3800/5258/9988 3848/5351/9988
f 3771/5149/9627 3785/5151/9629 201/5328/9989
f 3833/5325/9944 3834/5252/9946 3840/5336/9990
f 3793/5255/9991 3853/5352/9992 3846/5344/9993
f 3853/5352/9992 3793/5255/9991 3835/5315/9994
f 3847/5337/9961 3806/5310/9960 3827/5346/9976
f 3847/5337/9995 3827/5346/9902 3859/5353/9996
f 3827/5346/9902 3842/5354/9904 3859/5353/9996
f 3842/5311/9956 3807/5308/9955 3855/5355/9997
f 3807/5356/9998 3844/5332/9998 3855/5357/9998
f 3855/5357/9999 3844/5332/9999 3856/5347/9999
f 3677/5112/9559 3836/5330/10000 3854/5329/9941
f 3848/5358/10001 3800/5359/10002 3857/5360/10003
f 3687/5108/10004 3784/5100/10004 3843/5335/10004
f 3835/5309/10005 3841/5345/10005 3853/5361/10005
f 3841/5345/10006 3837/5316/10006 3847/5337/10006
f 3856/5347/9977 3838/5338/9979 3848/5358/10007
f 3857/5360/10003 3800/5359/10002 3801/5362/10008
f 3857/5360/10003 3801/5362/10008 3843/5363/10009
f 3843/5335/10010 3784/5100/9595 3839/5327/9939
f 3850/5349/10011 3778/5251/9797 201/5328/9940
f 3831/5331/10012 3787/5262/10012 3860/5364/10012
f 3787/5262/10013 3798/5253/10013 3860/5364/10013
f 3798/5253/10014 3845/5343/10014 3861/5365/10014
f 3802/5348/9981 3796/5260/9720 3839/5366/10015
f 3851/5319/9925 3852/5318/9909 3863/5367/10016
f 3785/5146/9629 3858/5368/10017 201/5369/9989
f 3785/5146/9621 3854/5329/9984 3858/5368/10018
f 3830/5324/9936 3840/5336/10019 3836/5326/9937
f 3859/5353/10020 3842/5354/10020 3855/5370/10020
f 3860/5364/10021 3798/5253/10021 3861/5365/10021
f 3856/5347/10022 3848/5358/10022 3866/5371/10022
f 3848/5358/10001 3857/5360/10003 3862/5372/10023
f 3840/5336/10024 3834/5252/10025 3860/5364/10026
f 3860/5364/10026 3834/5252/10025 3831/5331/10027
f 3855/5357/10028 3856/5347/10028 3859/5373/10028
f 3857/5360/10029 3843/5363/10030 3873/5374/10031
f 3874/5375/10032 3852/5321/9926 3703/5323/9741
f 3853/5361/10033 3841/5345/10034 3859/5353/10035
f 3841/5345/10034 3847/5337/10036 3859/5353/10035
f 3851/5319/9925 3863/5367/10016 3869/5376/10037
f 3852/5318/9926 3874/5377/10032 3863/5367/10038
f 3861/5378/10039 3845/5379/10040 3864/5380/10041
f 3845/5379/10040 3846/5381/10042 3864/5380/10041
f 3871/5382/10043 3839/5366/10015 3796/5260/9720
f 3846/5381/10044 3853/5383/10044 3868/5384/10044
f 3859/5373/10045 3856/5347/10045 3866/5371/10045
f 3871/5382/10046 3796/5260/9739 3851/5319/9982
f 3840/5336/10019 3860/5364/10047 3836/5326/9937
f 3860/5385/10048 3861/5378/10049 3865/5386/10050
f 3866/5371/10051 3848/5358/10001 3862/5372/10023
f 3843/5363/10030 3839/5387/10052 3873/5374/10031
f 3858/5368/10018 3854/5329/9984 3884/5388/10053
f 3868/5384/10054 3853/5383/10054 3859/5389/10054
f 3871/5382/10055 3851/5319/10056 3869/5376/10057
f 3874/5375/10058 3703/5323/9618 3850/5390/9983
f 3854/5329/9941 3836/5330/10000 3867/5391/10059
f 3836/5392/10060 3860/5385/10048 3865/5386/10050
f 3864/5380/10041 3846/5381/10042 3868/5384/10061
f 3868/5384/10062 3859/5389/10062 3866/5393/10062
f 3873/5394/10063 3839/5366/10015 3871/5382/10043
f 3870/5395/10064 3864/5380/10064 3868/5384/10064
f 3836/5392/10000 3865/5386/10065 3867/5396/10059
f 3865/5386/10050 3861/5378/10049 3870/5395/10066
f 3861/5378/10067 3864/5380/10067 3870/5395/10067
f 3862/5372/10068 3857/5360/10029 3873/5374/10031
f 3867/5391/10069 3884/5388/10053 3854/5329/9984
f 201/5369/9989 3858/5368/10017 3884/5388/10070
f 3862/5372/10023 3819/5397/10071 3866/5371/10051
f 3869/5376/10072 3863/5367/10038 3874/5377/10032
f 3862/5372/10073 3872/5398/10073 3819/5397/10073
f 3850/5399/10011 201/5400/9940 3935/5401/10074
f 3865/5386/10050 3870/5395/10066 3875/5402/10075
f 3887/5289/9872 3774/5270/9874 3750/5219/10076
f 3814/5284/9883 3815/5275/9885 3892/5403/10077
f 3777/5141/10078 3901/5287/10079 3877/5299/10080
f 3826/5301/10081 202/5296/10081 3809/5273/10081
f 3809/5273/10082 202/5296/10082 3822/5295/10082
f 3889/5404/10083 3873/5374/10063 3871/5405/10043
f 3866/5371/10051 3819/5397/10071 3887/5406/10084
f 3887/5289/9872 3750/5219/10076 3904/5407/10085
f 3750/5219/10086 3775/5220/10086 3878/5291/10086
f 3885/5408/10087 3811/5249/9854 3757/5205/9853
f 3885/5409/10088 3767/5223/10089 3820/5280/10090
f 3790/5240/10091 3814/5284/10091 3813/5283/10091
f 3808/5235/10092 3781/5236/10093 3824/5410/10094
f 3760/5234/9779 3761/5201/9696 3882/5411/10095
f 3822/5295/10096 3766/5297/10096 3823/5412/10096
f 3904/5407/10097 3750/5219/10097 3878/5291/10097
f 3757/5222/10098 3767/5223/10089 3885/5409/10088
f 3781/5236/9765 3782/5241/9886 3876/5413/10099
f 3825/5286/9868 3760/5234/9867 3886/5414/10100
f 3678/5099/9813 3691/5117/9815 3883/5300/10101
f 3821/5415/10102 3872/5416/10102 3915/5417/10102
f 3889/5404/10103 3871/5405/10055 3869/5418/10057
f 3870/5395/10104 3868/5384/10104 3866/5393/10104
f 3820/5280/9855 3751/5186/9774 3752/5200/9776
f 3876/5413/10099 3782/5241/9886 3755/5193/10105
f 3866/5371/10106 3887/5406/10107 3890/5419/10108
f 3896/5420/10109 3812/5421/10109 3879/5422/10109
f 3822/5295/10110 3823/5412/10110 3821/5415/10110
f 3872/5398/10111 3862/5372/10068 3903/5423/10112
f 3867/5396/10059 3865/5386/10065 3875/5402/10113
f 3870/5395/10114 3866/5393/10106 3890/5424/10108
f 3891/5425/10115 3878/5291/9882 3776/5221/9838
f 3879/5422/10116 3813/5426/10116 3897/5427/10116
f 3815/5275/10117 3808/5235/10118 3893/5428/10119
f 3808/5235/10118 3824/5410/10120 3893/5428/10119
f 3882/5429/10095 3761/5294/9696 3682/5293/9592
f 3862/5372/10068 3873/5374/10031 3903/5423/10112
f 3891/5425/10121 3904/5407/10121 3878/5291/10121
f 3776/5221/10122 3811/5249/10123 3891/5425/10124
f 3896/5420/10125 3879/5422/10125 3897/5427/10125
f 3824/5410/10094 3781/5236/10093 3876/5413/10126
f 3876/5413/10099 3755/5193/10105 3898/5430/10127
f 3894/5431/10128 3825/5286/10129 3886/5414/10130
f 3882/5429/10095 3682/5293/9592 3877/5432/10131
f 3889/5404/10132 3869/5418/10072 3921/5433/10133
f 3813/5283/10134 3814/5284/10135 3892/5403/10136
f 3921/5434/10133 3869/5376/10072 3874/5377/10032
f 3904/5407/10137 3891/5425/10138 3900/5435/10139
f 3820/5280/10140 3752/5200/10140 3905/5436/10140
f 3905/5436/10141 3752/5200/9858 3812/5281/9860
f 3760/5234/10142 3882/5411/10142 3886/5414/10142
f 3822/5295/10143 3821/5415/10143 3915/5417/10143
f 3904/5407/10144 3890/5437/10108 3887/5289/10107
f 3811/5249/9854 3885/5408/10087 3902/5438/10145
f 3885/5409/10088 3820/5280/10090 3905/5436/10146
f 3905/5436/10147 3812/5281/10147 3906/5439/10147
f 3892/5403/10136 3815/5275/10148 3917/5440/10149
f 3917/5440/10149 3815/5275/10148 3893/5428/10150
f 3898/5430/10127 3755/5193/10105 3881/5285/10151
f 3886/5414/10152 3899/5441/10153 3894/5431/10154
f 3882/5429/10095 3877/5432/10131 3942/5442/10155
f 3903/5423/10156 3873/5374/10063 3889/5404/10083
f 3884/5443/10053 3867/5396/10069 3929/5444/10157
f 3891/5425/10124 3811/5249/10123 3902/5438/10158
f 3885/5408/10159 3905/5445/10159 3907/5446/10159
f 3905/5436/10160 3906/5439/10160 3908/5447/10160
f 3908/5448/10161 3906/5449/10162 3895/5450/10163
f 3906/5449/10162 3812/5451/10164 3895/5450/10163
f 3897/5427/10165 3813/5426/10134 3892/5452/10136
f 3881/5285/10151 3825/5286/10129 3898/5430/10127
f 3898/5430/10127 3825/5286/10129 3894/5431/10128
f 3915/5417/10166 3872/5416/10167 3910/5453/10168
f 3872/5398/10169 3903/5423/10169 3910/5454/10169
f 3874/5455/10058 3850/5399/9983 3935/5401/10170
f 3905/5436/10171 3908/5447/10171 3912/5456/10171
f 3912/5457/10172 3908/5448/10161 3895/5450/10163
f 3812/5421/10173 3896/5420/10173 3922/5458/10173
f 3913/5459/10174 3876/5413/10126 3898/5430/10175
f 3930/5460/10176 3901/5461/9889 3883/5462/9891
f 3927/5463/10177 3883/5462/10101 3691/5271/9815
f 3691/5271/9717 3809/5273/9839 3927/5463/10178
f 3927/5463/10178 3809/5273/9839 3915/5417/10179
f 3911/5464/10180 3884/5443/10053 3929/5444/10157
f 3905/5445/10181 3912/5457/10172 3895/5450/10163
f 3895/5450/10182 3812/5451/10183 3938/5465/10184
f 3876/5413/10126 3913/5459/10174 3824/5410/10094
f 3886/5414/10185 3882/5411/10186 3914/5466/10187
f 3877/5432/10080 3901/5461/10079 3962/5467/10188
f 3901/5461/9889 3930/5460/10176 3962/5467/10189
f 3809/5273/10190 3822/5295/10190 3915/5417/10190
f 3910/5468/10191 2582/3516/6524 3916/3521/6523
f 3938/5465/10184 3812/5451/10183 3922/5469/10192
f 3917/5470/10193 3893/5471/10193 3919/5472/10193
f 3898/5430/10175 3894/5431/10154 3899/5441/10153
f 3899/5441/10194 3886/5414/10185 3914/5466/10187
f 3910/5468/10195 3903/5473/10196 2594/3517/6509
f 2578/3509/10197 2577/3513/10198 2585/3507/10199
f 3935/5401/10200 201/5400/9989 3884/5443/10070
f 3896/5420/10201 3897/5427/10202 3924/5474/10203
f 3897/5427/10165 3892/5452/10136 3924/5474/10204
f 3918/5475/10205 3917/5470/10205 3919/5472/10205
f 3898/5430/10175 3899/5441/10153 3933/5476/10206
f 3910/5468/10195 2594/3517/6509 2582/3516/6508
f 3926/5477/10207 3896/5420/10201 3924/5474/10203
f 3892/5452/10136 3917/5470/10149 3924/5474/10204
f 3893/5471/10208 3923/5478/10208 3919/5472/10208
f 3899/5441/10194 3914/5466/10187 3920/5479/10209
f 3920/5479/10210 3914/5466/10211 3925/5480/10212
f 3903/5423/10156 3889/5404/10083 3934/5481/10213
f 3934/5481/10214 3889/5404/10132 3921/5433/10133
f 3870/5395/10114 3890/5424/10108 3900/5482/10215
f 3890/5424/10108 3904/5483/10216 3900/5482/10215
f 3922/5458/10217 3896/5420/10217 3926/5477/10217
f 3914/5466/10218 3882/5411/10095 3942/5484/10155
f 2581/5485/6520 2594/3517/6522 3903/5473/10219
f 3867/5396/10069 3875/5402/10220 3929/5444/10157
f 3902/5438/10145 3885/5408/10087 3907/5446/10221
f 3907/5446/10222 3905/5445/10223 3895/5450/10224
f 3907/5446/10222 3895/5450/10224 3938/5465/10225
f 3924/5474/10226 3917/5470/10226 3918/5475/10226
f 3933/5476/10206 3913/5459/10174 3898/5430/10175
f 3883/5462/10101 3927/5463/10177 3930/5460/10227
f 3928/5486/10228 3910/5468/10228 2576/3518/10228
f 3910/5468/10229 3916/3521/6519 2576/3518/6518
f 3932/5487/10230 3924/5474/10230 3918/5475/10230
f 3824/5410/10231 3913/5459/10231 3940/5488/10231
f 3933/5476/10232 3899/5441/10194 3920/5479/10209
f 3942/5442/10233 3877/5432/10080 3962/5467/10188
f 3927/5463/10234 3915/5417/10166 3910/5453/10168
f 3936/5489/10235 3920/5490/10210 3925/5491/10212
f 2581/5485/6520 3903/5473/10219 3934/5492/10236
f 3935/5401/10200 3884/5443/10070 3949/5493/10237
f 3870/5395/10066 3900/5482/10238 3875/5402/10075
f 3900/5435/10139 3891/5425/10138 3902/5438/10239
f 3923/5478/10240 3893/5471/10241 3945/5494/10242
f 3824/5410/10120 3940/5488/10243 3893/5428/10119
f 200/5495/10244 3937/5496/10245 3928/5486/10246
f 2576/3518/6511 2587/3520/6513 3947/5497/10247
f 2577/3513/6505 2581/3512/6504 3934/5498/10248
f 3884/5443/10070 3911/5464/10249 3949/5493/10237
f 3929/5444/10157 3875/5402/10220 3953/5499/10250
f 3914/5466/10218 3942/5484/10155 3925/5480/10251
f 3921/5500/10252 3874/5455/10253 3943/5501/10254
f 3875/5402/10075 3900/5482/10238 3950/5502/10255
f 3932/5487/10256 3918/5475/10257 3939/5503/10258
f 3956/5504/10259 3927/5463/10260 3910/5453/10261
f 200/5495/10244 3928/5486/10246 2576/3518/10262
f 3874/5455/10058 3935/5401/10170 3943/5501/10263
f 3926/5477/10207 3924/5474/10203 3944/5505/10264
f 3919/5472/10265 3923/5478/10265 3945/5494/10265
f 3913/5459/10266 3933/5476/10267 3954/5506/10268
f 3933/5507/10269 3920/5490/10269 3946/5508/10269
f 3920/5490/10270 3936/5489/10270 3946/5508/10270
f 3936/5489/10235 3925/5491/10212 3941/5509/10271
f 3969/5510/10272 3942/5442/10272 3962/5467/10272
f 3956/5511/10259 3910/5468/10261 3928/5486/10273
f 2587/3520/6515 2580/3510/6514 3947/5497/10274
f 2580/3510/6500 2585/3507/6502 3952/5512/10275
f 3911/5464/10180 3929/5444/10157 3953/5499/10276
f 3900/5435/10277 3902/5438/10278 3950/5513/10279
f 3939/5503/10258 3918/5475/10257 3919/5472/10280
f 3934/5514/10214 3921/5500/10133 3952/5515/10281
f 3938/5465/10282 3922/5469/10283 3951/5516/10284
f 3924/5474/10285 3932/5487/10285 3939/5503/10285
f 3936/5489/10286 3941/5509/10287 3958/5517/10288
f 3928/5486/10289 3937/5496/10289 3956/5511/10289
f 3950/5513/10279 3902/5438/10278 3907/5446/10290
f 3940/5488/10291 3913/5459/10266 3954/5506/10268
f 3919/5472/10292 3945/5494/10292 3939/5503/10292
f 3946/5508/10293 3936/5489/10286 3958/5517/10288
f 2577/3513/10198 3934/5498/10294 3952/5512/10295
f 3953/5499/10250 3875/5402/10220 3950/5502/10296
f 3907/5446/10222 3938/5465/10225 3950/5513/10297
f 3940/5518/10298 3954/5519/10299 3957/5520/10300
f 3947/5497/10247 200/5495/10301 2576/3518/6511
f 3952/5515/10302 3921/5500/10252 3943/5501/10254
f 3922/5458/10303 3926/5477/10304 3978/5521/10305
f 3945/5494/10242 3893/5471/10241 3957/5520/10306
f 3893/5471/10307 3940/5518/10298 3957/5520/10300
f 3958/5517/10308 3941/5509/10308 3955/5522/10308
f 3955/5522/10309 3941/5509/10310 3925/5491/10251
f 2585/3507/10199 2577/3513/10198 3952/5512/10295
f 3943/5501/10311 3935/5401/10200 3949/5493/10237
f 3951/5523/10312 3922/5458/10303 3978/5521/10305
f 3939/5503/10313 3945/5494/10314 3960/5524/10315
f 3954/5519/10316 3933/5507/10316 3961/5525/10316
f 3933/5507/10317 3946/5508/10317 3961/5525/10317
f 3927/5463/10260 3956/5504/10259 3930/5460/10318
f 3973/5526/10319 3947/5497/10274 2580/3510/6514
f 3953/5499/10250 3950/5502/10296 3971/5527/10320
f 3950/5513/10297 3938/5465/10225 3971/5528/10321
f 3945/5494/10314 3957/5520/10322 3960/5524/10315
f 3937/5496/10323 3963/5529/10324 3956/5511/10325
f 3964/5530/10326 3924/5474/10327 3939/5503/10328
f 3955/5522/10309 3925/5491/10251 3942/5531/10155
f 3937/5496/10329 200/5495/10330 3963/5529/10331
f 3944/5505/10332 3924/5474/10327 3964/5530/10326
f 3946/5508/10333 3958/5517/10333 3967/5532/10333
f 3958/5517/10334 3955/5522/10334 3968/5533/10334
f 3985/5534/10335 3930/5460/10336 3956/5504/10337
f 3956/5511/10338 3959/5535/10338 3985/5536/10338
f 3963/5529/10331 200/5495/10330 3981/5537/10339
f 3965/5538/10340 3981/5537/10341 3947/5497/10342
f 3981/5537/10341 200/5495/10343 3947/5497/10342
f 3954/5519/10344 3961/5525/10344 3957/5520/10344
f 3955/5539/10345 3942/5442/10345 3969/5510/10345
f 3970/5540/10346 3956/5511/10325 3963/5529/10324
f 3973/5526/10347 2580/3510/6500 3952/5512/10275
f 3957/5520/10348 3961/5525/10348 3960/5524/10348
f 3967/5532/10349 3958/5517/10349 3968/5533/10349
f 3959/5535/10350 3956/5511/10350 3970/5540/10350
f 3972/5541/10351 3953/5499/10276 3971/5527/10352
f 3911/5464/10180 3953/5499/10276 3972/5541/10351
f 3961/5525/10353 3946/5508/10353 3967/5532/10353
f 3939/5503/10313 3960/5524/10315 3964/5530/10354
f 3969/5510/10355 3962/5467/10189 3979/5542/10356
f 3962/5467/10189 3930/5460/10176 3979/5542/10356
f 3959/5543/10357 3963/5544/10358 3981/5545/10359
f 3965/5538/10360 3947/5497/10360 3973/5526/10360
f 3974/5546/10361 3969/5510/10362 3979/5542/10363
f 3943/5501/10311 3949/5493/10237 3982/5547/10364
f 3949/5493/10237 3984/5548/10365 3982/5547/10364
f 3960/5524/10366 3961/5525/10366 3975/5549/10366
f 3974/5546/10361 3955/5539/10367 3969/5510/10362
f 3979/5542/10368 3930/5460/10336 3985/5534/10335
f 3970/5550/10369 3963/5544/10369 3959/5543/10369
f 3968/5533/10370 3955/5522/10371 3974/5551/10372
f 3971/5528/10373 3938/5465/10282 3951/5516/10284
f 3926/5477/10374 3944/5505/10375 3964/5530/10376
f 3961/5525/10377 3967/5532/10377 3975/5549/10377
f 3967/5532/10378 3968/5533/10379 3977/5552/10380
f 3949/5493/10237 3911/5464/10249 3972/5541/10381
f 3972/5553/10382 3971/5528/10373 3951/5516/10284
f 3978/5521/10383 3926/5477/10374 3984/5554/10384
f 3984/5554/10384 3926/5477/10374 3964/5530/10376
f 3960/5524/10385 3975/5549/10386 3976/5555/10387
f 3965/5538/10388 3973/5526/10388 3952/5512/10388
f 3943/5501/10254 3982/5547/10389 3952/5515/10302
f 3975/5549/10390 3967/5532/10378 3977/5552/10380
f 3977/5552/10391 3968/5533/10370 3974/5551/10372
f 3984/5548/10392 3949/5493/10237 3972/5541/10381
f 3964/5530/10354 3960/5524/10315 3976/5555/10393
f 3983/5556/10394 3981/5545/10395 3965/5557/10396
f 3972/5558/10381 3951/5523/10397 3978/5521/10398
f 3965/5559/10399 3952/5515/10302 3982/5547/10389
f 3984/5554/10384 3964/5530/10376 3986/5560/10400
f 3964/5530/10401 3976/5555/10402 3986/5560/10403
f 3987/5561/10404 3974/5551/10405 3979/5562/10406
f 3977/5552/10407 3974/5551/10408 3987/5561/10409
f 3987/5561/10404 3979/5562/10406 3993/5563/10410
f 3993/240/10411 3979/5564/10412 3985/5565/10413
f 3959/5543/10414 4036/5566/10415 3985/5567/10416
f 3965/5557/10417 3982/5568/10418 3991/5569/10419
f 3984/5554/10392 3972/5558/10381 3978/5521/10398
f 3986/5560/10403 3976/5555/10402 3988/5570/10420
f 175/222/10421 190/5571/10421 165/187/10421
f 181/209/10422 177/226/10422 175/207/10422
f 102/235/467 101/5572/10423 144/236/318
f 144/236/318 101/5572/10423 3990/5573/10424
f 3990/5573/10424 101/5574/10425 194/237/359
f 101/5574/10425 102/235/467 194/237/359
f 4041/238/470 148/153/304 138/147/293
f 192/221/10426 147/155/384 184/179/386
f 3993/240/10411 3985/5565/10413 4003/5575/10427
f 3975/5549/10428 3977/5552/10407 4012/5576/10429
f 112/115/435 171/198/10430 170/117/436
f 171/172/339 122/128/341 3996/5577/10431
f 193/201/413 177/210/415 3998/5578/10432
f 182/197/448 152/175/392 3992/219/437
f 156/191/418 183/5579/420 168/189/10433
f 3989/5580/10434 183/212/10434 163/181/10434
f 163/181/10435 158/176/10436 3989/5580/10437
f 144/236/318 3990/5573/10424 4006/5581/10438
f 4006/5581/10438 3990/5573/10424 4014/5582/10439
f 3990/5573/10424 194/237/359 4014/5582/10439
f 3981/5545/10359 4036/5566/10440 3959/5543/10357
f 4049/5583/10441 3981/5545/10395 3983/5556/10394
f 3976/5555/10387 3975/5549/10386 4012/5576/10442
f 3995/5584/10443 190/5571/10443 175/222/10443
f 167/174/445 193/201/447 3997/5585/10444
f 3989/5580/10437 158/176/10436 3999/5586/10445
f 158/176/10446 191/220/10447 3999/5586/10448
f 4041/238/10449 138/147/322 192/221/439
f 161/185/10450 149/173/442 185/239/472
f 177/204/10451 170/117/10451 3996/5587/10451
f 177/226/10452 182/197/10453 3998/5588/10454
f 4000/5589/10455 191/220/10456 4001/5590/10457
f 153/177/10458 172/202/10459 191/220/10460
f 154/165/10461 173/178/10462 4002/5591/10463
f 170/117/10464 171/198/10464 3996/5587/10464
f 122/128/10465 120/124/10465 3996/5577/10465
f 3997/5585/10466 193/201/10466 3998/5578/10466
f 3992/219/10467 168/199/10468 4017/5592/10469
f 3999/5586/10448 191/220/10447 4004/5593/10470
f 191/220/10447 4000/5589/10471 4004/5593/10470
f 4004/5593/10472 4000/5594/10473 4005/5595/10474
f 4000/5596/10475 4001/5590/10457 4005/5595/10474
f 4005/5595/10474 4001/5590/10457 191/220/10456
f 199/233/10476 154/165/10461 4002/5591/10463
f 4006/5597/10477 4002/5591/10463 173/178/10462
f 4002/5598/10463 4006/5599/10477 4007/5600/10478
f 4008/5601/10479 4007/5600/10479 4010/5602/10479
f 4007/5600/10478 4006/5599/10477 4010/5602/10480
f 4010/5602/10480 4006/5599/10477 4011/5603/10481
f 179/203/10482 4016/5604/10482 185/239/10482
f 4016/5604/10483 179/203/474 3993/240/473
f 4049/5583/10484 4036/5566/10440 3981/5545/10359
f 3983/5556/10485 3965/5557/10417 3991/5569/10419
f 175/222/10486 177/5605/10487 3995/5584/10488
f 3996/5577/10489 120/124/10489 167/211/10489
f 3999/5586/10490 4004/5593/10491 4018/5606/10492
f 4004/5593/10472 4005/5595/10474 4018/5606/10493
f 4005/5595/10474 191/220/10456 4018/5606/10493
f 4007/5600/10478 4008/5607/10494 4002/5598/10463
f 4008/5607/10494 4009/5608/10495 4002/5598/10463
f 4002/5598/10496 4009/5608/10497 4013/5609/10498
f 4009/5610/10499 4008/5601/10499 4013/5609/10499
f 4008/5601/10500 4010/5602/10500 4013/5609/10500
f 4011/5603/10481 4006/5599/10477 4014/5611/10501
f 194/237/468 178/5612/383 4026/5613/10502
f 3982/5547/10364 3984/5548/10365 3986/5614/10503
f 4022/5615/10504 162/116/10505 164/194/10506
f 180/205/10507 199/233/10508 4018/5606/10509
f 4002/5598/10496 4013/5609/10498 4010/5602/10480
f 4003/5575/10427 3985/5565/10416 4036/5616/10415
f 4022/5615/10510 164/194/402 165/187/377
f 177/5605/10487 3996/5617/10511 3995/5584/10488
f 3998/5588/10454 182/197/10453 4021/5618/10512
f 4021/5618/10512 182/197/10453 3992/219/10513
f 168/189/10514 183/5579/10514 4017/5619/10514
f 4019/5620/10515 192/221/10426 184/179/386
f 3991/5569/10516 3982/5568/10364 4015/5621/10517
f 3986/5560/10503 4015/5621/10517 3982/5568/10364
f 3977/5552/10407 3987/5561/10409 4012/5576/10429
f 167/5622/10518 3997/5623/10518 3996/5617/10518
f 172/202/10459 180/205/10519 4018/5606/10520
f 3976/5555/10387 4012/5576/10442 4020/5624/10521
f 3998/5588/10522 4021/5618/10522 3997/5625/10522
f 3992/219/10467 4017/5592/10469 4021/5618/10523
f 4018/5606/10520 191/220/10460 172/202/10459
f 4035/5626/10524 4041/5627/10449 192/5628/439
f 184/5629/10525 185/239/10525 4016/5604/10525
f 4015/5621/10517 3986/5560/10503 3988/5570/10526
f 3988/5570/10420 3976/5555/10402 4020/5624/10527
f 3987/5630/10528 162/116/10505 4022/5615/10504
f 3996/5617/10529 3997/5623/10529 4023/5631/10529
f 4026/5613/10530 4014/5582/10439 194/237/359
f 4030/5632/10531 192/221/10531 4019/5620/10531
f 4019/5620/10532 184/179/10533 4024/5633/10534
f 4030/5632/10535 4019/5620/10532 4024/5633/10534
f 4016/5604/10536 3993/240/10537 4025/5634/10538
f 3987/5561/10409 4022/5635/10539 4012/5576/10429
f 4022/5615/10510 165/187/377 4037/5636/10540
f 4018/5606/10509 199/233/10508 4027/5637/10541
f 199/233/10542 4002/5591/10542 4027/5637/10542
f 4032/5638/10543 4010/5602/10480 4011/5603/10481
f 4028/5639/10544 4014/5611/10439 4026/5640/10530
f 184/5629/10533 4016/5604/10536 4025/5634/10538
f 165/187/10545 190/5571/10545 4037/5636/10545
f 4031/5641/10546 3989/5642/10546 3999/5643/10546
f 4032/5638/10543 4011/5603/10481 4034/5644/10547
f 4029/5645/10548 4011/5603/10481 4014/5611/10501
f 4035/5626/10524 192/5628/439 4030/5646/10549
f 3996/5617/10550 4023/5631/10551 3995/5584/10552
f 3997/5623/10553 4021/5647/10554 4023/5631/10555
f 4017/5619/10556 183/5579/10557 3989/5642/10558
f 4002/5598/10496 4010/5602/10480 4032/5638/10543
f 4025/5634/10559 3993/240/10411 4003/5575/10427
f 4049/5583/10441 3983/5556/10394 4068/5648/10560
f 4002/5649/10561 4042/5650/10562 4027/5651/10563
f 4034/5644/10547 4011/5603/10481 4029/5645/10564
f 4026/5613/10565 178/5612/10565 4047/5652/10565
f 4039/5653/10566 4025/5634/10559 4003/5575/10427
f 4020/5624/10521 4012/5576/10442 4022/5635/10567
f 4037/5636/10568 190/5571/10569 4050/5654/10570
f 190/5571/10569 3995/5584/10571 4050/5654/10570
f 3995/5584/10552 4023/5631/10551 4050/5654/10572
f 4031/5641/10573 3999/5643/10573 4040/5655/10573
f 4035/5626/10574 4030/5646/10575 4044/5656/10576
f 4024/5633/10577 4044/5657/10576 4030/5632/10575
f 3999/5643/10490 4018/5658/10492 4040/5655/10578
f 4024/5633/10534 184/179/10533 4025/5659/10538
f 4123/5660/10579 4068/5648/10580 3983/5556/10485
f 3988/5570/10420 4020/5624/10527 4083/5661/10581
f 4017/5619/10556 3989/5642/10558 4031/5641/10582
f 4002/5649/10561 4032/5662/10583 4042/5650/10562
f 4033/5663/10584 4038/5664/10584 4045/5665/10584
f 4024/5633/10585 4025/5659/10586 4053/5666/10587
f 4003/5575/10427 4036/5616/10415 4039/5653/10566
f 3983/5556/10485 3991/5569/10419 4123/5660/10579
f 4023/5631/10555 4021/5647/10554 4050/5654/10588
f 4040/5667/10589 4018/5606/10590 4027/5637/10591
f 4034/5644/10592 4033/5663/10593 4045/5665/10594
f 4034/5644/10547 4029/5645/10564 4043/5668/10595
f 178/5612/469 4048/5669/10596 4047/5652/10597
f 178/5612/469 4041/5627/470 4048/5669/10596
f 4044/5657/10598 4024/5633/10585 4053/5666/10587
f 4040/5670/10589 4027/5651/10591 4051/5671/10599
f 4038/5664/10600 4033/5663/10601 4043/5668/10602
f 4033/5663/10593 4034/5644/10592 4043/5668/10603
f 4022/5635/10567 4037/5672/10604 4020/5624/10521
f 4042/5650/10562 4032/5662/10583 4045/5673/10594
f 4045/5665/10594 4032/5638/10583 4034/5644/10592
f 4046/5674/10605 4052/5675/10606 4038/5664/10607
f 4041/5627/10449 4035/5626/10524 4048/5669/10608
f 4051/5671/10599 4027/5651/10591 4055/5676/10609
f 4038/5664/10600 4043/5668/10602 4046/5674/10610
f 4014/5611/10611 4028/5639/10612 4065/5677/10613
f 4054/5678/10614 4031/5641/10615 4040/5655/10616
f 4014/5611/10501 4065/5677/10617 4029/5645/10548
f 4053/5679/10618 4025/5634/10559 4039/5653/10566
f 4057/5680/10619 4044/5657/10619 4053/5666/10619
f 4054/5681/10614 4040/5670/10616 4051/5671/10620
f 4038/5664/10621 4052/5675/10621 4045/5665/10621
f 4056/5682/10622 4052/5675/10606 4046/5674/10605
f 4061/5683/10623 4035/5626/10624 4044/5656/10625
f 4058/5684/10626 4039/5653/10627 4036/5616/10440
f 4063/5685/10628 3991/5569/10516 4015/5621/10517
f 4037/5672/10629 4050/5686/10630 4020/5624/10631
f 4059/5687/10632 4027/5651/10632 4042/5650/10632
f 4087/5688/10633 4053/5679/10618 4039/5653/10566
f 4123/5660/10634 3991/5569/10635 4063/5685/10636
f 4052/5675/10637 4056/5682/10637 4060/5689/10637
f 4047/5652/10597 4048/5669/10596 4090/5690/10638
f 4058/5691/10626 4036/5566/10440 4049/5583/10484
f 4015/5621/10517 3988/5570/10526 4063/5685/10639
f 4084/5692/10640 4017/5619/10641 4031/5641/10642
f 4027/5651/10643 4059/5687/10643 4055/5676/10643
f 4043/5668/10595 4029/5645/10564 4110/5693/10644
f 4085/5694/10645 4028/5639/10544 4026/5640/10530
f 4044/5656/10646 4057/5695/10647 4066/5696/10648
f 4083/5661/10581 4020/5624/10527 4073/5697/10649
f 4051/5671/10650 4055/5676/10650 4054/5681/10650
f 4059/5687/10651 4042/5650/10652 4045/5673/10653
f 4060/5689/10654 4056/5682/10655 4069/5698/10656
f 4056/5699/10622 4046/5700/10605 4062/5701/10657
f 4064/5702/10658 4046/5700/10659 4074/5703/10660
f 4074/5704/10660 4046/5674/10659 4043/5668/10661
f 4072/5705/10662 4070/5706/10662 100/5707/10662
f 4076/5708/10663 4070/5706/10664 4072/5705/10665
f 100/5707/10666 4070/5706/10667 4075/5709/10668
f 4071/5710/10669 4070/5706/10664 4076/5708/10663
f 4067/5711/10670 4058/5691/10671 4049/5583/10441
f 4050/5712/10672 4021/5618/10673 4084/5713/10674
f 4084/5713/10674 4021/5618/10673 4017/5592/10675
f 4045/5665/10676 4052/5675/10676 4060/5689/10676
f 4060/5689/10654 4069/5698/10656 4079/5714/10677
f 4085/5715/10678 4026/5613/10678 4047/5652/10678
f 4061/5683/10679 4044/5656/10646 4066/5696/10648
f 4067/5711/10670 4049/5583/10441 4068/5648/10560
f 4084/5692/10640 4031/5641/10642 4054/5678/10680
f 4054/5681/10681 4055/5676/10682 4086/5716/10683
f 4059/5687/10651 4045/5673/10653 4078/5717/10684
f 4029/5645/10564 4065/5677/10685 4110/5693/10644
f 4065/5677/10613 4028/5639/10612 4080/5718/10686
f 4085/5715/10687 100/5707/10666 4075/5709/10668
f 4082/5719/10688 4048/5669/10608 4035/5626/10524
f 4057/5680/10689 4053/5666/10618 4087/5720/10633
f 4039/5653/10627 4058/5684/10626 4087/5688/10690
f 4058/5721/10626 4077/5722/10691 4087/5723/10690
f 100/5707/10692 4085/5715/10692 4047/5652/10692
f 4078/5724/10693 4045/5665/10693 4060/5689/10693
f 4074/5704/10694 4043/5668/10695 4110/5693/10696
f 4076/5708/10697 4072/5705/10697 4093/5725/10697
f 4081/5726/10698 4072/5705/10699 100/5707/10700
f 3988/5570/10526 4083/5661/10701 4063/5685/10639
f 4050/5727/10630 4084/5728/10702 4073/5729/10703
f 4069/5730/10704 4056/5699/10705 4096/5731/10706
f 4046/5700/10707 4064/5702/10707 4062/5701/10707
f 4070/5706/10708 4071/5710/10709 4121/5732/10710
f 4088/5733/10711 4071/5710/10712 4076/5708/10713
f 4093/5725/10714 4072/5705/10715 4081/5726/10716
f 4082/5719/10717 4035/5626/10624 4061/5683/10623
f 4061/5683/10679 4066/5696/10648 4092/5734/10718
f 4066/5696/10719 4057/5695/10689 4087/5723/10633
f 4020/5624/10631 4050/5686/10630 4073/5697/10703
f 4103/5735/10720 4054/5681/10721 4086/5716/10722
f 4086/5716/10683 4055/5676/10682 4059/5687/10723
f 4078/5724/10724 4060/5689/10725 4095/5736/10726
f 4106/5737/10727 4064/5702/10728 4074/5703/10729
f 4081/5726/10698 100/5707/10700 4090/5690/10730
f 100/5707/10731 4047/5652/10731 4090/5690/10731
f 4095/5736/10726 4060/5689/10725 4079/5714/10732
s 0
f 4098/5738/10733 4099/5739/2090 4100/5740/2090
s 1
f 4100/5740/10734 4099/5739/10735 4101/5741/10736
f 4099/5739/10735 4098/5742/10737 4101/5741/10736
f 4098/5742/10738 4097/5743/10738 4101/5741/10738
f 4101/5741/10739 4097/5743/10739 4105/5744/10739
f 4097/5743/10740 4064/5702/10740 4105/5744/10740
f 4075/5709/10741 4070/5706/10708 4121/5732/10710
f 4082/5719/10717 4061/5683/10623 4091/5745/10742
f 4077/5722/10691 4094/5746/10743 4087/5723/10690
f 4084/5728/10744 4054/5681/10721 4103/5735/10720
f 4095/5747/10745 4059/5687/10723 4078/5717/10746
f 4096/5731/10706 4056/5699/10705 4104/5748/10747
f 4064/5702/10748 4097/5743/10748 4062/5701/10748
f 4097/5743/10749 4098/5738/10749 4062/5701/10749
f 4098/5738/10750 4100/5740/10751 4062/5701/10752
f 4062/5701/10752 4100/5740/10753 4101/5741/10754
f 4064/5702/10728 4106/5737/10727 4105/5744/10755
f 4109/5749/10756 4074/5704/10694 4110/5693/10696
f 4110/5693/10644 4065/5677/10685 4107/5750/10757
f 4121/5732/10758 4071/5710/10712 4088/5733/10711
f 4088/5733/10711 4076/5708/10713 4089/5751/10759
f 4090/5690/10760 4048/5669/10760 4141/5752/10760
f 4141/5752/10761 4048/5669/10608 4082/5719/10688
f 4102/5753/10762 4082/5719/10762 4091/5745/10762
f 4058/5691/10671 4067/5711/10670 4108/5754/10763
f 4067/5711/10764 4068/5648/10580 4123/5660/10579
f 4073/5697/10649 4144/5755/10765 4083/5661/10581
f 4056/5699/10622 4062/5701/10657 4104/5748/10766
f 4091/5745/10767 4061/5683/10679 4092/5734/10718
f 4083/5661/10701 4144/5755/10768 4154/5756/10769
f 4107/5750/10770 4065/5677/10770 4111/5757/10770
f 4111/5757/10771 4113/5758/10771 4107/5750/10771
f 4107/5750/10772 4113/5758/10772 4112/5759/10772
f 4113/5760/10773 4111/5757/10773 4114/5761/10773
f 4111/5757/10774 4065/5677/10774 4114/5761/10774
f 4065/5677/10775 4080/5718/10776 4114/5761/10777
f 4089/5751/10778 4076/5708/10778 4093/5725/10778
f 4093/5725/10714 4081/5726/10716 4116/5762/10779
f 4122/5763/10780 4077/5722/10781 4058/5721/10671
f 4086/5716/10683 4059/5687/10723 4095/5747/10745
f 4101/5741/10782 4105/5744/10782 4117/5764/10782
f 4119/5765/10783 4074/5766/10694 4109/5767/10756
f 4107/5750/10784 4112/5759/10785 4115/5768/10786
f 4112/5759/10785 4113/5769/10787 4115/5768/10786
f 4115/5768/10788 4113/5769/10789 4080/5718/10776
f 4113/5769/10789 4114/5761/10777 4080/5718/10776
f 4094/5746/10790 4077/5722/10781 4122/5763/10780
f 4122/5770/10780 4058/5691/10671 4108/5754/10763
f 4073/5729/10703 4084/5728/10702 4103/5735/10791
f 4105/5771/10792 4069/5730/10793 4117/5772/10794
f 4104/5748/10795 4062/5701/10752 4101/5741/10754
f 4117/5772/10794 4069/5730/10793 4096/5731/10796
f 4118/5773/10797 4104/5774/10798 4101/5775/10799
f 4104/5774/10747 4118/5773/10800 4120/5776/10801
f 4118/5773/10797 4101/5775/10799 4126/5777/10802
f 4080/5718/10803 4028/5639/10544 4085/5694/10645
f 4092/5734/10718 4102/5753/10804 4091/5745/10767
f 4092/5734/10805 4066/5696/10719 4087/5723/10633
f 4138/5778/10806 4094/5746/10790 4122/5763/10780
f 4067/5711/10764 4123/5660/10579 4131/5779/10807
f 4063/5685/10639 4083/5661/10701 4154/5756/10769
f 4079/5714/10808 4069/5698/10809 4129/5780/10810
f 4124/5781/10811 4119/5765/10812 4101/5782/10813
f 4143/5783/10814 4101/5782/10814 4117/5784/10814
f 4096/5785/10706 4104/5774/10747 4120/5776/10801
f 4108/5754/10815 4067/5711/10764 4131/5779/10807
f 4069/5730/10816 4105/5771/10816 4129/5786/10816
f 4116/5762/10817 4081/5726/10818 4090/5690/10819
f 4093/5725/10714 4116/5762/10779 4125/5787/10820
f 4141/5752/10821 4082/5719/10821 4102/5753/10821
f 4079/5714/10808 4129/5780/10810 4095/5736/10822
f 4105/5744/10823 4106/5737/10823 4129/5788/10823
f 4106/5789/10824 4074/5766/10825 4119/5765/10826
f 4117/5784/10794 4096/5785/10796 4143/5783/10827
f 4143/5783/10828 4096/5785/10829 4120/5776/10830
f 4101/5775/10831 4119/5790/10832 4126/5777/10833
f 4085/5715/10834 4075/5709/10835 4127/5791/10836
f 4116/5762/10817 4090/5690/10819 4141/5752/10837
f 4128/5792/10838 4087/5723/10690 4094/5746/10743
f 4131/5779/10839 4063/5685/10636 4154/5756/10840
f 4106/5789/10824 4119/5765/10826 4124/5781/10841
f 4109/5749/10756 4110/5693/10696 4107/5750/10784
f 4075/5709/10741 4121/5732/10710 4127/5791/10842
f 4123/5660/10634 4063/5685/10636 4131/5779/10839
f 4086/5716/10683 4095/5747/10745 4129/5793/10843
f 4124/5781/10811 4101/5782/10813 4143/5783/10844
f 4120/5776/10845 4118/5773/10846 4137/5794/10847
f 4126/5777/10833 4119/5790/10832 4109/5795/10848
f 4130/5796/10849 4102/5753/10850 4092/5734/10851
f 4092/5734/10805 4087/5723/10633 4128/5792/10852
f 4122/5770/10853 4108/5754/10815 4139/5797/10854
f 4073/5729/10703 4103/5735/10791 4132/5798/10855
f 4129/5788/10856 4106/5737/10856 4133/5799/10856
f 4118/5773/10857 4126/5777/10858 4137/5794/10859
f 4157/5800/10860 4122/5770/10853 4139/5797/10854
f 4136/5801/10861 4120/5776/10845 4137/5794/10847
f 4126/5802/10833 4109/5749/10848 4153/5803/10862
f 4106/5789/10863 4134/5804/10864 4133/5805/10865
f 4089/5751/10866 4093/5725/10866 4125/5787/10866
f 4130/5796/10867 4092/5734/10805 4128/5792/10852
f 4122/5763/10868 4157/5806/10869 4138/5778/10870
f 4086/5716/10722 4129/5793/10871 4152/5807/10872
f 4135/5808/10873 4120/5776/10874 4136/5801/10875
f 4073/5697/10649 4132/5809/10876 4144/5755/10765
f 4103/5735/10720 4086/5716/10722 4152/5807/10872
f 4145/5810/10877 4129/5788/10878 4133/5799/10879
f 4134/5804/10864 4106/5789/10863 4124/5781/10880
f 4148/5811/10881 4147/5812/10881 4146/5813/10881
f 4146/5813/10882 4140/5814/10882 4150/5815/10882
f 4121/5732/10883 4088/5733/10884 99/5816/10885
f 4141/5752/10886 4102/5753/10850 4130/5796/10849
f 4108/5754/10815 4131/5779/10807 4139/5797/10854
f 4129/5788/10871 4145/5810/10887 4152/5817/10872
f 4124/5781/10880 4142/5818/10888 4134/5804/10864
f 4124/5781/10889 4143/5783/10889 4142/5818/10889
f 4151/5819/10890 4140/5814/10891 4156/5820/10892
f 4149/5821/10893 4146/5813/10894 4147/5812/10895
f 99/5816/10896 4088/5733/10896 4162/5822/10896
f 4125/5787/10897 4116/5762/10817 4141/5752/10837
f 4143/5783/10828 4120/5776/10830 4135/5808/10898
f 4137/5823/10899 4151/5819/10900 4136/5824/10901
f 4146/5813/10894 4149/5821/10893 4140/5814/10902
f 4115/5768/10903 4080/5718/10803 4085/5694/10645
f 4157/5800/10860 4139/5797/10854 4163/5825/10904
f 4132/5798/10855 4103/5735/10791 4152/5807/10905
f 4150/5815/10906 4140/5814/10906 4151/5819/10906
f 4088/5733/10907 4089/5751/10908 4162/5822/10909
f 4131/5779/10839 4154/5756/10840 4139/5797/10910
f 4145/5826/10877 4133/5805/10879 4134/5804/10911
f 4142/5818/10912 4143/5783/10828 4135/5808/10898
f 4136/5824/10901 4151/5819/10900 4156/5820/10913
f 4156/5820/10892 4140/5814/10891 4149/5821/10914
f 4160/5827/10915 4139/5797/10910 4154/5756/10840
f 4144/5755/10765 4132/5809/10876 4170/5828/10916
f 4147/5812/10917 4158/5829/10917 4149/5821/10917
f 4147/5812/10918 4159/5830/10918 4158/5829/10918
f 4167/5831/10919 4148/5811/10919 4146/5813/10919
f 4151/5832/10920 4137/5833/10921 4180/5834/10922
f 4137/5833/10859 4126/5802/10858 4161/5835/10923
f 4109/5749/10756 4107/5750/10784 4181/5836/10924
f 4115/5768/10903 4085/5694/10645 4181/5836/10925
f 4169/5837/10926 4121/5732/10883 99/5816/10885
f 4166/5838/10927 4135/5839/10873 4136/5824/10875
f 4159/5830/10928 4147/5812/10928 4148/5811/10928
f 4181/5836/10924 4107/5750/10784 4115/5768/10786
f 4163/5825/10929 4139/5797/10910 4160/5827/10915
f 4085/5715/10834 4127/5791/10836 4181/5840/10930
f 4127/5791/10842 4121/5732/10710 4168/5841/10931
f 4141/5752/10886 4130/5796/10849 4125/5787/10932
f 4138/5778/10870 4157/5806/10869 4165/5842/10933
f 4183/5843/10934 4136/5824/10935 4156/5820/10936
f 4180/5834/10922 4137/5833/10921 4161/5835/10937
f 4126/5802/10833 4153/5803/10862 4174/5844/10938
f 98/5845/10939 99/5846/10939 4172/5847/10939
f 4172/5847/10940 99/5846/10940 4162/5848/10940
f 4132/5849/10876 4185/5850/10941 4170/5851/10916
f 4185/5850/10942 4132/5849/10855 4152/5852/10905
f 4142/5853/10912 4135/5839/10898 4166/5838/10943
f 4159/5830/10944 4148/5811/10945 4173/5854/10946
f 4173/5854/10946 4148/5811/10945 4164/5855/10947
f 4164/5855/10948 4148/5811/10948 4167/5831/10948
f 4109/5749/10949 4181/5836/10949 4153/5803/10949
f 4121/5856/10950 4169/5857/10951 4168/5858/10952
f 4217/5859/10953 4163/5860/10929 4160/5861/10915
f 4160/5827/10954 4154/5756/10955 4170/5828/10956
f 4154/5756/10769 4144/5755/10768 4170/5828/10957
f 4171/5862/10958 4149/5821/10958 4158/5829/10958
f 4146/5813/10959 4150/5815/10960 4167/5831/10961
f 4161/5835/10923 4126/5802/10858 4174/5844/10962
f 97/5863/10963 98/5845/10964 4178/5864/10965
f 4158/5829/10966 4159/5830/10967 4173/5854/10968
f 4162/5822/10909 4089/5751/10908 4175/5865/10969
f 4176/5866/10970 4125/5787/10970 4130/5796/10970
f 4176/5866/10971 4130/5796/10867 4128/5792/10852
f 4165/5842/10972 4157/5806/10860 4163/5867/10904
f 4145/5826/10887 4134/5804/10973 4196/5868/10974
f 4196/5868/10975 4134/5804/10976 4177/5869/10977
f 4183/5843/10934 4166/5838/10978 4136/5824/10935
f 4171/5862/10979 4183/5843/10980 4156/5820/10981
f 4169/5857/10982 99/5846/10983 4189/5870/10984
f 99/5846/10983 98/5845/10985 4189/5870/10984
f 97/5863/10986 4189/5870/10986 98/5845/10986
f 4178/5864/10965 98/5845/10964 4172/5847/10987
f 4175/5865/10988 4089/5751/10988 4176/5866/10988
f 4089/5751/10989 4125/5787/10989 4176/5866/10989
f 4156/5820/10990 4149/5821/10990 4171/5862/10990
f 4164/5855/10991 4167/5831/10992 4179/5871/10993
f 4187/5872/10994 97/5863/10995 4178/5864/10996
f 4172/5847/10997 4188/5873/10997 4178/5864/10997
f 4094/5746/10790 4138/5778/10806 4182/5874/10998
f 4138/5778/10870 4165/5842/10933 4182/5874/10999
f 4158/5829/10966 4173/5854/10968 4184/5875/11000
f 4151/5832/11001 4180/5834/11002 4150/5876/10960
f 4172/5847/11003 4162/5848/11004 4188/5873/11005
f 4191/5877/11006 4217/5859/11007 4170/5851/10956
f 4217/5859/11007 4160/5861/10954 4170/5851/10956
f 4191/5877/11008 4170/5851/10916 4185/5850/10941
f 4152/5878/10872 4145/5826/10887 4196/5868/10974
f 4167/5879/10961 4150/5876/10960 4200/5880/11009
f 4153/5803/10862 4181/5836/11010 4193/5881/11011
f 4152/5852/10905 4196/5882/11012 4185/5850/10942
f 4142/5853/10912 4166/5838/10943 4192/5883/11013
f 4186/5884/11014 4166/5838/11014 4183/5843/11014
f 4171/5862/10979 4158/5829/11015 4184/5875/11016
f 4173/5854/11017 4164/5855/11018 4194/5885/11019
f 4194/5885/11019 4164/5855/11018 4179/5871/11020
f 4179/5871/10993 4167/5831/10992 4200/5886/11021
f 4200/5880/11009 4150/5876/10960 4180/5834/11002
f 4162/5822/11022 4175/5865/11022 4190/5887/11022
f 4174/5844/10938 4153/5803/10862 4193/5881/11011
f 4206/5888/11023 4168/5858/10952 4169/5857/10951
f 97/5863/11024 4187/5872/11025 4189/5870/11026
f 4212/5889/11027 4165/5842/10972 4163/5867/10904
f 4134/5804/10976 4142/5818/11028 4177/5869/10977
f 4181/5840/10930 4127/5791/10836 4168/5841/11029
f 4169/5857/10982 4189/5870/10984 4210/5890/11030
f 4199/5891/11031 4182/5892/10999 4165/5893/10933
f 4184/5875/11032 4173/5854/11032 4194/5885/11032
f 4206/5888/11033 4169/5857/10982 4210/5890/11030
f 4162/5848/11004 4190/5894/11034 4188/5873/11005
f 4187/5872/10994 4178/5864/10996 4198/5895/11035
f 4128/5792/10838 4094/5746/10743 4182/5874/11036
f 4177/5896/10977 4142/5853/11028 4192/5883/11037
f 4184/5875/11038 4194/5885/11039 4197/5897/11040
f 4193/5881/11011 4181/5836/10930 4168/5898/11029
f 4210/5890/11041 4189/5870/11026 4201/5899/11042
f 4201/5899/11042 4189/5870/11026 4187/5872/11025
f 4202/5900/11043 4195/5901/11044 4203/5902/11045
f 4176/5866/11046 4128/5792/11046 4175/5865/11046
f 4171/5862/10979 4184/5875/11016 4186/5884/11047
f 4174/5844/10938 4193/5881/11011 4231/5903/11048
f 4212/5904/11049 4163/5860/10929 4217/5859/10953
f 4183/5843/10980 4171/5862/10979 4186/5884/11047
f 4180/5834/10922 4161/5835/10937 4205/5905/11050
f 4195/5901/11051 4187/5872/11052 4198/5895/11053
f 4190/5887/11054 4175/5865/11054 4204/5906/11054
f 4249/5907/11055 4200/5880/11009 4180/5834/11002
f 4207/5908/11056 4203/5902/11057 4195/5901/11058
f 4128/5792/11059 4204/5906/11060 4175/5865/11061
f 4204/5909/11060 4128/5910/11059 4209/5911/11062
f 4209/5911/11063 4128/5910/10838 4182/5892/11036
f 4211/5912/11064 4199/5891/11031 4165/5893/10933
f 4161/5835/10923 4174/5844/10962 4205/5905/11065
f 4174/5844/11066 4231/5903/11066 4205/5905/11066
f 4201/5899/11067 4187/5872/11068 4195/5901/11044
f 4207/5908/11069 4195/5901/11051 4198/5895/11053
f 4229/5913/11070 4198/5895/11071 4188/5873/11072
f 4198/5895/11071 4178/5864/11073 4188/5873/11072
f 4188/5873/11005 4190/5894/11034 4204/5914/11074
f 4207/5908/11056 4214/5915/11075 4203/5902/11057
f 4199/5891/11076 4260/5916/11077 4238/5917/11078
f 4260/5916/11079 4199/5891/11031 4211/5912/11064
f 4185/5850/10942 4196/5882/11012 4219/5918/11080
f 4192/5883/11013 4166/5838/10943 4208/5919/11081
f 96/5920/11082 4203/5902/11057 4214/5915/11075
f 4182/5892/11036 4199/5891/11076 4209/5911/11063
f 4211/5912/11083 4165/5893/10972 4212/5921/11027
f 4177/5896/10977 4192/5883/11037 4220/5922/11084
f 4208/5919/11085 4166/5838/11085 4186/5884/11085
f 4194/5885/11039 4239/5923/11086 4197/5897/11040
f 4194/5885/11087 4179/5871/11088 4239/5923/11089
f 4201/5899/11067 4195/5901/11044 4202/5900/11043
f 4225/5924/11090 4217/5859/11007 4191/5877/11006
f 4191/5877/11008 4185/5850/10941 4219/5918/11091
f 4213/5925/11092 4239/5923/11089 4179/5871/11088
f 96/5920/11093 4214/5915/11094 4232/5926/11095
f 4186/5884/11047 4184/5875/11016 4226/5927/11096
f 4239/5928/11097 94/5929/11097 4216/5930/11097
f 94/5929/11098 4239/5928/11098 4213/5931/11098
f 4214/5915/11099 4207/5908/11100 4245/5932/11101
f 4229/5913/11102 4188/5873/11103 4204/5914/11104
f 4225/5924/11105 4191/5877/11008 4219/5918/11091
f 4215/5933/11106 4208/5919/11107 4186/5884/11108
f 94/5929/11109 95/5934/11109 4216/5930/11109
f 4180/5834/11002 4205/5905/11110 4249/5907/11055
f 4202/5900/11111 4203/5902/11111 4221/5935/11111
f 4207/5908/11100 4198/5895/11112 4245/5932/11101
f 4199/5891/11076 4238/5917/11078 4209/5911/11063
f 4196/5936/11113 4177/5896/10977 4220/5922/11084
f 4213/5925/11114 4179/5871/11114 4200/5886/11114
f 4203/5902/11115 96/5920/11115 88/5937/11115
f 92/5938/11116 4235/5939/11117 93/5940/11118
f 4212/5904/11049 4217/5859/10953 4225/5924/11119
f 95/5934/11120 94/5929/11121 4227/5941/11122
f 4263/5942/11123 4168/5858/10952 4206/5888/11023
f 4223/5943/11124 4222/5944/11125 4244/5945/11126
f 4223/5943/11124 4244/5945/11126 4233/5946/11127
f 4232/5926/11095 4214/5915/11094 4224/5947/11128
f 4260/5916/11079 4211/5912/11064 4271/5948/11129
f 4196/5882/11012 4220/5949/11130 4291/5950/11131
f 4230/5951/11132 95/5934/11120 4227/5941/11122
f 4193/5881/11011 4168/5898/11029 4263/5952/11133
f 4221/5935/11134 4203/5902/11134 88/5937/11134
f 4222/5944/11135 4223/5943/11136 4228/5953/11137
f 89/98/240 4259/103/239 4252/5954/11138
f 4196/5882/11012 4291/5950/11131 4219/5918/11080
f 4227/5955/11139 94/5956/11140 4213/5957/11141
f 4201/5958/11067 4202/5959/11043 4221/5960/11142
f 4229/5913/11102 4204/5914/11104 4255/5961/11143
f 4204/5914/11104 4270/5962/11144 4255/5961/11143
f 4204/5909/11060 4209/5911/11062 4270/5963/11145
f 4209/5911/11146 4238/5917/11147 92/5964/11148
f 93/5940/11149 4234/5965/11149 4272/5966/11149
f 88/5967/11150 96/5968/11151 4243/5969/11152
f 4232/5926/11095 4224/5947/11128 4233/5946/11153
f 4224/5947/11128 4223/5943/11154 4233/5946/11153
f 4228/5953/11137 4223/5943/11136 4224/5947/11155
f 4214/5915/11099 4245/5932/11101 4224/5947/11156
f 4198/5895/11112 4229/5913/11157 4245/5932/11101
f 4241/97/233 4235/101/237 4237/5970/11158
f 4213/5957/11159 4200/5880/11159 4248/5971/11159
f 4249/5907/11055 4205/5905/11110 4231/5903/11048
f 4236/5972/11160 4222/5944/11161 4228/5953/11162
f 4259/103/239 4241/97/241 4240/5973/11163
f 4294/5974/11164 4212/5904/11049 4225/5924/11119
f 4192/5883/11165 4208/5919/11165 4253/5975/11165
f 4215/5933/11166 4186/5884/11047 4226/5927/11096
f 91/100/11167 89/98/11168 4246/5976/11169
f 4211/5912/11083 4212/5921/11027 4294/5977/11170
f 4247/5978/11171 4197/5897/11171 4239/5923/11171
f 4239/5928/11172 4216/5930/11173 95/5934/11174
f 4242/5979/11175 4230/5951/11132 4227/5941/11122
f 4227/5955/11139 4213/5957/11141 4248/5971/11176
f 4200/5880/11177 4249/5907/11178 4248/5971/11179
f 4244/5945/11180 4222/5944/11161 4236/5972/11160
f 4228/5953/11181 4250/5980/11182 4236/5972/11183
f 90/99/11184 91/100/11185 4254/5981/11186
f 89/98/11168 4252/5954/11187 4246/5976/11169
f 4235/5939/11188 92/5938/11148 4268/5982/11189
f 4268/5983/11189 92/5964/11148 4238/5917/11147
f 4271/5948/11190 4211/5912/11083 4294/5977/11170
f 4220/5984/11084 4192/5985/11037 4262/5986/11191
f 4262/5987/11192 4192/5988/11193 4253/5989/11194
f 4197/5897/11040 4226/5927/11195 4184/5875/11038
f 95/5934/11174 4230/5951/11196 4239/5928/11172
f 4231/5903/11048 4193/5881/11011 4263/5952/11133
f 4232/5926/11197 4233/5946/11198 4244/5945/11199
f 92/5938/11116 93/5940/11118 4272/5966/11200
f 4272/5966/11201 4234/5965/11202 4251/5990/11203
f 4263/5942/11204 4206/5888/11033 4210/5890/11030
f 96/5968/11205 4232/5991/11197 4243/5969/11206
f 4224/5947/11155 4245/5932/11101 4228/5953/11137
f 4254/5981/11207 91/100/11208 4266/5992/11209
f 4237/5970/11210 4235/101/11211 4268/5993/11212
f 4243/5969/11152 4221/5960/11213 88/5967/11150
f 4256/5994/11214 4243/5969/11206 4232/5991/11197
f 4257/5995/11215 4236/5996/11183 4250/5997/11182
f 4245/5932/11101 4229/5913/11157 4255/5961/11216
f 4270/5963/11145 4209/5911/11062 92/5964/11217
f 4234/5998/11218 93/102/11218 90/99/11218
f 4268/5983/11219 4238/5917/11078 4260/5916/11077
f 4225/5924/11105 4219/5918/11091 4291/5950/11220
f 4227/5955/11139 4248/5971/11176 4242/5999/11221
f 4256/5994/11214 4232/5991/11197 4269/6000/11222
f 4232/5991/11197 4244/6001/11199 4269/6000/11222
f 4257/5995/11223 4250/5997/11223 4264/6002/11223
f 4265/6003/11224 4250/5980/11225 4228/5953/11226
f 4228/5953/11137 4245/5932/11101 4255/5961/11216
f 4258/6004/11227 4272/5966/11201 4251/5990/11203
f 4269/6000/11228 4244/6001/11228 4236/5996/11228
f 4263/6005/11229 4210/6006/11230 4278/6007/11231
f 4210/6006/11041 4201/5958/11042 4278/6007/11232
f 4228/5953/11226 4255/5961/11233 4265/6003/11224
f 4292/6008/11234 4258/6004/11235 4251/5990/11236
f 91/100/11167 4246/5976/11169 4267/6009/11237
f 4220/5949/11130 4261/6010/11238 4291/5950/11131
f 4292/6008/11239 4261/6011/11240 4220/5984/11084
f 4253/5975/11241 4208/5919/11107 4215/5933/11106
f 4264/6002/11242 4250/5997/11242 4265/6012/11242
f 4270/6013/11243 92/5938/11116 4272/5966/11200
f 4220/5984/11084 4262/5986/11191 4292/6008/11239
f 4273/6014/11244 4239/5928/11172 4230/5951/11196
f 4201/5958/11067 4221/5960/11142 4278/6007/11245
f 4269/6000/11246 4236/5996/11246 4257/5995/11246
f 4262/5987/11192 4253/5989/11194 4274/6015/11247
f 4247/5978/11248 4215/5933/11166 4226/5927/11096
f 4247/6016/11249 4239/5928/11250 4273/6014/11251
f 4275/6017/11252 4243/5969/11206 4256/5994/11214
f 4292/6008/11234 4262/5986/11253 4258/6004/11235
f 4253/5975/11194 4215/5933/11254 4247/5978/11255
f 4226/5927/11195 4197/5897/11040 4247/5978/11256
f 4278/6007/11257 4221/5960/11213 4243/5969/11152
f 4277/6018/11258 4231/5903/11048 4263/5952/11133
f 4230/5951/11132 4242/5979/11175 4273/6014/11259
f 4263/5952/11229 4278/6019/11231 4277/6018/11260
f 4270/6013/11261 4272/5966/11201 4258/6004/11227
f 4274/6015/11247 4253/5989/11194 4247/6016/11255
f 4249/5907/11055 4231/5903/11048 4277/6018/11258
f 4269/6000/11222 4257/5995/11262 4256/5994/11214
f 4249/5907/11178 4277/6018/11263 4248/5971/11179
f 4276/6020/11264 4264/6002/11265 4265/6012/11266
f 4258/6021/11267 4262/5987/11267 4274/6015/11267
f 4256/5994/11214 4257/5995/11262 4264/6002/11268
f 4242/5999/11221 4248/5971/11176 4284/6022/11269
f 4278/6007/11270 4243/5969/11270 4275/6017/11270
f 4276/6020/11264 4265/6012/11266 4279/6023/11271
f 4265/6003/11224 4255/5961/11233 4279/6024/11272
f 4255/5961/11273 4270/5962/11273 4279/6024/11273
f 4279/6025/11274 4270/6026/11275 4258/6021/11276
f 4281/6027/11277 4273/6014/11259 4284/6028/11278
f 4273/6014/11259 4242/5979/11175 4284/6028/11278
f 4274/6015/11279 4247/6016/11249 4281/6027/11280
f 4281/6027/11280 4247/6016/11249 4273/6014/11251
f 4256/5994/11214 4264/6002/11268 4276/6020/11281
f 4258/6021/11276 4274/6015/11282 4279/6025/11274
f 4282/6029/11283 4274/6015/11279 4281/6027/11280
f 4276/6030/11284 4279/6025/11284 4280/6031/11284
f 4283/6032/11285 4279/6025/11285 4274/6015/11285
f 4284/6022/11286 4248/5971/11179 4277/6018/11263
f 4277/6018/11260 4278/6019/11231 4284/6022/11287
f 4275/6017/11288 4256/5994/11214 4276/6020/11281
f 4278/6033/11289 4275/6034/11290 4287/6035/11291
f 4279/6025/11292 4283/6032/11292 4280/6031/11292
f 4285/6036/11293 4281/6027/11277 4284/6028/11278
f 4275/6034/11294 4276/6030/11294 4287/6035/11294
f 4282/6029/11295 4281/6027/11295 4285/6036/11295
f 4274/6015/11296 4282/6029/11297 4283/6032/11298
f 4284/6037/11287 4278/6033/11231 4286/6038/11299
f 4287/6035/11300 4276/6030/11300 4280/6031/11300
f 4286/6038/11301 4278/6033/11289 4287/6035/11291
f 4285/6036/11293 4284/6028/11278 4289/6039/11302
f 4286/6038/11299 4289/6040/11303 4284/6037/11287
f 4287/6035/11304 4280/6031/11305 4283/6032/11306
f 4288/6041/11307 4285/6036/11307 4289/6039/11307
f 4285/6036/11308 4288/6041/11308 4282/6029/11308
f 4283/6032/11298 4282/6029/11297 4254/6042/11309
f 4282/6029/11297 4288/6041/11310 4254/6042/11309
f 4286/6038/11311 4287/6035/11304 4283/6032/11306
f 4283/6032/11312 4254/6042/11312 4286/6038/11312
f 4290/6043/11313 4289/6040/11303 4286/6038/11299
f 4288/6041/11314 4289/6039/11314 4290/6044/11314
f 4286/6038/11315 4254/6042/11315 4290/6043/11315
f 4266/5992/11316 91/100/11317 4267/6009/11318
f 4308/6045/11319 4225/5924/11105 4291/5950/11220
f 4251/5990/11203 4234/5965/11202 4293/6046/11320
f 4254/5981/11207 4266/5992/11209 4290/6047/11321
f 4246/5976/11322 4252/5954/11323 4259/103/11324
f 4240/5973/11325 4241/97/11326 4237/5970/11327
f 4234/5998/11328 90/99/11184 4254/5981/11186
f 4299/6048/11329 4268/5983/11219 4260/5916/11077
f 4260/5916/11079 4271/5948/11129 4303/6049/11330
f 4290/6047/11331 4266/5992/11332 4295/6050/11333
f 4298/6051/11334 4246/5976/11322 4259/103/11324
f 4308/6045/11335 4291/5950/11131 4261/6010/11238
f 4267/6009/11237 4246/5976/11169 4296/6052/11336
f 4309/6053/11337 4303/6049/11330 4271/5948/11129
f 4294/5974/11164 4225/5924/11119 4305/6054/11338
f 4297/6055/11339 4266/5992/11316 4267/6009/11318
f 4259/103/11340 4240/5973/11341 4307/6056/11342
f 4305/6054/11343 4225/5924/11105 4308/6045/11319
f 4261/6011/11240 4292/6008/11239 4300/6057/11344
f 4292/6008/11234 4251/5990/11236 4293/6046/11345
f 4311/6058/11346 4288/6059/11347 4290/6047/11348
f 4307/6060/11342 4240/6061/11341 4301/6062/11349
f 4240/5973/11325 4237/5970/11327 4304/6063/11350
f 4299/6048/11351 4260/5916/11079 4303/6049/11330
f 4234/5998/11352 4254/5981/11353 4293/6064/11354
f 4302/6065/11355 4240/6061/11356 4304/6066/11357
f 4309/6053/11358 4271/5948/11190 4294/5977/11170
f 4254/6067/11353 4288/6059/11359 4311/6058/11360
f 4301/6062/11361 4240/6061/11356 4302/6065/11355
f 4304/6063/11362 4237/5970/11210 4268/5993/11212
f 4309/6053/11363 4294/5977/11164 4305/6068/11338
f 4306/6069/11364 4290/6047/11331 4295/6050/11333
f 4246/5976/11322 4298/6051/11334 4296/6052/11365
f 4308/6045/11335 4261/6010/11238 4300/6070/11366
f 4290/6047/11348 4306/6069/11367 4311/6058/11346
f 4296/6052/11365 4298/6051/11334 4310/6071/11368
f 4268/5983/11219 4299/6048/11329 3346/6072/11369
f 4295/6050/11370 4266/5992/11316 4297/6055/11339
f 4267/6009/11237 4296/6052/11336 4297/6055/11371
f 4309/6053/11363 4305/6068/11338 3980/6073/11372
f 4259/103/11324 4307/6056/11373 4298/6051/11334
f 4313/6074/11374 4268/6075/11212 3346/6076/11375
f 3888/6077/11376 4292/6008/11376 4293/6046/11376
f 4293/6078/11354 4254/6067/11353 4311/6058/11360
f 4312/6079/11377 4310/6080/11368 4298/6081/11334
f 4299/6048/11351 4303/6049/11330 4309/6053/11337
f 4299/6082/11351 4309/6083/11337 3692/6084/11378
f 4300/6057/11344 4292/6008/11239 3888/6077/11379
f 4296/6052/11336 4310/6071/11380 4297/6055/11371
f 4304/6066/11362 4268/6075/11212 4313/6074/11374
f 3113/6085/11381 4301/6062/11361 4302/6065/11355
f 3572/6086/11382 3692/6084/11383 3302/6087/11384
f 4293/6078/11354 4311/6058/11360 3293/6088/11385
f 4311/6058/11346 4306/6069/11367 3504/6089/11386
f 4301/6062/11387 3113/6085/11388 3966/6090/11389
f 4302/6065/11390 4304/6066/11391 4313/6074/11392
f 3980/6091/11393 4305/6054/11343 4308/6045/11319
f 3572/6086/11382 3302/6087/11384 4315/6092/11394
f 4314/6093/11395 3692/6084/11396 4309/6083/11397
f 4312/6079/11398 4298/6081/11399 3182/6094/11400
f 4301/6062/11387 3966/6090/11389 4307/6060/11401
f 4315/6092/11402 2521/3433/6320 3174/3432/6319
f 3476/6095/11403 1950/2636/11403 1949/2635/11403
f 1950/2636/6334 3931/3442/6336 3554/3441/11404
f 2516/3411/11405 2493/3390/6268 2517/3424/6293
f 2489/3394/11406 2464/3335/6209 3549/3425/6294
f 2502/3404/6328 2987/3437/6327 1868/3405/11407
f 2479/3373/6208 2510/3423/6292 2491/3393/6224
f 4314/6093/11408 4309/6083/11363 3980/6096/11372
f 3888/6097/11409 4293/6078/11354 3293/6088/11385
f 3692/6084/11383 3572/6086/11382 4299/6082/11329
f 1949/2635/11410 87/6098/11410 2525/6099/11410
f 1952/2637/6331 3554/3441/6333 2798/6100/11411
f 2483/3399/11412 2512/6101/11413 3151/6102/11414
f 4308/6045/11335 4300/6070/11366 2681/6103/11415
f 2681/6104/11416 4300/6057/11344 3888/6077/11379
f 3880/6105/11417 4295/6050/11370 4297/6055/11339
f 4307/6060/11401 3966/6090/11389 3182/6094/11418
f 87/6098/11419 1949/2635/11419 3160/6106/11419
f 2499/3409/11420 3272/6107/11420 3931/3442/11420
f 3554/3441/11404 3931/3442/6336 4316/6108/11421
f 3272/6107/11422 2499/3409/11422 3016/6109/11422
f 3016/6109/11423 2499/3409/11423 2516/3411/11423
f 2512/3400/11424 2490/3385/6341 2526/3444/6343
f 4314/6093/11408 3980/6096/11372 2767/6110/11425
f 3182/6094/11400 4298/6081/11399 4307/6060/11426
f 3174/3432/11427 2485/3434/6198 2499/6111/6251
f 3476/6095/11428 1949/2635/11428 2525/6099/11428
f 1949/2635/11429 1952/2637/11429 2798/6100/11429
f 3621/6112/11430 4316/6108/11430 3335/6113/11430
f 2517/3424/11431 2505/3375/11431 2489/3394/11431
f 3734/6114/11432 2483/3399/6233 3151/6102/11433
f 3909/6115/6372 2501/6116/6371 2860/6117/11434
f 2491/3393/6290 2510/3423/11435 3994/3431/6318
f 2681/6103/11436 3980/6091/11437 4308/6045/11438
f 4313/6074/11439 3346/6076/11439 2934/6118/11439
f 2499/6111/6251 1950/6119/11440 3174/3432/11427
f 1950/6119/11440 3476/6120/11441 3174/3432/11427
f 4155/6121/11442 3948/6122/11443 3279/6123/11444
f 3769/6124/11445 3948/6122/11443 4155/6121/11442
f 3769/6124/11446 4155/6121/11447 3345/6125/11448
f 3279/6123/11449 3948/6122/11450 3770/6126/11451
f 2483/3399/6233 3734/6114/11432 2506/3413/6261
f 3071/6127/11452 2521/3433/11453 4315/6092/11394
f 4306/6069/11454 4295/6050/11455 3186/6128/11456
f 3476/6129/11457 2525/6130/11458 3475/6131/11459
f 3770/6132/11460 3475/6133/11461 3762/6134/11462
f 3762/6134/11462 3475/6133/11461 3340/6135/11463
f 3213/6136/11464 4316/6108/11464 3621/6112/11464
f 3335/6113/11465 4316/6108/11465 3931/3442/11465
f 2516/3411/11466 2517/3424/11466 2489/3394/11466
f 3832/6137/11467 2512/6101/11467 2526/6138/11467
f 3523/6139/6439 3909/6115/6438 2860/6117/11468
f 2501/6116/6371 3994/6140/11469 2860/6117/11434
f 3692/6084/11396 4314/6093/11395 3244/6141/11470
f 3244/6141/11471 4314/6093/11408 2767/6110/11425
f 4311/6058/11346 3504/6089/11386 3293/6088/11472
f 3880/6105/11473 4297/6055/11474 4310/6071/11475
f 3572/6086/11476 4315/6092/11402 3174/3432/6319
f 3345/6125/11448 4155/6121/11447 2878/6142/11477
f 3563/6143/11478 3770/6126/11478 2802/6144/11478
f 2802/6145/11479 3770/6132/11479 3762/6134/11479
f 3475/6133/11480 2525/6099/11480 3340/6135/11480
f 3461/6146/11481 2525/6099/11481 87/6098/11481
f 3461/6146/11482 87/6098/11482 3101/6147/11482
f 3101/6147/11483 87/6098/11483 3160/6106/11483
f 1949/2635/11484 2798/6100/11484 3160/6106/11484
f 2872/6148/11485 3549/3425/6337 3849/3443/6339
f 3155/6149/11486 4218/6150/11487 2522/3412/11488
f 3994/6140/6318 2510/3440/11435 3071/6127/11452
f 3071/6127/11452 4315/6092/11394 3302/6087/11384
f 2825/6151/11489 4310/6080/11490 4312/6079/11491
f 3113/6085/11492 4302/6065/11493 2362/6152/11494
f 3770/6126/11495 3948/6122/11496 3345/6125/11497
f 3948/6122/11496 3769/6124/11498 3345/6125/11497
f 3279/6123/11449 3770/6126/11451 3563/6143/11499
f 3554/3441/11500 4316/6108/11500 3213/6136/11500
f 2516/3411/11501 2489/3394/11406 3016/6109/11502
f 2506/3413/6261 3734/6114/11432 3155/6149/11503
f 3832/6137/11504 2526/6138/11505 2608/6153/11506
f 3071/6127/11452 2510/3440/11435 2521/3433/11453
f 4306/6069/11454 3186/6128/11456 3504/6089/11507
f 4302/6065/11390 4313/6074/11392 2362/6152/11508
f 2931/6154/11509 3345/6125/11509 3218/6155/11509
f 3345/6125/11510 2878/6142/11510 3218/6155/11510
f 2878/6142/11511 4155/6121/11512 3279/6123/11513
f 2622/6156/11514 3762/6134/11515 3340/6135/11516
f 3155/6149/11517 2522/3412/6227 2506/3413/6303
f 2784/6157/11518 2512/6101/11518 3145/6158/11518
f 3888/6097/11409 3293/6088/11385 2837/6159/11519
f 4295/6050/11455 3880/6105/11520 3186/6128/11456
f 3880/6105/11473 4310/6071/11475 2889/6160/11521
f 3475/6131/11459 3770/6126/11495 3345/6125/11497
f 3155/6149/11503 3734/6114/11432 3090/6161/11522
f 3151/6102/11414 2512/6101/11413 2784/6157/11523
f 86/6162/11524 3535/6163/11524 3083/6164/11524
f 2767/6110/11525 3980/6096/11437 2553/6165/11526
f 2384/6166/11527 3888/6097/11527 2837/6159/11527
f 3346/6167/11369 4299/6082/11329 3572/6086/11382
f 3174/3432/11427 3476/6120/11441 2706/6168/11528
f 3340/6135/11529 2525/6099/11529 2699/6169/11529
f 2525/6099/11530 3461/6146/11530 2699/6169/11530
f 3213/6136/11531 3621/6112/11531 1838/6170/11531
f 3016/6109/11502 2489/3394/11406 3549/3425/6294
f 3016/6109/11532 3549/3425/6337 2872/6148/11485
f 3157/6171/11533 3743/6172/11533 4218/6150/11533
f 2784/6157/11534 3083/6164/11535 3535/6163/11536
f 3083/6164/11535 2784/6157/11534 3145/6158/11537
f 3145/6158/11538 2512/6101/11538 3832/6137/11538
f 2504/3426/6296 1868/3428/6298 1553/6173/11539
f 2860/6117/11468 1821/6174/11540 3523/6139/6439
f 3053/6175/11541 3293/6088/11472 3504/6089/11386
f 4310/6080/11490 2825/6151/11489 2889/6176/11542
f 4312/6079/11543 3182/6094/11544 2248/6177/11545
f 3279/6123/11513 3563/6143/11546 2802/6144/11547
f 1776/6178/11548 3621/6112/11548 3335/6113/11548
f 3157/6171/11549 4218/6150/11487 3155/6149/11486
f 2526/6138/11550 2504/3426/11551 2608/6153/11552
f 2384/6179/11553 2681/6104/11416 3888/6077/11379
f 3186/6128/11554 3880/6105/11555 2889/6160/11556
f 4313/6074/11392 2934/6118/11557 2362/6152/11508
f 2872/6148/11558 3849/3443/11559 3743/3415/11560
f 3090/6161/11522 3734/6114/11432 3151/6102/11433
f 2612/6180/11561 86/6162/11562 3264/6181/11563
f 3523/6139/6323 1821/6174/11564 2987/6182/6324
f 3244/6141/11565 3302/6087/11566 3692/6084/11567
f 4312/6079/11543 2248/6177/11545 2825/6151/11568
f 2283/6183/11569 3182/6094/11570 3966/6090/11571
f 3966/6090/11572 3113/6085/11573 2676/6184/11574
f 3476/6129/11457 3475/6131/11459 2706/6185/11575
f 2706/6185/11575 3475/6131/11459 3345/6125/11497
f 2699/6169/11576 3461/6146/11577 2739/6186/11578
f 3101/6147/11579 3160/6106/11579 2619/6187/11579
f 2872/6148/11558 3743/3415/11560 3157/6188/11580
f 3535/6163/11581 86/6162/11562 2612/6180/11561
f 1027/6189/11582 3264/6190/11583 2692/6191/11584
f 2692/6192/11585 3264/6181/11586 86/6162/11587
f 3994/6140/11469 3071/6127/11588 2496/6193/11589
f 3504/6089/11507 3186/6128/11456 2541/6194/11590
f 2934/6195/11591 3346/6167/11592 3572/6086/11476
f 2934/6195/11591 3572/6086/11476 3174/3432/6319
f 2934/6195/11593 3177/6196/11594 2224/6197/11595
f 2878/6142/11511 3279/6123/11513 1729/6198/11596
f 2622/6156/11514 3340/6135/11516 2699/6169/11597
f 3461/6146/11598 3101/6147/11598 2739/6186/11598
f 2798/6100/11599 3213/6136/11599 1677/6199/11599
f 3621/6112/11600 1776/6178/11600 1838/6170/11600
f 3335/6113/11601 3931/3442/11602 3272/6107/11603
f 846/88/11604 3315/6200/11605 1939/89/11606
f 727/6201/11607 846/88/11607 82/90/11607
f 82/90/11608 83/92/225 3263/6202/11609
f 83/92/225 84/94/227 3263/6202/11609
f 3263/6202/11610 84/6203/11611 883/96/11612
f 84/6203/11613 85/95/11613 883/96/11613
f 1939/89/11606 3315/6200/11605 2692/6191/11614
f 3315/6200/11615 1027/6189/11582 2692/6191/11584
f 86/6162/11587 2908/6204/11616 2692/6192/11585
f 2908/6204/11617 86/6162/11617 3083/6164/11617
f 3071/6127/11588 3302/6087/11566 3244/6141/11565
f 2837/6159/11618 3293/6088/11619 3053/6175/11620
f 2541/6194/11590 3053/6175/11621 3504/6089/11507
f 2372/6205/11622 2889/6176/11542 2825/6151/11489
f 2934/6195/11593 3174/3432/11427 3177/6196/11594
f 2706/6185/11623 3345/6125/11624 2931/6154/11625
f 1776/6178/11626 3335/6113/11626 2872/6148/11626
f 3335/6113/11601 3272/6107/11603 2872/6148/11627
f 2872/6148/11627 3272/6107/11603 3016/6109/11628
f 2784/6157/11629 3535/6163/11629 1716/6206/11629
f 883/6207/231 2570/6208/230 1027/6209/11630
f 3083/6164/11631 3145/6158/11631 2608/6153/11631
f 3145/6158/11632 3832/6137/11504 2608/6153/11506
f 2860/6117/11434 3994/6140/11469 2496/6193/11589
f 2553/6165/11526 3980/6096/11437 2681/6210/11436
f 2283/6183/11633 3966/6090/11572 2676/6184/11574
f 2931/6154/11634 3218/6155/11635 2705/6211/11636
f 1729/6198/11596 3279/6123/11513 2802/6144/11547
f 3554/3441/6333 3213/6136/11637 2798/6100/11411
f 3090/6161/11522 3151/6102/11433 2910/6212/11638
f 2541/6213/11639 3186/6214/11640 2271/6215/11641
f 2271/6215/11642 3186/6214/11554 2889/6176/11556
f 3182/6094/11570 2283/6183/11569 2248/6177/11643
f 3177/6196/11594 3174/3432/11427 2706/6168/11528
f 3160/6106/11644 2798/6100/11644 2619/6187/11644
f 2515/6216/11645 2872/6148/11558 3157/6188/11580
f 3155/6149/11503 3090/6161/11522 1632/6217/11646
f 3535/6163/11647 2612/6180/11647 1716/6206/11647
f 3264/6218/11648 1027/6209/11648 2612/6219/11648
f 1868/3405/11407 2987/3437/6327 1548/6220/11649
f 1814/6221/11650 2767/6110/11525 2553/6165/11526
f 2676/6184/11651 3113/6085/11492 2362/6152/11494
f 2705/6211/11636 3218/6155/11635 2740/6222/11652
f 3101/6147/11653 2619/6187/11653 2739/6186/11653
f 2608/6153/11552 2504/3426/11551 1553/6173/11654
f 2496/6193/11589 3071/6127/11588 3244/6141/11565
f 2354/6223/11655 2553/6165/11656 2681/6210/11657
f 3053/6224/11620 2272/6225/11658 2837/6226/11618
f 2114/6227/11659 2224/6228/11660 3177/6229/11661
f 1677/6199/11662 3213/6136/11663 1838/6170/11664
f 2511/6230/11665 1632/6217/11665 3090/6161/11665
f 2910/6212/11666 3151/6102/11414 2784/6157/11523
f 2372/6205/11667 2271/6215/11642 2889/6176/11556
f 2114/6227/11659 3177/6229/11661 1581/6231/11668
f 2706/6185/11623 2931/6154/11625 2705/6211/11669
f 1729/6198/11596 2802/6144/11547 1841/6232/11670
f 1776/6178/11671 2872/6148/11671 2515/6216/11671
f 3157/6233/11549 3155/6234/11486 1951/6235/11672
f 2612/6219/11673 1027/6209/11630 2570/6208/230
f 2908/6204/11674 3083/6164/11674 2608/6153/11674
f 2987/6182/6324 1821/6174/11564 1548/6236/11675
f 2837/6226/11618 2272/6225/11658 2384/6237/11676
f 2910/6212/11666 2784/6157/11523 2616/6238/11677
f 2908/6204/11678 1938/6239/11679 2692/6192/11614
f 3053/6224/11680 2207/6240/11681 2272/6225/11682
f 3053/6224/11680 2541/6213/11683 2207/6240/11681
f 2740/6222/11684 3218/6155/11685 1729/6198/11596
f 3218/6155/11685 2878/6142/11511 1729/6198/11596
f 1841/6241/11686 2802/6145/11686 3762/6134/11686
f 1841/6241/11687 3762/6134/11515 2622/6156/11514
f 2622/6156/11514 2699/6169/11597 1367/6242/11688
f 2798/6100/11689 1677/6199/11689 2619/6187/11689
f 2515/6243/11690 3157/6233/11690 1951/6235/11690
f 2908/6204/11678 2608/6153/11691 1938/6239/11679
f 1312/6244/11692 2553/6165/11656 2354/6223/11655
f 2233/6245/11693 2372/6205/11622 2825/6151/11489
f 2739/6186/11694 2619/6187/11695 2584/6246/11696
f 1951/6235/11697 3155/6234/11503 1632/6247/11646
f 2616/6238/11698 2784/6157/11698 1716/6206/11698
f 2496/6193/11699 3244/6141/11471 1817/6248/11700
f 2233/6245/11701 2825/6151/11702 2248/6177/11703
f 1379/6249/11704 2114/6227/11704 1581/6231/11704
f 3177/6229/11661 2706/6250/11705 1581/6231/11668
f 2705/6251/11706 2740/6252/11707 1683/6253/11708
f 1367/6242/11709 2699/6169/11576 2739/6186/11578
f 1783/6254/11710 2739/6186/11694 2584/6246/11696
f 1558/6255/11711 1939/6256/11711 1873/6257/11711
f 1939/6258/11606 2692/6192/11614 1938/6239/11679
f 2860/6117/11468 2496/6193/11699 1821/6174/11540
f 3244/6141/11471 2767/6110/11425 1817/6248/11700
f 2541/6213/11639 2271/6215/11641 2254/6259/11712
f 2706/6185/11623 2705/6211/11669 1655/6260/11713
f 1655/6261/11714 2705/6251/11706 1683/6253/11708
f 1683/6253/11715 2740/6252/11716 1729/6262/11717
f 3090/6161/11718 2910/6212/11719 2511/6230/11720
f 2570/6208/11721 1939/6256/11721 1558/6255/11721
f 1817/6248/11722 2767/6110/11525 1814/6221/11650
f 1367/6242/11709 2739/6186/11578 1783/6254/11723
f 2612/6219/11673 2570/6208/230 1558/6255/11724
f 1249/6263/11725 2553/6165/11656 1312/6244/11692
f 1312/6244/11726 2354/6223/11727 1620/6264/11728
f 1620/6264/11728 2354/6223/11727 2274/6265/11729
f 2362/6152/11730 2934/6118/11730 2224/6266/11730
f 2114/6267/11731 1379/6268/11732 1620/6264/11733
f 1581/6231/11734 2706/6250/11734 1655/6269/11734
f 1783/6254/11735 2584/6246/11736 1570/6270/11737
f 2584/6246/11738 2619/6187/11739 1677/6199/11740
f 1938/6239/11741 2608/6153/11741 1588/6271/11741
f 2608/6153/11552 1553/6173/11654 1588/6271/11742
f 2372/6205/11622 2233/6245/11693 2154/6272/11743
f 2170/6273/11744 2233/6245/11701 2248/6177/11703
f 2274/6265/11745 2114/6267/11731 1620/6264/11733
f 1683/6253/11715 1729/6262/11717 1204/6274/11746
f 2511/6230/11720 2910/6212/11719 1561/6275/11747
f 1716/6276/11748 2612/6219/11673 1558/6255/11724
f 2496/6193/11699 1817/6248/11700 1821/6174/11540
f 1814/6221/11749 2553/6165/11750 1249/6263/11751
f 2681/6210/11416 2384/6277/11553 2354/6223/11752
f 2354/6223/11727 2384/6277/11753 2274/6265/11729
f 2271/6215/11641 2372/6205/11622 2154/6272/11743
f 2676/6184/11754 2362/6152/11755 2213/6278/11756
f 2384/6237/11676 2272/6225/11658 2111/6279/11757
f 2207/6240/11681 2541/6213/11683 2254/6259/11758
f 2283/6183/11759 2676/6184/11760 2213/6278/11761
f 2213/6278/11756 2362/6152/11755 2224/6266/11762
f 2274/6280/11763 2384/6237/11676 2111/6279/11757
f 2170/6273/11764 2283/6183/11759 2213/6278/11761
f 2248/6177/11765 2283/6183/11759 2170/6273/11764
f 2254/6259/11712 2271/6215/11641 2154/6272/11743
f 2111/6279/11757 2272/6225/11658 2207/6240/11766
f 2135/6281/11767 2213/6278/11756 2224/6266/11762
f 2233/6245/11701 2170/6273/11744 2154/6272/11768
f 2170/6273/11744 2213/6278/11769 2135/6281/11770
f 2274/6280/11771 2111/6279/11772 2114/6282/11773
f 2135/6281/11767 2224/6266/11762 2114/6283/11774
f 2111/6279/11757 2207/6240/11766 2254/6259/11775
f 2154/6272/11768 2170/6273/11744 2086/6284/11776
f 2086/6284/11777 2254/6259/11712 2154/6272/11743
f 2086/6284/11776 2170/6273/11744 2135/6281/11770
f 2254/6259/11712 2086/6284/11777 2058/6285/11778
f 2114/6282/11773 2111/6279/11772 2070/6286/11779
f 2135/6281/11780 2114/6283/11773 2070/6287/11779
f 2111/6279/11757 2254/6259/11775 2070/6286/11781
f 2254/6288/11782 2058/6289/11782 2070/6290/11782
f 2086/6284/11783 2135/6281/11780 2070/6287/11779
f 1684/6291/11784 2058/6292/11785 2086/6293/11786
f 1978/6294/11787 2086/6293/11787 2070/6295/11787
f 1978/6294/11788 2070/6295/11789 1687/6296/11790
f 2070/6290/11791 2058/6289/11792 1687/6297/11793
f 1684/6291/11784 2086/6293/11786 1978/6294/11794
f 2058/6289/11795 1684/6298/11795 625/6299/11795
f 900/6300/11796 1684/6291/11784 1978/6294/11794
f 1687/6297/11793 2058/6289/11792 625/6299/11797
f 1978/6294/11788 1687/6296/11790 1975/6301/11798
f 1683/6253/11799 1619/6302/11799 1655/6261/11799
f 1838/6170/11800 1776/6178/11801 1229/6303/11802
f 1389/6304/11803 1873/6257/11803 1939/6256/11803
f 1683/6253/11804 1975/6301/11804 1619/6302/11804
f 1975/6301/11798 1687/6296/11790 1619/6302/11805
f 625/6299/11806 1684/6298/11807 1181/6305/11808
f 900/6300/11809 1978/6294/11810 1975/6301/11811
f 1561/6275/11747 2616/6238/11812 1716/6206/11813
f 1389/6306/11814 1939/6258/11606 1938/6239/11679
f 1868/3428/11815 1548/6307/11816 1553/6173/11817
f 1975/6301/11811 1204/6274/11818 900/6300/11809
f 1561/6275/11819 2910/6212/11819 2616/6238/11819
f 1162/6308/11820 1873/6257/11820 1389/6304/11820
f 1489/6309/11821 1841/6310/11821 2622/6311/11821
f 1873/6257/11822 1162/6308/11822 1558/6255/11822
f 1821/6174/11564 1817/6248/11722 1504/6312/11823
f 1335/6313/11824 1619/6314/11825 1687/6297/11826
f 1687/6297/11793 625/6299/11797 1498/6315/11827
f 1975/6301/11828 1683/6253/11715 1204/6274/11746
f 1489/6309/11829 2622/6311/11830 1367/6316/11831
f 1570/6270/11832 2584/6246/11738 1328/6317/11833
f 1677/6199/11662 1838/6170/11664 1229/6303/11834
f 1229/6303/11802 1776/6178/11801 1951/6318/11835
f 1951/6318/11836 1776/6178/11836 2515/6216/11836
f 1389/6306/11837 1938/6239/11838 1588/6271/11839
f 1489/6309/11840 1729/6262/11841 1841/6310/11842
f 1328/6317/11843 1677/6199/11843 1229/6303/11843
f 1632/6319/11844 2511/6320/11845 1483/6321/11846
f 2511/6320/11720 1561/6322/11747 1165/6323/11847
f 1553/6324/11817 1548/6325/11816 1060/6326/11848
f 1655/6269/11849 1619/6314/11825 1335/6313/11824
f 1335/6313/11850 1687/6297/11851 1498/6315/11852
f 1181/6305/11853 1684/6298/11854 900/6327/11855
f 2584/6246/11738 1677/6199/11740 1328/6317/11833
f 1103/6328/11856 1558/6255/11856 1162/6308/11856
f 1821/6174/11564 1504/6312/11823 1548/6236/11675
f 1504/6312/11823 1817/6248/11722 1814/6221/11650
f 1379/6249/11857 1655/6269/11849 1335/6313/11824
f 1483/6321/11858 2511/6320/11720 1165/6323/11847
f 1504/6312/11859 1814/6221/11749 1249/6263/11751
f 1581/6231/11860 1655/6269/11860 1379/6249/11860
f 1367/6242/11861 1783/6254/11735 1570/6270/11737
f 1228/6329/11862 1632/6319/11844 1483/6321/11846
f 1162/6330/11863 1389/6331/11863 1252/6332/11863
f 625/6299/11806 1181/6305/11808 1112/6333/11864
f 1951/6235/11865 1632/6247/11865 1228/6334/11865
f 1548/6236/11816 1504/6312/11859 1060/6335/11848
f 1204/6274/11866 1729/6262/11841 1489/6309/11840
f 1588/6336/11742 1553/6324/11654 912/6337/11867
f 1379/6268/11732 1282/6338/11868 1620/6264/11733
f 1079/6339/11869 1489/6309/11829 1367/6316/11831
f 1561/6322/11747 1716/6276/11813 1165/6323/11847
f 1558/6255/11724 1103/6328/11870 1716/6276/11748
f 1165/6323/11871 1716/6276/11871 1103/6328/11871
f 1389/6331/11837 1588/6336/11839 1252/6332/11872
f 1282/6340/11873 1379/6249/11874 1335/6313/11850
f 1079/6341/11875 1367/6242/11875 1570/6270/11875
f 1119/6342/11876 1312/6244/11726 1620/6264/11728
f 832/6343/11877 1181/6305/11853 900/6327/11855
f 900/6300/11809 1204/6274/11818 829/6344/11878
f 1328/6317/11879 1229/6303/11802 970/6345/11880
f 912/6337/11881 1553/6324/11882 1060/6326/11883
f 1620/6264/11733 1282/6338/11868 1119/6342/11884
f 625/6299/11885 1112/6333/11886 1498/6315/11887
f 1489/6309/11829 1079/6339/11869 1204/6274/11818
f 1570/6270/11832 1328/6317/11833 1079/6341/11888
f 81/6346/11889 1229/6303/11802 1228/6347/11890
f 1229/6303/11802 1951/6318/11835 1228/6347/11890
f 1228/6329/11891 1483/6321/11858 1165/6323/11847
f 1002/6348/11892 1588/6336/11742 912/6337/11867
f 1504/6312/11859 1249/6263/11751 1060/6335/11848
f 1119/6342/11893 1249/6263/11894 1312/6244/11895
f 1282/6340/11873 1335/6313/11850 1498/6315/11852
f 1229/6303/11802 81/6346/11889 970/6345/11880
f 81/6346/11896 80/6349/11896 970/6345/11896
f 970/6345/11897 80/6349/11897 1264/6350/11897
f 1264/6350/11898 80/6351/11899 1263/6352/11900
f 80/6353/11901 81/6346/11901 1263/6352/11901
f 81/6346/11902 1228/6347/11902 1263/6352/11902
f 1022/6354/11903 1103/6355/11904 1162/6330/11905
f 1252/6332/11872 1588/6336/11839 1002/6348/11906
f 990/6356/11907 1282/6340/11873 1498/6315/11852
f 1079/6341/11869 1328/6317/11879 970/6345/11880
f 970/6345/11908 1264/6350/11908 1228/6347/11908
f 1264/6350/11898 1263/6352/11900 1228/6347/11909
f 970/6357/11910 1228/6329/11891 1165/6323/11847
f 1060/6335/11883 1249/6263/11894 1119/6342/11893
f 1498/6315/11887 1112/6333/11886 547/6358/11911
f 1112/6333/11912 1181/6305/11913 832/6343/11914
f 829/6344/11878 1204/6274/11818 1079/6339/11869
f 1162/6330/11915 1252/6332/11916 1022/6354/11917
f 1252/6332/11916 1002/6348/11918 1022/6354/11917
f 912/6359/11881 1060/6335/11883 1119/6342/11893
f 1119/6342/11884 1282/6338/11868 840/6360/11919
f 840/6361/11920 1282/6340/11873 990/6356/11907
f 829/6344/11878 774/6362/11921 932/6363/11922
f 1165/6323/11923 1103/6328/11924 727/6364/11925
f 82/90/11926 3263/6202/11610 883/96/11612
f 1027/6365/11927 3315/6366/11927 965/6367/11927
f 900/6300/11809 829/6344/11878 932/6363/11922
f 829/6368/11878 1079/6369/11869 970/6370/11880
f 727/6371/11928 1103/6355/11904 1022/6354/11903
f 965/6367/11929 3315/6366/11930 846/6372/11931
f 846/88/11932 727/6201/11932 1022/6373/11932
f 990/6356/11907 1498/6315/11852 588/6374/11933
f 649/6375/11934 970/6370/11934 727/6376/11934
f 970/6357/11935 1165/6323/11923 727/6364/11925
f 727/6376/11936 82/6377/11936 883/6378/11936
f 1027/6365/11937 564/6379/11937 883/6378/11937
f 564/6379/11938 1027/6365/11938 965/6367/11938
f 1112/6333/11912 832/6343/11914 547/6358/11939
f 840/6361/11920 990/6356/11907 756/6380/11940
f 588/6374/11941 1498/6315/11887 547/6358/11911
f 1022/6373/11942 1002/6381/11942 846/88/11942
f 756/6380/11943 990/6356/11944 555/6382/11945
f 547/6358/11939 832/6343/11914 573/6383/11946
f 829/6368/11878 970/6370/11880 649/6375/11947
f 990/6356/11907 588/6374/11933 555/6382/11948
f 900/6327/11855 286/6384/11949 832/6343/11877
f 433/6385/11950 829/6368/11878 649/6375/11947
f 965/6367/11929 846/6372/11931 473/6386/11951
f 645/6387/11952 912/6359/11953 1119/6342/11884
f 900/6327/11855 932/6388/11954 286/6384/11949
f 645/6387/11952 1119/6342/11884 840/6360/11919
f 252/6389/11955 555/6382/11955 588/6374/11955
f 573/6383/11956 832/6343/11957 286/6384/11958
f 846/6372/11931 1002/6390/11959 645/6391/11960
f 1002/6348/11892 912/6337/11867 645/6392/11961
f 932/6388/11962 774/6393/11963 223/6394/11964
f 829/6368/11965 433/6385/11965 774/6393/11965
f 774/6393/11966 433/6385/11966 490/6395/11966
f 846/6372/11931 645/6391/11960 473/6386/11951
f 645/6391/11960 840/6361/11920 756/6380/11940
f 588/6374/11941 547/6358/11911 499/6396/11967
f 883/6378/11968 564/6379/11969 433/6385/11950
f 401/6397/11970 756/6380/11943 555/6382/11945
f 774/6393/11971 490/6395/11972 223/6394/11973
f 649/6375/11947 727/6376/11974 433/6385/11950
f 727/6376/11974 883/6378/11968 433/6385/11950
f 547/6358/11975 573/6383/11976 582/6398/11977
f 582/6398/11977 573/6383/11976 510/6399/11978
f 473/6386/11951 645/6391/11960 756/6380/11940
f 564/6379/11979 965/6367/11980 353/6400/11981
f 582/6398/11982 510/6399/11982 365/6401/11982
f 353/6400/11981 965/6367/11980 302/6402/11983
f 965/6367/11984 473/6386/11985 302/6402/11986
f 401/6397/11987 555/6382/11988 252/6389/11989
f 582/6398/11990 365/6401/11990 499/6396/11990
f 433/6385/11991 564/6379/11991 353/6400/11991
f 473/6386/11992 756/6380/11992 401/6397/11992
f 547/6358/11993 582/6398/11993 499/6396/11993
f 510/6399/11994 573/6383/11956 286/6384/11958
f 433/6385/11995 292/6403/11995 490/6395/11995
f 302/6402/11996 401/6397/11987 252/6389/11989
f 365/6401/11997 510/6399/11994 286/6384/11958
f 223/6394/11964 169/6404/11998 932/6388/11962
f 490/6395/11972 292/6403/11999 223/6394/11973
f 108/6405/12000 588/6374/11941 499/6396/11967
f 433/6385/12001 353/6400/12001 292/6403/12001
f 302/6402/11986 473/6386/11985 401/6397/12002
f 932/6388/11954 169/6404/12003 286/6384/11949
f 215/6406/12004 278/6407/12005 353/6400/12006
f 302/6402/12007 215/6406/12007 353/6400/12007
f 261/6408/12008 499/6396/12008 365/6401/12008
f 252/6389/12009 588/6374/12009 108/6405/12009
f 261/6408/12010 365/6401/12010 286/6384/12010
f 39/6409/12011 261/6408/12012 286/6384/12013
f 353/6400/12014 278/6407/12014 292/6403/12014
f 78/6410/12015 278/6407/12005 215/6406/12004
f 499/6396/12016 261/6408/12012 139/6411/12017
f 286/6384/11949 169/6404/12003 39/6409/12018
f 176/6412/12019 252/6389/12020 108/6405/12000
f 50/6413/12021 223/6394/11964 292/6403/12022
f 215/6406/12023 302/6402/12024 176/6412/12025
f 215/6406/12026 75/6414/12026 78/6410/12026
f 302/6402/12024 252/6389/12027 176/6412/12025
f 39/6409/12011 139/6411/12017 261/6408/12012
f 169/6404/11998 223/6394/11964 50/6413/12021
f 50/6413/12021 292/6403/12022 278/6407/12028
f 215/6406/12023 176/6412/12025 75/6414/12029
f 169/6404/12030 50/6413/12030 73/6415/12030
f 108/6405/12000 499/6396/11967 139/6411/12031
f 73/6415/12032 39/6409/12018 169/6404/12003
f 278/6407/12033 78/6410/12033 9/6416/12033
f 31/6417/12034 78/6410/12035 75/6414/12036
f 75/6414/12029 176/6412/12025 31/6417/12037
f 176/6412/12019 108/6405/12000 139/6411/12031
f 50/6413/12038 278/6407/12038 9/6416/12038
f 6/6418/12039 73/6415/12040 50/6413/12041
f 78/6410/12035 31/6417/12034 9/6416/12042
f 39/6409/12043 73/6415/12040 6/6418/12039
f 31/6417/12044 176/6412/12045 139/6411/12046
f 139/6411/12047 39/6409/12048 6/6418/12049
f 6/6418/12050 50/6413/12050 9/6416/12050
f 31/6417/12044 139/6411/12046 2/6419/12051
f 2/6419/12052 139/6411/12047 6/6418/12049
f 9/6416/12053 31/6417/12053 2/6419/12053
f 6/6418/12054 9/6416/12054 2/6419/12054
s 0
usemtl Material.002
f 4317/6420/748 4318/6421/748 4320/6422/748 4319/6423/748
