# Blender 4.3.2
# www.blender.org
o model
v 0.074194 1.874363 0.005475
v -0.798714 1.348989 -0.021777
v 0.070764 1.901379 -0.021590
v 0.070135 1.895678 0.025422
v 0.068161 1.917307 0.009390
v -0.793856 1.346958 -0.007112
v 0.071236 1.870396 -0.020976
v 0.058507 1.935248 -0.001007
v -0.795107 1.373118 -0.010168
v 0.059687 1.925350 -0.025688
v 0.057982 1.848904 0.031856
v 0.052905 1.926161 0.035777
v 0.061991 1.842341 -0.002879
v 0.059794 1.877917 0.043744
v 0.054375 1.898807 -0.051357
v 0.047936 1.902107 0.054457
v 0.037192 1.952919 0.001471
v 0.031526 1.951760 -0.026119
v 0.055013 1.837857 0.019151
v 0.041594 1.928416 -0.046776
v 0.032116 1.952257 0.021873
v 0.032181 1.820807 -0.027867
v 0.039000 1.854223 -0.057637
v 0.056589 1.855093 -0.041162
v 0.033819 1.883592 0.065443
v 0.027220 1.889835 -0.071069
v 0.032369 1.924542 0.054873
v 0.021739 1.945732 0.041173
v 0.020670 1.918760 -0.065063
v 0.026086 1.853720 0.061542
v -0.791429 1.361534 -0.033924
v 0.021596 1.819965 0.029831
v 0.001971 1.958728 -0.026333
v 0.014835 1.908307 0.068528
v 0.021136 1.814740 -0.022130
v -0.000701 1.964164 -0.003639
v 0.019523 1.837759 0.052784
v 0.027771 1.815351 0.007110
v -0.758761 1.330231 -0.007918
v -0.007640 1.954672 0.032528
v -0.030045 1.948423 -0.032946
v -0.001951 1.944837 -0.050468
v -0.041405 1.950829 -0.010198
v 0.003861 1.823394 -0.043732
v -0.001784 1.886231 0.073325
v -0.016043 1.914784 0.065473
v 0.004833 1.934409 0.056013
v 0.008874 1.843842 -0.063056
v -0.038070 1.950866 0.015145
v -0.779190 1.367967 0.004687
v -0.020283 1.875053 -0.071694
v -0.006198 1.807890 -0.004350
v -0.014543 1.919889 -0.065907
v -0.037665 1.897545 -0.063923
v -0.028428 1.814540 -0.012649
v -0.008594 1.840605 0.058047
v -0.045401 1.899256 0.058418
v -0.030042 1.937453 0.046367
v -0.045400 1.929177 -0.043384
v -0.019371 1.839123 -0.057183
v -0.036359 1.863217 0.060270
v -0.026270 1.820615 0.027643
v -0.049426 1.845483 0.039765
v -0.056685 1.890445 0.048020
v -0.026080 1.824714 -0.037895
v -0.055766 1.924652 0.033185
v -0.049146 1.860194 -0.051708
v -0.058695 1.903398 -0.044079
v -0.056859 1.842891 -0.025023
v -0.067195 1.920506 0.004178
v -0.071144 1.905442 -0.018657
v -0.064937 1.873740 -0.037082
v -0.753025 1.348649 0.003425
v -0.068724 1.867972 0.024530
v -0.766600 1.386790 -0.033511
v -0.058649 1.837895 0.007817
v -0.072786 1.865558 -0.007179
v -0.774312 1.392850 -0.016979
v -0.070235 1.900838 0.021458
v -0.675771 1.333266 0.005038
v -0.675161 1.332413 0.004916
v -0.709160 1.438139 -0.003602
v -0.709543 1.440679 -0.003253
v -0.709299 1.439703 -0.003009
v -0.709421 1.440191 -0.003009
v -0.731911 1.509099 -0.015374
v -0.598440 1.307126 -0.022310
v -0.634066 0.779396 0.004137
v -0.650931 0.950900 0.012361
v -0.666899 0.944193 -0.015996
v -0.687623 0.945805 0.018183
v -0.650445 0.875850 -0.043679
v -0.663204 0.953439 -0.037961
v -0.775927 0.734689 -0.004307
v -0.777144 0.738635 -0.025504
v -0.600694 0.789666 -0.002639
v -0.598427 0.714824 -0.004986
v -0.613614 0.701013 -0.004911
v -0.636216 0.700470 -0.006933
v -0.629892 0.632098 -0.006824
v -0.626271 0.510299 0.009183
v -0.625295 0.509446 0.009061
v -0.694686 0.321568 -0.018234
v -0.707458 0.324314 -0.000708
v -0.753317 0.328543 -0.022582
v -0.778073 0.313807 -0.013288
v -0.780732 0.310726 -0.028407
v -0.741326 1.336505 -0.038794
v -0.793218 0.331380 -0.023272
v -0.766513 0.298880 -0.021512
v -0.741010 0.311760 -0.004491
v -0.733558 0.327419 -0.021884
v -0.780966 0.334753 -0.035553
v -0.774850 0.408425 0.007758
v -0.775266 0.473382 -0.003748
v -0.753257 0.497100 -0.011569
v -0.775555 0.451741 0.003809
v -0.787686 0.441234 -0.006535
v -0.658319 0.403022 -0.000337
v -0.704982 0.363412 -0.004543
v -0.669685 0.384871 -0.020953
v -0.702343 0.360549 -0.021417
v -0.671056 0.405124 0.010846
v -0.733573 0.368947 0.008198
v -0.763901 0.375651 0.001648
v -0.599216 0.321107 -0.015172
v -0.617927 0.307482 -0.003434
v -0.615871 0.306376 -0.017829
v -0.640786 0.309878 -0.010171
v -0.592290 0.338421 -0.003543
v -0.626554 0.313687 -0.028965
v -0.598751 0.336421 -0.027453
v -0.630792 0.329315 0.007977
v -0.613384 0.329932 0.006420
v -0.594269 0.360818 -0.015412
v -0.641190 0.317845 -0.025501
v -0.604597 0.375918 0.000579
v -0.609610 0.393778 -0.025228
v -0.761212 1.333887 -0.024217
v -0.636481 0.342223 -0.031760
v -0.648353 0.335622 -0.001846
v -0.649754 0.337416 -0.020744
v -0.607588 0.417203 -0.001715
v -0.619604 0.432725 0.005099
v -0.636920 0.429282 -0.014492
v -0.633442 0.448039 0.004810
v -0.626063 0.388001 -0.029792
v -0.604023 0.401261 -0.015910
v -0.653376 0.377772 -0.006058
v -0.771086 0.424746 0.008371
v -0.634916 0.402427 0.001616
v -0.780769 0.396761 -0.008504
v -0.735192 0.491419 -0.006078
v -0.706850 0.395745 0.011742
v -0.646595 0.407191 -0.017547
v -0.783798 0.462956 -0.024159
v -0.771670 0.487275 -0.023600
v -0.730920 0.493271 -0.022698
v -0.602160 0.489479 -0.001905
v -0.755532 0.479043 0.003520
v -0.638661 0.403943 -0.008213
v -0.728489 0.302301 -0.023520
v -0.743814 0.494640 -0.031297
v -0.750259 0.301969 -0.032290
v -0.743846 0.320382 -0.044693
v -0.771223 0.337856 -0.006897
v -0.743947 0.357596 -0.002644
v -0.787065 0.428904 -0.029786
v -0.738516 1.337037 0.006559
v -0.764726 0.340264 -0.018056
v -0.697310 0.346937 -0.020112
v -0.733033 0.469902 -0.001041
v -0.668215 0.420205 0.011930
v -0.679524 0.346850 -0.000640
v -0.765891 0.347868 -0.035893
v -0.756056 1.358614 -0.039519
v -0.765404 0.353531 -0.022716
v -0.600217 0.523045 -0.015557
v -0.667218 0.349076 -0.016803
v -0.732632 0.416949 0.006067
v -0.766155 0.354387 -0.034976
v -0.772333 0.382328 -0.025881
v -0.766343 0.477094 -0.038283
v -0.637771 0.402148 -0.023475
v -0.640382 0.391824 -0.017871
v -0.662238 0.366067 -0.003741
v -0.662238 0.365335 -0.003009
v -0.662116 0.365457 -0.003009
v -0.662238 0.365091 -0.003497
v -0.743219 0.327606 -0.034178
v -0.723912 0.477731 -0.013619
v -0.628133 0.448629 -0.031115
v -0.767281 0.369588 -0.019520
v -0.606596 0.522206 0.005139
v -0.764285 0.354728 -0.032270
v -0.764285 0.354362 -0.032270
v -0.764407 0.353631 -0.032880
v -0.764773 0.355460 -0.033002
v -0.706810 0.427820 0.002970
v -0.628271 0.164821 -0.057115
v -0.301299 0.112325 -0.091683
v -0.545063 0.162366 -0.022585
v -0.318903 0.006886 -0.003909
v -0.332931 0.000215 -0.013951
v -0.284521 0.018709 -0.007396
v -0.287052 0.016123 -0.020971
v -0.287993 0.036022 -0.006610
v -0.132194 0.088983 0.004086
v -0.102199 0.101549 -0.020225
v -0.082244 0.118452 -0.018633
v -0.092110 0.093978 -0.003504
v -0.070024 0.095861 -0.012383
v -0.078114 0.094678 -0.021397
v -0.125771 0.073813 -0.005507
v -0.745706 1.394917 -0.031592
v -0.111482 0.102778 -0.004570
v -0.118464 0.088445 -0.033099
v -0.255874 0.113494 0.004133
v -0.183019 0.266212 -0.005440
v -0.207080 0.260547 -0.002009
v -0.218773 0.258497 -0.024112
v -0.238561 0.146945 0.005133
v -0.722637 1.335050 0.007647
v -0.248954 0.211322 0.004977
v -0.239129 0.235302 -0.001354
v -0.250437 0.143623 0.001348
v -0.228079 0.207352 0.003767
v -0.227352 0.255484 -0.001986
v -0.219412 0.142734 0.003593
v -0.228672 0.121239 0.004784
v -0.222857 0.170331 0.000828
v -0.161467 0.236747 -0.005858
v -0.202791 0.213376 0.001038
v -0.292755 0.109631 0.008953
v -0.281421 0.182295 0.001539
v -0.214075 0.168971 0.001724
v -0.200734 0.093214 0.007208
v -0.220639 0.113203 0.006135
v -0.221615 0.112471 0.006379
v -0.221371 0.112471 0.006379
v -0.222468 0.111618 0.006257
v -0.181409 0.263196 -0.022834
v -0.256319 0.098466 0.008936
v -0.161856 0.237268 -0.022412
v -0.170857 0.209369 -0.002647
v -0.321224 0.090514 0.001850
v -0.240079 0.236465 -0.023643
v -0.180544 0.199217 -0.003610
v -0.250134 0.090517 0.005026
v -0.271442 0.160372 0.006063
v -0.259761 0.240436 -0.003711
v -0.721795 1.320314 -0.041948
v -0.296365 0.202873 0.004453
v -0.197649 0.127767 0.002841
v -0.197921 0.224276 -0.027828
v -0.224362 0.200100 -0.030033
v -0.177234 0.200254 -0.024072
v -0.170700 0.187998 -0.007305
v -0.284697 0.064254 0.003370
v -0.327594 0.211760 0.007733
v -0.751962 1.309631 -0.016650
v -0.102788 0.078638 -0.019425
v -0.299822 0.221012 -0.005740
v -0.183093 0.161094 -0.004624
v -0.323135 0.081396 0.007016
v -0.335694 0.095626 0.010230
v -0.302827 0.121987 -0.000920
v -0.255568 0.239963 -0.023530
v -0.171564 0.190053 -0.020171
v -0.085381 0.118202 -0.010724
v -0.275720 0.223144 -0.003519
v -0.182831 0.161270 -0.022054
v -0.145587 0.117584 -0.003446
v -0.123115 0.105509 -0.030553
v -0.141041 0.073064 -0.030699
v -0.165818 0.129977 -0.004483
v -0.245268 0.082110 0.008181
v -0.760888 1.395406 -0.004936
v -0.327080 0.240167 -0.001420
v -0.242882 0.213532 -0.029636
v -0.130304 0.068292 -0.015028
v -0.187322 0.064854 -0.002207
v -0.335306 0.149569 0.004034
v -0.318935 0.240897 -0.015261
v -0.273512 0.227771 -0.023922
v -0.746865 1.297028 -0.006082
v -0.227068 0.159680 -0.026512
v -0.212677 0.152007 -0.029456
v -0.157043 0.120442 -0.025594
v -0.281013 0.051914 -0.008395
v -0.294175 0.221820 -0.022497
v -0.726894 1.384510 0.000950
v -0.336434 0.144587 -0.000090
v -0.373847 0.174058 0.006928
v -0.148645 0.106143 -0.039691
v -0.314916 0.009534 -0.022841
v -0.329444 0.062601 0.008556
v -0.349845 0.239398 -0.016013
v -0.296588 0.213973 -0.020589
v -0.254163 0.061821 -0.004802
v -0.239301 0.055003 -0.003541
v -0.726276 1.383505 -0.034202
v -0.279958 0.052161 -0.023536
v -0.377637 0.169336 0.003020
v -0.396074 0.263166 -0.006961
v -0.384581 0.244878 0.006647
v -0.400000 0.239803 0.008411
v -0.403024 0.190589 0.004096
v -0.372907 0.248795 -0.007108
v -0.311035 0.226094 -0.027323
v -0.303807 0.037706 -0.006782
v -0.352148 0.116491 0.000806
v -0.416461 0.247911 -0.001197
v -0.358026 0.191626 0.004656
v -0.348280 0.187730 0.000034
v -0.204786 0.060884 -0.025407
v -0.332524 0.012169 -0.030598
v -0.413654 0.200733 -0.001343
v -0.196262 0.126018 -0.030267
v -0.302931 0.040971 -0.026408
v -0.343857 0.140263 0.006288
v -0.236051 0.163419 -0.032814
v 0.241807 0.123688 -0.092743
v 0.242051 0.123688 -0.092743
v 0.242904 0.124663 -0.092743
v 0.150798 0.074154 0.001108
v 0.226323 0.089794 0.005038
v 0.225835 0.089794 0.005038
v 0.225957 0.089794 0.005038
v 0.288013 0.030124 -0.006907
v 0.285577 0.015910 -0.013372
v 0.285577 0.015910 -0.014470
v 0.285577 0.015910 -0.014592
v 0.284711 0.016795 -0.020654
v 0.275678 0.027074 -0.006546
v 0.285577 0.016275 -0.012519
v 0.196693 0.212129 0.001140
v 0.192919 0.232107 -0.027199
v 0.295319 0.221914 -0.021407
v 0.183346 0.265121 -0.005518
v 0.240022 0.235807 -0.001372
v 0.224546 0.257416 -0.002387
v 0.205621 0.261674 -0.001812
v 0.435382 1.820097 -0.007363
v 0.363025 1.797487 -0.040778
v 0.415289 1.839121 0.003872
v 0.278749 1.898371 -0.042755
v 0.278018 1.898371 -0.042755
v 0.278627 1.898371 -0.042755
v 0.396483 1.965253 -0.000882
v 0.380956 1.980952 -0.010514
v 0.409803 1.978717 -0.007575
v -0.733913 1.395970 -0.009999
v 0.380344 1.977882 -0.025162
v 0.086453 1.801482 -0.020121
v 0.085289 1.796784 -0.005291
v 0.077754 1.792443 -0.016125
v 0.053793 1.803242 -0.021095
v 0.058379 1.802859 -0.005114
v 0.057914 1.816064 -0.006093
v 0.058128 1.816507 -0.019353
v 0.032387 1.813448 -0.003633
v 0.031512 1.812594 -0.021887
v 0.009948 1.796078 -0.003834
v -0.761271 1.311907 -0.005796
v 0.025972 1.789400 -0.006211
v 0.019302 1.782663 -0.021227
v 0.019847 1.759832 -0.003030
v -0.000526 1.762605 -0.009380
v 0.012157 1.744777 -0.022870
v 0.005779 1.787597 -0.022660
v 0.020341 1.736634 -0.002972
v 0.026582 1.753455 -0.021613
v 0.030728 1.726590 -0.017255
v 0.052553 1.739648 -0.006651
v 0.057485 1.724636 -0.024267
v 0.050046 1.739024 -0.021596
v 0.076383 1.721107 -0.001610
v 0.067838 1.713007 -0.014372
v 0.093688 1.735969 -0.005005
v 0.087434 1.735324 -0.020891
v 0.135938 1.756297 -0.005442
v 0.149638 1.752499 -0.025796
v 0.122151 1.722994 -0.005036
v 0.125241 1.749059 -0.020808
v 0.125876 1.735968 -0.000551
v 0.174721 1.686599 0.006091
v 0.154886 1.684152 -0.007244
v 0.192096 1.673369 -0.006912
v 0.195066 1.693919 0.006250
v 0.159271 1.708313 0.006748
v 0.174795 1.673521 -0.020604
v 0.348266 1.970699 -0.009244
v 0.079201 1.822018 -0.011462
v 0.102915 1.800134 -0.005973
v 0.220481 1.844838 -0.004699
v 0.251477 1.858036 0.004068
v 0.197271 1.813162 -0.004327
v 0.240532 1.879471 -0.005197
v 0.219979 1.854702 0.001748
v -0.712887 1.340500 -0.035725
v 0.191845 1.879096 -0.004811
v 0.205160 1.965398 -0.030174
v 0.172020 1.960931 -0.006296
v 0.223026 1.924159 0.004042
v 0.185923 1.996485 -0.009130
v 0.187532 1.997054 -0.022817
v 0.195721 1.957308 0.000555
v 0.191182 1.928029 -0.003869
v 0.172072 1.958438 -0.025307
v 0.221497 1.995581 -0.003667
v 0.213621 1.960639 0.002326
v 0.122160 1.954339 -0.008632
v 0.130267 1.937708 0.001442
v 0.145817 1.952415 -0.003410
v 0.117793 1.921146 -0.004902
v 0.114043 1.946629 -0.018221
v 0.134194 1.962632 -0.018355
v 0.112979 1.924278 -0.019350
v 0.132297 1.947716 -0.032595
v 0.145416 1.956613 -0.027150
v 0.169093 1.933824 -0.007733
v 0.146476 1.906577 0.005630
v 0.123838 1.928608 -0.033785
v 0.168745 1.931445 -0.028531
v 0.133545 1.896322 -0.019762
v 0.133258 1.907477 -0.033428
v 0.169349 1.915343 0.004104
v 0.175901 1.892656 0.006388
v 0.200068 1.931495 -0.032907
v 0.221558 1.996344 -0.025143
v 0.238600 1.914366 0.002192
v -0.716505 1.372787 0.007725
v 0.221131 1.892145 0.009531
v 0.192872 1.928068 -0.027752
v 0.230697 1.921785 -0.036237
v 0.240554 1.972726 -0.006389
v 0.186491 1.844357 -0.004331
v 0.140912 1.892451 -0.007302
v 0.156698 1.894765 -0.035969
v 0.220167 1.943201 -0.030381
v 0.249636 1.867051 -0.003241
v 0.205600 1.813770 0.003609
v 0.251694 1.976361 -0.004752
v 0.264492 1.923024 0.004285
v 0.257207 1.882020 -0.000707
v 0.239282 1.831795 0.005496
v 0.239659 1.954574 0.000915
v 0.294127 1.869375 -0.000065
v 0.192176 1.895738 -0.041927
v 0.241507 1.967978 -0.027259
v 0.272791 1.960166 -0.006488
v 0.172619 1.869011 -0.005237
v 0.190106 1.750747 0.010136
v 0.173456 1.869918 -0.022916
v 0.230603 1.913933 -0.033681
v 0.302314 1.957495 -0.008042
v 0.297660 1.925784 0.001425
v 0.175449 1.811236 0.000371
v 0.344386 1.946923 -0.004681
v 0.253279 1.830170 -0.001011
v 0.233234 1.788491 0.000514
v 0.134622 1.792283 -0.000552
v 0.144593 1.844857 -0.007633
v 0.220722 1.909004 -0.038706
v 0.270453 1.929530 -0.031733
v 0.261193 1.915318 0.002843
v 0.260339 1.914342 0.002599
v 0.259608 1.914342 0.002599
v 0.259486 1.914342 0.002599
v 0.258411 1.915433 0.002905
v 0.290696 1.856337 0.007192
v -0.724182 1.392087 -0.037537
v 0.260132 1.977129 -0.023164
v 0.269239 1.914342 0.002599
v 0.269361 1.914342 0.002599
v 0.268386 1.914342 0.002599
v 0.268264 1.914342 0.002599
v 0.308225 1.889670 0.001767
v 0.213281 1.756156 0.007208
v 0.161742 1.792761 -0.004266
v 0.105659 1.798588 -0.023744
v 0.079556 1.819872 -0.018280
v 0.107719 1.831750 -0.018673
v 0.167430 1.881316 -0.017198
v 0.331313 1.924800 0.004728
v 0.284736 1.907804 0.007926
v 0.262953 1.912809 0.003679
v 0.198203 1.849802 -0.022979
v -0.712415 1.335874 0.003104
v 0.242308 1.796677 0.007951
v 0.143316 1.791671 -0.027069
v 0.147765 1.846086 -0.021039
v 0.314239 1.920993 -0.035397
v 0.317270 1.969702 -0.008375
v 0.174005 1.758145 0.005118
v 0.178787 1.782596 -0.001574
v 0.225663 1.859282 -0.027532
v -0.751452 1.309692 -0.023565
v 0.272111 1.960038 -0.022726
v 0.304071 1.959061 -0.022713
v 0.187872 1.795933 -0.022811
v 0.289522 1.912864 0.002705
v 0.191417 1.877970 -0.022761
v 0.163973 1.752738 -0.005191
v 0.318890 1.969878 -0.023174
v 0.216271 1.729784 -0.001030
v 0.362289 1.942480 -0.010697
v 0.120512 1.722794 -0.020574
v -0.774497 1.306224 -0.004150
v 0.258510 1.861376 -0.023697
v 0.281088 1.905745 -0.041687
v 0.346474 1.920054 0.002900
v 0.151366 1.706221 -0.006308
v 0.203004 1.812758 -0.020958
v 0.235645 1.857981 -0.022633
v 0.240455 1.877642 -0.023449
v 0.211088 1.883570 -0.035921
v 0.258308 1.784456 0.011836
v 0.365980 1.936782 -0.000533
v 0.148003 1.770148 -0.022708
v 0.162853 1.792154 -0.024588
v 0.224192 1.727650 0.010060
v 0.263631 1.854601 -0.020688
v 0.294572 1.877948 -0.022632
v 0.346925 1.970345 -0.022013
v 0.409774 1.981536 -0.022844
v 0.287529 1.795978 0.001127
v 0.240136 1.832309 -0.020388
v 0.264606 1.855576 -0.020688
v 0.328110 1.917415 -0.033542
v 0.304296 1.838991 0.003451
v 0.276820 1.788666 0.008322
v 0.196087 1.679020 -0.023216
v 0.262391 1.844361 -0.031191
v 0.265460 1.856430 -0.020932
v 0.263265 1.877156 -0.023126
v 0.262290 1.878132 -0.023126
v 0.262412 1.878132 -0.023126
v 0.261436 1.877156 -0.023248
v 0.372825 1.945806 -0.032348
v 0.314350 1.866793 0.006745
v 0.313375 1.865818 0.006745
v 0.154781 1.708736 -0.026602
v 0.214329 1.820140 -0.024791
v 0.268557 1.879927 -0.025347
v -0.750356 1.257697 -0.023480
v 0.335911 1.892630 0.000233
v 0.315325 1.867646 0.006501
v 0.315204 1.865818 0.006501
v 0.317274 1.857417 0.002801
v 0.299133 1.804054 0.009429
v 0.226719 1.701097 0.008284
v 0.224436 1.685015 -0.003735
v -0.710793 1.307385 -0.038556
v 0.165195 1.689836 -0.030836
v 0.160551 1.745648 -0.016866
v 0.277164 1.897517 -0.042512
v 0.407247 1.960928 -0.032761
v 0.417667 1.966469 -0.020243
v 0.328916 1.856785 0.008734
v 0.187795 1.700903 -0.038136
v 0.167672 1.759527 -0.022937
v -0.737440 1.413250 -0.001563
v 0.283178 1.895751 -0.042404
v 0.341146 1.901176 0.010491
v 0.315553 1.886436 -0.024853
v 0.395645 1.910947 0.007873
v 0.331740 1.881257 0.005179
v 0.212747 1.703359 -0.012413
v 0.349981 1.902918 -0.043333
v 0.201174 1.784496 -0.036292
v -0.755403 1.271207 -0.004162
v 0.361405 1.940096 -0.022700
v 0.452802 1.943766 -0.004260
v 0.474966 1.981173 -0.009482
v 0.492390 1.984822 -0.010522
v 0.480068 1.983763 -0.022969
v 0.494638 1.979683 -0.022934
v 0.462427 1.970183 -0.017328
v 0.510599 1.952965 -0.015448
v -0.774242 1.306620 -0.024711
v 0.449154 1.944903 -0.020308
v 0.462933 1.933633 -0.036219
v 0.629833 1.816079 -0.041134
v 0.657168 1.829524 -0.043069
v 0.623030 1.832446 -0.019372
v -0.730891 1.266928 -0.037298
v 0.626388 1.825061 0.002287
v 0.634641 1.834426 -0.029988
v 0.596579 1.824610 -0.011730
v 0.659595 1.852611 -0.037603
v 0.644871 1.845735 -0.001324
v 0.590917 1.814679 -0.033757
v 0.651346 1.858520 -0.053739
v 0.588112 1.803581 0.006376
v 0.663079 1.842510 0.009442
v 0.692183 1.687813 -0.000449
v 0.692305 1.687569 -0.001180
v 0.729627 1.702457 -0.053852
v 0.762974 1.745660 -0.015175
v 0.710975 1.597863 0.002978
v 0.705930 1.578936 -0.019921
v 0.707694 1.434575 -0.026095
v 0.655882 1.388696 0.004136
v 0.592182 1.364946 -0.001528
v 0.597359 1.311590 -0.004619
v 0.775683 1.306700 -0.004581
v 0.750881 1.310045 -0.008076
v 0.795644 1.366968 -0.005473
v 0.786698 1.362697 0.003064
v 0.795261 1.347232 -0.010098
v 0.753830 1.391996 0.002129
v 0.771954 1.339190 -0.007222
v 0.728901 1.339190 0.008239
v 0.642318 1.249629 0.006013
v 0.699238 1.247928 0.006584
v 0.710722 1.258119 0.007853
v 0.710030 1.292257 0.003843
v 0.670407 1.271221 0.007262
v 0.728949 1.239684 0.003484
v 0.705308 1.207202 0.006662
v 0.724853 1.181081 0.005464
v 0.647664 1.067876 -0.048498
v -0.736554 1.147085 -0.028951
v 0.602702 0.845090 -0.002690
v 0.612719 0.834404 0.000214
v 0.731032 0.929255 -0.016363
v 0.735482 0.909340 -0.007945
v 0.717372 0.953091 -0.014568
v 0.664816 0.952321 -0.036402
v 0.651683 0.965791 0.039144
v 0.679422 0.976404 0.056414
v 0.681162 0.952715 0.034358
v 0.714172 0.973672 0.046587
v 0.705437 0.946704 0.012599
v 0.635530 0.981036 0.041095
v 0.732661 0.974685 0.030196
v 0.660768 0.945756 0.009428
v 0.733442 0.962679 -0.004761
v 0.688376 0.943147 -0.015693
v 0.659335 0.947387 -0.022141
v 0.668550 1.012743 0.068196
v 0.697537 0.996193 0.064030
v -0.699116 1.368193 -0.040950
v 0.618824 0.997398 0.029043
v 0.634718 1.023375 0.053474
v 0.623893 0.972323 0.007404
v -0.697471 1.355853 0.006990
v 0.722364 0.965404 -0.034232
v 0.642681 0.954223 -0.008847
v 0.611804 0.996244 -0.005973
v 0.684622 0.950949 -0.037506
v 0.609284 1.022376 0.014164
v 0.718469 1.017352 0.061152
v 0.746331 0.987329 -0.018901
v 0.713446 0.915708 -0.000844
v 0.712037 0.949471 -0.018266
v 0.743689 0.863383 -0.004502
v 0.710693 0.947671 -0.009373
v 0.728005 0.871881 0.004924
v 0.758896 0.729654 -0.006099
v 0.618495 0.698990 -0.005642
v 0.629920 0.779643 0.003236
v 0.650824 0.780924 0.001664
v 0.705717 0.743047 0.008208
v 0.706326 0.742315 0.007842
v 0.707290 0.565602 -0.002726
v 0.591219 0.659715 -0.002065
v 0.700348 0.710114 0.009562
v 0.683602 0.687965 0.002388
v 0.683252 0.716785 0.004369
v 0.660240 0.540048 0.003940
v 0.615281 0.185021 -0.045509
v 0.649023 0.385940 -0.007154
v 0.640984 0.563246 0.006443
v 0.669338 0.202534 -0.043656
v 0.730081 0.174393 -0.058124
v 0.616672 0.573301 0.005749
v 0.546610 0.161971 -0.024467
v 0.546732 0.161849 -0.024467
v 0.546610 0.161483 -0.023614
v 0.741242 0.246628 -0.014800
v 0.663557 0.205302 0.004627
v 0.707773 0.129596 -0.020852
v 0.748182 0.073697 -0.020271
v 0.752199 0.057487 -0.005785
v 0.715655 0.090454 -0.023291
v 0.731196 0.051071 -0.022386
v 0.707348 0.066796 -0.027933
v 0.734120 0.119424 -0.022393
v 0.765616 0.044501 -0.011785
v 0.751185 0.106224 -0.003975
v 0.715729 0.055271 -0.018002
v 0.713300 0.089649 -0.003115
v 0.676456 0.191842 0.001014
v 0.702587 0.177986 -0.000321
v 0.651318 0.199844 -0.000587
v 0.675846 0.191232 0.001746
v 0.674871 0.191598 0.001746
v 0.673895 0.192086 0.001746
v 0.678791 0.195490 -0.003305
v 0.668494 0.185293 -0.015472
v 0.695933 0.188466 -0.008547
v 0.718602 0.146009 -0.021378
v 0.717480 0.036240 -0.009216
v 0.708681 0.126422 -0.004864
v 0.685058 0.165237 -0.019787
v 0.772243 0.080111 -0.022585
v 0.731160 0.221633 -0.002801
v 0.770783 0.041279 -0.021963
v 0.755118 0.234304 -0.020157
v 0.726127 0.202344 -0.003037
v 0.733059 0.149032 -0.002896
v 0.744807 0.009780 -0.019618
v 0.711983 0.052290 -0.025465
v 0.693967 0.045776 -0.015140
v 0.725870 0.012704 -0.011306
v 0.698250 0.055525 -0.000568
v 0.623757 0.209886 0.008416
v 0.717745 0.000798 -0.026337
v 0.695049 0.070780 0.009876
v 0.700060 0.109135 0.011415
v 0.762733 0.046872 -0.037274
v 0.682729 0.037683 0.000656
v 0.686265 0.164093 0.004223
v -0.696839 1.409318 -0.003649
v 0.739617 0.252392 -0.024459
v 0.706498 0.015099 -0.015067
v 0.567996 0.221606 0.009811
v 0.511910 0.128355 -0.019024
v 0.471672 0.123534 -0.032100
v 0.279185 0.180064 0.001610
v 0.491640 0.130364 -0.022445
v 0.535903 0.083551 -0.020901
v 0.518414 0.083001 -0.003322
v 0.518078 0.081138 -0.018874
v 0.513250 0.099110 0.001709
v 0.455110 0.119546 0.000824
v 0.452352 0.094598 0.003322
v 0.458903 0.145294 -0.026259
v 0.323284 0.094254 0.007871
v 0.395768 0.180727 0.006310
v 0.409895 0.229884 0.006120
v 0.394642 0.263390 -0.007612
v 0.411356 0.254073 -0.001552
v 0.392790 0.241993 0.008308
v 0.374577 0.243378 0.000916
v 0.375568 0.253864 -0.014507
v 0.362716 0.140744 0.008292
v 0.372255 0.166888 0.004105
v 0.377151 0.100891 0.003894
v 0.335254 0.142161 0.000634
v 0.340690 0.155629 0.005789
v 0.303755 0.110625 0.008743
v -0.706338 1.323697 -0.042840
v 0.395800 0.258473 -0.024747
v 0.414438 0.252024 -0.025711
v 0.420501 0.236028 -0.006051
v 0.417490 0.205524 -0.003835
v 0.473891 0.184302 0.007786
v 0.471693 0.215071 0.006421
v 0.345886 0.183846 0.000273
v 0.400353 0.169877 0.008202
v 0.343462 0.094854 0.010010
v 0.321288 0.121792 -0.001127
v 0.366556 0.209992 0.005114
v 0.442055 0.218803 -0.014810
v 0.349238 0.078689 -0.000063
v 0.429145 0.155530 0.001453
v 0.439599 0.156723 -0.025680
v 0.390682 0.118698 0.006210
v 0.360050 0.216746 -0.006614
v -0.710950 1.274821 0.004159
v 0.496978 0.160859 -0.006553
v 0.490320 0.129719 -0.000684
v 0.515395 0.115041 0.002585
v 0.535571 0.084710 -0.002921
v 0.458406 0.148514 0.001402
v 0.396881 0.059340 0.003063
v 0.334162 0.225496 0.005765
v 0.393445 0.237272 -0.036843
v 0.497244 0.187684 0.008710
v 0.540455 0.105948 -0.001778
v 0.355074 0.050972 0.002197
v 0.328707 0.076313 0.009143
v 0.420710 0.205963 -0.022243
v 0.351092 0.012412 -0.011735
v 0.342879 0.034799 0.005196
v 0.330380 0.012560 0.000517
v 0.300427 0.120839 -0.000076
v 0.301005 0.145543 0.004889
v 0.481309 0.160715 -0.028410
v 0.534914 0.112784 -0.027138
v 0.518871 0.101866 -0.028419
v 0.489986 0.082236 -0.003526
v 0.396780 0.046388 -0.005779
v 0.473706 0.216292 -0.032527
v 0.451517 0.078780 -0.005541
v 0.425013 0.127804 0.000364
v 0.509019 0.112545 -0.031898
v 0.332071 -0.000000 -0.013719
v 0.315065 0.009749 -0.007318
v 0.281890 0.173591 0.006867
v 0.323269 0.238684 -0.002373
v 0.404409 0.183209 -0.032327
v 0.454102 0.122336 -0.024566
v 0.514473 0.089240 -0.019412
v 0.414128 0.102755 0.001703
v 0.500755 0.233086 -0.002954
v 0.377618 0.050167 -0.005914
v 0.307218 0.091913 0.002431
v 0.344860 0.244315 -0.012679
v 0.421915 0.135815 -0.023136
v 0.317441 0.007003 -0.025270
v 0.525074 0.188708 0.008773
v 0.310777 0.061553 0.006625
v 0.256938 0.241839 -0.002627
v 0.243723 0.202112 0.005602
v 0.292308 0.204895 -0.000439
v 0.488468 0.082062 -0.025676
v 0.419744 0.090789 -0.007451
v 0.340119 0.015717 -0.031653
v 0.299962 0.219594 -0.006475
v 0.516791 0.154444 -0.006824
v 0.531222 0.161842 -0.003942
v 0.485728 0.162906 -0.014949
v 0.409909 0.175771 -0.033909
v -0.709302 1.254422 0.007519
v 0.523840 0.178463 0.002300
v 0.550258 0.237711 -0.000886
v -0.747685 1.227464 -0.005743
v 0.497742 0.233403 -0.019854
v 0.519231 0.155059 -0.022299
v 0.472958 0.183892 -0.034551
v 0.683527 0.225955 -0.007695
v 0.745274 0.206543 -0.016542
v 0.750958 0.014632 -0.030131
v 0.636015 0.222927 -0.000693
v -0.698969 1.313922 -0.045235
v 0.729799 0.188702 -0.018740
v 0.612658 0.016641 -0.000730
v 0.583547 0.027055 -0.013864
v 0.589086 0.051884 0.007581
v 0.636575 0.030167 0.010174
v -0.705039 1.427303 -0.027017
v 0.491462 0.169921 -0.026598
v 0.587151 0.239223 -0.009047
v 0.694121 0.234965 -0.021668
v 0.743637 0.213582 -0.039729
v 0.534455 0.166018 -0.016600
v 0.748316 0.146590 -0.022411
v 0.758226 0.115985 -0.031626
v 0.605180 0.013259 -0.020619
v 0.575415 0.043935 -0.003164
v 0.579298 0.195340 0.012064
v 0.743285 0.230572 -0.040122
v 0.674373 0.158283 0.012443
v 0.720029 0.231146 -0.044615
v 0.709934 0.185082 -0.017690
v 0.571845 0.047663 -0.022227
v 0.574414 0.085812 -0.018510
v 0.628722 0.057971 0.010017
v 0.565372 0.170512 0.002607
v 0.659640 0.021123 -0.002127
v 0.588894 0.032573 -0.035369
v 0.548598 0.159956 -0.007389
v 0.657398 0.230193 -0.016953
v 0.755653 0.072838 -0.039296
v 0.680897 0.032046 -0.023497
v 0.732304 0.194647 -0.033774
v 0.571356 0.241266 -0.022556
v 0.707552 0.235225 -0.036985
v 0.748342 0.120738 -0.040721
v 0.698986 0.020702 -0.035287
v 0.551113 0.158824 -0.015885
v 0.528490 0.213316 -0.038134
v 0.702805 0.183941 -0.034422
v 0.588926 0.077311 0.004797
v 0.667004 0.083195 0.010297
v 0.724295 0.166765 -0.035517
v 0.716685 0.034914 -0.044176
v -0.715020 1.428557 -0.004452
v 0.588257 0.046703 -0.040197
v 0.577051 0.083136 -0.005612
v 0.517797 0.185268 -0.034376
v 0.567104 0.230338 -0.035089
v 0.626325 0.016018 -0.031361
v 0.546976 0.161971 -0.023736
v 0.542102 0.169690 -0.026635
v 0.716741 0.193949 -0.040117
v 0.741734 0.100761 -0.032536
v 0.745954 0.068052 -0.034980
v 0.733531 0.051264 -0.034322
v 0.651835 0.013637 -0.014132
v 0.582004 0.072601 -0.034996
v 0.586922 0.171267 0.004384
v 0.647706 0.228152 -0.028379
v 0.678042 0.222530 -0.036900
v -0.730818 1.154843 0.002439
v 0.664821 0.277319 -0.043084
v 0.686365 0.015306 -0.046932
v 0.646805 0.125834 0.007546
v 0.603177 0.088211 -0.002717
v 0.628950 0.158515 0.010672
v 0.560848 0.160701 -0.003353
v 0.723083 0.214246 -0.047358
v 0.722911 0.154895 -0.042224
v 0.597990 0.156932 0.005509
v 0.686585 0.333747 -0.033834
v 0.643258 0.082224 -0.001271
v -0.705061 1.400501 -0.049974
v 0.704027 0.322272 -0.037620
v 0.696966 0.029938 -0.070410
v 0.674194 0.028068 -0.028370
v 0.580968 0.156663 -0.003744
v 0.539132 0.188276 -0.038438
v 0.630543 0.436071 0.004583
v 0.611481 0.310418 -0.021822
v 0.610152 0.314813 0.000587
v 0.638895 0.310745 -0.021894
v 0.630566 0.307291 -0.002328
v 0.591980 0.346020 -0.003641
v 0.589719 0.341517 -0.016744
v 0.648854 0.335957 -0.003224
v 0.604982 0.337521 -0.030855
v 0.613223 0.399620 0.001779
v 0.640755 0.347250 0.005121
v 0.639933 0.331035 -0.030259
v 0.604189 0.399700 -0.008042
v 0.607732 0.341936 0.006778
v -0.726250 1.260977 0.004907
v 0.646416 0.346305 -0.023812
v 0.602628 0.482278 -0.001402
v 0.634279 0.447297 0.004852
v 0.783583 0.320853 -0.012114
v 0.791188 0.322046 -0.021568
v 0.766501 0.301829 -0.016759
v 0.782630 0.349750 -0.016961
v 0.785204 0.330403 -0.032713
v 0.770502 0.305528 -0.031931
v 0.750829 0.312455 -0.005284
v 0.768058 0.342087 -0.009337
v 0.740393 0.298428 -0.024014
v 0.755834 0.328457 -0.019502
v 0.706099 0.325791 -0.000549
v 0.733966 0.327938 -0.022943
v 0.686318 0.329573 -0.018306
v 0.683039 0.345218 -0.000205
v 0.682917 0.345218 -0.000205
v 0.683161 0.345584 -0.001180
v 0.678608 0.349661 -0.002123
v 0.682430 0.345218 -0.001058
v 0.706157 0.340932 -0.020919
v 0.677749 0.374450 -0.023511
v 0.668591 0.391929 -0.001960
v 0.727860 0.369865 0.009371
v 0.768091 0.403704 0.010386
v 0.783814 0.421600 0.001490
v 0.762926 0.490839 -0.007426
v 0.778813 0.459651 0.000029
v 0.784831 0.464252 -0.013668
v 0.747690 0.357896 -0.003229
v 0.686373 0.385315 0.007389
v -0.739886 1.415956 -0.026261
v 0.749683 0.480626 0.002804
v 0.781163 0.474559 -0.021807
v 0.742909 0.460084 0.001649
v 0.788660 0.419471 -0.021214
v -0.687762 1.314984 0.004574
v 0.771963 0.380594 -0.027484
v 0.753487 0.325536 -0.041479
v 0.731338 0.474037 -0.002476
v 0.753998 0.496787 -0.027838
v 0.720207 0.352789 -0.023438
v 0.767008 0.351506 -0.020307
v 0.765347 0.350635 -0.035588
v 0.625567 0.381683 -0.029874
v 0.738066 0.422585 0.006225
v 0.739736 0.496442 -0.010538
v 0.760415 0.480646 -0.040506
v 0.777342 0.390679 -0.006873
v 0.766693 0.369383 -0.018523
v 0.765367 0.368792 -0.031264
v 0.659417 0.368644 -0.003658
v 0.656415 0.400787 -0.020095
v 0.696932 0.410406 0.011038
v 0.601370 0.501153 -0.018599
v 0.712477 0.357244 -0.008991
v -0.714926 1.248695 -0.040485
v 0.734454 0.321866 -0.048083
v 0.637534 0.428149 -0.014095
v 0.638413 0.406787 -0.010920
v 0.606146 0.387364 -0.023830
v 0.734647 0.491048 -0.030723
v 0.745763 0.353565 -0.022180
v 0.728762 0.345231 -0.020530
v 0.740880 0.330783 -0.033282
v 0.718878 0.052292 -0.037200
v 0.653801 0.023121 -0.034739
v 0.590650 0.086538 -0.029026
v -0.692782 1.386270 -0.037977
v 0.661602 0.232152 -0.054660
v 0.615617 0.475126 0.007327
v 0.654722 0.443376 0.010864
v 0.569100 0.156206 -0.024612
v 0.672483 0.350982 -0.035670
v 0.722669 0.477896 -0.016469
v 0.608586 0.154706 0.001770
v 0.639770 0.395843 -0.017021
v 0.650829 0.373119 -0.020177
v 0.633896 0.526717 0.009284
v 0.729304 0.071884 -0.040612
v 0.619533 0.037024 -0.043783
v 0.657151 0.281286 -0.068806
v 0.714258 0.425997 0.001739
v 0.733623 0.346770 -0.038248
v 0.717047 0.323485 -0.048879
v 0.727204 0.133888 -0.035373
v 0.664619 0.031179 -0.050658
v 0.650533 0.482519 0.006103
v -0.698769 1.418011 -0.022567
v 0.727679 0.201717 -0.068677
v 0.717124 0.032900 -0.048931
v 0.640783 0.088718 -0.011722
v 0.620769 0.209827 -0.040495
v -0.732891 1.432503 -0.010028
v 0.607082 0.069222 -0.042123
v 0.673239 0.192437 -0.039987
v 0.726288 0.431980 -0.006813
v 0.618854 0.141373 -0.000530
v 0.584771 0.145877 -0.015567
v 0.584161 0.146243 -0.015201
v 0.584771 0.145999 -0.015567
v 0.598724 0.168972 -0.040064
v 0.665615 0.222865 -0.078808
v 0.603830 0.541491 -0.000116
v 0.717689 0.245617 -0.082851
v 0.683552 0.031949 -0.070611
v 0.640861 0.115228 -0.006754
v 0.614642 0.143561 0.002233
v 0.613666 0.144780 0.001990
v 0.611619 0.135410 -0.014029
v 0.584161 0.146853 -0.014714
v 0.580428 0.152731 -0.020564
v 0.648902 0.385330 -0.007764
v 0.648902 0.386184 -0.007154
v 0.649511 0.386915 -0.007886
v 0.653346 0.560420 0.004461
v 0.748491 0.455106 -0.040636
v 0.769831 0.390878 -0.039269
v 0.724530 0.356732 -0.040550
v 0.663364 0.040636 -0.039467
v 0.615251 0.143195 0.001380
v 0.614154 0.143439 0.001380
v 0.593937 0.147894 -0.017843
v 0.584917 0.163457 -0.033098
v 0.626894 0.430669 -0.031131
v 0.669341 0.461843 0.006435
v -0.707343 1.384563 -0.067646
v 0.632876 0.064162 -0.042540
v 0.613929 0.138867 -0.011874
v 0.602284 0.193800 -0.043918
v 0.691346 0.531947 0.002573
v 0.648534 0.516799 0.004409
v 0.728220 0.470794 -0.032014
v 0.781252 0.436527 -0.037303
v 0.723177 0.276561 -0.057184
v 0.653808 0.330841 -0.056498
v 0.651303 0.602171 0.000728
v 0.697879 0.440168 -0.001016
v 0.752802 0.386473 -0.048625
v 0.659398 0.067004 -0.045070
v 0.680471 0.222340 -0.089922
v 0.632626 0.458311 -0.029188
v 0.735441 0.087822 -0.057997
v 0.698322 0.245210 -0.092020
v 0.670310 0.302598 -0.088234
v -0.701994 1.239565 0.006935
v 0.610998 0.520172 -0.027547
v 0.665642 0.534515 -0.004023
v 0.675967 0.466072 0.003459
v 0.637513 0.412251 -0.022762
v 0.607961 0.576049 -0.017157
v 0.661942 0.377510 -0.039335
v 0.637143 0.547251 -0.030584
v 0.720611 0.293518 -0.071165
v 0.656214 0.631727 0.004281
v 0.667657 0.511830 -0.001017
v 0.660484 0.540658 0.003575
v 0.660362 0.540048 0.003940
v 0.659630 0.539195 0.003940
v 0.723870 0.435682 -0.021086
v 0.645022 0.406335 -0.033016
v 0.640682 0.476288 -0.028862
v 0.689290 0.458816 -0.015672
v 0.732447 0.426927 -0.036777
v 0.674840 0.681853 0.005383
v 0.671584 0.599575 0.002332
v 0.703960 0.442214 -0.023137
v 0.729005 0.662778 0.005491
v 0.751969 0.409363 -0.045770
v -0.691064 1.441401 -0.005789
v 0.655147 0.344021 -0.076173
v 0.708886 0.746713 0.004493
v 0.693479 0.561855 -0.003155
v 0.656004 0.468772 -0.023669
v 0.630930 0.632910 -0.005894
v 0.647530 0.648977 0.000326
v 0.717836 0.363297 -0.050252
v 0.678099 0.357268 -0.092126
v -0.746899 1.198346 -0.024927
v 0.743011 0.690290 0.006259
v 0.791987 0.669504 -0.005348
v 0.777013 0.673224 0.004009
v 0.781574 0.655668 -0.008674
v 0.755248 0.654948 -0.002161
v 0.640697 0.658094 0.005083
v -0.704494 1.317455 -0.054733
v 0.730917 0.538206 -0.005049
v 0.658394 0.418157 -0.038191
v 0.616291 0.603086 -0.006116
v 0.681765 0.736281 0.008383
v 0.789797 0.694840 -0.003436
v 0.782254 0.654891 -0.024011
v 0.716386 0.673740 0.001053
v 0.714057 0.396413 -0.053039
v 0.714469 0.312110 -0.080476
v 0.647753 0.395738 -0.065124
v 0.589851 0.638610 -0.013357
v 0.705355 0.515752 -0.009842
v 0.664896 0.438473 -0.034862
v 0.609149 0.630142 -0.003133
v 0.609110 0.628095 -0.018979
v 0.716830 0.653999 0.007788
v 0.691884 0.586535 -0.007400
v 0.712478 0.582906 -0.025988
v 0.707327 0.426316 -0.041899
v 0.731046 0.594080 -0.007569
v 0.731360 0.532438 -0.022918
v 0.695251 0.441829 -0.036005
v 0.658527 0.403910 -0.086136
v 0.663530 0.502329 -0.035193
v 0.696263 0.621005 -0.004062
v 0.705296 0.514536 -0.023283
v 0.624215 0.596201 -0.026231
v 0.633211 0.634593 -0.020070
v 0.705672 0.606595 -0.003684
v 0.737535 0.560138 -0.011458
v 0.649384 0.519357 -0.019793
v 0.651453 0.708699 0.004737
v 0.705717 0.743291 0.008208
v 0.706326 0.744144 0.007964
v 0.796339 0.683663 -0.020230
v 0.683603 0.462451 -0.033783
v 0.645033 0.569546 -0.019738
v 0.593374 0.660909 -0.024451
v 0.670454 0.751793 0.007431
v 0.713448 0.792629 0.005946
v 0.725480 0.723175 0.007731
v 0.789830 0.698431 -0.025731
v -0.690562 1.453452 -0.022297
v 0.754735 0.644756 -0.005088
v 0.671437 0.516678 -0.016177
v -0.674568 1.394298 0.002836
v 0.759414 0.711495 -0.004196
v 0.742520 0.641511 0.000053
v 0.728605 0.645702 -0.004731
v 0.727565 0.539695 -0.028968
v 0.673537 0.497174 -0.033641
v 0.715332 0.373469 -0.073138
v 0.658623 0.549268 -0.037193
v 0.607760 0.645453 -0.028745
v 0.658302 0.727015 0.000026
v 0.780770 0.673129 -0.036076
v 0.673499 0.519581 -0.033271
v 0.645556 0.726245 0.004128
v 0.653718 0.754861 0.001396
v 0.689241 0.771416 0.006351
v 0.756615 0.654504 -0.027132
v -0.743798 1.157869 -0.007112
v 0.746317 0.739697 -0.005725
v 0.736695 0.622209 -0.004620
v 0.645933 0.604904 -0.027082
v 0.626030 0.682514 -0.000436
v 0.630304 0.762880 0.001343
v 0.760107 0.711380 -0.025193
v 0.696760 0.367772 -0.090845
v 0.614840 0.677649 -0.015755
v 0.745920 0.639208 -0.030219
v 0.706338 0.481733 -0.049181
v 0.649873 0.424196 -0.047932
v 0.655561 0.639643 -0.028021
v 0.654894 0.773150 0.005658
v 0.644184 0.492194 -0.059667
v 0.651085 0.607972 -0.020785
v 0.636953 0.646622 -0.028205
v 0.730181 0.760738 0.004201
v 0.733036 0.594954 -0.021048
v 0.648950 0.510384 -0.046122
v 0.629668 0.683802 -0.028984
v 0.635336 0.700165 -0.007558
v 0.777408 0.735870 -0.025211
v -0.702209 1.205906 0.007095
v 0.700124 0.559379 -0.030634
v 0.709274 0.441717 -0.074484
v 0.777733 0.739197 -0.005002
v 0.694523 0.529976 -0.039246
v 0.645478 0.481218 -0.071995
v 0.597018 0.714871 -0.004925
v 0.691083 0.574820 -0.026528
v 0.597434 0.717991 -0.022184
v 0.600219 0.788989 -0.002325
v 0.595314 0.798266 0.000348
v 0.742010 0.668518 -0.037388
v 0.732164 0.641333 -0.023340
v 0.683483 0.806066 0.006478
v 0.751317 0.732270 -0.022284
v 0.745869 0.701633 -0.037062
v 0.660375 0.580300 -0.035553
v 0.616542 0.698890 -0.022325
v 0.614909 0.735654 -0.005969
v 0.648319 0.608361 -0.045104
v 0.637530 0.703110 -0.019949
v 0.605752 0.746781 -0.004384
v 0.649999 0.796392 0.002620
v 0.755588 0.769322 -0.004591
v -0.667302 1.353960 0.003488
v -0.665383 1.325139 0.007158
v 0.712775 0.440827 -0.059762
v 0.630072 0.720938 -0.029392
v 0.595846 0.779018 -0.002621
v 0.698462 0.611987 -0.020726
v 0.685116 0.564114 -0.035542
v 0.651218 0.652459 -0.023126
v 0.651218 0.652581 -0.023126
v 0.651218 0.652825 -0.023126
v 0.755735 0.771334 -0.024791
v 0.736641 0.619738 -0.027622
v 0.678309 0.482058 -0.092335
v 0.642646 0.611975 -0.055118
v 0.651949 0.653679 -0.023736
v 0.656800 0.680693 -0.035595
v 0.746574 0.817227 -0.004845
v 0.721999 0.656403 -0.032662
v 0.695931 0.624653 -0.029811
v 0.650880 0.502057 -0.082401
v 0.743104 0.875418 -0.022410
v -0.703835 1.307463 -0.070749
v 0.586850 0.837994 -0.003961
v 0.659381 0.639057 -0.035874
v -0.682113 1.429602 -0.033943
v 0.725488 0.662909 -0.037978
v 0.602448 0.846153 -0.024098
v 0.659105 0.834639 -0.000803
v 0.703166 0.425243 -0.084568
v 0.660477 0.501607 -0.089960
v 0.651944 0.720486 -0.025185
v 0.598377 0.765406 -0.020464
v 0.586904 0.836174 -0.022785
v 0.653857 0.736533 -0.033378
v 0.638746 0.743535 -0.026618
v -0.675039 1.334242 0.005038
v -0.676746 1.334120 0.004672
v 0.711747 0.835360 0.007951
v 0.709849 0.894655 -0.030483
v 0.731027 0.779747 -0.037262
v 0.684392 0.619873 -0.035566
v 0.720272 0.858643 -0.039242
v 0.733611 0.879591 -0.033283
v 0.721073 0.722954 -0.041272
v 0.692190 0.659385 -0.039221
v 0.697127 0.583395 -0.044964
v 0.706374 0.521965 -0.070464
v 0.613781 0.737525 -0.021079
v 0.747001 0.813535 -0.024839
v 0.615719 0.837253 -0.025657
v 0.696111 0.523457 -0.085585
v 0.593380 0.801660 -0.024724
v 0.637010 0.847135 -0.004103
v 0.700704 0.866843 0.000441
v -0.696047 1.248466 -0.043405
v 0.589160 0.825831 -0.023858
v 0.589404 0.826684 -0.024345
v 0.588916 0.827660 -0.023736
v 0.634984 0.848123 -0.020629
v 0.590379 0.825831 -0.024467
v 0.705377 0.584074 -0.059099
v 0.648410 0.599942 -0.080555
v 0.656095 0.711231 -0.036661
v 0.599067 0.789656 -0.025576
v 0.681944 0.843427 -0.001508
v 0.712996 0.693644 -0.037381
v 0.655745 0.836360 -0.023791
v 0.710664 0.678285 -0.042017
v 0.701887 0.649289 -0.053112
v 0.675957 0.594493 -0.093060
v 0.656337 0.661431 -0.088595
v 0.642144 0.644848 -0.071133
v 0.655553 0.764759 -0.033398
v 0.713116 0.765815 -0.038363
v 0.696428 0.698191 -0.045092
v 0.712445 0.784953 -0.041207
v 0.668555 0.818782 -0.032016
v 0.688666 0.847356 -0.025928
v 0.639948 0.711261 -0.064056
v 0.643746 0.720243 -0.048987
v 0.658356 0.801948 -0.032065
v 0.657680 0.786207 -0.033855
v 0.657802 0.789621 -0.033611
v 0.695903 0.755558 -0.044104
v -0.704113 1.220450 -0.062907
v 0.656948 0.785231 -0.034831
v 0.657680 0.787426 -0.033855
v 0.703412 0.701077 -0.058943
v 0.696903 0.803082 -0.043966
v 0.645780 0.753602 -0.080133
v 0.700724 0.634521 -0.076719
v 0.691599 0.639966 -0.087201
v 0.644943 0.819628 -0.047218
v 0.704097 0.808571 -0.060296
v 0.690370 0.829814 -0.038313
v 0.670701 0.698867 -0.093117
v 0.641500 0.860741 -0.066699
v 0.672178 0.865884 -0.035721
v 0.689760 0.822813 -0.087746
v 0.643460 0.830808 -0.077490
v -0.674939 1.286941 0.007554
v 0.696157 0.743821 -0.082343
v 0.695310 0.866717 -0.045458
v 0.656684 0.802272 -0.037428
v 0.657730 0.792543 -0.090210
v 0.656622 0.902845 -0.039779
v 0.614704 1.047623 0.014431
v -0.707160 1.183155 -0.036797
v 0.701262 0.828682 -0.074792
v 0.645704 0.879557 -0.050404
v 0.624098 0.975913 -0.024345
v 0.664335 1.044922 0.062631
v 0.742863 0.990741 0.030629
v 0.725872 0.990142 -0.050562
v 0.689000 1.052216 0.061822
v 0.639513 1.051222 0.047843
v 0.702005 0.882701 -0.059684
v 0.610750 1.025510 -0.025245
v 0.755374 1.023925 -0.006963
v 0.746954 1.021536 -0.034835
v 0.622832 1.009762 -0.046936
v 0.700465 0.970199 -0.052651
v 0.643571 1.080065 0.023310
v 0.736817 1.023670 0.045158
v 0.719964 1.053335 0.050624
v 0.661291 0.890978 -0.090422
v 0.645867 0.974152 -0.050812
v 0.751011 1.023874 0.022306
v 0.642826 0.932693 -0.063825
v 0.665699 1.075179 0.043686
v 0.626679 1.071459 -0.002413
v 0.733441 1.027821 -0.050859
v 0.677186 0.859700 -0.092415
v 0.701611 1.005269 -0.067052
v 0.697310 0.947052 -0.078965
v 0.623629 1.042099 -0.042183
v 0.642439 1.085188 -0.007443
v 0.643614 1.008858 -0.063398
v 0.633758 1.067458 -0.033653
v -0.678469 1.259045 0.006463
v 0.713238 1.043319 -0.060603
v 0.741435 1.060385 -0.017307
v 0.719452 1.074552 0.031363
v 0.743026 1.054609 0.021690
v 0.730750 1.060291 -0.038446
v 0.643779 1.044711 -0.060397
v 0.698934 1.080803 0.037621
v 0.700952 1.063815 -0.054342
v 0.702180 1.033234 -0.067929
v 0.680712 0.995756 -0.090730
v 0.652998 0.922367 -0.085509
v -0.691540 1.211498 -0.040443
v 0.646094 1.018152 -0.076855
v 0.663297 1.095120 -0.008469
v 0.732797 1.074522 0.004146
v 0.692692 1.083127 -0.041110
v 0.678348 1.092823 0.019328
v 0.696175 1.118123 -0.081308
v 0.683423 1.110453 -0.089660
v 0.673117 1.088626 -0.035564
v 0.664382 1.003379 -0.090958
v -0.687617 1.477410 -0.034633
v 0.642359 1.087312 -0.062208
v 0.687581 1.096048 -0.016667
v 0.706403 1.091597 0.010074
v 0.718057 1.080007 -0.028835
v 0.719232 1.085086 -0.012230
v 0.711356 1.090195 -0.009235
v 0.735445 1.118831 -0.015847
v 0.713672 1.115155 -0.027159
v 0.712306 1.125122 0.000298
v 0.711351 1.088533 -0.018077
v 0.742405 1.156462 -0.026531
v 0.668724 1.250889 0.002854
v 0.650345 1.277144 0.001719
v 0.673928 1.296254 0.009159
v 0.745972 1.288067 -0.005815
v 0.661313 1.243181 0.005950
v 0.669372 1.284642 0.001277
v 0.741969 1.159029 -0.004162
v 0.731479 1.180391 -0.037056
v 0.693291 1.300895 0.005731
v 0.746942 1.222422 -0.004821
v 0.679249 1.226262 0.006442
v 0.647979 1.312659 -0.001743
v 0.710765 1.355006 0.008144
v 0.651583 1.228656 0.004173
v 0.641220 1.249385 0.005647
v 0.641952 1.249750 0.006013
v 0.643171 1.250238 0.005647
v 0.694111 1.183840 -0.000395
v 0.598734 1.241539 0.000655
v 0.620349 1.251849 0.004284
v 0.637845 1.337170 0.004835
v 0.753527 1.347982 0.002808
v 0.786573 1.384216 -0.014711
v 0.755970 1.273347 -0.004857
v 0.701779 1.168839 -0.031596
v 0.609026 1.189383 -0.002020
v 0.798461 1.361907 -0.025915
v 0.720953 1.372157 0.001219
v 0.753344 1.324960 -0.004895
v 0.629394 1.246459 0.000283
v 0.628175 1.247434 0.000039
v 0.628541 1.247434 0.000039
v 0.641167 1.304511 0.003246
v 0.627443 1.246337 0.000283
v 0.773738 1.309915 -0.025336
v 0.752508 1.264432 -0.023882
v 0.671215 1.344358 0.005284
v 0.620483 1.263434 -0.000472
v 0.666207 1.336540 0.003066
v 0.786454 1.343943 -0.024888
v 0.679402 1.196468 -0.025693
v 0.670268 1.199684 -0.002122
v 0.666042 1.371205 0.000527
v 0.588808 1.196104 -0.004265
v 0.598217 1.250261 -0.002723
v 0.691561 1.351716 0.005540
v 0.748494 1.306270 -0.024189
v 0.648237 1.192824 -0.005409
v 0.784455 1.362182 -0.036472
v 0.754545 1.325464 -0.023822
v 0.739988 1.272412 -0.031444
v 0.589010 1.193548 -0.022219
v 0.607750 1.280332 -0.002378
v 0.618889 1.290814 -0.006263
v 0.745624 1.353724 -0.040188
v 0.764278 1.389171 -0.032970
v 0.624161 1.191921 -0.004423
v 0.657832 1.199092 -0.023897
v 0.637450 1.187197 -0.021845
v 0.756315 1.398464 -0.017487
v 0.693298 1.208352 -0.039781
v 0.620176 1.195571 -0.022886
v 0.595028 1.239546 -0.024915
v 0.675475 1.384397 0.002821
v 0.628796 1.333171 -0.008198
v 0.745510 1.332118 -0.035505
v 0.728192 1.252199 -0.038370
v 0.597613 1.307758 -0.021296
v 0.730068 1.402186 0.003373
v 0.612112 1.329390 -0.021999
v 0.614462 1.329502 -0.004950
v 0.605492 1.282710 -0.019365
v 0.696081 1.403700 -0.003371
v 0.738441 1.416542 -0.005278
v 0.699453 1.183755 -0.049104
v 0.702808 1.142493 -0.065031
v 0.657098 1.081776 -0.039370
v 0.734808 1.395723 -0.010044
v 0.669126 1.152800 -0.092038
v 0.601795 1.245206 -0.027217
v 0.621335 1.289649 -0.022797
v 0.589949 1.362388 -0.020720
v -0.660033 1.398244 -0.000270
v 0.614427 1.346517 -0.006281
v 0.591646 1.383716 -0.009901
v 0.678743 1.204920 -0.034522
v 0.665951 1.222818 -0.033471
v 0.607943 1.188768 -0.023983
v -0.692596 1.229082 0.004230
v 0.716053 1.245323 -0.039581
v 0.643070 1.166781 -0.065615
v 0.739224 1.414959 -0.023812
v 0.644175 1.257192 -0.056898
v 0.638906 1.364189 0.004985
v 0.733187 1.429896 -0.007236
v 0.721019 1.321745 -0.042113
v 0.697428 1.246783 -0.043825
v -0.731781 1.175944 -0.036986
v 0.646457 1.164864 -0.077524
v 0.600312 1.381196 -0.026062
v 0.636996 1.385733 -0.003867
v 0.727296 1.386607 -0.032391
v 0.669087 1.484167 0.003074
v -0.698106 1.359616 -0.083644
v 0.639626 1.304324 -0.031886
v 0.613003 1.392844 -0.004978
v 0.723509 1.398736 -0.037207
v 0.698798 1.300126 -0.045711
v 0.703323 1.294737 -0.054847
v 0.630708 1.337287 -0.028995
v 0.700965 1.418301 -0.003010
v 0.690985 1.214920 -0.086770
v 0.655825 1.088541 -0.087252
v 0.707058 1.434217 -0.002765
v 0.707424 1.436290 -0.002765
v 0.719522 1.368492 -0.034365
v 0.661847 1.247135 -0.033565
v 0.707667 1.437265 -0.002765
v 0.737091 1.498908 -0.009030
v 0.736084 1.465882 -0.008305
v 0.726421 1.435604 -0.021423
v 0.646340 1.453981 0.002006
v 0.700744 1.420491 -0.015189
v 0.707789 1.437753 -0.003253
v 0.710988 1.456388 -0.003741
v 0.704061 1.219690 -0.069244
v 0.633078 1.329211 -0.021525
v 0.652695 1.339128 -0.036971
v 0.647383 1.170170 -0.047430
v 0.711134 1.508821 0.000775
v 0.712592 1.328329 -0.036665
v 0.651640 1.309350 -0.026500
v 0.633460 1.391545 -0.019367
v 0.691310 1.451254 -0.006050
v 0.709467 1.346562 -0.041654
v 0.644993 1.273141 -0.072350
v 0.698183 1.479136 -0.001389
v 0.657633 1.280661 -0.036463
v 0.614179 1.444843 0.000730
v 0.639619 1.376455 -0.029530
v 0.658217 1.305731 -0.035635
v 0.621628 1.472361 0.007421
v 0.666009 1.496197 -0.000625
v 0.649783 1.296099 -0.045745
v 0.660351 1.349074 -0.035541
v 0.696095 1.415588 -0.025758
v 0.736311 1.487266 -0.024392
v -0.706104 1.455593 -0.079642
v 0.657411 1.241656 -0.088160
v 0.661469 1.364457 -0.021872
v 0.714960 1.520521 -0.011226
v 0.694864 1.469944 -0.022457
v -0.711674 1.491535 -0.055559
v 0.694971 1.378344 -0.037876
v 0.658826 1.481163 0.005653
v 0.675793 1.518534 -0.010175
v 0.698695 1.346565 -0.042986
v -0.694866 1.479425 -0.002368
v 0.683189 1.417911 -0.033647
v 0.697905 1.300354 -0.082043
v -0.661153 1.447699 0.003122
v 0.693904 1.517003 -0.003092
v 0.719078 1.514007 -0.029911
v 0.705351 1.309195 -0.065779
v 0.656649 1.516444 0.004731
v 0.707504 1.470371 -0.029378
v 0.703725 1.403249 -0.047496
v 0.681944 1.298845 -0.091545
v 0.645764 1.371373 -0.058633
v -0.670076 1.283489 0.001125
v 0.666727 1.412464 -0.033468
v 0.611787 1.455264 -0.023940
v 0.686764 1.476476 -0.034219
v 0.613938 1.429987 -0.009175
v 0.642142 1.457561 0.006509
v 0.660200 1.317898 -0.089179
v 0.698611 1.496847 -0.038730
v 0.649825 1.383308 -0.076988
v 0.645819 1.428255 -0.027372
v 0.629658 1.424881 -0.026382
v -0.677989 1.209585 -0.035105
v 0.653040 1.421837 -0.019030
v 0.680087 1.541285 -0.004007
v 0.600329 1.501815 -0.015321
v 0.678713 1.523336 -0.022127
v 0.666394 1.536345 0.005126
v 0.707210 1.384515 -0.069673
v -0.704552 1.470395 -0.045389
v 0.688507 1.554705 -0.017061
v 0.651096 1.529803 0.005160
v 0.651218 1.529803 0.005160
v 0.698869 1.511373 -0.037891
v 0.650243 1.530779 0.005525
v 0.683037 1.547122 -0.032638
v 0.677857 1.516649 -0.033973
v 0.705240 1.479423 -0.045946
v 0.653474 1.399767 -0.043754
v 0.690620 1.579215 0.004202
v 0.607661 1.516752 0.004504
v 0.638361 1.534623 0.008960
v 0.635899 1.492382 -0.030152
v 0.603532 1.562836 -0.003598
v 0.657760 1.562070 0.009899
v 0.746926 1.541264 -0.017274
v 0.741156 1.542500 -0.008490
v 0.761390 1.545826 -0.002909
v 0.759260 1.543807 -0.027947
v 0.746926 1.541264 -0.019103
v 0.746073 1.541264 -0.018127
v 0.745097 1.541386 -0.017274
v 0.736858 1.545847 -0.028639
v 0.783552 1.560242 -0.017781
v 0.744928 1.565626 0.005597
v 0.726436 1.554557 -0.011732
v 0.730354 1.590960 -0.005172
v 0.757341 1.560953 -0.041314
v 0.741171 1.581601 0.002350
v 0.730797 1.567761 -0.031453
v -0.698692 1.176244 -0.029956
v -0.699330 1.188345 -0.048700
v 0.646337 1.467267 -0.019423
v 0.648039 1.446032 -0.065110
v 0.784635 1.578071 -0.031767
v 0.693355 1.451326 -0.089489
v 0.748631 1.608765 0.007290
v 0.678094 1.611900 0.011466
v 0.692798 1.569411 -0.032256
v 0.703162 1.418764 -0.080498
v 0.728196 1.586296 -0.025272
v 0.780473 1.576873 0.001617
v 0.632013 1.560796 0.007312
v -0.644156 1.437533 0.005681
v 0.672645 1.429164 -0.091706
v 0.666329 1.502131 -0.036290
v 0.604102 1.620870 -0.016170
v 0.624193 1.713924 -0.019133
v 0.626965 1.710164 0.001000
v 0.599073 1.699381 -0.005155
v 0.601947 1.701360 -0.020456
v 0.642008 1.699534 -0.025890
v 0.617523 1.698112 -0.031644
v 0.641035 1.707246 -0.008843
v 0.623856 1.692375 0.008093
v 0.594489 1.669784 -0.001203
v 0.593879 1.673037 -0.023239
v 0.649803 1.678998 -0.019849
v 0.646211 1.684515 0.000083
v 0.604810 1.632529 -0.002777
v 0.740776 1.599872 -0.038987
v 0.716088 1.566232 -0.049192
v 0.654510 1.508235 -0.020546
v 0.610564 1.544370 -0.027113
v 0.713060 1.499566 -0.056860
v 0.658731 1.442047 -0.085356
v -0.677768 1.196711 -0.025169
v 0.628773 1.575280 -0.030520
v 0.610207 1.627656 -0.026044
v 0.617249 1.618400 0.003266
v 0.787890 1.602517 -0.005487
v 0.709272 1.593612 -0.038390
v 0.727529 1.652063 0.008783
v 0.775172 1.591088 -0.037845
v 0.710516 1.524344 -0.078351
v 0.651334 1.506329 -0.069653
v 0.781585 1.630101 -0.032198
v 0.756300 1.627664 -0.047294
v 0.639426 1.562996 -0.029383
v 0.656626 1.616846 0.001644
v 0.638278 1.630742 0.001232
v 0.630425 1.591999 0.004972
v 0.633127 1.579285 -0.000982
v 0.654858 1.545230 -0.023003
v 0.692389 1.648921 0.004386
v 0.654069 1.488191 -0.046897
v 0.638888 1.596696 -0.015930
v 0.782811 1.634684 -0.011771
v -0.626717 1.340149 -0.000974
v 0.635146 1.631159 -0.028190
v 0.763866 1.640414 0.007943
v 0.669280 1.540561 -0.034303
v 0.745473 1.667664 -0.001391
v 0.718670 1.611097 -0.048131
v -0.684409 1.195020 -0.002463
v -0.730711 1.108165 -0.011795
v 0.673214 1.532982 -0.090158
v 0.670994 1.586386 -0.033330
v -0.713376 1.115059 -0.026555
v 0.639425 1.615950 -0.009867
v 0.725614 1.669942 -0.003682
v 0.639957 1.620883 -0.018351
v 0.717629 1.594280 -0.073998
v 0.761235 1.665820 -0.011518
v 0.751302 1.664367 -0.038599
v 0.655405 1.582610 -0.072666
v 0.635728 1.590829 -0.026136
v 0.765405 1.657924 -0.030154
v 0.771762 1.651359 -0.026417
v 0.765910 1.660539 -0.020685
v 0.765694 1.681349 -0.034552
v 0.786907 1.704426 -0.016183
v 0.766153 1.679000 -0.021363
v 0.771227 1.694376 -0.009852
v 0.784595 1.705315 -0.032978
v 0.776209 1.733016 -0.013058
v 0.779648 1.732867 -0.027438
v 0.756512 1.701020 -0.019786
v 0.753838 1.752136 -0.024115
v 0.728233 1.675105 -0.035748
v 0.736727 1.676124 -0.024842
v 0.755297 1.718399 -0.005787
v 0.754790 1.702372 -0.039700
v 0.666331 1.572148 -0.086002
v 0.652243 1.539204 -0.056107
v 0.694196 1.594225 -0.090782
v 0.667264 1.636003 -0.020190
v -0.684523 1.505091 0.002111
v 0.740500 1.697519 -0.035990
v 0.722920 1.633601 -0.052993
v 0.723835 1.692681 -0.021104
v 0.736291 1.745577 -0.018719
v 0.648910 1.632089 -0.008173
v 0.707544 1.671036 -0.022406
v 0.662798 1.611965 -0.042513
v 0.688124 1.661051 -0.023307
v 0.741232 1.726646 -0.031501
v 0.737396 1.696323 -0.046188
v 0.724197 1.663371 -0.047925
v 0.759355 1.719528 -0.040790
v -0.676787 1.230648 0.006360
v 0.647268 1.624412 -0.032340
v 0.743437 1.724401 -0.016650
v 0.657473 1.626220 -0.056300
v 0.710364 1.626572 -0.085474
v 0.666005 1.650409 -0.081461
v 0.657117 1.657490 -0.020341
v 0.724070 1.692366 -0.077432
v 0.669545 1.665251 -0.002837
v 0.726978 1.716889 -0.046204
v 0.732212 1.746074 -0.060647
v 0.669533 1.661051 -0.040684
v 0.717467 1.705611 -0.001731
v 0.711426 1.853422 -0.021262
v 0.745458 1.841736 -0.021815
v 0.759516 1.832920 -0.006339
v 0.779723 1.814189 -0.033081
v 0.769860 1.857636 -0.022585
v 0.783249 1.827093 -0.019465
v 0.757746 1.817445 -0.037404
v 0.758923 1.853953 -0.038036
v 0.746780 1.863114 -0.003420
v 0.746961 1.888563 -0.025070
v 0.776957 1.797048 -0.010206
v 0.741985 1.867282 -0.040536
v 0.742104 1.848140 -0.031234
v 0.750336 1.809517 -0.033834
v 0.766130 1.762620 -0.020731
v 0.782114 1.784848 -0.024801
v 0.750823 1.814433 -0.020540
v 0.760956 1.778717 -0.041584
v 0.761110 1.787511 -0.006237
v 0.734005 1.882715 -0.002646
v 0.723147 1.809455 -0.017797
v 0.736848 1.798072 -0.032366
v 0.731773 1.789766 -0.044691
v 0.739408 1.840038 -0.039349
v 0.751297 1.755859 -0.035192
v 0.752838 1.805106 -0.007830
v 0.735731 1.802520 -0.020334
v 0.720476 1.880117 -0.022219
v 0.724156 1.802446 -0.036567
v 0.714616 1.805143 -0.025731
v 0.722471 1.847732 -0.018800
v 0.702055 1.878843 -0.040493
v 0.736625 1.755301 -0.008548
v 0.715639 1.840241 -0.008017
v -0.618748 1.390697 -0.001797
v 0.720328 1.896109 -0.042434
v 0.711832 1.810774 -0.000697
v 0.706741 1.909039 -0.001583
v 0.712826 1.887043 -0.033081
v 0.711081 1.882357 -0.039179
v 0.727784 1.822440 -0.042536
v -0.660052 1.286119 0.005807
v 0.717048 1.855638 -0.040308
v 0.714373 1.844238 -0.022273
v 0.714373 1.845457 -0.022273
v 0.714251 1.846554 -0.022273
v 0.714251 1.843384 -0.021175
v 0.714968 1.916656 -0.022502
v 0.726278 1.844779 -0.054320
v 0.732884 1.816648 -0.055174
v 0.705315 1.791022 -0.015757
v 0.687037 1.886424 -0.066010
v 0.762863 1.931565 -0.021253
v 0.775234 1.970168 -0.020131
v 0.776948 1.953759 -0.025242
v 0.758874 1.933116 -0.034222
v 0.750225 1.970353 -0.010382
v 0.747141 1.984164 -0.025002
v 0.754095 1.938312 -0.005988
v 0.767221 1.979557 -0.028142
v 0.752946 1.955226 -0.043855
v 0.741622 1.919653 -0.017422
v 0.753375 1.967158 -0.039771
v 0.693295 1.921278 -0.007532
v 0.736352 1.922231 -0.037064
v 0.679875 1.687922 -0.019059
v 0.716468 1.716612 -0.023104
v 0.727982 1.755176 -0.044500
v 0.701737 1.761627 -0.010645
v 0.691862 1.891463 -0.021780
v 0.748701 1.951419 -0.004064
v 0.662864 1.685183 -0.070846
v -0.693325 1.253744 -0.085300
v 0.685664 1.775998 0.003845
v 0.697737 1.881907 0.003426
v -0.683568 1.321596 -0.091122
v 0.690842 1.686837 -0.001058
v 0.693037 1.688788 -0.001058
v 0.703026 1.826081 0.009958
v -0.691618 1.455164 -0.090084
v 0.695752 1.961689 -0.021813
v 0.697849 1.854141 -0.079691
v 0.728905 1.776664 -0.074919
v 0.707032 1.745793 -0.021635
v 0.669204 1.928828 -0.001910
v 0.719625 1.840488 -0.071930
v 0.739293 1.746321 -0.026691
v 0.676522 1.911998 -0.019294
v 0.700862 1.928206 -0.043469
v 0.664049 1.873117 -0.064118
v 0.676059 1.714883 -0.086260
v 0.663844 1.778195 0.011289
v 0.696045 1.947111 -0.041289
v 0.694691 1.915772 -0.043547
v 0.708705 1.702926 -0.089357
v 0.713679 1.711581 -0.036313
v -0.609633 1.366978 0.003488
v 0.682964 1.935013 0.001317
v 0.691849 1.924540 -0.036901
v -0.663536 1.243147 0.006228
v 0.708055 1.746999 -0.034049
v 0.616626 1.828469 -0.063004
v 0.618160 1.823131 -0.051042
v 0.690258 1.864673 0.012125
v 0.691753 1.896918 -0.053594
v 0.648785 1.856147 -0.030377
v 0.671374 1.908022 0.009744
v 0.693000 1.954963 -0.034101
v 0.657673 1.928811 -0.005851
v 0.681231 1.952983 -0.009953
v 0.656248 1.941013 0.002184
v 0.666032 1.933325 -0.042486
v 0.641673 1.884789 -0.040841
v 0.680478 1.908665 -0.039206
v 0.661839 1.915620 -0.049023
v 0.636692 1.868064 0.000847
v 0.638849 1.939377 -0.041772
v 0.634471 1.884030 -0.038735
v 0.632773 1.870608 -0.030531
v 0.636785 1.900008 -0.045043
v 0.643998 1.855145 -0.014919
v 0.651744 1.957344 -0.027544
v 0.623202 1.887604 0.004127
v 0.617982 1.920497 0.011774
v 0.596931 1.960596 -0.010838
v 0.624285 1.945725 0.004506
v -0.716167 1.548174 -0.064868
v 0.612557 1.873421 -0.016485
v 0.608179 1.885769 -0.001929
v 0.608875 1.893307 0.006414
v 0.589747 1.914350 -0.043095
v -0.700074 1.476820 -0.021791
v 0.678810 1.986807 -0.012046
v 0.675286 1.987576 -0.024314
v 0.635554 1.997591 -0.015767
v 0.677801 1.978868 -0.011359
v 0.679740 1.978770 -0.024101
v 0.618067 1.976361 -0.034014
v 0.602512 1.983936 -0.035446
v 0.573648 1.995947 -0.016836
v 0.596299 1.985465 0.001565
v 0.601614 1.995200 -0.028664
v 0.550684 1.974723 0.002964
v 0.536126 1.973039 -0.011582
v 0.591360 1.957103 -0.031515
v 0.580021 1.944671 -0.039307
v 0.616051 1.975070 -0.000506
v 0.600220 1.897007 -0.033447
v 0.506442 1.945368 -0.003194
v 0.332604 1.870172 0.002694
v 0.255808 1.682181 -0.004872
v 0.233638 1.685696 -0.026485
v 0.421902 1.938757 -0.020780
v 0.281934 1.755789 0.003629
v 0.271579 1.713742 0.009837
v 0.246883 1.694069 0.010325
v 0.167397 1.713374 -0.036073
v 0.469190 1.935025 0.004803
v 0.416173 1.932442 -0.003683
v 0.260102 1.685936 -0.017172
v 0.507264 1.948031 -0.028006
v 0.591520 1.899437 0.005134
v 0.330948 1.801399 0.008511
v 0.226729 1.801784 -0.024892
v 0.248627 1.813856 -0.038030
v 0.318649 1.867183 -0.025964
v 0.578555 1.946977 -0.043175
v 0.600282 1.891061 -0.036528
v 0.586428 1.952487 0.002085
v 0.214237 1.706367 -0.021611
v -0.086067 1.797038 -0.004875
v -0.084836 1.801615 -0.020836
v -0.076373 1.792290 -0.018071
v -0.058430 1.816322 -0.019043
v -0.054339 1.803221 -0.004603
v -0.057497 1.802576 -0.020599
v -0.056913 1.816892 -0.004948
v -0.028776 1.815304 -0.016390
v -0.034344 1.798353 -0.023085
v -0.009514 1.797937 -0.005723
v -0.009093 1.795883 -0.020552
v -0.022466 1.785080 -0.006023
v -0.004974 1.771982 -0.002566
v -0.019234 1.779684 -0.022264
v -0.001681 1.758943 -0.007073
v -0.003855 1.760757 -0.021973
v -0.034497 1.744741 -0.004524
v -0.022676 1.760743 -0.021046
v -0.019640 1.734859 -0.005630
v -0.065094 1.723181 -0.001809
v -0.036981 1.746242 -0.020571
v -0.014032 1.742619 -0.022878
v -0.053874 1.716868 -0.020107
v -0.064593 1.714715 -0.005755
v -0.091451 1.734560 -0.004042
v -0.070369 1.733097 -0.023973
v -0.700076 1.496320 -0.038541
v -0.711217 1.463649 -0.026998
v -0.125794 1.735843 -0.000703
v -0.111405 1.719650 -0.020696
v -0.102971 1.739042 -0.020802
v -0.132820 1.727337 -0.006403
v -0.137366 1.756334 -0.003330
v -0.138508 1.758899 -0.021138
v -0.159864 1.744708 -0.014476
v -0.142470 1.844099 -0.007532
v -0.513840 1.748016 -0.076982
v -0.648345 1.299072 -0.034160
v -0.659485 1.303555 -0.034709
v -0.652670 1.369123 0.001023
v -0.650467 1.310098 -0.025808
v -0.668943 1.927753 -0.042877
v -0.668821 1.927753 -0.042877
v -0.669797 1.928119 -0.042146
v -0.580013 1.885535 -0.008665
v -0.772718 1.976937 -0.024127
v -0.754335 1.974454 -0.013989
v -0.745601 1.983279 -0.026554
v -0.766264 1.956260 -0.010167
v -0.756234 1.968516 -0.038699
v -0.771365 1.941220 -0.022786
v -0.749011 1.931770 -0.007525
v -0.768619 1.948248 -0.036252
v -0.690828 1.955246 -0.011941
v -0.725063 1.962215 -0.040568
v -0.689909 1.956730 -0.030884
v -0.746416 1.947173 -0.003221
v -0.748894 1.921655 -0.024984
v -0.746979 1.945421 -0.044341
v -0.680479 1.935260 0.000842
v -0.714735 1.923648 -0.003328
v -0.686124 1.924698 -0.008787
v -0.698642 1.931031 -0.045353
v -0.706884 1.154277 0.002355
v -0.675112 1.925156 -0.001032
v -0.673608 1.957036 -0.016893
v -0.713437 1.111852 -0.003324
v -0.678798 1.990029 -0.021221
v -0.681123 1.980266 -0.010652
v -0.679121 1.979384 -0.025497
v -0.618449 2.000000 -0.013905
v -0.583858 1.997470 -0.015779
v -0.455990 1.880612 -0.027956
v -0.343256 1.724370 0.011780
v -0.441957 1.849465 0.000539
v -0.440943 1.849101 -0.026992
v -0.421413 1.863362 0.001709
v -0.454249 1.853075 -0.026653
v -0.515780 1.818483 -0.017156
v -0.510259 1.825431 -0.003780
v -0.535630 1.822789 -0.018238
v -0.533489 1.827375 0.000432
v -0.534642 1.840956 -0.027768
v -0.542371 1.847626 -0.011130
v -0.484306 1.816810 -0.003000
v -0.455631 1.817169 -0.022133
v -0.513374 1.827688 -0.024913
v -0.513311 1.842474 0.002422
v -0.533692 1.883943 -0.001994
v -0.487526 1.820698 -0.026510
v -0.513102 1.856672 -0.001839
v -0.513131 1.856490 -0.022764
v -0.424225 1.835852 0.002900
v -0.337047 1.888462 -0.022628
v -0.382315 1.978961 -0.008477
v -0.391826 1.761126 0.010435
v -0.303384 1.956891 -0.007788
v -0.310845 1.922019 0.005695
v -0.215845 1.958122 -0.032570
v -0.224072 1.993791 -0.002407
v -0.224517 1.994359 -0.025520
v -0.187068 1.997232 -0.008458
v -0.186640 1.997102 -0.022271
v -0.240930 1.970850 -0.006074
v -0.171717 1.958131 -0.005997
v -0.189724 1.931231 -0.022445
v -0.205531 1.958923 0.000308
v -0.257678 1.978304 -0.004993
v -0.172259 1.958085 -0.024275
v -0.242996 1.933925 0.003338
v -0.275853 1.928139 0.001203
v -0.273548 1.959906 -0.007137
v -0.205049 1.958847 -0.030121
v -0.241417 1.971596 -0.025672
v -0.203826 1.922622 -0.000728
v -0.232861 1.920073 0.005179
v -0.262224 1.975446 -0.022923
v -0.217019 1.943236 -0.029756
v -0.190269 1.929587 -0.010299
v -0.341683 1.917658 0.002245
v -0.273219 1.960212 -0.021998
v -0.269727 1.928150 -0.032658
v -0.234592 1.914431 0.001719
v -0.201431 1.925199 -0.030488
v -0.318395 1.970921 -0.008832
v -0.170487 1.933938 -0.006378
v -0.304148 1.955674 -0.023565
v -0.172785 1.933164 -0.025987
v -0.132978 1.960611 -0.011100
v -0.117010 1.950878 -0.011699
v -0.147435 1.955015 -0.006363
v -0.111380 1.932304 -0.019263
v -0.122464 1.922541 0.000027
v -0.122063 1.940020 -0.029881
v -0.138759 1.962680 -0.023441
v -0.121255 1.908851 -0.012057
v -0.135759 1.942622 0.001173
v -0.142000 1.932588 -0.036488
v -0.128481 1.912061 -0.033680
v -0.144341 1.893314 -0.027692
v -0.304376 1.908282 0.008194
v -0.348105 1.970579 -0.010169
v -0.320387 1.971350 -0.022940
v -0.229077 1.922112 -0.036708
v -0.303939 1.921607 -0.036366
v -0.335596 1.874314 0.004143
v -0.717141 1.086020 -0.014742
v -0.289129 1.857276 0.007319
v -0.303163 1.837717 0.001853
v -0.297642 1.844461 0.007368
v -0.294230 1.870709 -0.000815
v -0.326918 1.890819 -0.000119
v -0.283065 1.873642 0.003932
v -0.325451 1.854554 0.008486
v -0.347325 1.854370 0.007470
v -0.357634 1.897430 0.003120
v -0.254571 1.831985 -0.000888
v -0.348209 1.841600 0.000891
v -0.710972 1.088649 -0.017225
v -0.351747 1.799763 0.006708
v -0.278174 1.884714 -0.001399
v -0.303041 1.898050 0.010562
v -0.251931 1.856562 0.004416
v -0.321468 1.900443 0.010890
v -0.319883 1.900443 0.010890
v -0.361246 1.921003 0.004953
v -0.224940 1.914952 -0.032874
v -0.293462 1.814099 0.002441
v -0.362754 1.854158 0.007571
v -0.371063 1.879809 0.002846
v -0.322322 1.899712 0.010524
v -0.317689 1.900443 0.010890
v -0.291034 1.907712 -0.040689
v -0.168961 1.910297 -0.039362
v -0.708941 1.093328 -0.006966
v -0.147796 1.897091 0.001773
v -0.233994 1.903950 0.009444
v -0.256412 1.867241 -0.003840
v -0.377910 1.744553 0.006406
v -0.404181 1.800083 0.004563
v -0.387649 1.903522 0.005879
v -0.163085 1.911207 0.006043
v -0.332949 1.799360 0.008380
v -0.264252 1.895302 -0.042838
v -0.344581 1.781896 -0.000101
v -0.416444 1.741251 -0.004355
v -0.362588 1.941856 -0.009642
v -0.224351 1.908592 -0.039001
v -0.230828 1.808245 0.005533
v -0.244487 1.803660 0.005827
v -0.355478 1.758615 0.000223
v -0.399355 1.840204 0.006095
v -0.388158 1.889335 0.008646
v -0.365149 1.937626 -0.001925
v -0.346179 1.971046 -0.021703
v -0.146199 1.888956 -0.013358
v -0.260435 1.883023 -0.000368
v -0.294389 1.790488 0.009657
v -0.335287 1.925613 -0.032946
v -0.717530 1.071739 -0.039454
v -0.435033 1.821365 -0.006793
v -0.380223 1.977698 -0.022239
v -0.685404 1.087686 -0.037691
v -0.388943 1.724743 -0.014445
v -0.382069 1.906974 0.008977
v -0.222191 1.844638 -0.004977
v -0.416423 1.780170 -0.010815
v -0.283317 1.771503 0.002282
v -0.289911 1.752016 0.011411
v -0.435116 1.779948 -0.004511
v -0.395593 1.959423 0.000103
v -0.401379 1.983087 -0.013447
v -0.362622 1.941803 -0.023216
v -0.347572 1.924997 -0.031616
v -0.324396 1.916264 -0.033026
v -0.434693 1.779803 -0.022755
v -0.356460 1.895460 -0.028832
v -0.332187 1.878584 -0.029846
v -0.190619 1.878668 -0.004689
v -0.217774 1.853417 0.001965
v -0.228283 1.778879 -0.000835
v -0.402584 1.730789 -0.019980
v -0.370799 1.929406 -0.036995
v -0.687758 1.096244 -0.012132
v -0.305001 1.883855 -0.024395
v -0.202753 1.887809 -0.039825
v -0.209858 1.819432 0.004893
v -0.418818 1.833818 -0.027812
v -0.422957 1.864047 -0.028328
v -0.414308 1.974179 -0.009152
v -0.275164 1.774672 0.010044
v -0.434295 1.823010 -0.021248
v -0.462059 1.862515 0.000453
v -0.412725 1.978140 -0.025107
v -0.375610 1.896010 -0.027407
v -0.354962 1.860726 -0.026455
v -0.214193 1.886170 0.006211
v -0.490256 1.860532 -0.000757
v -0.286978 1.883022 -0.026362
v -0.237022 1.878033 -0.004850
v -0.353702 1.725936 0.004035
v -0.358836 1.744005 -0.011004
v -0.718704 1.080536 0.022765
v -0.490996 1.861077 -0.025450
v -0.345493 1.902127 -0.042945
v -0.220857 1.753430 0.000986
v -0.235076 1.753117 0.012291
v -0.374309 1.874733 -0.038276
v -0.355972 1.863257 -0.026174
v -0.339463 1.852895 -0.034008
v -0.254102 1.876132 -0.025150
v -0.310486 1.711469 0.009151
v -0.355240 1.861550 -0.026296
v -0.354874 1.862526 -0.025199
v -0.354874 1.862404 -0.025199
v -0.280381 1.751699 0.002477
v -0.280381 1.751578 0.002477
v -0.335218 1.705623 0.001746
v -0.683314 1.091819 0.021696
v -0.395691 1.903494 -0.035867
v -0.277163 1.862619 -0.020731
v -0.237749 1.876716 -0.023936
v -0.280381 1.750358 0.002477
v -0.416196 1.747639 -0.023203
v -0.404658 1.841079 -0.035376
v -0.426163 1.880311 0.001429
v -0.262065 1.717173 0.012369
v -0.280259 1.748164 0.002477
v -0.405312 1.799432 -0.031707
v -0.413832 1.930235 -0.000215
v -0.401819 1.967687 -0.033025
v -0.271079 1.850607 -0.031075
v -0.397947 1.887156 -0.040455
v -0.308478 1.852704 -0.023523
v -0.189159 1.881698 -0.029926
v -0.190312 1.844785 -0.004351
v -0.300376 1.701586 -0.001356
v -0.425199 1.882130 -0.029006
v -0.177485 1.816090 0.001292
v -0.355684 1.751135 -0.021188
v -0.397975 1.758708 -0.038138
v -0.405137 1.772238 -0.035174
v -0.454417 1.882752 0.001689
v -0.452088 1.944363 -0.004564
v -0.421035 1.937468 -0.023232
v -0.461244 1.866712 -0.027101
v -0.399518 1.909762 -0.038564
v -0.485973 1.887586 0.002960
v -0.471402 1.906359 0.009495
v -0.448405 1.945861 -0.015255
v -0.484615 1.889397 -0.031006
v -0.480673 1.982051 -0.008506
v -0.492383 1.983486 -0.020916
v -0.471841 1.980762 -0.020199
v -0.439709 1.902936 -0.040161
v -0.739378 1.057845 -0.025546
v -0.499102 1.975787 -0.011346
v -0.480874 1.971490 -0.028319
v -0.456232 1.941805 -0.030335
v -0.483840 1.941396 0.003921
v -0.486399 1.893937 -0.009647
v -0.664150 1.094426 -0.001771
v -0.517316 1.888985 -0.006791
v -0.473036 1.915360 0.009796
v -0.510721 1.908314 0.006296
v -0.511568 1.891999 -0.024501
v -0.482494 1.899824 -0.025531
v -0.508554 1.951014 -0.025402
v -0.468995 1.913543 -0.039329
v -0.508373 1.914851 -0.039096
v -0.518016 1.888512 -0.022569
v -0.509431 1.950427 -0.008121
v -0.662722 1.085661 -0.037306
v -0.505054 1.935654 0.003654
v -0.536758 1.882630 -0.021193
v -0.505005 1.934984 -0.036524
v -0.583658 1.982699 0.002884
v -0.558533 1.989412 -0.019026
v -0.522008 1.931498 0.012732
v -0.556158 1.980317 -0.002091
v -0.638701 1.987671 -0.005039
v -0.701577 1.074502 0.042638
v -0.623381 1.977293 -0.033076
v -0.534324 1.894169 0.010806
v -0.525912 1.903143 -0.042942
v -0.554150 1.896048 -0.001305
v -0.548001 1.974204 -0.034747
v -0.541137 1.888545 -0.035763
v -0.607226 1.992268 -0.031785
v -0.587161 1.977139 -0.038563
v -0.619437 1.976217 -0.001007
v -0.559726 1.891127 -0.007572
v -0.569293 1.930958 0.009761
v -0.593421 1.958455 -0.003579
v -0.529351 1.935200 -0.044725
v -0.554330 1.896367 -0.027350
v -0.667229 1.073272 0.046743
v -0.589631 1.956966 -0.040274
v -0.559416 1.914149 -0.044352
v -0.581537 1.945489 0.006414
v -0.561396 1.891426 -0.018329
v -0.567425 1.912350 0.007732
v -0.735946 1.071923 -0.007274
v -0.577278 1.888268 -0.022321
v -0.655667 1.931964 -0.003202
v -0.596878 1.960921 -0.023335
v -0.632750 1.944458 0.003344
v -0.705462 1.893516 -0.020357
v -0.712696 1.916773 -0.021167
v -0.572523 1.903832 -0.033374
v -0.732606 1.921506 -0.035935
v -0.571041 1.918000 0.009061
v -0.571894 1.918853 0.009061
v -0.570919 1.919707 0.009061
v -0.572869 1.917878 0.009061
v -0.673530 1.914250 -0.017207
v -0.746399 1.838663 -0.022773
v -0.746761 1.863646 -0.003904
v -0.721131 1.897828 -0.001609
v -0.743436 1.049472 0.024298
v -0.734385 1.042059 -0.045289
v -0.678337 1.904922 0.006489
v -0.697422 1.073071 -0.048879
v -0.584913 1.949837 -0.037057
v -0.601749 1.890412 0.002338
v -0.777504 1.837995 -0.018065
v -0.763334 1.864724 -0.019754
v -0.595121 1.884758 -0.023572
v -0.715395 1.885325 -0.021175
v -0.740547 1.829478 -0.017734
v -0.761344 1.823624 -0.005917
v -0.644470 1.076618 0.029593
v -0.673143 1.948364 -0.036620
v -0.596621 1.882468 -0.010550
v -0.592490 1.913103 0.009700
v -0.695055 1.888069 -0.021303
v -0.714420 1.884837 -0.022151
v -0.714542 1.884837 -0.022151
v -0.567885 1.924869 -0.041011
v -0.649697 1.906515 0.013254
v -0.713566 1.883984 -0.021663
v -0.690265 1.922758 -0.034703
v -0.629364 1.941607 -0.042327
v -0.726881 1.872021 -0.020550
v -0.775278 1.798313 -0.010394
v -0.698057 1.880317 0.003413
v -0.713008 1.852419 -0.021277
v -0.749289 1.822414 -0.021907
v -0.776964 1.775397 -0.020107
v -0.731379 1.904060 -0.023391
v -0.599482 1.892910 -0.036218
v -0.748436 1.821560 -0.022395
v -0.748436 1.820341 -0.022395
v -0.782257 1.823692 -0.027159
v -0.759731 1.869902 -0.027926
v -0.687057 1.919897 -0.043701
v -0.656473 1.937354 -0.042832
v -0.610770 1.896443 0.007954
v -0.748314 1.818146 -0.022395
v -0.748253 1.814571 -0.022461
v -0.785538 1.797008 -0.023184
v -0.648209 1.935593 -0.038958
v -0.644559 1.937141 -0.038854
v -0.644681 1.937141 -0.038854
v -0.644193 1.937141 -0.038854
v -0.672865 1.930364 -0.039840
v -0.643462 1.936166 -0.039951
v -0.599966 1.904582 -0.040170
v -0.726546 1.807350 -0.017592
v -0.668334 1.927022 -0.042634
v -0.659767 1.924741 -0.040674
v -0.774901 1.797797 -0.038138
v -0.722696 1.895685 -0.042724
v -0.612274 1.881672 -0.025675
v -0.613767 1.875164 -0.019190
v -0.714396 1.804702 -0.024155
v -0.744665 1.806880 -0.022894
v -0.607251 1.883374 -0.029100
v -0.607983 1.882521 -0.029100
v -0.607983 1.882399 -0.029100
v -0.757157 1.754991 -0.021961
v -0.608226 1.883008 -0.028613
v -0.715704 1.823722 -0.004208
v -0.739241 1.794491 -0.008312
v -0.750924 1.768360 -0.006997
v -0.751774 1.858102 -0.040029
v -0.658411 1.920129 -0.046759
v -0.637161 1.900245 -0.046831
v -0.640488 1.871645 0.004790
v -0.711355 1.845855 0.003804
v -0.722865 1.876354 -0.031996
v -0.757725 1.763910 -0.037539
v -0.701164 1.794486 0.004220
v -0.719460 1.755808 -0.008643
v -0.627578 1.884455 -0.036083
v -0.684032 1.905053 -0.036700
v -0.632993 1.867786 -0.024079
v -0.628406 1.876436 -0.001971
v -0.747187 1.837611 -0.033985
v -0.707887 1.797364 -0.015942
v -0.751027 1.809175 -0.036757
v -0.665209 1.837734 0.010350
v -0.703208 1.132527 -0.064235
v -0.726871 1.743998 -0.019296
v -0.741787 1.802726 -0.033595
v -0.703701 1.876951 -0.040504
v -0.671234 1.887350 -0.061851
v -0.722853 1.747159 -0.039567
v -0.691910 1.893546 -0.055624
v -0.693958 1.849583 0.012587
v -0.636539 1.076139 -0.027663
v -0.731488 1.789081 -0.045826
v -0.744223 1.833662 -0.039088
v -0.707570 1.890765 -0.037140
v -0.644935 1.882312 -0.047180
v -0.722971 1.839583 -0.040590
v -0.687943 1.878207 -0.070349
v -0.647414 1.841555 0.001497
v -0.762050 1.700058 -0.019543
v -0.773663 1.741374 -0.015672
v -0.725484 1.054136 0.044528
v -0.786478 1.703300 -0.016715
v -0.654093 1.547489 -0.023132
v -0.622871 1.709921 -0.027470
v -0.643140 1.704655 -0.019474
v -0.638635 1.706721 -0.003267
v -0.615424 1.713822 -0.008913
v -0.598482 1.691920 -0.024217
v -0.646677 1.678026 -0.025740
v -0.614448 1.698022 0.005870
v -0.649642 1.683176 -0.003523
v -0.593511 1.683332 -0.001276
v -0.701654 1.045732 -0.064952
v -0.630051 1.687277 0.007998
v -0.619431 1.677644 -0.032447
v -0.631410 1.627446 -0.029470
v -0.591569 1.671356 -0.017295
v -0.608741 1.642775 -0.027152
v -0.603389 1.628495 -0.014405
v -0.640317 1.626783 -0.018484
v -0.606682 1.628746 -0.001898
v -0.620224 1.621985 0.003882
v -0.662594 1.606461 -0.039354
v -0.671680 1.587448 -0.034899
v -0.669104 1.544165 -0.035265
v -0.634886 1.589808 -0.025772
v -0.636760 1.558944 -0.029292
v -0.740000 1.542064 -0.006385
v -0.783804 1.600240 0.000975
v -0.778633 1.564837 -0.000754
v -0.772221 1.548909 -0.016991
v -0.786817 1.571049 -0.022853
v -0.786238 1.623606 -0.017178
v -0.762202 1.553560 0.001546
v -0.754839 1.654135 0.006315
v -0.673017 1.634517 0.002660
v -0.706220 1.642261 0.010752
v -0.770858 1.633417 0.007008
v -0.748043 1.564513 0.005476
v -0.690740 1.660418 -0.022394
v -0.754016 1.541380 -0.026407
v -0.657101 1.621588 -0.018932
v -0.775195 1.559727 -0.032290
v -0.772234 1.651317 -0.026219
v -0.766296 1.657000 -0.004416
v -0.713935 1.664023 0.000995
v -0.730383 1.611805 0.007091
v -0.780200 1.620152 -0.036225
v -0.745677 1.670238 -0.006206
v -0.664293 1.639613 -0.017031
v -0.638139 1.597185 -0.015556
v -0.734266 1.573611 0.001200
v -0.646816 1.631293 -0.007677
v -0.731823 1.594204 -0.001494
v -0.652300 1.497546 -0.020298
v -0.634626 1.617580 0.002841
v -0.699582 1.610446 0.009566
v -0.731882 1.547891 -0.025810
v -0.749775 1.559155 -0.040846
v -0.709618 1.671541 -0.023491
v -0.686725 1.663709 -0.020402
v -0.671503 1.640751 -0.020078
v -0.672479 1.641849 -0.020078
v -0.670528 1.639776 -0.019590
v -0.670650 1.641605 -0.019469
v -0.765808 1.660074 -0.020654
v -0.751703 1.668806 -0.032954
v -0.776048 1.606157 -0.039939
v -0.765709 1.658361 -0.030815
v -0.724604 1.562083 -0.024088
v -0.770783 1.704185 -0.007575
v -0.788100 1.705603 -0.028422
v -0.773145 1.699977 -0.037875
v -0.746326 1.751344 -0.021019
v -0.764778 1.682422 -0.035388
v -0.737159 1.742260 -0.016609
v -0.753610 1.718530 -0.006749
v -0.766027 1.678618 -0.021383
v -0.769676 1.740778 -0.031546
v -0.724863 1.693985 -0.021038
v -0.659080 1.591584 0.011365
v -0.659378 1.559707 -0.042958
v -0.633621 1.578967 0.000559
v -0.734423 1.678176 -0.036422
v -0.717787 1.706376 -0.001965
v -0.607996 1.576466 -0.025753
v -0.645756 1.599624 0.002707
v -0.752016 1.645977 -0.046861
v -0.662000 1.655823 -0.004595
v -0.657848 1.650017 -0.004960
v -0.658336 1.649408 -0.005813
v -0.656088 1.616689 -0.055850
v -0.637224 1.473116 -0.028904
v -0.629242 1.522529 -0.031499
v -0.737639 1.691384 -0.038135
v -0.730842 1.723303 -0.026424
v -0.680503 1.677199 -0.002393
v -0.658092 1.650505 -0.005691
v -0.710622 1.588652 -0.002902
v -0.754697 1.707056 -0.043234
v -0.743813 1.724064 -0.017327
v -0.664870 1.670215 -0.023345
v -0.651899 1.644724 -0.027420
v -0.663323 1.485342 -0.036958
v -0.664193 1.637110 -0.042644
v -0.734579 1.676009 -0.024271
v -0.744304 1.725946 -0.034584
v -0.651492 1.490232 -0.049314
v -0.645064 1.471354 -0.020169
v -0.741260 1.599926 -0.039271
v -0.690048 1.699282 -0.021523
v -0.677264 1.563043 0.006471
v -0.748382 1.699517 -0.033737
v -0.650886 1.392699 -0.045531
v -0.726579 1.585677 -0.023121
v -0.610388 1.497446 -0.027342
v -0.656891 1.607783 -0.071529
v -0.646974 1.422489 -0.026433
v -0.704631 1.577857 -0.020833
v -0.649909 1.517649 -0.060974
v -0.724393 1.667614 -0.043614
v -0.666446 1.407131 -0.033879
v -0.600192 1.524420 -0.012827
v -0.661165 1.563367 0.010188
v -0.667763 1.400389 -0.090661
v -0.722291 1.631276 -0.053850
v -0.718300 1.715138 -0.037654
v -0.657322 1.346614 -0.037908
v -0.631946 1.556010 0.007195
v -0.659777 1.572428 -0.080153
v -0.721582 1.627691 -0.071421
v -0.670876 1.662986 -0.040552
v -0.713174 1.597889 -0.042371
v -0.650103 1.430570 -0.017648
v -0.643161 1.547484 0.008186
v -0.729847 1.711025 -0.052621
v -0.727258 1.803531 -0.038894
v -0.679854 1.781912 0.009661
v -0.645478 1.407396 -0.061267
v -0.644720 1.459142 0.002228
v -0.691786 1.561904 -0.012691
v -0.641794 1.855059 -0.012876
v -0.691179 1.696298 -0.033260
v -0.634561 1.387814 -0.004893
v -0.659925 1.365178 -0.023141
v -0.659385 1.403175 -0.020665
v -0.729504 1.757702 -0.046302
v -0.637365 1.771892 0.011630
v -0.686136 1.770140 -0.014668
v -0.644018 1.333191 -0.064506
v -0.608164 1.549010 0.004180
v -0.675272 1.761651 -0.026697
v -0.664115 1.705245 -0.051768
v -0.615480 1.291535 -0.020016
v -0.701985 1.583096 -0.035000
v -0.635010 1.805830 0.008938
v -0.692003 1.752688 -0.033218
v -0.726803 1.686715 -0.069315
v -0.713246 1.868864 -0.049885
v -0.657490 1.853343 -0.038239
v -0.675502 1.682188 -0.086694
v -0.721417 1.847258 -0.063776
v -0.663660 1.689369 -0.073766
v -0.732831 1.746386 -0.059791
v -0.731401 1.820363 -0.053194
v -0.640247 1.845443 -0.021590
v -0.652777 1.855177 -0.059321
v -0.622386 1.828914 -0.002789
v -0.670622 1.760453 -0.003753
v -0.751669 1.042216 -0.002237
v -0.610553 1.760220 0.005104
v -0.710687 1.649096 -0.086929
v -0.724286 1.738604 -0.079815
v -0.591594 1.796626 0.009640
v -0.729720 1.797267 -0.071613
v -0.646866 1.749063 -0.012016
v -0.704321 1.853357 -0.077564
v -0.652100 1.833756 -0.054934
v -0.654306 1.826448 -0.044388
v -0.630269 1.831238 -0.030608
v -0.637748 1.755200 0.002657
v -0.695828 1.147020 -0.081414
v -0.590332 1.822450 -0.015708
v -0.593012 1.816277 -0.000176
v -0.659663 1.826606 -0.087431
v -0.699130 1.711532 -0.092576
v -0.621705 1.814987 -0.042562
v -0.589347 1.816171 -0.031207
v -0.676331 1.766896 -0.041007
v -0.717608 1.822441 -0.079463
v -0.665111 1.754786 -0.057133
v -0.587820 1.774698 0.004024
v -0.653439 1.833009 -0.079380
v -0.572529 1.796623 -0.001318
v -0.709398 1.786933 -0.089521
v -0.605439 1.751146 -0.018568
v -0.635340 1.750956 -0.029076
v -0.623059 1.829427 -0.059772
v -0.711499 1.466374 -0.002996
v -0.670536 1.761673 -0.078511
v -0.581761 1.766562 -0.012970
v -0.677768 1.826528 -0.090211
v -0.634700 1.764487 -0.040465
v -0.616663 1.607698 -0.054897
v -0.626185 0.209610 -0.059300
v -0.583937 0.210218 -0.079838
v -0.579966 0.299135 -0.083255
v -0.594964 0.312512 -0.090041
v -0.616979 0.217493 -0.088099
v -0.580055 0.216204 -0.065761
v -0.598454 0.223172 -0.047541
v -0.573997 0.293304 -0.067726
v -0.647758 1.311836 -0.001992
v -0.595482 0.208282 -0.088914
v -0.608718 0.319346 -0.087788
v -0.622674 0.256110 -0.076753
v -0.620640 0.278539 -0.059313
v -0.586501 0.301494 -0.049022
v -0.581038 0.371150 -0.087151
v -0.614644 0.344298 -0.081467
v -0.569775 0.384911 -0.074405
v -0.608156 0.331551 -0.049599
v -0.580791 0.259537 -0.054801
v -0.618674 0.353213 -0.065986
v -0.584146 0.379655 -0.048391
v -0.570663 0.451333 -0.082577
v -0.584988 0.452074 -0.090050
v -0.604852 0.447563 -0.086528
v -0.572139 0.372187 -0.057215
v -0.566103 0.453266 -0.060580
v -0.611538 0.477671 -0.074849
v -0.598677 0.470445 -0.049601
v -0.577639 0.479493 -0.049460
v -0.611987 0.433370 -0.057701
v -0.562015 0.537768 -0.072984
v -0.563210 0.532769 -0.059436
v -0.697610 1.511251 -0.038079
v -0.568648 0.535143 -0.085090
v -0.606102 0.543815 -0.055831
v -0.610475 0.552453 -0.068736
v -0.718750 1.499448 0.001350
v -0.587910 0.570067 -0.047788
v -0.572322 0.631356 -0.088561
v -0.591128 0.555285 -0.090186
v -0.664238 1.487915 -0.000356
v -0.570614 0.627460 -0.049831
v -0.605977 0.588544 -0.080746
v -0.628239 1.332981 -0.007690
v -0.593504 0.636166 -0.049026
v -0.559073 0.622528 -0.065046
v -0.622093 1.267848 0.000365
v -0.603999 0.623149 -0.056479
v -0.562501 0.655123 -0.055762
v -0.599602 0.651443 -0.086267
v -0.562327 0.642218 -0.081098
v -0.557063 0.716446 -0.066831
v -0.606551 0.675315 -0.072060
v -0.603904 0.731152 -0.060380
v -0.588611 0.720542 -0.089795
v -0.561113 0.751147 -0.082299
v -0.574754 0.783651 -0.089756
v -0.601505 0.743460 -0.081783
v -0.562378 0.848193 -0.085176
v -0.594309 0.733952 -0.049776
v -0.554254 0.821257 -0.068145
v -0.560475 0.795119 -0.054241
v -0.592375 0.888052 -0.087845
v -0.569232 0.795397 -0.049075
v -0.602594 0.817907 -0.075330
v -0.555333 0.920704 -0.075317
v -0.594318 0.848801 -0.051208
v -0.574595 0.959631 -0.090262
v -0.601482 0.975501 -0.077529
v -0.602044 0.834028 -0.061293
v -0.596093 1.033185 -0.085768
v -0.582255 0.919063 -0.047967
v -0.561742 1.065863 -0.084072
v -0.581512 1.092536 -0.090684
v -0.555014 1.002023 -0.064028
v -0.556003 1.103649 -0.066973
v -0.557260 0.975885 -0.080764
v -0.601138 0.954912 -0.060622
v -0.572703 1.000019 -0.048210
v -0.595223 0.951344 -0.052873
v -0.603655 1.082750 -0.074547
v -0.561254 0.962373 -0.052769
v -0.588552 1.057162 -0.048700
v -0.560764 1.100628 -0.054967
v -0.568818 1.132285 -0.049623
v -0.602998 1.091691 -0.060904
v -0.559329 1.150613 -0.079063
v -0.599361 1.135309 -0.054173
v -0.594175 1.149809 -0.087683
v -0.603681 1.187316 -0.079086
v -0.571124 1.174112 -0.088675
v -0.586457 1.234041 -0.090174
v -0.592064 1.238688 -0.049192
v -0.557554 1.210470 -0.067670
v -0.604681 1.224078 -0.060329
v -0.600904 1.280496 -0.084899
v -0.607403 1.267172 -0.067168
v -0.575218 1.280636 -0.048630
v -0.576467 1.290748 -0.089637
v -0.562270 1.264712 -0.079838
v -0.640324 1.082998 0.005484
v -0.609151 1.341652 -0.070851
v -0.560706 1.323557 -0.071483
v -0.564700 1.286001 -0.054504
v -0.602670 1.329807 -0.054117
v -0.700409 1.026402 -0.073708
v -0.573650 1.356657 -0.087265
v -0.603396 1.372003 -0.084307
v -0.564030 1.395600 -0.063693
v -0.592619 1.385699 -0.089576
v -0.613169 1.458321 -0.071581
v -0.596743 1.405262 -0.049005
v -0.567808 1.470739 -0.073061
v -0.582686 1.468282 -0.088757
v -0.604750 1.480713 -0.086996
v -0.568510 1.392445 -0.082029
v -0.736432 1.477526 -0.021638
v -0.572069 1.414359 -0.051642
v -0.608841 1.438231 -0.055843
v -0.582429 1.544525 -0.049939
v -0.612556 1.525020 -0.056208
v -0.572027 1.541920 -0.060684
v -0.596965 1.510635 -0.048516
v -0.621185 1.292639 -0.005460
v -0.603915 1.623680 -0.048465
v -0.614142 1.581327 -0.082738
v -0.619174 1.564337 -0.069422
v -0.575191 1.503609 -0.083131
v -0.584756 1.581482 -0.086907
v -0.658289 1.199081 -0.024421
v -0.664996 1.226616 -0.032986
v -0.623239 1.684293 -0.079636
v -0.603218 1.599503 -0.089738
v -0.582555 1.647087 -0.054596
v -0.578563 1.608221 -0.079987
v -0.620631 1.690304 -0.054231
v -0.579740 1.685858 -0.064767
v -0.624533 1.663903 -0.064026
v -0.597422 1.688504 -0.088870
v -0.576897 1.636328 -0.071442
v -0.593945 1.682552 -0.049157
v -0.627981 1.754918 -0.058141
v -0.628920 1.756757 -0.075459
v -0.687458 1.779003 -0.090128
v -0.595717 1.762668 -0.087426
v -0.616309 1.696582 -0.087404
v -0.597159 1.823273 -0.076354
v -0.574086 1.823481 -0.058881
v -0.584238 1.803176 -0.037668
v -0.570144 1.796127 -0.023857
v -0.617296 1.758354 -0.048928
v -0.586046 1.753540 -0.078662
v -0.597149 1.770061 -0.038089
v -0.585153 1.749254 -0.057562
v -0.606552 1.799733 -0.092969
v -0.530573 1.799902 -0.038802
v -0.577736 1.784995 -0.034847
v -0.538150 1.814737 -0.049197
v -0.618637 1.767472 -0.086887
v -0.599938 1.756368 -0.048322
v -0.495949 1.815908 -0.068845
v -0.526436 1.788283 -0.093016
v -0.513128 1.776705 -0.035432
v -0.631557 1.309470 0.002284
v -0.656982 1.199600 -0.003290
v -0.524746 1.753390 -0.045824
v -0.563186 1.808365 -0.087840
v -0.509601 1.744366 -0.060253
v -0.534814 1.766352 -0.089862
v -0.461775 1.808156 -0.048545
v -0.488943 1.803819 -0.085924
v -0.402342 1.786788 -0.036463
v -0.392683 1.796524 -0.039554
v -0.337231 1.704046 -0.013577
v -0.356586 1.732893 -0.019093
v -0.232827 1.854793 -0.021148
v -0.188414 1.798922 -0.004057
v -0.242250 1.693982 0.010907
v -0.343932 1.840637 -0.028425
v -0.189304 1.878769 -0.023087
v -0.299242 1.854393 -0.029102
v -0.272530 1.700651 -0.000008
v -0.281184 1.726621 0.002654
v -0.282420 1.713133 -0.008660
v -0.306654 1.702360 -0.024692
v -0.190873 1.846101 -0.023101
v -0.203521 1.770659 0.009315
v -0.375821 1.741643 -0.031304
v -0.460004 1.750816 -0.083889
v -0.301067 1.829068 -0.034130
v -0.250009 1.838451 -0.020454
v -0.683014 1.185923 -0.090810
v -0.246697 1.854761 -0.024031
v -0.423273 1.808403 -0.076854
v -0.170171 1.867445 -0.005114
v -0.256644 1.684900 -0.001122
v -0.341809 1.717315 -0.030314
v -0.204781 1.716411 0.006669
v -0.349800 1.764897 -0.032236
v -0.376032 1.809168 -0.067899
v -0.354557 1.822187 -0.038334
v -0.310506 1.800697 -0.045770
v -0.230665 1.680417 -0.007587
v -0.291500 1.716672 -0.031362
v -0.178779 1.767025 0.006032
v -0.220619 1.699938 0.005833
v -0.258311 1.686660 -0.024240
v -0.346546 1.792210 -0.033587
v -0.675550 1.517465 -0.009626
v -0.145084 1.845336 -0.021005
v -0.370664 1.758167 -0.037044
v -0.416813 1.739932 -0.058759
v -0.290088 1.818211 -0.023378
v -0.113089 1.794721 -0.004050
v -0.079250 1.821680 -0.011582
v -0.081045 1.823289 -0.017525
v -0.108435 1.797054 -0.024387
v -0.187043 1.695556 0.010325
v -0.169493 1.683306 0.003889
v -0.149976 1.692997 -0.005126
v -0.193679 1.673440 -0.009649
v -0.447991 1.744562 -0.049857
v -0.629193 1.332434 -0.019420
v -0.165211 1.677687 -0.019820
v -0.241475 1.693765 -0.034239
v -0.420502 1.741572 -0.072780
v -0.608354 1.248781 -0.000470
v -0.193143 1.831117 -0.027259
v -0.364758 1.797450 -0.041045
v -0.272912 1.832065 -0.035448
v -0.178584 1.680687 -0.031765
v -0.213944 1.715486 -0.004361
v -0.282580 1.720659 -0.025157
v -0.347357 1.749489 -0.085023
v -0.368729 1.806957 -0.052233
v -0.177273 1.779982 -0.001064
v -0.333438 1.750846 -0.041746
v -0.237521 1.810709 -0.033312
v -0.227307 1.803184 -0.025023
v -0.276847 1.713648 -0.029480
v -0.310595 1.741101 -0.052977
v -0.336296 1.797632 -0.042934
v -0.276564 1.786087 -0.024064
v -0.162646 1.709227 0.007936
v -0.204026 1.804953 -0.028898
v -0.210977 1.822734 -0.020367
v -0.149254 1.791090 -0.025444
v -0.162471 1.793032 -0.003034
v -0.203966 1.696416 -0.027781
v -0.695610 1.051672 0.061059
v -0.444637 1.781496 -0.092665
v -0.379872 1.799548 -0.084248
v -0.158216 1.769622 0.000161
v -0.157241 1.770597 0.000039
v -0.159787 1.767972 -0.000068
v -0.217725 1.693881 -0.017506
v -0.287618 1.790977 -0.037559
v -0.157241 1.768769 0.000039
v -0.159069 1.768646 -0.000083
v -0.325740 1.739151 -0.068456
v -0.377626 1.762110 -0.091171
v -0.718692 1.015391 -0.061408
v -0.323076 1.722330 -0.038479
v -0.163643 1.753285 -0.004855
v -0.154064 1.713667 0.001174
v -0.281207 1.754470 -0.026344
v -0.212934 1.710135 -0.020431
v -0.220532 1.715358 -0.029367
v -0.223463 1.813049 -0.028405
v -0.159801 1.799736 -0.026784
v -0.160654 1.798883 -0.026784
v -0.159801 1.797908 -0.026662
v -0.162095 1.791988 -0.023962
v -0.268805 1.753234 -0.037850
v -0.261158 1.793773 -0.039469
v -0.161508 1.798030 -0.026540
v -0.157036 1.710582 -0.030489
v -0.296480 1.750757 -0.041045
v -0.266053 1.805529 -0.066592
v -0.247345 1.749152 -0.084803
v -0.331927 1.782854 -0.091866
v -0.229325 1.787023 -0.036133
v -0.130817 1.735628 -0.025434
v -0.185096 1.790178 -0.021323
v -0.675661 1.518703 -0.091336
v -0.188705 1.700658 -0.037723
v -0.225948 1.758172 -0.027837
v -0.278033 1.804557 -0.054530
v -0.198425 1.785001 -0.035725
v -0.235177 1.753596 -0.036651
v -0.253579 1.748812 -0.040041
v -0.165112 1.755394 -0.021580
v -0.205442 1.798468 -0.046317
v -0.159823 1.785677 -0.037921
v -0.303899 1.799764 -0.082033
v -0.194054 1.739241 -0.059969
v -0.631414 1.391716 -0.015470
v -0.172307 1.744508 -0.046719
v -0.203922 1.750411 -0.039150
v -0.171147 1.803003 -0.061910
v -0.181105 1.760414 -0.035678
v -0.229408 1.742151 -0.075902
v -0.620408 1.198776 -0.000809
v -0.172171 1.793158 -0.084445
v -0.090135 1.779552 -0.037494
v -0.235381 1.784912 -0.090774
v -0.078225 1.800463 -0.061258
v -0.129450 1.762150 -0.036366
v -0.120010 1.798250 -0.075106
v -0.106313 1.794630 -0.046812
v -0.121454 1.743207 -0.075327
v -0.046141 1.764352 -0.037178
v -0.184671 1.765163 -0.091769
v -0.727865 1.028175 0.052548
v -0.101152 1.752098 -0.085266
v -0.059457 1.748129 -0.044647
v 0.028370 1.748347 -0.080983
v 0.025575 1.793225 -0.046069
v -0.098592 1.740666 -0.057923
v -0.015058 1.742353 -0.068270
v -0.028321 1.764177 -0.090647
v 0.017248 1.799783 -0.063810
v 0.004045 1.787413 -0.086288
v -0.096949 1.771860 -0.091880
v 0.082464 1.776657 -0.037153
v 0.114099 1.799382 -0.054720
v 0.060034 1.749751 -0.043024
v 0.110947 1.800923 -0.067494
v 0.070826 1.762147 -0.090381
v 0.121722 1.760769 -0.036910
v 0.016708 1.742003 -0.056171
v 0.093039 1.775764 -0.091831
v -0.730051 1.503827 -0.027752
v 0.058256 1.796415 -0.076884
v -0.659440 1.478809 0.005583
v 0.147959 1.739756 -0.057413
v 0.225493 1.785072 -0.035349
v 0.282140 1.842088 -0.032841
v 0.505108 1.915882 -0.039834
v 0.551331 1.974617 -0.035921
v 0.393594 1.904690 0.005033
v 0.111669 1.741450 -0.069618
v 0.144089 1.748605 -0.083194
v 0.157681 1.794674 -0.044540
v 0.296175 1.832411 -0.023081
v 0.359059 1.925851 -0.035507
v 0.587545 1.883644 -0.018008
v 0.606648 1.879605 -0.004451
v 0.566377 1.924058 0.009038
v 0.317261 1.876953 -0.028678
v 0.290049 1.724796 0.009182
v 0.283751 1.714663 -0.005380
v 0.182137 1.764363 -0.034669
v 0.183255 1.803376 -0.063781
v 0.265627 1.788531 -0.035235
v -0.638735 1.187749 -0.022961
v 0.562435 1.918469 -0.039390
v 0.355413 1.873380 0.008426
v -0.647700 1.070021 -0.047116
v 0.279976 1.792186 -0.023817
v 0.586150 1.881600 -0.012541
v 0.575577 1.887730 -0.023726
v 0.392037 1.889006 0.008470
v 0.321660 1.729250 0.013847
v 0.304673 1.706226 0.004345
v 0.213756 1.719537 -0.025577
v 0.340539 1.890664 -0.023533
v 0.519638 1.935278 -0.043332
v 0.561844 1.893173 -0.015475
v 0.574714 1.896183 -0.000075
v 0.505068 1.926601 0.008346
v 0.363869 1.871563 0.003873
v 0.343720 1.787355 -0.000863
v 0.168608 1.781422 -0.091285
v 0.319105 1.875937 -0.028856
v 0.318983 1.875937 -0.028856
v 0.318130 1.876669 -0.028613
v 0.334896 1.882912 -0.027876
v 0.574193 1.943311 0.010096
v 0.331509 1.705189 0.003776
v 0.319715 1.875206 -0.028735
v 0.409441 1.924083 -0.033932
v 0.560125 1.889744 -0.019300
v 0.254602 1.740566 -0.073682
v 0.195975 1.762667 -0.091256
v 0.250087 1.795208 -0.041101
v 0.434854 1.905065 0.007447
v 0.343508 1.821677 0.000222
v 0.218032 1.725852 -0.024102
v 0.217057 1.726584 -0.023004
v 0.217057 1.726706 -0.023004
v 0.216569 1.727559 -0.023980
v 0.156913 1.794962 -0.082314
v 0.289356 1.817781 -0.023004
v 0.289356 1.817171 -0.023004
v 0.555485 1.907784 -0.043279
v 0.232978 1.712466 -0.036318
v 0.224429 1.751955 -0.024242
v 0.289600 1.816318 -0.024102
v 0.290210 1.818512 -0.023980
v 0.283875 1.786402 -0.034814
v 0.311551 1.846559 -0.035779
v 0.377604 1.898654 -0.028081
v 0.551201 1.895806 -0.025608
v 0.347847 1.743886 0.009968
v 0.259323 1.804584 -0.071252
v 0.474334 1.911943 -0.037549
v 0.551611 1.899708 0.008724
v 0.529453 1.901139 0.012202
v 0.507080 1.912114 0.007366
v 0.361027 1.801941 0.009422
v -0.706973 1.549995 -0.083468
v 0.443168 1.903828 -0.039798
v 0.485275 1.895428 -0.005182
v 0.367301 1.754252 0.005201
v 0.489161 1.862097 -0.000902
v 0.455627 1.880749 0.001712
v 0.431935 1.882700 0.002148
v 0.293286 1.705453 -0.009804
v 0.258606 1.703278 -0.036381
v 0.189860 1.750711 -0.039596
v 0.300004 1.762552 -0.091604
v 0.250539 1.791921 -0.087035
v 0.259339 1.802724 -0.051288
v 0.367705 1.882283 -0.028092
v 0.530763 1.895301 -0.041527
v 0.350608 1.720947 0.001713
v 0.215704 1.752672 -0.036205
v 0.403170 1.905534 -0.037987
v 0.475498 1.911807 0.008746
v 0.420416 1.869068 0.000733
v 0.327344 1.699300 -0.013248
v 0.236683 1.751529 -0.037467
v 0.304789 1.799788 -0.045034
v 0.330876 1.800533 -0.044606
v 0.335538 1.852673 -0.036095
v 0.440862 1.892997 -0.032059
v 0.554416 1.898475 -0.000801
v 0.313186 1.778549 -0.092442
v 0.424293 1.878914 -0.030277
v -0.640707 1.383290 -0.021128
v 0.451404 1.882547 -0.025594
v 0.484273 1.895584 -0.023612
v 0.514853 1.890573 -0.007840
v 0.535582 1.887770 0.005357
v 0.534912 1.882016 -0.023446
v 0.517510 1.889234 -0.021099
v 0.531194 1.885228 -0.002459
v 0.538012 1.882988 -0.009706
v 0.539604 1.843790 -0.000666
v 0.532759 1.822468 -0.003673
v 0.515109 1.837428 0.002651
v 0.536974 1.824870 -0.021733
v 0.511813 1.824198 -0.004717
v 0.512635 1.856999 -0.003029
v 0.514228 1.846148 -0.026486
v 0.523730 1.838615 -0.028795
v 0.514298 1.822697 -0.020804
v 0.488495 1.818904 -0.000565
v 0.486351 1.885385 -0.027566
v 0.512004 1.857401 -0.019047
v 0.486325 1.825185 -0.027306
v 0.456626 1.854847 0.000643
v 0.488236 1.860513 -0.025851
v 0.436293 1.851223 0.000799
v 0.304861 1.704980 -0.026678
v 0.274735 1.722847 -0.033214
v 0.480564 1.815757 -0.022727
v 0.332509 1.709837 -0.028873
v 0.243972 1.739713 -0.056659
v 0.383488 1.886428 -0.038882
v 0.396000 1.889515 -0.040642
v 0.461450 1.866709 -0.026744
v 0.356441 1.755219 -0.000766
v 0.422943 1.861751 -0.029838
v 0.282995 1.719003 -0.024855
v 0.285154 1.749680 -0.084967
v -0.747784 1.016974 -0.033740
v 0.447839 1.849020 -0.027690
v 0.382674 1.726909 -0.008910
v 0.345583 1.790260 -0.036597
v 0.347726 1.849271 -0.026595
v 0.401937 1.801409 0.005941
v 0.358253 1.735346 -0.007431
v 0.350535 1.719665 -0.020928
v 0.375617 1.808888 -0.068909
v 0.416473 1.836393 -0.000004
v 0.389426 1.749173 0.008045
v 0.280519 1.753742 -0.026600
v 0.345355 1.811965 -0.032632
v 0.269012 1.752288 -0.038523
v 0.434419 1.822945 -0.021488
v 0.358593 1.744668 -0.015083
v 0.417658 1.836082 -0.030179
v 0.312380 1.720215 -0.038304
v -0.651079 1.370634 -0.080000
v 0.353306 1.837357 -0.037433
v 0.414984 1.746122 -0.001682
v 0.347180 1.733493 -0.033495
v 0.402042 1.730175 -0.008563
v 0.294499 1.750002 -0.040496
v 0.435239 1.780071 -0.004578
v 0.390066 1.734132 -0.028509
v 0.345358 1.799414 -0.083444
v 0.351498 1.767336 -0.031165
v 0.433267 1.779412 -0.022992
v 0.365818 1.744542 -0.026753
v -0.702655 1.523897 -0.023690
v 0.397387 1.841033 -0.037089
v 0.415474 1.741504 -0.020972
v 0.385371 1.798993 -0.041104
v 0.415508 1.781751 -0.007698
v 0.368577 1.757589 -0.037410
v 0.368914 1.739060 -0.059581
v -0.653989 1.504335 0.004076
v 0.431299 1.781603 -0.092319
v 0.384381 1.806679 -0.051569
v 0.405758 1.799931 -0.032149
v 0.414957 1.785490 -0.019893
v 0.424223 1.763019 -0.090982
v 0.334071 1.750171 -0.042533
v 0.431438 1.747571 -0.081879
v 0.483612 1.814645 -0.070994
v 0.434326 1.800239 -0.085982
v 0.402149 1.762220 -0.036524
v -0.601168 1.318984 -0.004497
v 0.400893 1.788457 -0.036905
v 0.476087 1.800167 -0.040648
v 0.506487 1.814674 -0.055258
v 0.506721 1.801965 -0.088068
v 0.399736 1.740978 -0.072935
v 0.424844 1.746795 -0.046567
v 0.465024 1.741864 -0.058074
v 0.556649 1.820255 -0.073716
v 0.653743 1.835690 -0.076458
v 0.613142 1.760577 0.006217
v 0.591654 1.806819 -0.039529
v -0.618680 1.059438 0.004219
v 0.686417 1.676956 -0.091495
v 0.466072 1.763385 -0.037523
v 0.717674 1.796620 -0.084676
v 0.593041 1.785853 0.009972
v 0.576975 1.811104 -0.017294
v 0.694757 1.697391 -0.033261
v 0.572066 1.800136 -0.004897
v 0.509685 1.749675 -0.079097
v 0.613398 1.823289 -0.079751
v 0.686844 1.771166 -0.016359
v 0.529856 1.746511 -0.069919
v 0.528123 1.810786 -0.046193
v 0.667548 1.827352 -0.089436
v 0.662189 1.686799 -0.053953
v 0.581738 1.772911 -0.001947
v 0.533355 1.766479 -0.089921
v 0.683840 1.759563 -0.036060
v 0.526065 1.784192 -0.093131
v 0.657313 1.758747 0.003362
v 0.503301 1.782216 -0.035214
v 0.675945 1.764868 -0.026857
v 0.522152 1.751437 -0.048220
v 0.607845 1.809987 -0.089940
v 0.674283 1.671432 -0.037832
v 0.663346 1.754247 -0.012298
v 0.575495 1.775300 -0.014810
v 0.697155 1.799629 -0.091534
v 0.596246 1.755939 -0.011362
v 0.593145 1.797460 -0.093111
v 0.624348 1.748251 -0.009127
v 0.677152 1.768549 -0.085735
v -0.677052 1.518073 -0.033251
v 0.575476 1.793285 -0.035477
v 0.547033 1.763723 -0.040205
v 0.632217 1.749134 -0.026427
v 0.661674 1.758521 -0.032065
v 0.580459 1.783401 -0.035250
v -0.670203 1.522843 0.000791
v 0.669491 1.770519 -0.038926
v 0.604280 1.762169 -0.034674
v 0.668310 1.759321 -0.051340
v -0.625205 1.478123 0.008931
v 0.666109 1.756048 -0.066513
v -0.617436 1.427314 -0.001283
v 0.611958 1.769064 -0.087982
v 0.612520 1.758651 -0.047984
v -0.610227 1.326948 -0.023193
v 0.643171 1.767184 -0.040683
v 0.645488 1.767305 -0.040805
v 0.642074 1.767184 -0.040683
v 0.641099 1.766696 -0.039829
v 0.591777 1.760877 -0.084422
v 0.601548 1.770671 -0.038593
v 0.588367 1.752267 -0.053281
v 0.583968 1.752166 -0.073258
v 0.617018 1.726176 -0.088088
v 0.628380 1.759297 -0.078791
v 0.579668 1.688276 -0.063490
v 0.627873 1.755271 -0.057875
v 0.597712 1.662540 -0.089169
v -0.647324 1.260002 -0.047970
v 0.626360 1.683934 -0.063560
v 0.589838 1.675251 -0.048550
v -0.657289 1.183560 -0.038107
v 0.611600 1.639662 -0.087139
v 0.582928 1.667935 -0.081682
v 0.620989 1.625673 -0.076289
v 0.583256 1.593918 -0.085510
v -0.646775 1.043063 0.056599
v 0.613308 1.673806 -0.049740
v 0.584506 1.596031 -0.050260
v 0.575637 1.605756 -0.061181
v -0.751442 1.020663 0.022685
v 0.575075 1.577235 -0.077646
v 0.617851 1.605747 -0.056737
v 0.569270 1.512752 -0.067286
v 0.613275 1.536729 -0.080839
v 0.600632 1.591752 -0.048044
v 0.572099 1.492173 -0.080175
v 0.598956 1.539773 -0.089776
v 0.573014 1.488826 -0.054740
v 0.609498 1.508307 -0.052900
v 0.586684 1.474730 -0.048271
v 0.564759 1.387187 -0.075670
v 0.581560 1.492994 -0.087652
v 0.563450 1.378817 -0.064228
v 0.615493 1.499641 -0.067795
v 0.571359 1.388791 -0.084259
v 0.571174 1.404507 -0.052233
v 0.597272 1.445911 -0.089138
v 0.607908 1.444028 -0.082645
v 0.599175 1.411719 -0.049434
v 0.569695 1.343432 -0.051067
v 0.560062 1.292416 -0.072003
v 0.603266 1.307237 -0.055750
v 0.566537 1.254198 -0.085201
v 0.608887 1.372063 -0.075382
v 0.579714 1.338048 -0.089325
v 0.597618 1.346703 -0.088001
v -0.593284 1.360656 -0.005215
v 0.609209 1.372655 -0.062727
v 0.576257 1.253040 -0.048488
v 0.592389 1.231961 -0.049508
v 0.607403 1.256163 -0.072241
v -0.636090 1.186958 -0.004592
v 0.563608 1.279737 -0.055903
v 0.557485 1.168176 -0.064507
v 0.586067 1.242535 -0.090265
v 0.573075 1.115201 -0.089604
v 0.561894 1.196743 -0.055603
v 0.594315 1.203842 -0.087768
v 0.559090 1.167276 -0.078940
v 0.603373 1.179766 -0.079565
v 0.572105 1.102474 -0.048428
v 0.586985 1.028279 -0.089435
v 0.568951 0.957575 -0.088682
v 0.599369 1.080171 -0.082459
v 0.555113 1.045736 -0.068135
v 0.602519 1.182546 -0.056533
v 0.564346 1.125700 -0.051831
v 0.593444 1.074754 -0.050280
v 0.595651 0.982140 -0.085505
v 0.603371 1.054201 -0.070926
v 0.575634 0.960947 -0.047975
v 0.557763 1.018046 -0.079708
v 0.602854 1.102968 -0.060100
v 0.558893 1.036465 -0.056956
v 0.597341 0.836950 -0.083600
v 0.555431 0.897801 -0.061722
v 0.602623 0.907143 -0.070892
v -0.664589 1.296841 -0.091028
v 0.573333 0.763719 -0.089682
v 0.562092 0.946296 -0.052738
v 0.599044 1.001168 -0.056133
v 0.591632 0.946080 -0.050285
v 0.554465 0.849729 -0.073367
v 0.588068 0.808663 -0.089614
v 0.569246 0.789439 -0.049081
v 0.603504 0.800128 -0.071874
v 0.558303 0.774843 -0.057950
v 0.601425 0.725126 -0.081586
v 0.561166 0.802896 -0.083504
v 0.586724 0.723860 -0.048427
v 0.605261 0.721596 -0.066892
v 0.556702 0.755804 -0.074190
v 0.569151 0.689594 -0.050077
v 0.599333 0.839759 -0.056276
v 0.598971 0.758763 -0.054333
v 0.599231 0.662608 -0.053005
v -0.709177 1.438728 -0.003375
v -0.738392 1.482057 -0.008686
v 0.557949 0.674260 -0.068323
v 0.599534 0.618051 -0.085485
v 0.605058 0.641103 -0.078619
v 0.571150 0.673156 -0.088411
v 0.590009 0.680105 -0.089157
v 0.571263 0.567213 -0.050378
v 0.607036 0.629787 -0.062714
v -0.642702 1.373060 -0.030967
v 0.561839 0.651440 -0.057242
v 0.562040 0.547424 -0.061413
v 0.564073 0.627608 -0.082608
v 0.579313 0.587640 -0.089949
v 0.605104 0.555934 -0.055410
v 0.562625 0.543042 -0.076596
v -0.589191 1.195750 -0.002762
v 0.581447 0.461842 -0.089216
v 0.606737 0.547386 -0.080120
v 0.611039 0.506546 -0.064897
v 0.596373 0.518749 -0.049416
v 0.570581 0.456419 -0.082970
v 0.607990 0.452181 -0.082644
v 0.571279 0.450707 -0.053482
v 0.565407 0.446440 -0.067904
v 0.613853 0.424679 -0.068805
v 0.595845 0.494629 -0.088901
v 0.584598 0.426091 -0.048272
v 0.608520 0.399804 -0.052838
v 0.581553 0.371857 -0.087601
v -0.727852 0.986640 -0.047216
v 0.594080 0.323052 -0.089912
v 0.617664 0.341947 -0.074263
v 0.592255 0.327210 -0.047898
v 0.569842 0.371083 -0.072506
v 0.573871 0.353971 -0.056081
v 0.614448 0.284026 -0.051739
v 0.609824 0.332862 -0.086186
v 0.618364 0.315136 -0.060390
v -0.649146 1.244400 -0.080197
v 0.577718 0.256918 -0.075330
v 0.579585 0.302293 -0.082775
v 0.606822 0.226539 -0.089848
v 0.577170 0.283981 -0.057543
v 0.622678 0.241852 -0.077236
v 0.620568 0.207657 -0.052987
v 0.588267 0.218882 -0.085717
v 0.618329 0.216190 -0.086007
v 0.607241 0.215061 -0.047660
v 0.673289 0.165981 -0.042547
v 0.644058 0.087916 -0.027277
v 0.620074 0.156694 -0.044911
v -0.730695 1.430901 -0.019290
v 0.667314 0.171261 -0.060178
v 0.718759 0.055318 -0.072008
v 0.629053 0.166000 -0.059001
v 0.727173 0.123383 -0.078011
v 0.656026 0.085958 -0.041648
v 0.617838 0.139613 -0.033126
v 0.592089 0.212596 -0.049694
v 0.625417 0.226634 -0.066546
v 0.670644 0.053173 -0.074898
v 0.642214 0.113854 -0.020000
v 0.641121 0.122111 -0.030422
v 0.656004 0.078297 -0.062122
v 0.602337 0.159542 -0.045766
v 0.661275 0.082334 -0.078296
v 0.668448 0.169271 -0.074470
v 0.683957 0.153432 -0.089293
v 0.709780 0.160618 -0.090525
v 0.717502 0.097850 -0.084153
v 0.653626 0.101741 -0.035561
v -0.605550 1.390656 -0.021449
v 0.603787 0.146305 -0.036623
v 0.589183 0.163791 -0.054782
v 0.580228 0.215023 -0.063069
v 0.628592 0.163014 -0.077733
v -0.606414 1.281715 -0.006163
v 0.527375 0.118430 -0.032524
v 0.615714 0.150190 -0.088193
v 0.610601 0.084926 -0.050013
v 0.693599 0.069979 -0.086212
v -0.618106 1.196254 -0.026606
v -0.643646 1.033925 -0.062795
v 0.269182 0.092664 0.004690
v 0.301792 0.091988 0.002477
v 0.299598 0.092110 0.002477
v 0.298500 0.092110 0.002477
v 0.390900 0.044120 -0.022277
v 0.363592 0.057451 -0.013344
v 0.302867 0.038780 -0.006228
v 0.297525 0.092842 0.003453
v 0.316759 0.240175 -0.014530
v 0.403320 0.203114 -0.035677
v 0.425169 0.128187 -0.031796
v 0.453479 0.117935 -0.031675
v 0.501433 0.092485 -0.042599
v 0.417072 0.063680 -0.006951
v 0.241054 0.097143 0.008542
v 0.249419 0.141685 0.001850
v 0.253440 0.240136 -0.026636
v 0.359981 0.212766 -0.021269
v 0.422582 0.145291 -0.024860
v 0.595484 0.153666 -0.086623
v 0.450080 0.084390 -0.027556
v 0.253268 0.113753 0.003986
v 0.162428 0.236524 -0.005191
v 0.276603 0.223409 -0.003058
v 0.521605 0.163722 -0.058603
v 0.583808 0.165130 -0.067451
v 0.678510 0.108620 -0.093416
v 0.603649 0.088550 -0.078503
v 0.398176 0.051806 -0.031032
v 0.353219 0.040789 -0.032355
v 0.265791 0.079713 0.008417
v 0.228559 0.193018 0.003264
v 0.195645 0.229427 -0.000183
v 0.184530 0.265775 -0.020822
v 0.275721 0.224785 -0.024144
v 0.587910 0.132710 -0.094488
v 0.609546 0.096408 -0.086438
v 0.256769 0.144664 0.006258
v 0.214971 0.259352 -0.024133
v 0.239925 0.236168 -0.025066
v 0.345046 0.219645 -0.030727
v 0.434442 0.123810 -0.033733
v 0.434320 0.123810 -0.033733
v 0.434077 0.123810 -0.033733
v 0.421101 0.089402 -0.020875
v 0.302318 0.040095 -0.023884
v 0.259730 0.146609 0.006257
v 0.259730 0.146731 0.006257
v 0.258876 0.147462 0.005769
v 0.248475 0.135433 0.006302
v 0.433101 0.124663 -0.033489
v 0.470598 0.140694 -0.036076
v 0.260583 0.145756 0.006257
v 0.255340 0.141976 0.006379
v 0.255218 0.141976 0.006379
v 0.254487 0.142586 0.005769
v 0.373100 0.227488 -0.033699
v 0.403049 0.142109 -0.035390
v 0.469476 0.099674 -0.036476
v 0.354800 0.072856 -0.027866
v 0.256072 0.141123 0.006257
v 0.278951 0.194224 -0.027445
v 0.293712 0.208665 -0.020566
v 0.322810 0.229038 -0.030471
v 0.232412 0.139913 0.004001
v 0.494832 0.085753 -0.051996
v 0.405611 0.066052 -0.035839
v 0.282671 0.057350 -0.002776
v 0.225599 0.154097 0.004131
v 0.375800 0.066548 -0.038380
v 0.217056 0.114441 0.005717
v 0.223130 0.169603 0.000331
v 0.210717 0.207603 0.001416
v 0.178669 0.199388 -0.004273
v 0.162970 0.238649 -0.022428
v 0.302462 0.206575 -0.033223
v 0.358503 0.151308 -0.040904
v 0.514462 0.144360 -0.090591
v 0.338048 0.069155 -0.039523
v 0.607737 0.083259 -0.067821
v 0.278580 0.054586 -0.007562
v 0.382488 0.151014 -0.041466
v 0.500116 0.155200 -0.044557
v 0.285006 0.049285 -0.021374
v 0.330164 0.179720 -0.037507
v 0.412071 0.106831 -0.032791
v 0.174163 0.203102 -0.023566
v 0.313529 0.047672 -0.035062
v 0.210890 0.162311 0.000911
v 0.338860 0.164862 -0.025440
v 0.255360 0.047132 -0.023937
v 0.246611 0.063148 -0.004184
v 0.225957 0.126004 0.002599
v 0.226079 0.126004 0.002599
v 0.227055 0.126858 0.002721
v 0.214673 0.175608 -0.028458
v 0.233655 0.191217 -0.028617
v 0.341372 0.093812 -0.042438
v 0.249917 0.049767 -0.004359
v 0.227177 0.088696 0.005403
v 0.223312 0.082976 0.006790
v 0.225104 0.126858 0.002843
v 0.170455 0.189303 -0.006725
v 0.280653 0.172995 -0.033834
v 0.501379 0.160204 -0.076958
v 0.506736 0.106630 -0.090882
v 0.291270 0.078501 -0.042127
v 0.276258 0.062611 -0.034546
v 0.186496 0.086175 0.006636
v 0.197382 0.126058 0.002565
v 0.260949 0.059435 -0.006179
v 0.260095 0.060411 -0.006545
v 0.260949 0.060655 -0.005448
v 0.231968 0.071670 0.004330
v -0.600601 1.305069 -0.004276
v 0.238254 0.172076 -0.032196
v 0.337525 0.144563 -0.035947
v 0.259120 0.060777 -0.005570
v 0.171062 0.190969 -0.021393
v 0.443985 0.161115 -0.054830
v 0.516169 0.084429 -0.065228
v 0.214984 0.082966 0.006623
v 0.182247 0.161940 -0.022150
v 0.215106 0.082966 0.006623
v 0.213643 0.082966 0.006623
v 0.212546 0.082966 0.006501
v 0.314224 0.145848 -0.037691
v 0.392516 0.160789 -0.070205
v -0.598572 1.256134 -0.025283
v -0.661651 1.261331 -0.033326
v 0.211571 0.081991 0.006501
v 0.226104 0.156698 -0.026228
v 0.256076 0.059776 -0.024852
v 0.182798 0.162484 -0.005280
v 0.237106 0.138287 -0.034624
v 0.366388 0.158909 -0.052244
v 0.389636 0.093572 -0.043720
v 0.197061 0.125957 -0.030249
v 0.463748 0.090582 -0.078324
v 0.472256 0.125447 -0.093863
v 0.077437 0.090868 -0.016534
v 0.077554 0.093946 -0.009867
v 0.073068 0.094671 -0.015933
v 0.073068 0.094671 -0.015811
v 0.073434 0.095158 -0.015079
v 0.073800 0.095158 -0.016542
v 0.077129 0.095472 -0.019274
v 0.118368 0.072663 -0.011032
v 0.118247 0.099319 0.000568
v 0.116919 0.090023 0.001020
v 0.164054 0.127646 -0.004180
v 0.249140 0.137688 -0.028716
v 0.264087 0.157473 -0.023012
v 0.161654 0.065848 -0.005618
v 0.431743 0.085380 -0.068558
v 0.213960 0.060059 -0.004034
v 0.311324 0.088847 -0.036091
v -0.751248 1.000676 -0.017786
v 0.102060 0.101457 -0.015964
v 0.219815 0.131419 -0.032724
v 0.305876 0.156747 -0.050412
v 0.111302 0.095948 -0.032201
v 0.085942 0.117042 -0.010715
v 0.427161 0.151678 -0.084913
v 0.346248 0.086270 -0.058948
v 0.301982 0.096667 -0.039548
v 0.083295 0.117914 -0.019234
v 0.274475 0.146665 -0.039332
v 0.333089 0.102423 -0.087579
v 0.296190 0.120466 -0.093311
v 0.165740 0.128876 -0.024037
v 0.194930 0.062293 -0.025395
v 0.139070 0.068668 -0.022475
v 0.118428 0.104345 -0.029386
v 0.141642 0.117291 -0.003233
v 0.198606 0.072213 -0.036031
v -0.692581 1.594280 -0.091372
v 0.362772 0.144020 -0.088940
v 0.319133 0.160330 -0.063301
v 0.341707 0.090929 -0.076639
v 0.169645 0.118072 -0.032844
v 0.247724 0.089231 -0.059206
v 0.212414 0.095709 -0.043976
v 0.129971 0.142634 -0.040777
v 0.228394 0.153161 -0.047817
v 0.124900 0.078213 -0.030334
v 0.275001 0.148837 -0.084359
v 0.139576 0.117325 -0.027986
v -0.708824 1.520401 -0.006986
v 0.150128 0.113317 -0.035531
v 0.066125 0.117836 -0.036391
v 0.171750 0.084677 -0.041050
v 0.135434 0.152398 -0.050316
v 0.298182 0.156874 -0.075686
v 0.011088 0.121338 0.072168
v 0.002136 0.162281 0.065556
v 0.023872 0.162505 0.062324
v 0.047624 0.140414 0.055127
v -0.025813 0.146792 0.066688
v 0.035412 0.099387 0.056841
v -0.011085 0.185233 0.047995
v 0.029547 0.192688 0.027923
v -0.630593 1.423549 -0.026633
v 0.042119 0.171965 0.043713
v -0.020813 0.112989 0.067818
v -0.040783 0.178359 0.038290
v 0.013684 0.081221 0.053955
v -0.635896 1.333663 -0.030772
v -0.053568 0.113675 0.049029
v 0.060168 0.119156 0.042454
v -0.026921 0.082002 0.049928
v 0.001264 0.204828 0.005655
v 0.046478 0.076917 0.026583
v 0.061008 0.163868 0.026584
v -0.057035 0.149274 0.042946
v 0.073337 0.126290 0.014229
v -0.595513 1.238716 -0.001558
v 0.034000 0.195222 -0.010772
v 0.018555 0.059122 0.019322
v 0.054327 0.180029 -0.000176
v -0.004546 0.070985 0.044920
v -0.069085 0.126885 0.028018
v 0.066476 0.095996 0.012937
v -0.030040 0.198222 0.006309
v 0.068427 0.159415 0.004523
v -0.642180 1.172394 -0.061481
v -0.053990 0.080243 0.018352
v 0.046917 0.070140 0.002134
v 0.023624 0.192270 -0.032365
v 0.055459 0.168828 -0.031166
v 0.073852 0.125352 -0.015885
v 0.013303 0.055731 -0.013315
v -0.022882 0.059013 0.016290
v -0.046613 0.184719 -0.021074
v -0.070604 0.105034 0.007956
v -0.002912 0.197787 -0.029524
v -0.073977 0.126527 -0.013881
v -0.065926 0.164209 0.011961
v -0.064843 0.158011 -0.023125
v 0.057109 0.082443 -0.018129
v -0.021123 0.177398 -0.053893
v 0.063616 0.136896 -0.038706
v 0.036999 0.171640 -0.048206
v 0.278471 0.130051 -0.092673
v 0.251397 0.091929 -0.074008
v -0.029031 0.062622 -0.021601
v -0.049473 0.166865 -0.040730
v 0.028317 0.069352 -0.036873
v -0.059533 0.087650 -0.022010
v -0.007769 0.072782 -0.050901
v 0.155597 0.103620 -0.040500
v 0.212767 0.157632 -0.063201
v 0.105435 0.101437 -0.047070
v 0.005649 0.180022 -0.054185
v -0.060676 0.110052 -0.040062
v -0.065366 0.130734 -0.036509
v 0.052550 0.150113 -0.048213
v 0.049744 0.099356 -0.049431
v 0.176840 0.151454 -0.079916
v -0.057795 0.146487 -0.044662
v 0.240954 0.122834 -0.092743
v 0.125391 0.095810 -0.057335
v -0.144475 0.111567 -0.037129
v 0.028787 0.154855 -0.064256
v 0.113581 0.155445 -0.068064
v 0.025623 0.095478 -0.063279
v 0.235474 0.101400 -0.085843
v -0.040981 0.097566 -0.055186
v -0.134315 0.136142 -0.037436
v -0.036881 0.154199 -0.058860
v 0.003160 0.153444 -0.072408
v 0.160988 0.120446 -0.092953
v 0.152880 0.095545 -0.072708
v 0.161738 0.141135 -0.088906
v -0.592795 1.382705 -0.007123
v -0.249237 0.050490 -0.025520
v -0.382522 0.164782 0.009042
v -0.429114 0.187921 0.007984
v -0.164660 0.117654 -0.034349
v -0.011957 0.096792 -0.066629
v -0.349784 0.013787 -0.025663
v -0.348088 0.014381 -0.003111
v -0.413560 0.251852 -0.025852
v -0.386445 0.256211 -0.023440
v -0.354005 0.224770 -0.001085
v 0.057462 0.096621 -0.062507
v 0.056609 0.096499 -0.063360
v 0.056487 0.096499 -0.063360
v 0.055634 0.096621 -0.062507
v -0.354405 0.056109 0.003893
v -0.109748 0.095977 -0.058751
v -0.435625 0.215625 -0.015296
v -0.359850 0.216589 -0.005824
v 0.065933 0.097621 -0.072911
v -0.260048 0.059000 -0.023987
v -0.470282 0.220657 0.003378
v -0.422403 0.227576 -0.014123
v -0.358646 0.212606 -0.020738
v -0.350440 0.209172 -0.031545
v -0.335350 0.231284 -0.029504
v -0.110509 0.155495 -0.058213
v 0.134275 0.104127 -0.085135
v 0.008288 0.096192 -0.067608
v 0.071160 0.144206 -0.085652
v -0.377689 0.097646 0.004351
v -0.386189 0.123627 0.006790
v -0.418152 0.207082 -0.007764
v -0.418273 0.208301 -0.008008
v -0.377836 0.234179 -0.035162
v -0.263583 0.159881 -0.022731
v -0.222004 0.134934 -0.034685
v -0.355208 0.071393 -0.000702
v -0.443041 0.177350 0.007000
v -0.469154 0.227595 -0.008208
v -0.418517 0.207569 -0.009105
v -0.279634 0.172409 -0.033785
v -0.186115 0.075615 -0.038571
v -0.381429 0.066402 0.005298
v -0.419371 0.208423 -0.009715
v -0.321043 0.208247 -0.036454
v -0.419927 0.206972 -0.018840
v 0.055786 0.127766 -0.092751
v -0.170786 0.099030 -0.042226
v -0.454633 0.214034 -0.028622
v -0.240205 0.137270 -0.032632
v 0.064472 0.112242 -0.090257
v -0.005457 0.102928 -0.082274
v -0.302337 0.066184 -0.039757
v -0.074067 0.139537 -0.088636
v -0.103518 0.099368 -0.079006
v -0.220896 0.091122 -0.053334
v -0.493213 0.233059 -0.019847
v -0.242499 0.081930 -0.042398
v -0.387134 0.045258 -0.006017
v -0.473792 0.185786 0.008620
v -0.544455 0.225922 0.008277
v -0.348467 0.186847 -0.024007
v -0.259896 0.138200 -0.032034
v -0.191524 0.153585 -0.049455
v -0.363861 0.056366 -0.012915
v -0.410811 0.176311 -0.033987
v -0.311592 0.148344 -0.038748
v -0.183020 0.092671 -0.067551
v -0.404234 0.050929 -0.003612
v -0.493349 0.214576 -0.036002
v -0.654483 1.195879 -0.086484
v -0.215111 0.095327 -0.043345
v -0.412606 0.077096 0.001795
v -0.413247 0.105765 0.003353
v -0.420637 0.138798 0.000553
v -0.277308 0.148029 -0.040204
v -0.052454 0.151129 -0.077886
v -0.346782 0.048924 -0.036622
v -0.482964 0.158607 0.003957
v -0.441036 0.157536 0.001518
v -0.328885 0.148897 -0.026215
v -0.213224 0.142729 -0.087956
v -0.043661 0.117477 -0.092575
v -0.333835 0.069393 -0.040554
v -0.437890 0.121051 0.000219
v -0.393051 0.044881 -0.023492
v -0.472801 0.183160 -0.035597
v -0.356070 0.188657 -0.033994
v -0.425023 0.149205 -0.023747
v -0.456873 0.150174 -0.025377
v -0.459516 0.143529 0.001202
v -0.609730 0.146311 0.001813
v -0.616700 0.145122 -0.001476
v -0.621941 0.147385 0.005193
v -0.638296 0.145022 0.010229
v -0.712691 0.076523 -0.024073
v -0.698433 0.072862 0.009388
v -0.713392 0.086621 -0.004055
v -0.698039 0.049631 -0.016712
v -0.710896 0.108352 0.003178
v -0.665970 0.077503 0.011146
v -0.672020 0.127568 0.012998
v -0.704587 0.057383 -0.026553
v -0.726010 0.049409 -0.023299
v -0.724281 0.035969 -0.008021
v -0.742973 0.063658 -0.020390
v -0.722409 0.054798 -0.017032
v -0.690637 0.139287 0.010443
v -0.586038 0.045724 0.005791
v -0.573478 0.045489 -0.005498
v -0.606743 0.013277 -0.006498
v -0.621617 0.032446 0.010476
v -0.661019 1.535712 0.004918
v -0.637225 0.061548 0.009485
v -0.572851 0.079446 -0.019412
v -0.602121 0.067954 0.009264
v -0.575792 0.049435 -0.032118
v -0.714264 0.114681 -0.020676
v -0.581263 0.029586 -0.015550
v -0.672089 0.047457 0.010713
v -0.753527 0.046758 -0.005722
v -0.604827 1.463525 -0.012246
v -0.578072 0.084779 -0.005200
v -0.579507 0.182345 0.008710
v -0.588739 0.164684 0.006152
v -0.572300 0.157686 -0.001872
v -0.652909 0.020520 0.002123
v -0.614821 0.133250 -0.015735
v -0.645223 0.110699 0.002413
v -0.683957 0.037626 -0.004374
v -0.686226 0.036602 -0.016737
v -0.702874 0.139022 -0.003844
v -0.755177 0.072634 -0.005796
v -0.714386 0.147629 -0.021133
v -0.603500 0.090441 -0.005785
v -0.602167 0.021681 -0.033657
v -0.715505 0.006062 -0.015935
v -0.743580 0.095841 -0.020001
v -0.670528 0.177743 0.007214
v -0.618145 0.188523 0.013160
v -0.600272 1.253225 0.000977
v -0.238204 0.158172 -0.059894
v -0.141491 0.151857 -0.078645
v -0.362451 0.062163 -0.025263
v -0.547684 0.164023 -0.017173
v -0.636978 0.010456 -0.017154
v -0.755521 0.019980 -0.017231
v -0.609435 1.188687 -0.023677
v -0.598654 1.243166 -0.025135
v -0.137718 0.110278 -0.089506
v -0.458997 0.122790 0.001918
v -0.525118 0.190818 0.009652
v -0.619299 0.135949 -0.012729
v -0.642612 0.085306 -0.003696
v -0.585177 0.085356 -0.030753
v -0.533071 0.237583 -0.003341
v -0.154176 0.129446 -0.092715
v -0.499180 0.162129 -0.004575
v -0.579945 0.150951 -0.010537
v -0.749334 0.112757 -0.004240
v -0.729310 0.127219 -0.022114
v -0.483315 0.170159 -0.024165
v -0.408347 0.189062 -0.031127
v -0.204962 0.100111 -0.083538
v -0.316270 0.087866 -0.035110
v -0.416205 0.065216 -0.026287
v -0.420274 0.070036 -0.012627
v -0.501226 0.104773 0.004728
v -0.740189 0.005768 -0.021627
v -0.771364 0.044246 -0.022557
v -0.328650 0.139701 -0.032137
v -0.485916 0.080730 -0.003281
v -0.523173 0.182200 0.002202
v -0.455686 0.123645 -0.025054
v -0.316758 0.157210 -0.050419
v -0.284979 0.093466 -0.039626
v -0.422769 0.086401 -0.015751
v -0.446003 0.080294 -0.006738
v -0.446388 0.118970 -0.033211
v -0.426897 0.126291 -0.033588
v -0.348981 0.150661 -0.041536
v -0.522980 0.105143 0.004835
v -0.538018 0.106729 -0.000209
v -0.528611 0.080889 -0.001901
v -0.542470 0.105598 -0.013255
v -0.514674 0.123540 -0.001133
v -0.772056 0.076226 -0.021792
v -0.518893 0.190757 -0.038235
v -0.500096 0.160169 -0.019822
v -0.599811 0.063481 -0.043106
v -0.679627 0.016979 -0.037672
v -0.721233 0.001428 -0.029748
v -0.755602 0.021377 -0.029633
v -0.769016 0.058719 -0.031243
v -0.511603 0.181826 -0.032047
v -0.522799 0.159514 -0.001748
v -0.545994 0.165044 -0.005202
v -0.616237 0.141576 -0.033605
v -0.659676 0.018395 -0.022825
v -0.576103 0.157041 -0.021907
v -0.546683 0.181641 -0.036188
v -0.568917 0.158906 -0.027020
v -0.754662 0.134137 -0.023700
v -0.665890 0.187987 -0.013106
v -0.534485 0.165300 -0.015890
v -0.533067 0.153594 -0.021058
v -0.484110 0.169498 -0.004390
v -0.397716 0.232863 -0.036905
v -0.315332 0.096316 -0.039918
v -0.398778 0.063962 -0.037807
v -0.686572 1.556548 -0.032437
v -0.344387 0.082568 -0.029104
v -0.368300 0.070200 -0.038808
v -0.513656 0.093907 -0.003136
v -0.334533 0.088189 -0.054607
v -0.537675 0.083917 -0.019939
v -0.472986 0.155751 -0.028542
v -0.378778 0.152411 -0.041977
v -0.344323 0.093342 -0.041933
v -0.518336 0.080274 -0.020117
v -0.517867 0.154287 -0.020830
v -0.402436 0.143186 -0.036022
v -0.490382 0.130587 -0.001995
v -0.445775 0.083306 -0.026781
v -0.484284 0.081911 -0.026275
v -0.530667 0.099283 -0.029280
v -0.473876 0.124943 -0.030186
v -0.614648 1.439447 -0.021485
v -0.332971 0.132223 -0.092468
v -0.311149 0.160057 -0.065363
v -0.238854 0.154494 -0.077431
v -0.513616 0.091400 -0.021046
v -0.295476 0.089195 -0.070300
v -0.512209 0.127551 -0.014805
v -0.490096 0.129138 -0.023563
v -0.459537 0.142795 -0.036675
v -0.297747 0.095813 -0.081749
v -0.517268 0.113818 -0.027752
v -0.397717 0.094726 -0.042001
v -0.416844 0.106667 -0.033358
v -0.518064 0.142917 -0.036496
v -0.336077 0.155359 -0.078654
v -0.464994 0.100383 -0.035943
v -0.416722 0.088682 -0.049183
v -0.506097 0.117476 -0.032578
v -0.448802 0.085388 -0.064262
v -0.505547 0.106782 -0.034104
v -0.399803 0.160576 -0.072124
v -0.513127 0.094456 -0.042060
v -0.430989 0.162060 -0.059853
v -0.601220 0.151612 -0.039374
v -0.486088 0.159468 -0.050495
v -0.409862 0.147020 -0.087476
v -0.541778 0.084112 -0.055400
v -0.735870 0.143534 -0.002883
v -0.592535 0.232328 0.000870
v -0.638957 0.088954 -0.021013
v -0.693472 0.020730 -0.029275
v -0.734729 1.003016 0.045372
v -0.682070 0.171762 -0.020099
v -0.623317 0.211241 0.006894
v -0.555580 0.236329 -0.029272
v -0.397412 0.096142 -0.084525
v -0.638681 0.026664 -0.039885
v -0.653678 0.196822 -0.001003
v -0.634622 0.124474 -0.030656
v -0.701760 0.991013 -0.062182
v -0.504681 0.162866 -0.068589
v -0.600283 0.101868 -0.036202
v -0.643684 0.083572 -0.034801
v -0.748950 0.032910 -0.037921
v -0.749833 0.116726 -0.041306
v -0.681023 0.188032 0.000573
v -0.670000 0.026309 -0.041604
v -0.700855 0.018479 -0.048413
v -0.709716 0.026320 -0.042429
v -0.711815 0.170765 -0.000839
v -0.686473 0.191334 -0.006239
v -0.654857 0.088914 -0.043286
v -0.564074 0.241628 -0.014022
v -0.658819 0.063668 -0.045327
v -0.587863 0.164251 -0.054167
v -0.646672 0.113118 -0.030457
v -0.668754 0.031285 -0.034296
v -0.672357 0.030052 -0.030929
v -0.662678 0.042087 -0.041669
v -0.671382 0.030784 -0.031783
v -0.675055 1.607751 -0.089650
v -0.604078 0.187662 -0.044192
v -0.543357 0.096693 -0.085582
v -0.670528 0.031028 -0.032636
v -0.727575 0.170967 -0.020109
v -0.676156 0.203004 0.004197
v -0.591817 0.168972 -0.039148
v -0.614495 0.237415 -0.049950
v -0.748534 0.056128 -0.039363
v -0.734995 0.052359 -0.035181
v -0.746697 0.070824 -0.034232
v -0.720269 0.193616 -0.005066
v -0.510035 0.155027 -0.083087
v -0.686803 0.026623 -0.067865
v -0.739821 0.100981 -0.031022
v -0.719586 0.037489 -0.044423
v -0.715636 0.217243 0.000574
v -0.711846 0.043932 -0.071810
v -0.585229 0.222592 -0.038574
v -0.615374 0.185865 -0.045844
v -0.497217 0.087046 -0.072311
v -0.649386 0.225856 -0.030737
v -0.615283 1.375890 -0.030203
v -0.718643 0.051194 -0.037438
v -0.709275 0.184290 -0.018165
v -0.585462 0.162699 -0.075158
v -0.465461 0.126171 -0.093893
v -0.743363 0.210980 -0.010334
v -0.621110 0.158524 -0.044985
v -0.667358 0.038597 -0.064428
v -0.730962 0.077838 -0.042484
v -0.734920 0.156884 -0.033553
v -0.750449 0.233071 -0.012544
v -0.663782 0.220861 -0.003721
v -0.577586 0.140174 -0.092576
v -0.722836 0.058667 -0.067526
v -0.727940 0.129487 -0.034787
v -0.735653 0.191954 -0.026728
v -0.630845 0.165014 -0.075028
v -0.588677 1.194174 -0.021679
v -0.532221 0.110718 -0.092598
v -0.654513 0.079551 -0.059382
v -0.682215 0.052796 -0.079941
v -0.600932 0.151160 -0.088606
v -0.592258 0.086389 -0.075773
v -0.702456 0.184747 -0.033378
v -0.742515 0.252385 -0.021882
v -0.629315 0.205970 -0.040968
v -0.722094 0.158176 -0.041868
v -0.752376 0.222757 -0.031226
v -0.669165 0.201274 -0.043451
v -0.732601 0.133383 -0.056803
v -0.718182 0.194191 -0.041335
v -0.654146 0.229580 -0.017795
v -0.672798 0.166509 -0.042690
v -0.731204 0.097713 -0.071453
v -0.671206 0.166899 -0.079151
v -0.627879 1.056372 0.032696
v -0.741525 0.216808 -0.041526
v -0.740295 0.239701 -0.037134
v -0.681761 0.231250 -0.015599
v -0.672984 0.193990 -0.038963
v -0.658794 0.081278 -0.075066
v -0.665979 0.091591 -0.085988
v -0.623756 0.156394 -0.084831
v -0.708200 0.235753 -0.037347
v -0.723824 0.216794 -0.047183
v -0.727254 0.206750 -0.068776
v -0.719408 0.229652 -0.045369
v -0.697565 0.071797 -0.086110
v -0.684211 0.226501 -0.034872
v -0.685985 1.020441 -0.089305
v -0.666699 0.171093 -0.058060
v -0.694087 0.142264 -0.092253
v -0.664418 0.222030 -0.076940
v -0.705957 0.107879 -0.091472
v -0.671860 0.214824 -0.040752
v -0.719472 0.177504 -0.084747
v -0.699472 0.323585 -0.035620
v -0.717681 0.251125 -0.082316
v -0.742505 0.478713 -0.037792
v -0.627124 0.511275 0.009183
v -0.683587 0.241259 -0.091714
v -0.780379 0.402133 -0.029729
v -0.674835 0.346859 -0.035118
v -0.654136 1.483806 -0.078956
v -0.734372 0.346372 -0.038724
v -0.727930 0.349887 -0.025140
v -0.748927 0.355412 -0.030249
v -0.764867 0.369537 -0.028807
v -0.726547 0.472677 -0.028949
v -0.723442 0.471894 -0.018127
v -0.723564 0.472870 -0.017152
v -0.676340 0.455699 0.005348
v -0.667305 0.310931 -0.040057
v -0.723442 0.471041 -0.018981
v -0.723564 0.471041 -0.017274
v -0.641633 0.474087 0.008440
v -0.654922 0.471041 0.007232
v -0.655776 0.471894 0.007354
v -0.655898 0.471894 0.007354
v -0.660684 0.478181 0.005005
v -0.651270 0.508078 0.004170
v -0.722245 0.274834 -0.053843
v -0.656629 0.472748 0.007110
v -0.634657 0.564422 0.009593
v -0.706026 0.227735 -0.090492
v -0.654759 0.368383 -0.027541
v -0.762968 0.402013 -0.046301
v -0.725365 0.434218 -0.009575
v -0.633860 0.443649 -0.025792
v -0.719864 0.309980 -0.067625
v -0.757250 0.379649 -0.046077
v -0.715595 0.323216 -0.046679
v -0.725437 0.356516 -0.040699
v -0.643443 0.428892 -0.032668
v -0.661254 0.378904 -0.040229
v -0.610671 0.585768 -0.001397
v -0.699711 0.442054 -0.009196
v -0.635051 0.612243 0.004582
v -0.645636 0.573930 0.003461
v -0.639620 0.474540 -0.029727
v -0.737724 0.420218 -0.041048
v -0.667391 0.501451 0.000823
v -0.661785 0.545404 -0.001684
v -0.660325 0.542129 0.004432
v -0.637223 0.558212 -0.030372
v -0.656956 0.311168 -0.051137
v -0.718192 0.342062 -0.055313
v -0.679875 0.529413 -0.000187
v -0.650912 0.404104 -0.046915
v -0.727083 0.432575 -0.028924
v -0.611116 0.511918 -0.027991
v -0.682587 0.474577 -0.010489
v -0.658013 0.582442 0.003149
v -0.653886 0.488518 -0.020658
v -0.671625 0.518189 -0.014613
v -0.698647 0.542416 0.002886
v -0.612034 0.595143 -0.013091
v -0.620368 0.584876 -0.026748
v -0.654660 0.294031 -0.064267
v -0.715685 0.368953 -0.051528
v -0.706309 0.438785 -0.026529
v -0.697864 0.518530 -0.004923
v -0.660728 0.426127 -0.036825
v -0.708011 0.422974 -0.042986
v -0.691422 0.446951 -0.033497
v -0.733429 0.536836 -0.007589
v -0.664660 0.469507 -0.034468
v -0.644540 0.415616 -0.059439
v -0.675336 0.490110 -0.033100
v -0.705247 0.512935 -0.018533
v -0.644944 0.556458 -0.019525
v -0.722933 0.553765 -0.002932
v -0.685456 0.337829 -0.092993
v -0.698712 0.558543 -0.002326
v -0.656420 0.622554 0.001748
v -0.660572 0.525614 -0.036489
v -0.648112 0.387460 -0.072302
v -0.657194 0.316748 -0.077057
v -0.732358 0.539194 -0.026641
v -0.600238 0.638283 -0.001630
v -0.590578 0.659194 -0.003891
v -0.601900 0.628133 -0.014310
v -0.713330 0.411514 -0.071385
v -0.688338 0.582236 -0.005481
v -0.632438 0.651450 0.004280
v -0.586121 0.657838 -0.017131
v -0.643489 0.494636 -0.058458
v -0.671990 0.519397 -0.032905
v -0.717113 0.525782 -0.030221
v -0.660866 0.649682 0.004489
v -0.619316 0.631060 -0.021659
v -0.646372 0.607936 -0.027518
v -0.709578 0.324494 -0.084392
v -0.713073 0.404552 -0.050884
v -0.647693 0.651918 0.000428
v -0.700479 0.484887 -0.042140
v -0.650090 0.502776 -0.044243
v -0.614510 0.676604 -0.012174
v -0.626484 0.681553 -0.027600
v -0.631368 0.634214 -0.018469
v -0.647808 0.587774 -0.020541
v -0.659361 0.577857 -0.036963
v -0.598086 0.652345 -0.027046
v -0.642687 0.602390 -0.055382
v -0.690537 0.522402 -0.036202
v -0.734330 0.586800 -0.018689
v -0.709177 0.570406 -0.003131
v -0.709543 0.571260 -0.002887
v -0.709543 0.571504 -0.002887
v -0.709543 0.571626 -0.002887
v -0.712009 0.590094 -0.005218
v -0.656027 0.621362 -0.025099
v -0.708847 0.476099 -0.053261
v -0.733323 0.592422 -0.008866
v -0.700839 0.557855 -0.031871
v -0.692102 0.579060 -0.021013
v -0.679821 0.656452 0.002479
v -0.649154 0.441482 -0.079566
v -0.694075 0.631075 -0.002563
v -0.667991 0.600324 0.002710
v -0.663335 0.638195 0.000405
v -0.663335 0.640145 0.000405
v -0.662359 0.639048 0.000405
v -0.661384 0.638195 0.001014
v -0.676350 0.684132 0.004057
v -0.635421 0.650845 -0.030766
v -0.711894 0.578860 -0.027677
v -0.737015 0.617773 -0.005061
v -0.697828 0.620499 -0.003952
v -0.737978 0.612463 -0.024257
v -0.631034 0.681269 0.003754
v -0.643979 0.529856 -0.072183
v -0.666750 0.322319 -0.086788
v -0.698819 0.615247 -0.022479
v -0.656026 0.679326 -0.036778
v -0.722529 0.644497 0.004888
v -0.666333 0.706086 0.007747
v -0.646825 0.659343 -0.045460
v -0.693694 0.546722 -0.038557
v -0.658824 0.639099 -0.036662
v -0.666144 0.405589 -0.090804
v -0.706112 0.497947 -0.074513
v -0.681770 0.590557 -0.034623
v -0.688597 0.638376 -0.037263
v -0.727183 0.637416 -0.035475
v -0.730152 0.643655 -0.027720
v -0.729352 0.645085 -0.003706
v -0.641416 0.623086 -0.067110
v -0.658717 0.501941 -0.088335
v -0.757383 0.652290 -0.006637
v -0.653219 0.655770 -0.024665
v -0.692688 0.656372 -0.038829
v -0.704533 0.606463 -0.028061
v -0.704418 0.424507 -0.083193
v -0.700233 0.571464 -0.046963
v -0.776361 0.656825 -0.002168
v -0.788688 0.658910 -0.019249
v -0.796567 0.676764 -0.006771
v -0.757194 0.652400 -0.024336
v -0.747153 0.664729 0.001965
v -0.745128 0.640225 -0.000267
v -0.706514 0.555093 -0.060432
v -0.698039 0.670676 0.007031
v -0.689448 0.416259 -0.091941
v -0.604953 1.188011 -0.003210
v -0.748784 0.641200 -0.030332
v -0.647378 0.588060 -0.080196
v -0.781319 0.667939 -0.034353
v -0.794277 0.682518 -0.025796
v -0.674197 0.506111 -0.092209
v -0.712820 0.688866 0.002309
v -0.636447 0.702450 -0.019121
v -0.656492 0.632381 -0.088105
v -0.788214 0.699352 -0.006599
v -0.645259 0.712652 -0.080080
v -0.711805 0.674704 -0.041980
v -0.781152 0.680145 0.004148
v -0.687957 0.748332 0.007675
v -0.649018 0.718289 -0.002308
v -0.692078 0.505363 -0.088427
v -0.744149 0.666444 -0.036821
v -0.617748 0.699235 -0.020819
v -0.787168 0.698281 -0.026442
v -0.708267 0.694209 0.008178
v -0.658625 0.721702 -0.035103
v -0.654561 0.697467 -0.038095
v -0.701732 0.666800 -0.052913
v -0.596660 0.715798 -0.022376
v -0.756961 0.713953 -0.005356
v -0.722892 0.686134 0.006882
v -0.686506 0.717887 0.004594
v -0.639227 0.717389 -0.062092
v -0.721540 0.661287 -0.035899
v -0.742040 0.694745 -0.039633
v -0.702632 0.586538 -0.074632
v -0.711130 0.702655 -0.038565
v -0.616362 0.736775 -0.005723
v -0.642740 0.727648 -0.032488
v -0.640875 0.725466 0.003453
v -0.653878 0.726312 -0.027164
v -0.691917 0.604234 -0.087746
v -0.697575 0.703359 -0.044660
v -0.696986 0.748675 0.006293
v -0.762063 0.711147 -0.024827
v -0.607900 0.743817 -0.002940
v -0.703979 0.650901 -0.064819
v -0.746425 0.711742 -0.033797
v -0.615956 0.736809 -0.022170
v -0.639753 0.791276 -0.070424
v -0.742155 0.698806 0.005989
v -0.662866 0.763469 0.002018
v -0.623116 0.764190 0.001112
v -0.600586 0.765572 -0.003968
v -0.654496 0.748159 -0.038027
v -0.709569 0.744629 0.004236
v -0.681133 0.753152 0.002717
v -0.604085 0.750379 -0.019512
v -0.708003 0.759083 -0.042956
v -0.643019 0.803861 -0.049527
v -0.672615 0.753099 0.007266
v -0.648418 0.809959 -0.084287
v -0.658375 0.748817 -0.090450
v -0.749671 0.734404 -0.006863
v -0.597608 0.787870 -0.023644
v -0.712440 0.760060 -0.038313
v -0.762287 0.730379 -0.024056
v -0.672794 0.660025 -0.092629
v -0.605192 1.489866 0.000938
v -0.694595 0.693745 -0.084091
v -0.703891 0.763247 -0.060006
v -0.661771 0.778775 0.004700
v -0.602453 0.845963 -0.022583
v -0.586389 0.836217 -0.022459
v -0.593608 0.799348 -0.024584
v -0.682323 0.763851 -0.091873
v -0.723497 0.743270 -0.041029
v -0.762484 0.758225 -0.004354
v -0.616697 0.836270 -0.025802
v -0.650123 0.750852 -0.030124
v -0.758282 0.765281 -0.024966
v -0.711161 0.781345 0.006606
v -0.595154 0.799245 0.000152
v -0.587665 0.835253 -0.002687
v -0.679223 0.949846 -0.036285
v -0.648280 0.967560 -0.048428
v -0.615710 0.838464 -0.005389
v -0.625114 0.979219 -0.032005
v -0.642796 0.883569 -0.058774
v -0.749019 0.734654 -0.023837
v -0.609705 0.996955 0.000758
v -0.627987 0.966122 -0.009771
v -0.751723 0.784221 -0.004934
v -0.663175 0.789544 0.003519
v -0.603372 0.844926 -0.001457
v -0.610212 0.779907 -0.027825
v -0.661630 0.967000 0.046281
v -0.732831 0.786690 -0.036435
v -0.743744 0.789127 -0.004443
v -0.724852 0.777825 0.005482
v -0.632161 0.847232 -0.021127
v -0.690474 0.907118 -0.041229
v -0.639324 0.969811 0.032513
v -0.713893 0.800761 -0.040108
v -0.709982 0.948436 -0.017820
v -0.659491 0.813085 -0.031463
v -0.656231 0.797203 0.003729
v -0.627245 0.844299 -0.002556
v -0.689329 0.828100 -0.039047
v -0.630250 0.977895 0.033069
v -0.644642 0.887255 -0.074336
v -0.703515 0.838878 -0.066400
v -0.696989 0.802993 -0.044274
v -0.702787 0.788754 0.005476
v -0.649094 0.840264 -0.002860
v -0.657846 0.836649 -0.024008
v -0.717099 0.955932 0.019286
v -0.695607 0.961323 0.041663
v -0.643475 0.989199 -0.059676
v -0.628953 0.815202 0.002651
v -0.662492 0.818857 -0.033501
v -0.654426 0.881786 -0.087544
v -0.671604 0.861735 -0.035510
v -0.746805 0.815596 -0.024155
v -0.722202 0.845834 -0.039471
v -0.680016 0.806624 0.006358
v -0.681976 0.841142 -0.001601
v -0.728373 0.831348 0.004413
v -0.712950 0.833077 0.007757
v -0.678951 0.840006 -0.025577
v -0.696428 0.857594 -0.028152
v -0.744080 0.860120 -0.024634
v -0.731380 0.886066 -0.032112
v -0.712665 0.900278 -0.030247
v -0.741370 0.877538 -0.003477
v -0.736669 0.907782 -0.020476
v -0.714095 0.918211 -0.001494
v -0.706997 0.880160 0.001601
v -0.717431 0.952854 -0.015057
v -0.728159 0.930978 -0.010363
v -0.716166 0.950378 -0.010677
v -0.697482 0.795238 -0.081590
v -0.700600 0.903022 -0.054232
v -0.695921 0.960722 -0.045466
v -0.669279 0.864291 -0.092304
v -0.740091 0.978549 0.020483
v -0.680348 0.977134 0.056585
v -0.714613 0.980571 0.050940
v -0.647366 1.004622 0.059824
v -0.646803 1.060497 -0.077883
v -0.700754 0.919051 -0.070057
v -0.610328 1.024966 0.018100
v -0.612800 1.044134 -0.018152
v -0.655373 0.958625 -0.086622
v -0.614277 1.015792 -0.033476
v -0.682249 0.912735 -0.090469
v -0.745599 0.980588 -0.000047
v -0.623792 1.016296 0.042856
v -0.694991 0.877865 -0.083279
v -0.662337 1.033618 -0.090617
v -0.692273 1.009175 0.068771
v -0.729625 0.969676 -0.029377
v -0.667076 1.031249 0.067481
v -0.628089 1.035617 -0.051531
v -0.669073 1.111744 -0.092237
v -0.642522 1.267988 -0.063930
v -0.590002 1.364026 -0.021968
vn 0.9957 0.0896 -0.0243
vn 0.9935 0.1105 0.0267
vn 0.9903 0.1358 0.0297
vn 0.9944 0.1034 -0.0228
vn 0.9935 0.0129 -0.1130
vn 0.9051 0.4062 -0.1255
vn 0.9084 0.3979 -0.1282
vn 0.9060 0.4039 -0.1263
vn 0.9019 0.4141 -0.1229
vn 0.9065 -0.1832 0.3803
vn 0.9133 -0.1876 0.3614
vn 0.9143 -0.1883 0.3585
vn 0.8976 -0.4062 -0.1711
vn 0.9285 -0.3677 0.0530
vn 0.8771 -0.4749 -0.0720
vn 0.8925 -0.4131 0.1811
vn 0.7904 0.4733 0.3889
vn 0.8218 0.4741 0.3160
vn 0.7122 0.6564 0.2488
vn 0.9228 -0.1940 0.3328
vn 0.8262 0.2579 0.5008
vn 0.7785 0.3488 -0.5218
vn 0.8248 0.2991 -0.4799
vn 0.7752 0.3521 -0.5245
vn 0.8759 0.0038 -0.4826
vn 0.8535 -0.0483 -0.5188
vn 0.7548 -0.0758 -0.6516
vn 0.7823 -0.5495 -0.2934
vn 0.7987 0.2086 0.5644
vn 0.6625 0.7111 0.2355
vn 0.8013 0.1347 0.5828
vn 0.8743 -0.4485 0.1856
vn 0.6400 0.7462 0.1834
vn 0.6190 0.7690 -0.1594
vn 0.6474 0.7313 -0.2147
vn 0.6382 0.7141 -0.2876
vn 0.6479 0.6854 -0.3324
vn 0.7237 0.3995 -0.5628
vn 0.7587 -0.1113 -0.6419
vn 0.7136 -0.6282 -0.3100
vn 0.5087 0.6566 0.5568
vn 0.5189 0.6855 0.5107
vn 0.5116 0.6646 0.5446
vn 0.6371 -0.0288 0.7702
vn 0.6105 -0.1664 0.7743
vn 0.6196 -0.2213 0.7531
vn 0.6047 0.4069 0.6847
vn 0.6191 0.6530 -0.4362
vn 0.6155 -0.3314 0.7151
vn 0.6009 -0.2888 0.7454
vn 0.4998 0.6330 0.5912
vn 0.5111 0.3136 -0.8003
vn 0.5219 0.3459 -0.7798
vn 0.5114 0.3145 -0.7997
vn 0.4751 -0.8794 -0.0310
vn 0.6194 -0.7851 0.0006
vn 0.6259 -0.7789 0.0397
vn 0.2837 0.9589 0.0067
vn 0.2725 0.9526 -0.1350
vn 0.2220 0.9744 0.0347
vn 0.5004 0.2832 -0.8182
vn 0.6518 -0.1193 -0.7489
vn 0.5387 -0.8401 -0.0631
vn 0.6056 -0.0976 -0.7898
vn 0.4530 -0.6428 -0.6177
vn 0.5559 -0.6133 -0.5611
vn 0.3281 -0.7370 -0.5909
vn 0.5234 -0.7961 0.3039
vn 0.5291 -0.7264 0.4387
vn 0.5171 -0.7317 0.4441
vn 0.1964 0.9499 0.2431
vn 0.2261 0.9530 -0.2017
vn 0.4154 0.2086 0.8854
vn 0.4175 0.2391 0.8767
vn 0.4177 0.2434 0.8754
vn 0.4193 0.2749 0.8652
vn 0.2005 0.8347 -0.5130
vn 0.2781 0.7529 -0.5964
vn 0.2738 0.7402 -0.6141
vn 0.5171 -0.6611 0.5437
vn 0.5146 -0.5653 0.6446
vn 0.5067 -0.6160 0.6032
vn 0.1415 0.9384 0.3152
vn 0.3124 0.6792 -0.6641
vn 0.0366 0.6124 0.7897
vn 0.2284 0.5441 0.8073
vn 0.2500 0.6110 0.7511
vn 0.3049 0.6527 -0.6935
vn 0.3586 -0.9315 -0.0619
vn 0.0535 0.3876 0.9203
vn 0.1602 0.9058 0.3923
vn -0.2379 0.9185 -0.3157
vn -0.2238 0.9135 -0.3398
vn -0.1816 0.8648 -0.4682
vn -0.2567 0.9349 -0.2451
vn -0.0802 0.4388 0.8950
vn 0.0459 0.7683 0.6385
vn -0.0582 0.7404 0.6697
vn 0.3306 -0.6743 -0.6603
vn 0.1040 -0.3343 0.9367
vn 0.2085 -0.0951 0.9734
vn 0.0796 -0.1782 0.9808
vn -0.2823 0.9527 0.1127
vn -0.2694 0.9530 0.1386
vn -0.3169 0.9476 0.0403
vn -0.0735 0.1589 -0.9846
vn 0.0301 0.2098 -0.9773
vn -0.0025 0.1659 -0.9861
vn 0.2242 -0.9741 -0.0305
vn -0.0446 0.2441 0.9687
vn -0.2355 0.9502 0.2042
vn -0.1108 0.1412 -0.9838
vn 0.2192 0.0467 0.9746
vn -0.2686 0.9346 -0.2330
vn 0.0370 0.5123 -0.8580
vn 0.1559 -0.2296 -0.9607
vn 0.2584 -0.2649 -0.9290
vn 0.1588 -0.2306 -0.9600
vn 0.2850 -0.7251 -0.6269
vn 0.1077 -0.5119 0.8522
vn -0.0320 -0.3518 0.9355
vn 0.0751 -0.2002 -0.9769
vn 0.2030 -0.8421 -0.4997
vn -0.1490 0.6513 0.7441
vn 0.0228 -0.9483 0.3165
vn 0.1334 -0.9635 0.2319
vn 0.0267 -0.9007 0.4336
vn 0.0352 -0.7883 0.6143
vn -0.0111 -0.8127 0.5826
vn -0.3128 0.0387 0.9490
vn -0.2899 0.1165 0.9499
vn -0.3156 0.0286 0.9485
vn -0.2308 0.1536 -0.9608
vn -0.0332 -0.8860 0.4625
vn -0.4695 0.7610 0.4477
vn -0.3568 0.8216 0.4447
vn -0.4669 0.7626 0.4477
vn -0.3437 0.6446 -0.6829
vn -0.3398 0.6248 -0.7029
vn -0.4473 0.4968 -0.7438
vn -0.0694 -0.9221 -0.3807
vn -0.0061 -0.9299 -0.3677
vn -0.0830 -0.9213 -0.3799
vn -0.1619 -0.2915 0.9428
vn -0.0381 -0.6814 -0.7309
vn -0.0914 -0.7217 -0.6861
vn -0.1014 -0.7288 -0.6772
vn -0.1211 -0.9142 -0.3867
vn -0.3935 0.5242 -0.7552
vn -0.1285 -0.3742 -0.9184
vn -0.3325 -0.0350 0.9424
vn -0.1556 -0.7647 -0.6254
vn -0.1315 -0.9152 -0.3810
vn -0.4166 0.4216 0.8054
vn -0.5025 0.4373 0.7458
vn -0.4952 0.4362 0.7513
vn -0.5184 0.3729 -0.7696
vn -0.7313 0.6117 -0.3019
vn -0.6121 0.6940 -0.3791
vn -0.7521 0.5645 -0.3401
vn -0.5164 -0.8269 0.2227
vn -0.4311 -0.8885 0.1571
vn -0.3367 -0.9283 0.1580
vn -0.3826 -0.6134 0.6909
vn -0.3822 -0.6151 0.6896
vn -0.3941 -0.5559 0.7319
vn -0.3706 -0.6624 0.6510
vn -0.5711 0.6908 0.4436
vn -0.6195 -0.0654 -0.7823
vn -0.5251 -0.1144 -0.8433
vn -0.6365 -0.0563 -0.7692
vn -0.5983 0.3283 -0.7309
vn -0.4040 -0.3514 -0.8446
vn -0.6224 -0.1164 0.7740
vn -0.6858 -0.1794 0.7053
vn -0.6941 -0.2082 0.6891
vn -0.5740 0.4472 0.6859
vn -0.7391 0.6595 0.1373
vn -0.7354 0.6709 0.0958
vn -0.7406 0.6524 0.1608
vn -0.7422 0.6394 0.2010
vn -0.5264 -0.5831 -0.6187
vn -0.5702 -0.6588 -0.4907
vn -0.5620 -0.5908 -0.5789
vn -0.6202 -0.7380 -0.2659
vn -0.6252 -0.6887 -0.3671
vn -0.5704 -0.7826 0.2494
vn -0.6901 -0.0248 -0.7233
vn -0.5974 -0.7242 0.3445
vn -0.7926 0.5630 -0.2343
vn -0.7950 0.5228 -0.3077
vn -0.7995 0.4238 -0.4256
vn -0.6908 -0.0251 -0.7226
vn -0.6654 -0.7317 -0.1476
vn -0.7346 -0.2354 0.6364
vn -0.7558 -0.2343 0.6115
vn -0.7833 -0.3933 -0.4814
vn -0.8539 -0.4287 -0.2952
vn -0.8307 -0.3775 -0.4092
vn -0.7909 0.2812 0.5435
vn -0.8057 0.2183 0.5507
vn -0.7979 0.2532 0.5470
vn -0.8747 0.3891 0.2890
vn -0.7683 0.3567 0.5315
vn -0.8923 0.0831 -0.4437
vn -0.9416 0.0113 -0.3366
vn -0.9318 0.0279 -0.3619
vn -0.8722 -0.4313 -0.2307
vn -0.8550 -0.5038 -0.1232
vn -0.8677 -0.4296 0.2500
vn -0.8150 -0.4651 0.3457
vn -0.8696 -0.4280 0.2461
vn -0.8905 0.0016 0.4549
vn -0.9971 0.0114 0.0748
vn -0.9910 -0.0335 0.1295
vn -0.9958 0.0657 0.0645
vn -0.9807 0.1903 0.0441
vn -0.9942 0.1023 0.0343
vn -0.9641 -0.0360 -0.2629
vn -0.9108 -0.3863 0.1461
vn 0.9814 0.1668 0.0955
vn 0.9918 0.1199 0.0436
vn 0.9889 0.1355 0.0608
vn 0.8612 0.0605 0.5047
vn 0.9642 0.2125 -0.1585
vn 0.9701 0.2427 -0.0007
vn 0.9645 0.1971 -0.1758
vn -0.6342 0.2131 0.7433
vn -0.1660 -0.0225 0.9859
vn -0.0780 -0.1197 0.9897
vn -0.2751 -0.0114 0.9613
vn 0.9966 0.0825 0.0023
vn 0.5370 -0.8077 -0.2434
vn 0.4988 -0.8633 -0.0767
vn 0.5168 -0.8322 -0.2008
vn 0.1582 -0.9771 0.1420
vn 0.5494 -0.7801 -0.2994
vn 0.5776 -0.7826 -0.2323
vn 0.7235 -0.6485 0.2368
vn 0.6729 -0.6997 0.2400
vn 0.7531 -0.6231 0.2110
vn 0.5724 -0.6711 0.4712
vn 0.6360 -0.6395 0.4319
vn 0.5426 -0.6741 0.5011
vn -0.7492 -0.6108 0.2562
vn -0.7992 -0.5458 0.2518
vn -0.7484 -0.6117 0.2563
vn -0.2166 -0.5944 0.7744
vn -0.6893 -0.6766 0.2591
vn -0.6597 -0.2201 -0.7186
vn -0.5875 -0.0473 0.8078
vn -0.2366 -0.1860 0.9536
vn 0.6179 0.7399 0.2661
vn 0.0183 0.7392 0.6733
vn 0.1038 -0.8617 0.4966
vn 0.7049 0.4871 0.5155
vn -0.6149 0.6941 0.3743
vn -0.7393 0.2308 0.6326
vn -0.6974 0.1075 0.7086
vn -0.7204 0.1696 0.6725
vn -0.6755 0.0560 0.7352
vn 0.4621 -0.6125 0.6414
vn 0.5310 -0.4838 0.6957
vn 0.5065 -0.5338 0.6772
vn 0.5963 -0.7364 0.3196
vn 0.5855 -0.7706 0.2517
vn 0.5940 -0.7451 0.3033
vn 0.5801 -0.7832 0.2236
vn -0.2584 -0.2598 0.9305
vn 0.6416 -0.7523 0.1494
vn -0.1212 -0.9909 0.0588
vn 0.6924 -0.5722 0.4395
vn -0.2764 -0.8794 -0.3875
vn -0.2382 -0.9009 -0.3629
vn -0.2902 -0.8711 -0.3963
vn 0.9593 -0.1354 -0.2479
vn 0.9606 -0.1227 -0.2493
vn 0.9464 -0.2191 -0.2374
vn -0.2866 -0.5710 0.7693
vn 0.5212 -0.4292 0.7377
vn 0.5664 -0.5260 -0.6344
vn 0.4788 -0.5033 -0.7194
vn 0.5131 -0.5128 -0.6883
vn 0.4435 -0.4926 -0.7488
vn -0.3392 -0.8384 -0.4268
vn 0.0956 -0.4162 0.9042
vn 0.9022 0.2324 0.3632
vn 0.9043 0.2595 0.3390
vn 0.9036 0.2482 0.3492
vn 0.9652 -0.0507 -0.2566
vn 0.7636 0.1699 -0.6230
vn 0.7621 0.1685 -0.6252
vn 0.8036 0.1205 -0.5828
vn -0.2766 -0.1885 -0.9423
vn -0.9472 -0.3193 -0.0281
vn -0.9178 -0.3618 -0.1638
vn -0.9405 -0.3328 -0.0691
vn 0.4148 0.0362 0.9092
vn -0.9547 -0.2945 0.0428
vn -0.5526 -0.3990 0.7317
vn 0.1039 -0.0611 -0.9927
vn 0.1110 -0.0161 -0.9937
vn 0.1298 -0.0050 -0.9915
vn 0.8302 0.0589 -0.5544
vn 0.9599 -0.0331 0.2783
vn 0.9843 0.0801 0.1573
vn 0.9811 0.0388 0.1895
vn 0.9011 0.2219 0.3724
vn 0.0847 0.1096 0.9904
vn 0.2546 0.0104 0.9670
vn 0.1414 0.0772 0.9869
vn 0.2260 0.0334 -0.9736
vn -0.6443 0.0275 -0.7643
vn -0.6190 -0.0810 -0.7812
vn -0.6377 -0.0043 -0.7703
vn 0.5739 0.0868 0.8143
vn 0.5440 0.0535 0.8374
vn 0.3964 -0.0387 0.9172
vn -0.9836 0.1804 -0.0011
vn -0.9833 0.1653 0.0763
vn -0.9799 0.1692 0.1061
vn 0.2557 0.0282 -0.9663
vn -0.9873 0.0209 0.1576
vn 0.2636 -0.5153 0.8155
vn -0.0486 -0.0831 0.9954
vn 0.0499 -0.0956 0.9942
vn 0.0333 -0.1537 0.9876
vn 0.8113 -0.4856 0.3257
vn -0.0943 -0.0665 0.9933
vn -0.1135 -0.0838 0.9900
vn -0.2190 -0.1798 0.9590
vn -0.4219 0.6121 0.6688
vn -0.4611 0.0731 0.8843
vn -0.0647 -0.0337 0.9973
vn 0.9926 -0.0156 0.1208
vn -0.5157 0.4023 0.7564
vn -0.5197 0.3953 0.7574
vn -0.5318 0.4052 0.7436
vn -0.1156 0.0523 0.9919
vn -0.0668 0.0707 0.9953
vn -0.1086 0.0550 0.9926
vn -0.2879 -0.5107 0.8101
vn -0.8201 -0.2798 0.4992
vn -0.7668 -0.3558 0.5343
vn -0.8488 -0.2318 0.4752
vn 0.1924 0.9801 0.0490
vn 0.2001 0.9776 0.0653
vn 0.2482 0.9537 0.1701
vn -0.0303 0.6432 0.7651
vn 0.0459 -0.0802 0.9957
vn -0.6551 0.0896 -0.7502
vn 0.2771 -0.0032 0.9608
vn 0.7952 -0.5997 0.0896
vn -0.8864 -0.1571 0.4354
vn -0.9177 0.3362 0.2119
vn -0.9021 0.3940 0.1759
vn -0.9067 0.3788 0.1855
vn -0.3141 0.9119 -0.2640
vn 0.2323 0.0206 0.9724
vn 0.7179 -0.0521 0.6942
vn -0.7057 0.2157 0.6749
vn -0.6389 0.3277 0.6960
vn -0.6619 0.3247 0.6756
vn -0.5918 0.5956 0.5432
vn -0.5151 0.6627 0.5436
vn -0.5760 0.6234 0.5289
vn -0.4299 0.7090 0.5591
vn -0.8866 0.4388 0.1465
vn -0.4051 0.3062 0.8615
vn -0.4739 0.0498 0.8792
vn -0.4569 0.0515 0.8880
vn -0.3517 0.0614 0.9341
vn -0.9150 0.1552 0.3725
vn -0.0238 -0.1267 0.9917
vn -0.3034 -0.3415 -0.8896
vn -0.3281 -0.2722 -0.9046
vn -0.1078 -0.4841 -0.8683
vn -0.3698 0.7384 0.5640
vn -0.3476 0.7660 0.5407
vn -0.9905 0.1089 -0.0842
vn 0.1418 0.9883 -0.0553
vn -0.0627 -0.0230 0.9978
vn 0.9617 0.0648 0.2664
vn -0.3950 0.0817 -0.9151
vn -0.3546 0.1206 -0.9272
vn -0.4854 0.0029 -0.8743
vn -0.9757 0.1750 -0.1321
vn -0.3376 0.0627 0.9392
vn 0.0800 -0.9837 -0.1613
vn -0.2867 -0.7152 -0.6374
vn -0.6250 0.2932 0.7235
vn -0.9500 -0.3053 -0.0661
vn -0.9862 -0.1559 0.0563
vn -0.9834 -0.1804 0.0184
vn 0.5679 -0.3963 0.7214
vn 0.2928 -0.8888 0.3526
vn -0.1767 0.3827 0.9068
vn 0.2874 0.2456 0.9258
vn -0.9677 0.1858 0.1703
vn 0.7024 -0.5924 0.3945
vn 0.3304 -0.7403 0.5854
vn -0.1788 -0.5061 -0.8438
vn 0.8196 0.2267 0.5261
vn 0.1004 0.2078 0.9730
vn 0.0378 0.3010 0.9529
vn 0.0906 0.3095 0.9466
vn 0.3050 -0.0971 0.9474
vn 0.2284 -0.0636 0.9715
vn 0.2424 -0.0697 0.9677
vn -0.1516 0.1489 -0.9772
vn -0.1986 0.1868 -0.9621
vn -0.2487 0.2153 -0.9443
vn 0.9555 0.0539 0.2902
vn 0.9267 0.0338 0.3744
vn 0.9366 0.0402 0.3482
vn 0.1433 -0.7489 0.6470
vn -0.8112 -0.5150 0.2770
vn -0.7191 0.2343 -0.6542
vn -0.7487 0.3858 -0.5391
vn -0.7393 0.3216 -0.5917
vn -0.3560 0.7025 -0.6163
vn 0.1566 -0.1045 0.9821
vn 0.0918 0.0943 0.9913
vn 0.0973 0.0379 0.9945
vn -0.5592 0.5862 0.5863
vn -0.5773 0.5771 0.5777
vn -0.5544 0.5885 0.5886
vn 0.7762 -0.5820 0.2424
vn 0.6669 -0.6665 0.3333
vn 0.7646 -0.5650 0.3101
vn 0.7133 -0.6269 0.3134
vn -0.5504 0.5903 0.5904
vn -0.7183 0.2614 -0.6448
vn -0.0553 -0.4061 0.9122
vn 0.0333 -0.2104 0.9771
vn -0.0002 -0.2861 0.9582
vn -0.9486 -0.3022 -0.0939
vn 0.8107 0.5213 0.2665
vn 0.2042 -0.0138 -0.9788
vn -0.2326 0.3553 0.9054
vn -0.5967 0.5646 0.5702
vn 0.8133 -0.4915 0.3113
vn -0.1720 0.1726 -0.9699
vn -0.2820 0.2400 -0.9289
vn -0.5717 -0.7872 0.2311
vn -0.6013 -0.7376 0.3073
vn -0.5738 -0.7842 0.2361
vn -0.9087 -0.4039 -0.1056
vn -0.9068 -0.4095 -0.1001
vn 0.4048 -0.1412 0.9034
vn 0.5911 -0.7663 -0.2516
vn 0.6082 -0.7555 -0.2435
vn 0.5088 -0.8279 -0.2361
vn 0.9816 -0.1623 0.1009
vn 0.9853 -0.1357 0.1036
vn 0.9932 -0.0000 0.1163
vn 0.9805 -0.0000 -0.1964
vn 0.9667 -0.2384 0.0925
vn -0.3519 -0.9350 -0.0437
vn 0.7785 0.3432 -0.5255
vn 0.7341 0.6578 0.1684
vn 0.8846 0.1475 -0.4424
vn -0.9505 -0.2057 -0.2330
vn 0.9642 0.2435 0.1048
vn 0.0046 0.2638 0.9646
vn -0.2535 -0.2113 0.9440
vn 0.1572 -0.0124 0.9875
vn 0.9518 0.0788 0.2966
vn 0.7301 0.0666 -0.6801
vn 0.7469 0.0193 -0.6646
vn -0.9327 -0.1343 0.3347
vn 0.8162 -0.4453 0.3681
vn 0.7105 -0.6658 -0.2277
vn 0.7277 -0.6483 -0.2242
vn 0.1194 -0.4423 0.8889
vn 0.1196 -0.4286 0.8956
vn 0.1118 -0.4650 0.8782
vn -0.9553 -0.2014 0.2165
vn 0.5355 -0.7558 0.3769
vn 0.5516 -0.7570 0.3504
vn 0.5967 -0.7561 0.2690
vn 0.6198 -0.7527 0.2221
vn 0.4938 -0.8012 -0.3380
vn 0.3354 -0.6295 0.7008
vn 0.2612 0.9473 -0.1856
vn 0.2430 0.9094 -0.3375
vn 0.2454 0.9148 -0.3208
vn 0.3814 -0.8633 0.3306
vn 0.3821 -0.8625 0.3319
vn 0.2984 -0.8798 0.3700
vn 0.4002 0.9012 0.1666
vn 0.0720 0.9242 0.3750
vn 0.3089 -0.5689 -0.7622
vn 0.3086 -0.5693 -0.7620
vn 0.3080 -0.5699 -0.7618
vn 0.2200 -0.4531 0.8639
vn 0.1435 -0.4519 0.8805
vn 0.1712 -0.4738 0.8638
vn 0.0724 0.0883 0.9935
vn 0.0652 0.0170 0.9977
vn 0.1179 0.0143 0.9929
vn -0.5780 -0.0797 0.8121
vn 0.0960 0.0735 0.9927
vn 0.0919 0.0541 0.9943
vn 0.0676 0.0473 0.9966
vn 0.4154 0.0693 0.9070
vn -0.1522 0.1196 0.9811
vn -0.0560 0.1193 0.9913
vn -0.2421 0.9695 0.0382
vn -0.2313 0.9724 0.0322
vn -0.2090 0.9778 -0.0153
vn -0.1550 0.9819 -0.1088
vn -0.2269 -0.1198 0.9665
vn -0.2551 -0.1721 0.9515
vn -0.2716 -0.1174 0.9552
vn -0.1477 0.0210 0.9888
vn 0.9872 0.1322 0.0892
vn 0.6240 0.6688 0.4042
vn 0.1229 0.0753 0.9896
vn -0.0525 0.0411 0.9978
vn 0.0764 0.3015 0.9504
vn 0.0926 0.3006 0.9492
vn 0.0736 0.3016 0.9506
vn -0.1167 0.9767 -0.1802
vn 0.1228 0.0749 0.9896
vn 0.0417 0.0472 0.9980
vn 0.0569 0.0611 0.9965
vn 0.7090 0.7048 -0.0229
vn 0.0687 0.2318 0.9703
vn 0.0483 0.2573 0.9651
vn 0.0626 0.2395 0.9689
vn -0.0000 0.3162 0.9487
vn -0.1771 0.0364 0.9835
vn -0.0455 0.0582 0.9973
vn -0.0940 0.0026 0.9956
vn -0.0481 -0.0469 0.9977
vn 0.4816 0.3820 0.7887
vn -0.1392 0.0385 0.9895
vn 0.1363 0.1879 0.9727
vn 0.0537 0.1004 0.9935
vn -0.0491 -0.0085 0.9988
vn -0.0609 -0.0230 0.9979
vn 0.0017 -0.0306 0.9995
vn -0.8611 0.5045 0.0630
vn -0.7088 0.6815 -0.1820
vn 0.7983 0.6015 -0.0304
vn 0.8012 0.5981 -0.0210
vn 0.8047 0.5936 -0.0088
vn 0.8071 0.5904 -0.0004
vn 0.1129 -0.0142 0.9935
vn -0.0227 -0.4554 0.8900
vn -0.0321 -0.4612 0.8867
vn -0.0395 -0.4656 0.8841
vn 0.1721 -0.0917 0.9808
vn 0.1144 0.1248 0.9856
vn 0.0581 0.3024 0.9514
vn 0.7101 0.4375 0.5517
vn 0.7136 0.4412 0.5442
vn 0.7096 0.4370 0.5527
vn -0.1290 0.2595 0.9571
vn -0.0424 0.2712 0.9616
vn -0.1340 0.2374 0.9621
vn 0.0705 0.0975 -0.9927
vn 0.0862 0.0411 -0.9954
vn -0.0320 0.1133 -0.9930
vn 0.0468 0.1211 0.9915
vn 0.1352 0.0376 -0.9901
vn 0.9442 -0.3277 -0.0325
vn 0.9264 -0.3648 -0.0931
vn 0.9353 -0.3478 -0.0650
vn -0.0148 -0.4506 0.8926
vn 0.2304 0.9725 0.0338
vn 0.2369 0.9707 0.0406
vn 0.2290 0.9729 0.0323
vn 0.9193 -0.3769 -0.1133
vn -0.0518 0.3320 0.9419
vn -0.0481 0.3264 0.9440
vn -0.0192 0.4850 0.8743
vn -0.0531 0.0743 0.9958
vn -0.1880 0.0945 0.9776
vn 0.0791 0.0216 -0.9966
vn 0.7173 -0.6921 0.0810
vn 0.2430 -0.8849 0.3974
vn 0.0387 -0.8220 0.5682
vn 0.1471 0.1566 0.9766
vn -0.1385 0.1130 -0.9839
vn -0.1542 0.1320 0.9792
vn -0.0157 0.0869 0.9961
vn -0.0977 0.1254 0.9873
vn -0.1497 0.3308 0.9318
vn 0.2204 0.9751 0.0234
vn 0.7674 0.6220 0.1557
vn 0.8037 0.5840 0.1137
vn 0.8164 0.5692 0.0979
vn 0.3620 -0.3458 -0.8657
vn 0.0526 0.1206 0.9913
vn -0.0175 0.4957 0.8683
vn 0.0332 0.6403 0.7674
vn -0.0189 0.6147 0.7886
vn 0.0117 0.6300 0.7765
vn -0.1385 -0.1328 0.9814
vn -0.1186 0.3883 0.9139
vn 0.8706 0.4916 0.0201
vn 0.9154 -0.4017 -0.0249
vn 0.9234 -0.3755 -0.0791
vn 0.9086 -0.4176 0.0094
vn 0.3050 -0.0457 0.9513
vn 0.2254 0.0579 0.9725
vn 0.1626 0.3392 0.9266
vn 0.1951 0.2727 0.9421
vn 0.1250 0.3859 0.9140
vn 0.1308 0.2955 0.9463
vn 0.2629 0.9501 -0.1681
vn 0.0146 0.0462 0.9988
vn 0.7139 0.4415 0.5435
vn 0.1557 -0.0204 -0.9876
vn 0.9272 -0.3552 -0.1190
vn 0.1472 0.3033 0.9415
vn -0.5547 0.8207 -0.1369
vn 0.3076 -0.5703 -0.7617
vn 0.0660 -0.3644 0.9289
vn 0.1833 0.2985 0.9366
vn 0.4665 0.4992 0.7302
vn -0.7324 0.6768 0.0742
vn -0.0593 0.3205 0.9454
vn 0.0553 -0.3241 0.9444
vn 0.3285 0.2082 0.9213
vn 0.3148 0.2042 0.9269
vn 0.4871 0.2833 0.8261
vn -0.0417 0.2059 -0.9777
vn 0.0487 0.2470 -0.9678
vn -0.0939 0.1143 -0.9890
vn 0.1158 0.1928 0.9744
vn 0.1448 -0.6598 0.7374
vn 0.5451 0.3309 0.7704
vn -0.2367 -0.1056 0.9658
vn -0.1082 0.1609 -0.9810
vn -0.5016 -0.5379 -0.6775
vn 0.2414 -0.0311 -0.9699
vn 0.1957 0.0861 -0.9769
vn 0.5215 0.8378 -0.1616
vn 0.0650 -0.2866 0.9558
vn 0.5720 0.7294 0.3751
vn -0.0897 0.9958 0.0178
vn -0.1871 0.9757 0.1139
vn -0.1668 0.9815 0.0937
vn 0.6038 0.1317 -0.7861
vn 0.6037 0.1317 -0.7862
vn 0.6260 0.2737 -0.7302
vn -0.4654 -0.0458 -0.8839
vn -0.4420 -0.0484 -0.8957
vn -0.2642 -0.0764 -0.9614
vn 0.2545 -0.8627 -0.4371
vn 0.2192 -0.8813 -0.4186
vn 0.1749 -0.9021 -0.3945
vn -0.0394 0.6039 0.7961
vn 0.0935 0.4985 -0.8618
vn 0.0050 0.9921 0.1254
vn 0.0200 0.9983 0.0541
vn 0.0070 0.9932 0.1160
vn 0.0228 0.9989 0.0406
vn -0.0163 -0.0486 0.9987
vn -0.0339 -0.0362 0.9988
vn -0.0687 0.0110 0.9976
vn 0.7227 0.6476 -0.2416
vn 0.7471 0.6487 -0.1448
vn 0.7309 0.6486 -0.2122
vn -0.2600 0.9474 0.1867
vn 0.8656 0.4984 0.0495
vn 0.8516 0.5157 0.0938
vn 0.8444 0.5234 0.1146
vn 0.1524 -0.8847 0.4405
vn -0.0556 0.0632 0.9965
vn -0.3504 -0.5489 0.7589
vn -0.3082 -0.5596 0.7693
vn -0.3241 -0.5586 0.7635
vn -0.0490 0.9985 0.0238
vn -0.9291 0.2121 -0.3029
vn 0.8741 0.4854 0.0180
vn 0.1650 -0.0847 -0.9827
vn 0.2641 0.0928 -0.9600
vn 0.2270 -0.0152 -0.9738
vn 0.0273 -0.9255 0.3777
vn 0.6350 -0.7653 -0.1058
vn 0.6643 -0.7473 -0.0171
vn 0.6735 -0.7390 0.0152
vn -0.2008 0.1960 0.9598
vn 0.4472 -0.8939 -0.0309
vn 0.4198 -0.1218 0.8994
vn -0.0958 0.3460 0.9333
vn -0.0871 0.3522 0.9319
vn -0.1057 0.3389 0.9349
vn -0.2265 -0.0032 -0.9740
vn -0.0427 0.0908 0.9949
vn 0.6275 -0.7684 -0.1259
vn 0.4034 -0.5655 0.7194
vn -0.1847 -0.5388 0.8219
vn 0.0995 0.0390 0.9943
vn 0.1110 0.0285 0.9934
vn 0.1068 0.0313 0.9938
vn -0.1408 0.5606 0.8160
vn -0.0892 0.5579 0.8251
vn -0.1476 0.5608 0.8147
vn -0.1929 0.5618 0.8045
vn -0.4932 -0.0354 0.8692
vn -0.5193 -0.0429 0.8535
vn -0.5124 -0.0409 0.8578
vn 0.4362 0.6973 0.5688
vn -0.1400 -0.0779 0.9871
vn -0.0278 0.8431 -0.5370
vn 0.6923 0.6404 -0.3325
vn -0.2614 -0.1230 -0.9574
vn 0.1974 0.1009 -0.9751
vn 0.2922 0.5566 -0.7777
vn 0.9243 -0.3807 0.0284
vn 0.8953 -0.4265 0.1289
vn 0.9101 -0.4061 0.0829
vn 0.3657 0.5154 0.7750
vn 0.3662 0.5147 0.7752
vn 0.3688 0.5165 0.7728
vn 0.3951 0.5424 0.7414
vn 0.1071 0.0202 0.9940
vn 0.1091 0.0205 0.9938
vn 0.2085 0.6823 -0.7008
vn 0.6179 0.2055 -0.7589
vn 0.1330 -0.8066 -0.5759
vn -0.1616 -0.7029 0.6927
vn -0.1975 -0.5261 0.8272
vn -0.1439 0.0218 -0.9894
vn 0.1594 0.1618 -0.9739
vn 0.1435 -0.9150 -0.3770
vn -0.9426 0.1649 -0.2902
vn 0.9336 -0.3579 -0.0179
vn 0.5262 0.8488 -0.0508
vn -0.3263 -0.0219 0.9450
vn -0.1629 0.3053 0.9382
vn 0.1854 0.8782 -0.4409
vn 0.2224 0.8799 -0.4199
vn 0.3156 0.8866 -0.3382
vn 0.0022 -0.0027 -1.0000
vn 0.0024 -0.0026 -1.0000
vn 0.0026 -0.0040 -1.0000
vn -0.1330 -0.4981 0.8569
vn -0.0536 -0.1110 0.9924
vn -0.1628 0.0434 0.9857
vn -1.0000 -0.0001 0.0001
vn -0.0336 -0.9994 -0.0000
vn -0.0000 -0.0000 1.0000
vn -0.0000 -0.4304 0.9026
vn 1.0000 -0.0000 -0.0000
vn -0.7147 -0.6994 -0.0000
vn -0.7334 -0.6793 0.0244
vn -0.7434 -0.6688 0.0070
vn -0.7125 -0.7016 0.0103
vn -0.7338 -0.6790 0.0249
vn 0.1234 -0.3913 0.9120
vn -0.6076 -0.7300 0.3129
vn 0.9734 0.2107 -0.0902
vn 0.7147 0.6994 -0.0000
vn 0.9791 -0.0362 -0.2000
vn 0.9854 -0.1275 -0.1130
vn 0.9833 -0.0706 -0.1677
vn 0.0593 0.0293 0.9978
vn 0.0207 0.0347 0.9992
vn 0.0921 0.0270 0.9954
vn -0.0514 0.4849 0.8731
vn 0.0576 0.9818 0.1812
vn -0.1052 0.9742 -0.1998
vn -0.2674 0.2978 0.9164
vn 0.6692 -0.7219 -0.1762
vn 0.0052 -0.4085 -0.9127
vn 0.5450 0.7860 0.2918
vn -0.1906 -0.8583 0.4765
vn 0.4691 0.8824 0.0370
vn -0.0341 -0.2345 0.9715
vn -0.0539 -0.2670 0.9622
vn 0.0308 -0.0640 0.9975
vn -0.4261 -0.8991 0.1007
vn 0.0792 0.1534 0.9850
vn 0.0450 -0.0060 -0.9990
vn 0.0550 0.1123 -0.9921
vn 0.0499 0.0756 -0.9959
vn 0.0360 0.1186 -0.9923
vn -0.0989 0.9946 0.0316
vn -0.1156 0.9933 0.0040
vn -0.1292 0.9914 -0.0186
vn -0.1417 0.9891 -0.0395
vn 0.0453 -0.1367 0.9896
vn -0.6655 0.7365 -0.1211
vn -0.6121 0.7908 -0.0077
vn -0.6416 0.7641 -0.0674
vn 0.3840 -0.9138 -0.1321
vn 0.0557 -0.2136 0.9753
vn -0.6843 0.7096 -0.1681
vn 0.5057 -0.8485 0.1561
vn 0.0853 -0.0137 -0.9963
vn 0.0988 -0.0182 -0.9949
vn 0.1747 0.0695 0.9822
vn -0.9549 0.2850 0.0831
vn 0.9239 -0.2247 -0.3096
vn -0.7575 -0.6512 0.0451
vn -0.7354 -0.6771 0.0254
vn -0.7861 -0.6138 0.0721
vn -0.7953 -0.1155 -0.5951
vn 0.9375 0.2302 0.2608
vn -0.3047 -0.0621 0.9504
vn -0.3025 -0.0417 0.9522
vn -0.3009 -0.0276 0.9533
vn -0.2981 -0.0040 0.9545
vn -0.6989 -0.7152 -0.0053
vn 0.0535 0.0658 -0.9964
vn 0.0504 0.0811 -0.9954
vn 0.5152 0.8500 -0.1099
vn 0.5137 0.8514 -0.1060
vn 0.5177 0.8476 -0.1164
vn 0.0541 0.1980 -0.9787
vn -0.2526 -0.5115 -0.8213
vn 0.5200 0.8453 -0.1225
vn 0.5155 0.7666 0.3828
vn -0.0237 0.0020 0.9997
vn -0.3453 -0.8672 0.3587
vn 0.1264 0.2438 -0.9615
vn -0.2226 -0.7488 0.6243
vn -0.2209 -0.7386 -0.6369
vn 0.0994 0.9933 -0.0581
vn 0.0976 0.9933 -0.0626
vn 0.0934 0.9930 -0.0727
vn 0.0919 0.9928 -0.0765
vn 0.0384 0.2015 -0.9787
vn -0.0730 0.1732 0.9822
vn 0.0730 -0.8634 0.4992
vn 0.0927 0.7368 -0.6697
vn 0.1395 -0.3591 0.9228
vn 0.2064 -0.3402 0.9174
vn 0.0842 -0.3471 0.9340
vn 0.0268 -0.6339 -0.7730
vn 0.1819 -0.9833 -0.0065
vn -0.1311 0.2927 0.9472
vn 0.0506 -0.2209 -0.9740
vn -0.3401 0.9355 0.0959
vn -0.3621 0.9309 0.0481
vn -0.4156 0.9061 -0.0792
vn -0.2741 0.8862 -0.3736
vn -0.4314 0.8940 -0.1208
vn -0.2386 0.6612 -0.7112
vn -0.2564 -0.8718 0.4175
vn -0.2432 -0.8234 0.5128
vn -0.2548 -0.8661 0.4300
vn -0.4864 -0.3701 0.7915
vn -0.0344 -0.0547 0.9979
vn -0.0072 -0.0612 0.9981
vn 0.1031 -0.0485 0.9935
vn 0.0370 -0.0650 0.9972
vn 0.1911 -0.5488 0.8138
vn -0.2658 -0.9073 0.3258
vn -0.1045 0.1340 0.9855
vn -0.1144 0.1431 0.9831
vn -0.0893 0.1153 0.9893
vn -0.1121 0.1566 0.9813
vn 0.3353 -0.4770 0.8124
vn 0.3425 -0.5017 0.7943
vn 0.2854 -0.3204 0.9033
vn -0.2958 0.4771 0.8276
vn -0.2976 0.4786 0.8261
vn -0.2958 0.4774 0.8274
vn -0.3706 0.5241 0.7668
vn -0.3482 0.5464 0.7617
vn -0.4095 0.4258 0.8069
vn -0.6229 0.4477 0.6415
vn -0.6276 0.4671 0.6228
vn -0.6328 0.4507 0.6296
vn 0.5868 -0.4219 0.6911
vn -0.4063 0.4126 0.8153
vn -0.1268 0.1807 0.9753
vn -0.2380 0.2139 0.9474
vn -0.1212 0.1139 0.9861
vn -0.9269 0.3705 -0.0602
vn -0.9297 0.3560 -0.0945
vn -0.9288 0.3614 -0.0818
vn -0.1787 0.1938 0.9646
vn -0.2489 0.1733 0.9529
vn -0.2077 0.0494 0.9770
vn -0.9260 0.3740 -0.0516
vn -0.0708 -0.0275 0.9971
vn -0.0406 0.1218 0.9917
vn -0.0698 0.1864 0.9800
vn -0.2902 -0.0988 0.9518
vn -0.2642 -0.1039 0.9588
vn 0.0187 0.9989 0.0437
vn 0.0221 0.9990 0.0376
vn 0.0202 0.9990 0.0410
vn 0.0233 0.9991 0.0356
vn -0.1565 0.4548 0.8767
vn -0.6145 0.1675 0.7710
vn -0.8152 0.1695 0.5538
vn -0.9464 0.0288 0.3216
vn -0.0671 0.7986 0.5981
vn -0.6191 0.7787 -0.1021
vn 0.5089 0.4693 0.7217
vn -0.0101 0.1378 0.9904
vn 0.0688 0.1940 0.9786
vn 0.0266 0.1657 0.9858
vn 0.1205 0.1937 0.9736
vn -0.3755 -0.0712 0.9241
vn 0.5492 0.8245 0.1365
vn 0.6082 0.7833 0.1282
vn 0.6246 0.7767 0.0818
vn -0.8070 0.0680 -0.5867
vn -0.5036 0.6292 -0.5920
vn -0.5993 0.3112 -0.7375
vn 0.6969 0.7171 -0.0081
vn -0.1781 0.6912 -0.7003
vn -0.7862 -0.5962 0.1626
vn -0.7968 -0.5882 0.1380
vn -0.7569 -0.6141 0.2235
vn -0.7339 -0.5337 -0.4202
vn -0.7062 -0.3254 -0.6288
vn 0.7280 0.6797 -0.0899
vn -0.3984 -0.5290 0.7493
vn -0.5040 -0.4668 0.7267
vn -0.4063 -0.5248 0.7480
vn -0.7443 -0.6204 0.2473
vn 0.0081 0.5220 0.8529
vn 0.0204 0.5067 0.8619
vn -0.0058 0.5393 0.8421
vn -0.8644 -0.4988 0.0630
vn -0.8530 -0.5214 0.0208
vn -0.8395 -0.5429 -0.0217
vn -0.0391 0.0889 0.9953
vn -0.1688 0.1181 -0.9786
vn -0.0710 0.1231 -0.9899
vn -0.1098 0.0962 -0.9893
vn -0.1132 0.1647 -0.9798
vn 0.1258 0.1811 0.9754
vn -0.2629 -0.5658 0.7815
vn 0.2000 0.9788 -0.0439
vn 0.1959 0.9794 -0.0490
vn 0.2506 0.9679 0.0193
vn 0.7155 0.4884 -0.4995
vn 0.4841 0.3060 0.8198
vn -0.8258 -0.5608 -0.0594
vn 0.0031 0.1589 -0.9873
vn 0.0310 0.4931 0.8694
vn -0.4050 -0.7620 -0.5053
vn -0.4405 -0.7000 -0.5621
vn -0.3114 -0.8227 -0.4755
vn 0.1413 0.9833 -0.1148
vn 0.2766 -0.2947 0.9147
vn 0.0720 0.0055 0.9974
vn -0.1350 0.1325 0.9819
vn -0.0836 0.0960 0.9919
vn 0.2228 -0.1940 0.9554
vn 0.2251 -0.2604 0.9389
vn 0.1839 -0.0997 0.9779
vn -0.2978 0.4787 0.8259
vn -0.2939 -0.5799 0.7599
vn -0.4777 -0.2596 -0.8393
vn -0.0788 0.0919 -0.9926
vn 0.0575 0.0987 0.9935
vn -0.0270 0.1707 0.9850
vn 0.0105 -0.8858 0.4639
vn -0.2526 0.3719 0.8932
vn -0.0115 -0.7076 0.7065
vn -0.0477 -0.6884 0.7238
vn 0.0351 -0.6522 0.7572
vn 0.2186 0.2543 -0.9421
vn 0.7871 0.6164 -0.0210
vn 0.7693 0.6385 0.0249
vn 0.7983 0.5998 -0.0532
vn 0.0078 0.0126 0.9999
vn -0.0061 0.0148 0.9999
vn -0.0587 -0.6758 0.7347
vn -0.1596 -0.0894 -0.9831
vn -0.0999 0.0385 -0.9942
vn -0.1299 -0.0271 -0.9912
vn -0.0730 0.0942 -0.9929
vn 0.0829 0.1665 -0.9825
vn 0.1284 -0.1600 0.9787
vn -0.2284 0.1310 0.9647
vn -0.5351 0.3310 0.7772
vn -0.2627 -0.8293 0.4931
vn -0.1822 -0.8590 0.4784
vn -0.2393 -0.8387 0.4892
vn -0.4015 -0.9147 -0.0468
vn 0.0658 0.1418 -0.9877
vn -0.0298 -0.0108 -0.9995
vn 0.8110 0.5774 -0.0943
vn -0.3461 0.9242 -0.1613
vn -0.2960 0.9503 -0.0960
vn -0.3605 0.9151 -0.1806
vn 0.1291 0.2333 0.9638
vn 0.3515 -0.3868 0.8526
vn 0.4026 -0.2311 0.8857
vn 0.3719 -0.3058 0.8764
vn -0.0540 0.0063 0.9985
vn -0.2356 -0.8367 -0.4945
vn 0.3161 0.5080 -0.8012
vn 0.5957 0.7434 0.3040
vn 0.0274 0.7601 0.6492
vn 0.0286 0.7641 0.6445
vn -0.0005 0.6603 0.7510
vn -0.0197 0.2084 0.9778
vn -0.3276 -0.8002 0.5024
vn -0.3194 -0.5205 -0.7919
vn 0.1921 0.1463 0.9704
vn 0.0669 0.2695 0.9607
vn -0.0130 -0.1981 0.9801
vn -0.0247 -0.1547 0.9877
vn 0.1191 -0.0760 0.9900
vn -0.0787 -0.3098 -0.9475
vn -0.1970 -0.3013 -0.9330
vn -0.1031 -0.3068 -0.9462
vn -0.3905 0.8937 -0.2211
vn -0.2852 0.5678 0.7722
vn 0.5382 -0.1715 0.8252
vn -0.5233 0.3186 0.7904
vn -0.6727 -0.7389 -0.0396
vn 0.0853 0.3985 -0.9132
vn 0.0249 0.4010 -0.9158
vn -0.0262 0.3693 -0.9289
vn 0.0753 0.2751 0.9585
vn -0.0000 -0.2713 0.9625
vn -0.0000 -0.2706 0.9627
vn -0.0108 -0.1851 0.9827
vn 0.0086 -0.2562 0.9666
vn 0.0086 -0.2561 0.9666
vn 0.0131 -0.2097 0.9777
vn -0.0108 -0.1847 0.9827
vn -0.0464 0.2079 0.9770
vn -0.5030 0.4977 0.7067
vn -0.5118 0.5167 0.6863
vn -0.4420 0.3768 0.8140
vn 0.5696 -0.1838 0.8011
vn -0.5899 -0.7785 0.2143
vn -0.5487 0.8359 -0.0114
vn -0.5642 0.8255 0.0156
vn -0.4352 0.9002 -0.0143
vn -0.1620 -0.1025 -0.9814
vn 0.0481 0.3060 -0.9508
vn 0.0524 0.2873 -0.9564
vn 0.0102 0.3830 -0.9237
vn 0.0315 0.1973 0.9798
vn 0.0465 0.1809 0.9824
vn 0.0333 0.1953 0.9802
vn 0.1909 -0.1066 0.9758
vn -0.0000 -0.1907 0.9817
vn -0.0000 -0.0000 -1.0000
vn 0.0940 -0.1502 0.9842
vn -0.0000 -0.1906 0.9817
vn -0.4184 0.0092 0.9082
vn -0.3896 0.0334 0.9204
vn -0.3945 0.0293 0.9184
vn -0.3461 0.0690 0.9356
vn -0.0000 0.5759 0.8175
vn 0.4716 0.6360 -0.6109
vn 0.1305 -0.0224 0.9912
vn 0.1330 -0.0335 0.9906
vn -0.0467 0.3294 -0.9430
vn 0.1016 0.6030 -0.7912
vn 0.0292 0.6767 -0.7357
vn 0.0753 0.6338 -0.7698
vn -0.0261 0.8535 0.5205
vn 0.2741 0.5528 0.7870
vn -0.4486 -0.4062 0.7961
vn -0.0119 0.6093 0.7929
vn -0.0082 0.6249 0.7806
vn -0.0000 0.5765 0.8171
vn 0.2237 -0.0913 0.9704
vn 0.0822 -0.1461 0.9858
vn -0.3747 0.8786 -0.2961
vn -0.3284 0.9442 -0.0243
vn -0.3357 0.9420 0.0028
vn -0.3293 0.9440 -0.0208
vn -0.4083 0.9116 -0.0475
vn -0.1230 -0.9903 0.0651
vn 0.0486 0.2527 -0.9663
vn -0.7628 0.3393 0.5505
vn -0.7678 0.3879 0.5098
vn -0.7343 0.2356 0.6366
vn -0.2475 -0.9678 0.0460
vn -0.2216 -0.9751 0.0116
vn -0.1149 -0.9934 0.0039
vn -0.6729 0.7371 -0.0621
vn -0.6807 0.7264 -0.0945
vn -0.2320 0.3094 0.9222
vn 0.0207 0.2089 0.9777
vn -0.0023 -0.1592 0.9872
vn -0.0003 -0.1661 0.9861
vn 0.0280 -0.2614 0.9648
vn -0.2395 0.1313 0.9620
vn -0.3367 0.9416 0.0067
vn -0.0815 0.1549 -0.9846
vn -0.1383 0.1606 -0.9773
vn -0.2848 0.4085 -0.8672
vn 0.1155 0.2002 -0.9729
vn -0.0759 0.4279 0.9006
vn -0.4345 0.3629 0.8243
vn -0.0608 -0.9981 0.0034
vn -0.0335 -0.0662 -0.9972
vn -0.0197 -0.0211 -0.9996
vn -0.0045 0.0067 -1.0000
vn 0.0156 -0.4073 -0.9131
vn 0.8187 0.5728 -0.0388
vn 0.0895 0.9959 -0.0116
vn 0.0476 0.9961 0.0746
vn 0.0721 0.9971 0.0244
vn -0.2513 0.1058 0.9621
vn 0.1337 -0.3334 0.9333
vn -0.2886 0.4235 -0.8587
vn -0.0140 0.0044 -0.9999
vn 0.3793 0.2430 -0.8928
vn -0.7573 0.2836 0.5883
vn -0.7575 0.3060 0.5767
vn -0.7679 0.2587 0.5860
vn -0.8032 0.5256 0.2803
vn -0.0660 0.1548 -0.9857
vn -0.0793 0.1555 -0.9846
vn -0.0705 0.1394 -0.9877
vn 0.1072 -0.1374 -0.9847
vn 0.0303 0.9935 0.1097
vn 0.2190 -0.2356 0.9469
vn -0.6322 0.7748 0.0070
vn -0.6084 0.7931 -0.0285
vn -0.6151 0.7882 -0.0187
vn 0.3258 0.1966 0.9248
vn 0.3433 0.1227 0.9312
vn 0.3490 0.1551 0.9242
vn -0.0309 0.3645 0.9307
vn 0.1097 -0.7800 0.6161
vn 0.0819 -0.7403 0.6672
vn 0.5786 -0.1827 0.7949
vn -0.6945 0.4740 0.5414
vn -0.2029 -0.7968 -0.5691
vn -0.2531 -0.6943 -0.6737
vn -0.5898 0.8057 -0.0550
vn -0.0171 0.9998 0.0100
vn -0.0215 0.9998 0.0004
vn -0.0285 0.9995 -0.0148
vn -0.0328 0.9992 -0.0242
vn -0.0174 0.6258 -0.7798
vn 0.2277 0.3824 0.8955
vn 0.2754 0.3111 0.9096
vn 0.0310 -0.2715 0.9619
vn -0.0979 0.7580 0.6449
vn -0.8338 -0.1555 0.5297
vn 0.0213 -0.9993 0.0305
vn 0.0297 -0.8739 -0.4852
vn -0.0118 -0.9136 -0.4064
vn 0.0036 -0.8936 -0.4489
vn 0.0694 -0.1374 0.9881
vn 0.1729 -0.0724 0.9823
vn 0.1454 -0.0971 0.9846
vn -0.0017 0.0458 0.9989
vn 0.2088 -0.9387 -0.2743
vn -0.6693 0.7332 0.1205
vn 0.0207 -0.9993 0.0310
vn 0.0090 0.2827 -0.9592
vn -0.1142 0.2791 -0.9535
vn -0.1413 0.1271 0.9818
vn -0.1578 0.1055 0.9818
vn -0.8103 0.5768 -0.1035
vn -0.8227 0.5632 -0.0777
vn -0.8159 0.5708 -0.0920
vn 0.5732 -0.4393 -0.6917
vn 0.3892 -0.2972 -0.8719
vn 0.4015 -0.2437 -0.8828
vn 0.4098 -0.2037 -0.8891
vn 0.4214 -0.1403 -0.8959
vn -0.4831 0.6772 0.5550
vn 0.1870 -0.0025 0.9824
vn -0.7686 0.2185 0.6012
vn -0.7730 0.2210 0.5946
vn -0.8298 0.5547 -0.0619
vn -0.0597 0.0903 -0.9941
vn -0.0613 0.1016 -0.9929
vn -0.0767 0.2114 -0.9744
vn -0.5684 0.6171 -0.5442
vn -0.5881 0.6127 -0.5280
vn -0.5995 0.6073 -0.5213
vn -0.1191 -0.5821 -0.8043
vn -0.0958 -0.5564 -0.8254
vn -0.0231 -0.4712 -0.8817
vn -0.1380 0.4028 0.9048
vn -0.2662 0.4717 0.8406
vn -0.2646 0.4646 0.8451
vn -0.2761 0.5159 0.8109
vn -0.2773 0.5220 0.8066
vn -0.4838 0.3190 -0.8150
vn -0.6658 0.5759 -0.4745
vn -0.2333 0.2334 -0.9440
vn 0.2723 -0.2770 -0.9215
vn 0.1306 -0.1933 -0.9724
vn 0.1127 -0.1824 -0.9767
vn -0.0802 0.2368 -0.9682
vn 0.0007 0.5705 -0.8213
vn 0.8960 0.4313 -0.1061
vn 0.8930 0.4347 -0.1166
vn 0.8857 0.4423 -0.1412
vn -0.7824 0.3772 0.4956
vn 0.6636 -0.2958 0.6871
vn -0.5737 0.5797 -0.5786
vn -0.5655 0.6129 -0.5519
vn 0.6824 -0.7194 -0.1293
vn 0.1805 -0.1677 0.9692
vn 0.0437 0.0436 -0.9981
vn 0.0612 0.0612 -0.9962
vn 0.0664 0.0663 -0.9956
vn -0.0297 0.8947 0.4456
vn 0.0200 -0.0589 -0.9981
vn 0.0121 -0.0483 -0.9988
vn 0.0176 -0.0557 -0.9983
vn 0.0086 -0.0436 -0.9990
vn -0.0123 0.1327 -0.9911
vn 0.0160 -0.4107 -0.9116
vn -0.0506 0.2468 -0.9677
vn 0.8817 0.4461 -0.1535
vn 0.0338 -0.0338 0.9989
vn 0.0452 -0.0612 0.9971
vn -0.6328 -0.6429 -0.4314
vn -0.2181 0.1486 -0.9645
vn -0.2906 0.1387 -0.9467
vn -0.2400 0.1457 -0.9598
vn 0.2915 -0.2881 -0.9122
vn -0.5010 0.6309 -0.5924
vn 0.0285 -0.6578 -0.7527
vn -0.2688 -0.2353 -0.9340
vn -0.0000 -0.7788 -0.6273
vn 0.4106 -0.4578 0.7885
vn -0.0061 -0.5939 -0.8045
vn -0.8983 0.4361 -0.0539
vn 0.8764 0.4739 0.0858
vn -0.0367 0.1403 0.9894
vn -0.1880 0.4623 0.8665
vn 0.2561 -0.0172 0.9665
vn 0.1311 -0.1311 0.9827
vn 0.1271 -0.2757 0.9528
vn 0.1261 -0.3003 0.9455
vn 0.1226 -0.3746 0.9191
vn 0.3850 -0.2397 0.8912
vn -0.0636 -0.0154 0.9979
vn -0.9722 -0.1474 -0.1819
vn 0.1251 -0.4019 -0.9071
vn 0.0803 -0.7757 -0.6260
vn -0.0046 -0.4484 -0.8938
vn 0.2215 -0.2290 0.9479
vn 0.3003 -0.2733 0.9139
vn 0.2619 -0.2519 0.9316
vn 0.8138 -0.0543 0.5787
vn -0.3464 0.2077 0.9148
vn -0.6581 0.1990 0.7262
vn -0.6643 0.2204 0.7142
vn -0.6448 0.1576 0.7479
vn -0.2719 -0.5510 0.7889
vn -0.8228 -0.3537 -0.4448
vn -0.8363 0.2231 0.5009
vn -0.0147 -0.0437 -0.9989
vn -0.5578 0.3418 -0.7563
vn -0.0396 -0.2089 -0.9771
vn -0.0201 -0.1376 -0.9903
vn -0.0000 -0.1328 -0.9911
vn 0.0319 0.0782 -0.9964
vn 0.0669 0.1222 -0.9902
vn 0.0222 0.0794 -0.9966
vn -0.0000 0.1434 -0.9897
vn -0.0000 0.1433 -0.9897
vn 0.1272 0.1803 -0.9754
vn -0.8771 0.2912 -0.3821
vn -0.0652 0.3404 -0.9380
vn -0.0668 0.3179 -0.9458
vn 0.0174 0.4318 -0.9018
vn 0.8934 0.1282 0.4307
vn 0.9053 0.1418 0.4003
vn 0.9137 0.1521 0.3769
vn 0.9175 0.1570 0.3654
vn 0.3414 0.1253 0.9315
vn 0.3482 0.1297 0.9284
vn 0.3629 0.1391 0.9214
vn -0.1980 0.4133 0.8888
vn -0.0538 0.0730 0.9959
vn 0.0405 -0.5523 -0.8326
vn 0.0161 -0.5446 -0.8386
vn 0.0155 -0.5444 -0.8387
vn -0.0104 -0.5357 -0.8444
vn -0.9719 0.1889 -0.1401
vn -0.8498 0.2188 0.4795
vn 0.4982 -0.8661 -0.0414
vn 0.3469 -0.4966 -0.7956
vn 0.3707 -0.5253 -0.7659
vn 0.3426 -0.4914 -0.8007
vn -0.1427 0.2991 -0.9435
vn 0.3681 0.1424 0.9188
vn -0.3324 0.4624 0.8220
vn -0.4948 0.4670 0.7329
vn -0.4391 0.4672 0.7674
vn -0.1274 -0.0783 0.9888
vn -0.0356 -0.0358 0.9987
vn -0.0507 -0.8009 0.5967
vn -0.8223 -0.1825 0.5391
vn -0.8241 -0.1815 0.5365
vn -0.8234 -0.1243 0.5537
vn 0.5805 -0.1821 0.7937
vn -0.8111 -0.2719 0.5179
vn -0.8185 -0.1318 0.5592
vn 0.5520 -0.7746 0.3086
vn 0.3081 -0.4495 -0.8385
vn -0.0211 0.0672 -0.9975
vn 0.0034 0.5632 -0.8263
vn -0.5156 0.5603 0.6483
vn 0.1171 -0.7916 0.5997
vn 0.7578 -0.3998 0.5157
vn 0.7542 -0.4280 0.4980
vn 0.7609 -0.3662 0.5356
vn -0.9584 0.2567 0.1250
vn -0.3184 0.1347 -0.9383
vn -0.4605 0.3990 -0.7929
vn -0.4906 0.4006 -0.7738
vn -0.4428 0.4192 -0.7926
vn 0.0213 0.2999 -0.9537
vn -0.0541 0.2342 -0.9707
vn -0.1155 0.3623 -0.9249
vn -0.0574 0.2249 -0.9727
vn -0.2829 0.4823 -0.8291
vn 0.0950 -0.7793 -0.6194
vn -0.5279 0.8396 -0.1279
vn 0.7111 0.1467 -0.6876
vn 0.6897 0.2436 -0.6819
vn 0.7125 0.1877 -0.6761
vn -0.1973 0.9739 0.1124
vn 0.2553 0.9088 -0.3300
vn -0.7297 0.4978 0.4688
vn -0.6251 0.7756 -0.0875
vn 0.8636 0.5015 -0.0513
vn -0.8727 0.4312 0.2289
vn -0.5388 0.3809 -0.7514
vn -0.5350 0.3820 -0.7535
vn -0.5456 0.3788 -0.7476
vn -0.5690 0.7954 -0.2086
vn -0.5968 0.7880 -0.1511
vn -0.5356 0.7985 -0.2748
vn -0.2180 0.6553 0.7232
vn -0.2534 0.6218 0.7411
vn -0.1565 0.6794 0.7168
vn -0.1747 0.9233 0.3419
vn -0.4162 0.8669 -0.2742
vn -0.3399 0.9189 -0.2004
vn -0.3597 0.9015 -0.2405
vn -0.3257 0.5518 -0.7677
vn -0.2266 0.5508 -0.8033
vn -0.2643 0.5504 -0.7920
vn -0.3621 0.9040 -0.2274
vn -0.4510 0.6797 0.5785
vn -0.3170 0.6889 0.6519
vn -0.4163 0.6953 0.5859
vn -0.1732 0.5655 -0.8064
vn 0.0023 0.1904 0.9817
vn 0.0006 0.1918 0.9814
vn -0.0018 0.1938 0.9810
vn -0.0059 0.1972 0.9803
vn -0.6744 0.6606 0.3298
vn -0.8923 -0.0131 0.4513
vn -0.3821 0.4796 0.7899
vn -0.2467 -0.2489 0.9366
vn -0.2805 -0.1961 0.9396
vn -0.2150 -0.2964 0.9306
vn 0.7217 -0.1712 0.6707
vn 0.9873 -0.0542 0.1495
vn 0.4586 0.5556 0.6936
vn 0.4641 0.5692 0.6787
vn 0.4449 0.5223 0.7275
vn 0.8837 0.4680 0.0059
vn 0.3414 0.1165 0.9327
vn 0.1011 0.0441 0.9939
vn 0.3518 0.0226 0.9358
vn 0.0060 -0.0307 0.9995
vn -0.0458 -0.0017 0.9989
vn 0.0285 0.0062 0.9996
vn -0.3087 -0.1771 0.9345
vn -0.3090 -0.1725 0.9353
vn -0.3091 -0.1770 0.9344
vn -0.1341 -0.0022 0.9910
vn 0.2177 -0.0636 0.9739
vn -0.5340 -0.3213 0.7821
vn -0.5379 -0.3357 0.7733
vn -0.5334 -0.3217 0.7823
vn 0.3465 0.4042 0.8465
vn 0.3385 0.3952 0.8539
vn 0.3459 0.4043 0.8467
vn -0.1131 -0.0475 0.9924
vn -0.1846 -0.6769 0.7125
vn 0.4777 -0.8034 0.3555
vn 0.3036 -0.7002 0.6462
vn 0.2345 -0.7383 0.6324
vn 0.1746 -0.5968 0.7832
vn 0.5224 -0.7561 0.3942
vn -0.3781 -0.3675 0.8497
vn -0.3354 -0.4606 0.8218
vn -0.3393 -0.4018 0.8505
vn -0.2925 -0.8320 0.4715
vn 0.0014 -0.9635 0.2678
vn -0.0430 -0.9929 0.1109
vn 0.0666 -0.9890 0.1319
vn -0.3961 -0.3224 0.8598
vn 0.6588 -0.7488 -0.0733
vn 0.0912 -0.9906 -0.1022
vn -0.1345 -0.9899 -0.0450
vn 0.1980 -0.5046 0.8403
vn -0.6407 -0.6888 0.3392
vn -0.5836 -0.7272 0.3614
vn -0.6800 -0.6179 0.3947
vn -0.0472 -0.3208 0.9460
vn -0.5704 -0.7700 0.2860
vn -0.7001 -0.2127 0.6816
vn -0.4526 -0.2582 0.8535
vn -0.7723 -0.4973 0.3954
vn -0.0711 -0.9396 -0.3349
vn -0.0653 -0.9431 -0.3261
vn -0.0739 -0.9379 -0.3391
vn 0.7127 -0.5811 -0.3930
vn 0.7730 -0.4252 -0.4709
vn 0.5470 -0.8368 0.0246
vn -0.5792 -0.7881 0.2081
vn -0.9348 -0.2953 0.1971
vn -0.9324 -0.3032 0.1969
vn -0.9149 -0.3533 0.1951
vn -0.8362 0.1039 0.5384
vn -0.8396 0.0029 0.5432
vn -0.8201 0.1535 0.5512
vn 0.2182 -0.9731 -0.0741
vn -0.3994 -0.9163 -0.0292
vn -0.9492 -0.2444 0.1983
vn 0.6122 -0.7589 -0.2220
vn 0.2269 -0.9449 -0.2358
vn 0.2040 -0.9101 -0.3606
vn -0.0843 -0.9312 -0.3546
vn -0.8165 0.1988 0.5420
vn 0.6617 -0.6995 -0.2700
vn 0.7530 0.3917 0.5287
vn 0.3707 0.2675 0.8894
vn 0.3954 0.2438 0.8856
vn 0.4147 0.2749 0.8675
vn 0.4611 -0.0447 0.8862
vn 0.5148 -0.0000 0.8573
vn 0.4560 -0.0483 0.8887
vn -0.5557 -0.3639 0.7475
vn 0.3766 -0.0880 0.9222
vn 0.3599 -0.0596 0.9311
vn 0.4121 -0.1505 0.8986
vn 0.0152 -0.0287 0.9995
vn 0.0338 -0.0248 0.9991
vn 0.1678 0.0042 0.9858
vn -0.6557 -0.6553 -0.3749
vn 0.5029 0.2008 0.8407
vn -0.1354 -0.3140 0.9397
vn 0.0496 0.0356 0.9981
vn -0.9574 0.0409 0.2858
vn -0.6384 0.4189 0.6458
vn 0.2034 -0.2414 0.9489
vn 0.1088 -0.0400 0.9933
vn 0.0637 -0.0101 0.9979
vn 0.0888 -0.0267 0.9957
vn 0.2902 0.1332 0.9476
vn -0.9711 -0.0290 0.2368
vn 0.3869 -0.0262 0.9218
vn 0.2263 -0.2688 0.9362
vn 0.1989 -0.2342 0.9516
vn 0.2851 -0.3429 0.8951
vn 0.8509 -0.5068 0.1382
vn 0.9091 -0.3921 0.1407
vn 0.9176 -0.3787 0.1206
vn 0.9137 -0.3962 0.0908
vn 0.1996 0.6887 0.6970
vn 0.2394 0.6384 0.7315
vn 0.2884 0.6300 0.7211
vn 0.5365 0.6576 0.5289
vn 0.3381 0.5651 0.7526
vn 0.2658 0.5316 -0.8042
vn 0.1797 0.7069 0.6841
vn 0.3073 0.6656 0.6801
vn -0.3603 -0.8401 0.4055
vn -0.3536 -0.8241 0.4425
vn -0.3549 -0.8272 0.4357
vn -0.3137 -0.7283 0.6093
vn -0.3418 -0.9113 0.2295
vn 0.4721 0.7099 0.5226
vn -0.1335 -0.1348 0.9818
vn -0.0363 -0.1012 0.9942
vn -0.1607 -0.1187 0.9798
vn -0.6964 0.1052 0.7099
vn 0.0477 0.0005 0.9989
vn 0.7131 0.0786 0.6966
vn 0.9813 0.1731 0.0841
vn 0.9745 0.1887 0.1213
vn 0.9892 0.1454 0.0193
vn -0.7944 -0.2630 0.5475
vn -0.7735 -0.3315 0.5402
vn -0.7885 -0.2158 0.5760
vn 0.8880 -0.0260 0.4591
vn -0.5142 0.7841 0.3475
vn -0.8465 -0.1856 0.4990
vn 0.9919 0.1231 -0.0319
vn 0.1194 -0.0433 0.9919
vn -0.1245 -0.8983 0.4213
vn 0.7736 -0.6194 0.1338
vn 0.8636 0.5017 0.0506
vn 0.8579 0.5129 0.0302
vn 0.8011 0.5982 0.0201
vn 0.8087 0.5880 -0.0126
vn -0.0139 -0.6742 0.7384
vn -0.0482 -0.6721 0.7389
vn -0.0091 -0.6424 0.7663
vn -0.4956 -0.7078 0.5034
vn -0.7291 -0.3944 0.5593
vn 0.3199 -0.3868 0.8649
vn 0.6234 -0.1204 0.7726
vn 0.6079 -0.1427 0.7811
vn 0.6111 -0.1381 0.7794
vn 0.5924 -0.1642 0.7888
vn 0.0738 -0.5227 0.8493
vn 0.0803 -0.5139 0.8541
vn -0.4371 -0.5249 0.7303
vn 0.4006 0.2766 0.8735
vn 0.7232 0.6854 0.0852
vn 0.6120 -0.6097 0.5037
vn 0.8120 -0.5378 0.2269
vn 0.1265 -0.8097 0.5730
vn -0.0700 0.6978 0.7129
vn 0.0293 0.7161 0.6974
vn 0.0308 0.7163 0.6971
vn 0.7299 -0.2752 0.6257
vn 0.6754 -0.1571 0.7206
vn 0.7092 -0.2263 0.6677
vn 0.7791 0.1776 0.6012
vn 0.8131 0.1291 0.5677
vn 0.7440 0.2223 0.6301
vn -0.0086 -0.6805 0.7327
vn -0.6802 -0.4200 0.6008
vn 0.8782 -0.0407 -0.4766
vn -0.2809 -0.1462 0.9485
vn 0.1283 0.4840 0.8656
vn 0.1122 0.4437 0.8891
vn 0.1321 0.6534 0.7454
vn -0.2997 0.8758 0.3784
vn -0.2284 0.8186 0.5269
vn -0.2427 0.8317 0.4994
vn 0.6957 0.6623 0.2782
vn 0.1245 0.7266 0.6756
vn 0.7083 0.2635 0.6549
vn 0.7014 0.7021 0.1229
vn 0.1247 0.6421 0.7564
vn 0.1477 -0.0120 0.9890
vn -0.0049 -0.1817 0.9833
vn 0.0575 -0.1412 0.9883
vn 0.1413 -0.9878 0.0663
vn 0.1206 -0.9887 0.0892
vn 0.1191 -0.9887 0.0907
vn -0.0040 0.0804 0.9968
vn -0.0100 -0.1977 0.9802
vn -0.0129 -0.1276 0.9917
vn -0.2495 0.7137 0.6545
vn -0.2483 0.5628 0.7884
vn -0.2475 0.5447 0.8013
vn 0.5600 -0.1578 0.8133
vn 0.0400 0.5942 0.8033
vn -0.2646 0.5903 0.7626
vn 0.3082 0.2706 0.9120
vn -0.5241 0.7196 0.4556
vn -0.2345 0.2123 0.9487
vn -0.1809 0.2051 0.9619
vn -0.2600 0.1315 0.9566
vn -0.0842 -0.0982 0.9916
vn -0.0531 -0.1087 0.9927
vn -0.1481 -0.1613 0.9757
vn 0.2070 -0.4250 0.8812
vn 0.2271 -0.5128 0.8279
vn 0.2298 -0.5214 0.8218
vn -0.2627 0.0971 0.9600
vn 0.2363 -0.4291 0.8718
vn -0.0526 -0.0117 0.9985
vn -0.0193 0.0216 0.9996
vn -0.0196 -0.0042 0.9998
vn -0.3459 0.8954 -0.2803
vn 0.6953 0.1788 0.6961
vn 0.7393 0.0535 0.6713
vn 0.7276 0.0909 0.6799
vn 0.0251 -0.0314 0.9992
vn 0.1079 -0.0272 0.9938
vn 0.3059 0.9204 -0.2434
vn 0.4900 0.8716 -0.0114
vn 0.1167 0.4353 0.8927
vn 0.0288 0.6056 0.7953
vn 0.1074 0.3453 0.9323
vn 0.0992 0.5670 0.8177
vn 0.7606 -0.0280 0.6487
vn -0.0929 0.1506 0.9842
vn -0.0260 0.1611 0.9866
vn -0.0962 0.1314 0.9867
vn 0.0560 -0.0730 0.9958
vn -0.3553 0.2002 0.9130
vn -0.0722 -0.5459 0.8347
vn -0.1393 -0.6241 0.7688
vn -0.0992 -0.5782 0.8098
vn 0.1679 0.0600 0.9840
vn 0.8970 0.4352 0.0775
vn 0.2466 -0.4316 0.8677
vn -0.3610 0.2425 0.9005
vn -0.5141 0.2548 0.8190
vn -0.4878 0.2531 0.8355
vn 0.0666 -0.3122 0.9477
vn 0.0375 -0.2701 0.9621
vn 0.1360 -0.0621 0.9888
vn -0.4188 0.5216 -0.7434
vn -0.4739 0.5467 -0.6903
vn -0.4334 0.5284 -0.7300
vn 0.4889 -0.1134 0.8649
vn 0.0958 -0.9886 0.1164
vn 0.0188 0.0674 0.9975
vn 0.0556 -0.1238 0.9908
vn 0.1218 0.4816 -0.8679
vn 0.9819 -0.0846 0.1697
vn 0.9844 0.1640 0.0646
vn 0.9512 0.2232 0.2132
vn 0.9730 0.1906 0.1301
vn -0.0287 0.0068 0.9996
vn -0.0209 -0.0161 0.9997
vn 0.0360 0.1145 0.9928
vn -0.5053 -0.8581 0.0908
vn 0.0617 -0.0464 0.9970
vn 0.4321 0.0027 0.9018
vn -0.7331 0.3282 0.5957
vn -0.6713 0.4172 0.6127
vn -0.7178 0.3518 0.6008
vn 0.9718 0.1169 -0.2046
vn -0.4973 0.8651 -0.0664
vn -0.0263 0.0525 0.9983
vn -0.0276 0.0577 0.9980
vn -0.0114 0.0727 0.9973
vn -0.0091 -0.2043 0.9789
vn 0.9737 -0.2257 0.0325
vn 0.0513 -0.3598 0.9316
vn -0.0679 -0.4683 0.8809
vn 0.0420 -0.3834 0.9226
vn -0.0599 -0.4855 0.8722
vn -0.0134 0.6510 0.7590
vn -0.2628 0.7719 -0.5789
vn -0.2615 0.7738 -0.5769
vn -0.2308 0.7655 -0.6006
vn 0.0372 -0.4945 0.8684
vn -0.0956 -0.4916 0.8656
vn -0.0109 -0.4944 0.8692
vn -0.1463 -0.4881 0.8604
vn 0.1626 -0.0253 0.9864
vn 0.5099 -0.3920 0.7657
vn 0.5633 -0.3569 0.7452
vn 0.4592 -0.4225 0.7814
vn 0.3728 -0.6734 0.6384
vn -0.3401 0.2404 0.9091
vn 0.1962 0.6272 0.7537
vn -0.9250 -0.3658 0.1024
vn -0.9451 -0.3214 0.0589
vn -0.9335 -0.3484 0.0852
vn -0.2314 -0.9639 -0.1315
vn 0.1657 -0.0349 0.9856
vn 0.6084 -0.3245 0.7242
vn 0.2893 0.0389 0.9564
vn 0.3407 0.0982 0.9350
vn 0.2481 -0.0074 0.9687
vn -0.0206 -0.7417 0.6705
vn -0.0263 -0.8655 0.5003
vn -0.0265 -0.8691 0.4938
vn -0.3593 0.4923 -0.7929
vn -0.2489 0.7318 0.6345
vn 0.2642 -0.0986 -0.9594
vn 0.2106 -0.1972 -0.9575
vn -0.9088 -0.3956 0.1322
vn -0.9876 0.1564 0.0103
vn -0.9930 0.1136 -0.0311
vn -0.9865 0.1636 0.0041
vn 0.1957 -0.0676 0.9783
vn 0.1896 -0.0713 0.9793
vn -0.0603 -0.0514 -0.9969
vn 0.0926 0.1637 0.9822
vn -0.2949 0.9533 -0.0645
vn 0.1855 0.5955 -0.7816
vn 0.1782 0.5911 -0.7867
vn 0.1823 0.5936 -0.7839
vn -0.0469 -0.4163 -0.9080
vn 0.4799 -0.7839 0.3941
vn -0.1161 -0.5594 0.8207
vn -0.1554 -0.5047 0.8492
vn -0.1669 -0.4879 0.8568
vn -0.1887 -0.7474 0.6370
vn -0.0133 0.0468 0.9988
vn -0.7738 0.2586 0.5782
vn -0.2606 0.5411 -0.7996
vn -0.2920 0.8695 0.3984
vn -0.4777 -0.7501 0.4572
vn -0.9787 0.2052 0.0071
vn -0.2524 0.2358 -0.9385
vn 0.9777 0.0168 -0.2091
vn 0.9761 -0.0132 -0.2168
vn 0.9780 0.0235 -0.2073
vn 0.3891 0.1559 0.9079
vn 0.1543 -0.1981 0.9680
vn 0.1307 -0.0850 0.9878
vn 0.1475 -0.1171 0.9821
vn 0.5041 0.4411 0.7425
vn -0.8806 0.4163 0.2265
vn 0.9350 0.2411 0.2599
vn 0.1175 0.1837 0.9759
vn -0.5997 -0.3157 -0.7353
vn -0.1325 -0.4452 0.8856
vn -0.1334 -0.4497 0.8832
vn -0.1891 -0.4547 0.8704
vn -0.1588 -0.6456 0.7470
vn -0.0317 0.6473 0.7616
vn 0.0634 -0.4399 0.8958
vn 0.0065 -0.4683 0.8836
vn -0.0328 -0.5053 0.8623
vn 0.9746 -0.1298 -0.1825
vn 0.9747 -0.1384 -0.1757
vn 0.9744 -0.1212 -0.1893
vn 0.4658 -0.1578 0.8707
vn -0.4455 -0.5827 0.6797
vn -0.4758 -0.8767 0.0711
vn -0.0228 0.0647 0.9976
vn -0.0366 0.0331 0.9988
vn 0.0418 -0.3655 0.9299
vn 0.5546 -0.8128 0.1780
vn 0.2620 0.9604 0.0951
vn 0.0927 0.9951 0.0351
vn 0.4143 0.8032 0.4280
vn 0.2685 -0.9632 -0.0108
vn 0.1666 -0.9860 -0.0037
vn 0.1846 -0.9828 -0.0049
vn 0.0894 -0.9960 0.0017
vn 0.0760 -0.0399 0.9963
vn 0.1174 -0.0973 0.9883
vn 0.0615 0.1828 0.9812
vn 0.0917 0.0714 0.9932
vn 0.1181 0.0860 0.9893
vn -0.9255 0.3667 -0.0952
vn 0.9784 0.0482 -0.2008
vn 0.8904 -0.2332 0.3908
vn 0.5274 -0.7421 -0.4137
vn -0.0017 -0.9268 0.3757
vn -0.0204 -0.8950 0.4456
vn -0.0289 -0.8775 0.4788
vn -0.5313 0.3936 0.7502
vn -0.5692 0.3618 0.7383
vn -0.5496 0.3761 0.7459
vn -0.2857 0.3069 0.9078
vn -0.2891 0.3152 0.9039
vn -0.2863 0.3086 0.9071
vn -0.2901 0.3175 0.9028
vn 0.5763 -0.0357 -0.8164
vn 0.4929 0.0648 -0.8677
vn 0.6129 -0.0161 -0.7900
vn 0.9737 -0.1053 -0.2019
vn -0.9787 0.2018 -0.0391
vn 0.1906 0.5987 -0.7780
vn 0.6582 0.3993 -0.6382
vn 0.1958 0.0702 0.9781
vn -0.9742 0.0845 0.2092
vn 0.9249 0.2211 0.3092
vn 0.9407 0.1668 0.2953
vn 0.9258 0.2183 0.3085
vn -0.9590 0.2456 -0.1415
vn -0.3033 0.2315 0.9244
vn 0.9092 0.2430 -0.3380
vn 0.9099 0.2406 -0.3379
vn 0.9098 0.2412 -0.3379
vn -0.0663 0.5427 0.8373
vn -0.0769 0.5053 0.8595
vn -0.0681 0.5365 0.8412
vn -0.0055 -0.3537 0.9353
vn 0.0373 0.1273 -0.9912
vn 0.0015 0.1143 -0.9934
vn 0.1856 0.1794 -0.9661
vn -0.6617 0.0901 -0.7443
vn -0.1493 0.7218 -0.6758
vn 0.0026 0.0785 0.9969
vn 0.9105 0.2386 -0.3377
vn 0.0222 -0.2486 -0.9684
vn 0.0120 -0.2923 -0.9563
vn 0.0511 -0.2967 -0.9536
vn -0.2478 0.9668 0.0623
vn -0.1621 0.9855 0.0509
vn -0.1818 0.9820 0.0508
vn -0.0818 0.4873 0.8694
vn -0.3644 -0.9140 -0.1783
vn -0.3080 -0.9475 -0.0862
vn -0.3883 -0.8952 -0.2190
vn 0.1719 -0.8790 -0.4447
vn 0.1043 0.4332 0.8952
vn 0.5564 -0.5584 0.6153
vn 0.7673 0.3107 0.5610
vn 0.8013 0.2947 0.5206
vn 0.7792 0.3054 0.5474
vn 0.8101 0.2902 0.5094
vn 0.7476 -0.3919 -0.5362
vn -0.2182 -0.7041 0.6757
vn 0.2487 -0.4246 0.8706
vn 0.2455 -0.3759 0.8936
vn 0.2430 -0.3432 0.9073
vn 0.5234 -0.4038 0.7503
vn 0.2204 0.1912 -0.9565
vn -0.1087 0.1293 -0.9856
vn -0.0928 0.1410 -0.9856
vn -0.0337 0.1840 -0.9823
vn -0.0061 0.4348 0.9005
vn -0.0275 0.4671 0.8838
vn -0.0657 0.5230 0.8498
vn 0.2063 -0.7143 0.6688
vn 0.1959 -0.7484 0.6337
vn 0.2006 -0.7333 0.6497
vn -0.3791 -0.4449 0.8114
vn -0.2493 -0.3771 0.8920
vn -0.3334 -0.4218 0.8432
vn -0.2129 -0.3569 0.9096
vn -0.4959 -0.6226 0.6054
vn 0.6524 -0.1153 0.7491
vn 0.4283 0.3385 0.8378
vn 0.4305 0.5200 0.7377
vn 0.4091 0.4878 0.7712
vn -0.3041 -0.7425 -0.5968
vn -0.1112 0.5863 0.8024
vn 0.3549 -0.9104 -0.2125
vn 0.4747 0.2303 0.8495
vn 0.4184 0.3369 0.8435
vn 0.9039 0.2801 0.3233
vn 0.1177 0.6839 0.7200
vn 0.1388 0.6494 0.7477
vn -0.3199 0.8881 0.3301
vn 0.9214 -0.3490 -0.1710
vn 0.8508 -0.4935 -0.1805
vn 0.8693 -0.4526 -0.1988
vn 0.6535 -0.7412 0.1538
vn -0.8797 -0.4700 0.0728
vn 0.0434 0.1162 0.9923
vn -0.4202 -0.8647 -0.2753
vn -0.0305 -0.4098 -0.9117
vn -0.0094 -0.4392 -0.8983
vn 0.0181 -0.4765 -0.8790
vn 0.7090 0.4860 -0.5110
vn 0.6524 0.6055 0.4557
vn 0.5880 0.6405 0.4940
vn -0.4409 -0.8427 0.3091
vn 0.9348 0.3367 -0.1131
vn 0.7022 0.1034 -0.7044
vn 0.7121 0.1032 -0.6945
vn 0.7087 0.1033 -0.6979
vn 0.0889 -0.7156 0.6928
vn -0.1984 -0.5986 0.7761
vn -0.1187 -0.5214 0.8450
vn -0.0247 0.8684 -0.4952
vn 0.8597 0.0060 -0.5107
vn 0.1765 -0.8040 0.5679
vn 0.2519 -0.4914 0.8337
vn -0.6736 -0.6581 -0.3364
vn -0.6687 -0.6630 -0.3364
vn -0.7557 -0.5641 -0.3327
vn -0.9801 0.0472 0.1928
vn -0.9792 0.0487 0.1968
vn -0.9773 0.0518 0.2052
vn -0.0275 -0.0073 0.9996
vn 0.0362 -0.0448 0.9983
vn -0.0060 -0.0259 0.9996
vn -0.0601 -0.4244 0.9035
vn -0.0910 -0.3533 0.9311
vn -0.5147 -0.8199 0.2508
vn 0.5149 -0.2970 -0.8042
vn 0.6618 0.6058 0.4416
vn 0.7000 0.1034 -0.7066
vn 0.3716 0.0291 -0.9279
vn -0.6337 -0.7221 -0.2775
vn -0.5943 -0.7312 0.3348
vn -0.3567 -0.1435 0.9231
vn -0.5788 -0.7436 -0.3347
vn -0.6426 0.0744 0.7626
vn -0.6408 0.0757 0.7640
vn -0.6379 0.0778 0.7662
vn -0.0338 0.8692 0.4934
vn 0.0281 0.8850 0.4648
vn -0.0446 0.8547 0.5173
vn 0.1668 0.5933 -0.7875
vn 0.7811 -0.5997 -0.1739
vn -0.0161 -0.9847 0.1735
vn -0.0725 0.0738 0.9946
vn -0.0396 0.0125 0.9991
vn -0.0354 0.9914 0.1258
vn -0.0776 0.9931 0.0873
vn 0.0974 -0.8717 0.4802
vn -0.6345 0.0802 0.7687
vn -0.0574 0.0127 0.9983
vn -0.3966 -0.9180 0.0049
vn -0.3946 -0.9179 -0.0427
vn -0.3950 -0.9181 -0.0337
vn -0.0562 -0.3729 -0.9262
vn 0.0043 -0.8143 -0.5804
vn -0.0696 -0.0318 -0.9971
vn -0.0686 0.0911 -0.9935
vn -0.0645 0.1739 -0.9826
vn -0.0893 0.1954 -0.9766
vn -0.0059 0.9877 0.1563
vn -0.3693 0.8764 -0.3090
vn -0.3573 0.8851 -0.2983
vn -0.3634 0.8807 -0.3037
vn -0.1493 0.7495 -0.6449
vn 0.7570 -0.6409 -0.1273
vn -0.9761 0.0539 0.2107
vn 0.5860 0.7524 -0.3010
vn 0.6217 0.7393 -0.2588
vn 0.6646 0.7190 -0.2034
vn 0.2141 -0.2852 -0.9343
vn 0.1615 -0.3627 -0.9178
vn 0.0761 -0.4113 -0.9083
vn -0.0775 0.1080 0.9911
vn -0.1067 -0.3677 0.9238
vn -0.3918 -0.9159 -0.0868
vn 0.0319 -0.4624 -0.8861
vn -0.0710 -0.4639 -0.8830
vn 0.0338 -0.9820 -0.1857
vn -0.7211 -0.2529 -0.6450
vn -0.7362 -0.1206 -0.6659
vn -0.7335 -0.1557 -0.6616
vn -0.0478 -0.0378 0.9981
vn 0.1071 -0.9193 -0.3788
vn 0.8600 0.4246 -0.2830
vn 0.8880 0.3022 -0.3467
vn 0.8684 0.3686 -0.3316
vn 0.6670 0.6662 -0.3335
vn 0.8312 0.3686 -0.4162
vn 0.8533 0.4257 -0.3012
vn -0.7804 -0.5428 -0.3103
vn -0.5627 -0.5396 -0.6263
vn -0.3284 -0.7783 -0.5351
vn -0.0342 0.7531 -0.6570
vn 0.1784 -0.9248 -0.3360
vn 0.1628 -0.9306 -0.3279
vn 0.1646 -0.9299 -0.3288
vn 0.1531 -0.9340 -0.3228
vn 0.5286 -0.8320 -0.1685
vn 0.6869 0.7061 -0.1721
vn -0.6137 -0.1169 -0.7808
vn -0.1161 -0.1085 -0.9873
vn -0.4043 -0.1630 0.9000
vn -0.3759 0.8716 -0.3148
vn 0.4316 0.4291 -0.7935
vn 0.6884 0.4197 -0.5916
vn 0.6929 0.4070 -0.5952
vn 0.7171 0.4033 -0.5685
vn -0.4126 0.0148 -0.9108
vn 0.5661 -0.8126 0.1387
vn 0.5642 -0.8131 0.1435
vn -0.7388 -0.0433 -0.6725
vn -0.0393 -0.0983 0.9944
vn -0.0032 0.7543 -0.6566
vn 0.1601 0.9851 -0.0628
vn 0.1037 0.9648 -0.2416
vn 0.1658 0.9851 -0.0449
vn 0.1009 0.9611 -0.2573
vn -0.5207 0.3548 -0.7765
vn 0.6110 -0.7799 0.1357
vn -0.8684 0.1057 -0.4845
vn -0.0649 -0.4754 0.8774
vn -0.0967 -0.9834 0.1535
vn 0.0153 -0.9905 0.1365
vn -0.0247 -0.9857 0.1668
vn -0.1747 0.8450 -0.5054
vn -0.3888 -0.0043 0.9213
vn -0.4039 0.0058 0.9148
vn -0.2437 -0.0646 0.9677
vn -0.1153 -0.0517 0.9920
vn -0.3570 -0.7897 -0.4989
vn 0.1048 0.9598 -0.2603
vn 0.2545 0.1108 -0.9607
vn 0.2838 0.0725 -0.9561
vn 0.3475 -0.0145 -0.9376
vn -0.4201 -0.3317 -0.8447
vn -0.3888 -0.2664 -0.8820
vn -0.3767 -0.2418 -0.8942
vn -0.0933 -0.8302 0.5497
vn -0.0346 -0.7504 0.6601
vn -0.0360 -0.7747 0.6313
vn 0.3005 -0.8770 -0.3750
vn 0.1838 -0.8995 -0.3964
vn 0.3114 -0.8742 -0.3726
vn 0.2222 0.0161 0.9749
vn 0.1907 0.1908 -0.9629
vn 0.3090 0.4403 -0.8430
vn 0.4839 0.3871 -0.7849
vn -0.0077 0.5220 -0.8529
vn -0.1097 -0.8512 0.5133
vn -0.1085 -0.4976 -0.8606
vn -0.2044 -0.4746 -0.8561
vn -0.2063 -0.3247 -0.9230
vn 0.0476 0.5240 0.8504
vn 0.0576 0.4585 0.8868
vn 0.0632 0.4194 0.9056
vn -0.2938 -0.3777 0.8781
vn -0.3270 -0.3255 0.8872
vn -0.4544 -0.2846 0.8441
vn -0.1770 -0.5476 -0.8178
vn -0.0824 -0.5436 -0.8353
vn -0.1198 -0.5458 -0.8293
vn 0.6389 0.0533 0.7674
vn 0.5281 0.0276 0.8488
vn 0.5464 0.0317 0.8369
vn 0.6865 -0.6446 0.3364
vn 0.4561 -0.8330 -0.3132
vn 0.4687 -0.8477 -0.2484
vn 0.4719 -0.8512 -0.2297
vn 0.4863 -0.8646 -0.1265
vn -0.2432 -0.7099 -0.6610
vn -0.0892 -0.5701 -0.8167
vn -0.2136 0.7282 0.6512
vn 0.0677 0.3874 0.9194
vn -0.2130 -0.5478 -0.8090
vn -0.0242 0.2322 -0.9724
vn -0.3204 -0.9330 0.1640
vn 0.0113 -0.9855 -0.1692
vn -0.5777 -0.2303 0.7831
vn -0.8416 -0.4494 0.2997
vn -0.8125 -0.5793 0.0654
vn 0.8182 -0.5140 0.2576
vn -0.6806 -0.3733 -0.6304
vn 0.0021 -0.3812 -0.9245
vn -0.0273 -0.3461 -0.9378
vn -0.0209 -0.3539 -0.9351
vn -0.0443 -0.3254 -0.9445
vn 0.0691 -0.1207 0.9903
vn 0.0733 -0.2056 0.9759
vn 0.0603 -0.0815 0.9948
vn 0.0662 -0.1992 0.9777
vn -0.7175 0.2174 0.6618
vn 0.4748 -0.2768 0.8354
vn 0.9519 -0.2132 -0.2199
vn 0.9346 -0.2130 -0.2847
vn 0.9377 -0.2131 -0.2744
vn -0.9696 0.2278 0.0890
vn -0.4075 0.1173 0.9056
vn -0.5251 0.1230 0.8421
vn -0.5123 0.1224 0.8500
vn -0.6568 0.1203 -0.7444
vn 0.8924 -0.2103 -0.3993
vn -0.9048 0.2738 -0.3261
vn -0.0078 -0.0730 0.9973
vn 0.0087 -0.0668 0.9977
vn 0.0200 -0.0496 0.9986
vn -0.7345 -0.0682 0.6751
vn -0.7172 -0.0652 0.6938
vn -0.5741 -0.0212 0.8185
vn -0.5616 -0.0271 0.8270
vn 0.6230 -0.6614 0.4177
vn 0.2937 -0.4673 0.8339
vn 0.7643 0.1311 0.6314
vn 0.9403 0.2909 -0.1769
vn 0.9301 0.2816 -0.2357
vn 0.9179 0.2722 -0.2887
vn 0.6308 -0.7756 -0.0228
vn 0.6461 -0.4023 -0.6486
vn 0.3053 0.1632 0.9381
vn 0.2688 0.0709 0.9606
vn 0.3572 0.2777 0.8918
vn 0.9499 0.3049 -0.0691
vn 0.1997 0.0179 0.9797
vn 0.1782 -0.9658 -0.1885
vn -0.1200 -0.7614 0.6371
vn -0.1164 -0.7628 0.6361
vn -0.1545 -0.7476 0.6460
vn -0.1296 0.6809 0.7208
vn 0.2557 0.1994 -0.9460
vn 0.2756 0.1353 -0.9517
vn 0.2847 0.1586 -0.9454
vn -0.0717 -0.7788 0.6232
vn 0.4360 0.7411 0.5106
vn 0.2985 0.8406 0.4520
vn 0.3277 0.8105 0.4855
vn 0.3308 -0.1623 -0.9296
vn 0.2894 -0.2005 -0.9360
vn 0.3045 -0.1868 -0.9340
vn -0.0000 0.9364 0.3508
vn 0.6079 0.7155 0.3443
vn 0.6262 0.7340 0.2627
vn 0.6365 0.7440 0.2033
vn 0.6451 0.7519 0.1359
vn -0.5823 -0.6986 0.4157
vn -0.0000 -1.0000 -0.0000
vn -0.7354 -0.5319 0.4199
vn 0.5597 0.7200 0.4103
vn 0.7458 0.5153 0.4222
vn 0.7280 0.4863 0.4832
vn 0.7432 0.5108 0.4321
vn 0.8900 0.1337 0.4359
vn 0.3107 -0.3953 0.8644
vn 0.4119 0.0890 0.9069
vn 0.3589 0.3859 0.8499
vn 0.7146 -0.3181 0.6231
vn 0.6665 -0.3780 0.6425
vn 0.6361 -0.4124 0.6522
vn -0.5090 -0.7349 0.4482
vn -0.5229 -0.7454 0.4135
vn -0.5248 -0.7468 0.4084
vn -0.5338 -0.7533 0.3841
vn 0.7620 0.5461 0.3481
vn 0.0267 0.0611 0.9978
vn 0.0460 0.0993 0.9940
vn 0.0441 -0.0706 0.9965
vn 0.0611 0.6657 0.7437
vn 0.5901 -0.4600 0.6635
vn -0.0483 0.1130 0.9924
vn 0.9777 0.0492 0.2041
vn -0.0874 -0.1072 0.9904
vn -0.0106 0.0118 0.9999
vn -0.0311 -0.0645 0.9974
vn 0.2065 0.9599 0.1894
vn 0.4912 0.6752 0.5503
vn 0.5667 0.6247 0.5372
vn -0.7239 0.4877 0.4880
vn -0.5922 -0.6066 0.5305
vn -0.3099 -0.4001 -0.8625
vn 0.5695 0.6194 0.5404
vn 0.5659 0.5061 0.6509
vn -0.0250 0.0915 0.9955
vn 0.6397 0.7665 -0.0565
vn -0.4543 -0.8903 0.0315
vn -0.8830 0.4343 0.1780
vn -0.9937 -0.0250 0.1094
vn -0.9957 -0.0255 0.0889
vn -0.9939 -0.0267 0.1068
vn 0.2494 0.1080 -0.9624
vn -0.2564 0.1408 -0.9563
vn -0.2838 0.0493 -0.9576
vn -0.2791 0.0653 -0.9581
vn -0.3903 0.4378 0.8099
vn 0.9398 -0.2575 0.2247
vn 0.6939 -0.5802 0.4264
vn -0.1731 -0.7379 0.6523
vn -0.2807 -0.6649 0.6922
vn -0.2079 -0.7160 0.6664
vn 0.4096 0.3978 0.8210
vn 0.5563 0.4804 0.6780
vn -0.7497 -0.6325 0.1944
vn -0.7607 -0.6041 0.2375
vn -0.7673 -0.6019 0.2212
vn 0.8481 -0.2928 0.4416
vn -0.5400 -0.4241 0.7270
vn 0.6166 0.6229 -0.4814
vn 0.9471 0.1285 -0.2942
vn 0.9509 0.1203 -0.2851
vn 0.9459 0.1309 -0.2968
vn -0.0147 0.2244 0.9744
vn 0.0657 0.1322 0.9890
vn 0.0311 0.1723 0.9845
vn -0.0286 -0.7197 -0.6937
vn -0.0136 -0.7180 -0.6959
vn -0.0185 -0.7186 -0.6952
vn 0.0195 0.0131 -0.9997
vn -0.9949 -0.0374 -0.0941
vn -0.9959 -0.0363 -0.0828
vn -0.9983 0.0165 0.0551
vn 0.9525 0.1168 -0.2813
vn -0.0856 -0.7862 0.6121
vn -0.4472 -0.8351 0.3203
vn -0.7588 -0.5187 0.3939
vn -0.7635 -0.5321 0.3660
vn 0.9891 0.1392 -0.0472
vn 0.9893 0.1389 -0.0448
vn 0.9908 0.1345 -0.0117
vn -0.3146 -0.2266 0.9218
vn -0.0877 -0.1071 0.9904
vn 0.6869 0.2756 -0.6725
vn -0.3927 0.1164 0.9122
vn 0.0591 -0.0491 0.9970
vn -0.0727 0.5693 0.8189
vn 0.5996 -0.7998 0.0281
vn 0.5844 -0.8019 0.1238
vn 0.5919 -0.8019 0.0811
vn -0.0710 0.2871 0.9553
vn -0.6459 -0.7409 -0.1841
vn -0.6711 -0.7130 -0.2032
vn -0.5210 -0.8382 -0.1609
vn 0.2990 -0.4445 -0.8444
vn 0.3313 -0.4272 -0.8413
vn 0.3244 -0.4310 -0.8420
vn -0.3792 0.5675 0.7309
vn -0.7588 -0.6286 -0.1704
vn 0.9639 0.0982 0.2474
vn 0.9445 0.0860 0.3171
vn 0.9494 0.0970 0.2988
vn -0.9982 -0.0126 0.0592
vn -0.6926 0.4596 0.5559
vn -0.2531 0.9487 -0.1897
vn -0.9948 -0.0273 0.0977
vn -0.9969 -0.0250 0.0740
vn -0.0142 0.0383 0.9992
vn -0.0125 0.0410 0.9991
vn -0.0199 0.0292 0.9994
vn -0.3877 0.3803 -0.8397
vn 0.3492 -0.1449 -0.9258
vn 0.9816 0.1850 -0.0466
vn 0.3598 -0.4112 -0.8375
vn 0.3728 0.0088 0.9279
vn 0.4563 0.1247 -0.8810
vn 0.3540 0.0953 -0.9304
vn 0.3827 0.1035 -0.9180
vn -0.5995 -0.7866 0.1477
vn 0.4199 -0.8390 -0.3461
vn 0.0758 0.7387 -0.6698
vn 0.0482 0.0116 0.9988
vn -0.4543 0.0192 0.8906
vn -0.4637 0.0170 0.8858
vn -0.3526 -0.0158 0.9356
vn -0.2902 0.0420 0.9560
vn -0.3319 0.0036 0.9433
vn -0.7366 0.6763 0.0050
vn 0.9150 -0.4012 -0.0425
vn 0.8986 -0.4384 -0.0200
vn 0.9076 -0.4187 -0.0320
vn 0.4436 0.4230 0.7901
vn -0.5052 -0.8513 -0.1415
vn 0.1784 -0.1700 -0.9692
vn 0.2124 -0.2311 -0.9495
vn 0.2226 -0.2497 -0.9424
vn 0.2041 0.3424 -0.9171
vn -0.4625 0.5757 -0.6743
vn -0.4285 -0.1454 0.8918
vn -0.7607 -0.6272 -0.1671
vn 0.8385 0.2399 0.4892
vn 0.1418 0.2292 -0.9630
vn -0.2107 0.9477 0.2397
vn -0.7337 0.0007 0.6795
vn -0.8593 -0.0659 0.5071
vn -0.7632 -0.0545 0.6438
vn -0.3814 -0.0532 0.9229
vn -0.7592 -0.6089 0.2298
vn -0.7897 -0.5539 0.2636
vn -0.8214 -0.5022 0.2704
vn 0.4996 0.1482 -0.8535
vn -0.3868 -0.0485 0.9209
vn -0.0596 0.6015 -0.7966
vn 0.9206 -0.3872 -0.0508
vn -0.1313 -0.4207 0.8976
vn 0.1110 -0.2485 -0.9622
vn -0.4322 -0.3582 -0.8276
vn 0.3378 0.0906 -0.9369
vn -0.1144 -0.8191 -0.5621
vn -0.0166 -0.7633 0.6459
vn -0.1769 0.0639 -0.9822
vn -0.2547 0.1309 -0.9581
vn -0.1249 0.0621 -0.9902
vn 0.1096 0.8557 0.5058
vn 0.3572 0.1528 0.9214
vn 0.3767 0.3579 0.8544
vn 0.3744 0.3209 0.8700
vn 0.5080 0.2770 0.8156
vn 0.4878 0.1479 0.8603
vn 0.5121 0.2301 0.8275
vn -0.0221 0.0256 0.9994
vn -0.1616 0.9861 -0.0386
vn -0.1520 0.9883 -0.0146
vn -0.1362 0.9904 0.0245
vn 0.0239 -0.5031 -0.8639
vn -0.3420 -0.2729 0.8992
vn -0.1294 -0.9791 0.1568
vn 0.2984 -0.1289 -0.9457
vn 0.0683 0.4785 -0.8754
vn -0.0098 0.4811 -0.8766
vn -0.0947 0.4497 -0.8882
vn -0.2887 -0.0131 -0.9573
vn -0.6857 0.0047 -0.7279
vn -0.6999 0.0184 -0.7140
vn -0.7330 0.0696 -0.6767
vn -0.9962 0.0780 -0.0376
vn -0.0397 0.0531 0.9978
vn -0.0939 0.0127 0.9955
vn 0.0467 -0.0554 0.9974
vn -0.2654 0.0884 0.9601
vn 0.8200 -0.2017 -0.5357
vn 0.8450 -0.3177 -0.4301
vn 0.8461 -0.2834 -0.4516
vn 0.6056 -0.7953 -0.0261
vn 0.6501 0.0560 0.7578
vn 0.9127 0.0490 0.4058
vn 0.9017 0.0561 0.4287
vn 0.9005 0.0569 0.4311
vn 0.2456 -0.2917 -0.9245
vn -0.0708 0.0426 -0.9966
vn -0.0127 0.5605 -0.8281
vn -0.1795 0.4794 -0.8591
vn -0.0952 0.5414 -0.8353
vn -0.1926 -0.9725 0.1309
vn -0.1166 -0.3787 -0.9181
vn -0.0831 -0.3686 -0.9259
vn -0.1121 -0.3774 -0.9193
vn -0.9958 -0.0914 -0.0040
vn -0.9836 -0.0764 -0.1637
vn -0.9940 -0.0689 -0.0855
vn 0.9733 0.0946 0.2091
vn -0.6648 0.1745 0.7263
vn 0.8084 -0.1781 -0.5610
vn 0.0163 0.8533 -0.5212
vn -0.0353 -0.7203 -0.6927
vn 0.7888 -0.0274 0.6141
vn 0.8088 0.0103 0.5880
vn 0.8374 0.0725 0.5417
vn 0.8140 -0.3528 0.4615
vn 0.9669 -0.1902 0.1698
vn -0.4660 -0.7490 -0.4711
vn -0.9602 0.0109 0.2790
vn -0.9685 0.0288 0.2472
vn -0.9303 -0.0384 0.3647
vn -0.3125 -0.7393 0.5964
vn 0.0861 0.4583 -0.8846
vn -0.9744 -0.1002 -0.2015
vn -0.8466 -0.0504 0.5298
vn 0.9926 0.0664 0.1016
vn 0.9910 0.1339 -0.0069
vn -0.1506 0.0197 -0.9884
vn -0.8482 0.2971 -0.4386
vn 0.0013 -0.9699 0.2434
vn -0.0282 -0.9594 0.2808
vn -0.0142 -0.9647 0.2631
vn -0.3450 -0.8033 -0.4855
vn 0.9140 0.0481 0.4028
vn -0.0481 0.9980 -0.0411
vn -0.0655 0.9973 -0.0322
vn -0.0360 0.9983 -0.0463
vn -0.5041 -0.5692 0.6496
vn -0.4844 -0.4972 0.7198
vn -0.4888 -0.5122 0.7062
vn 0.3512 0.1101 0.9298
vn 0.5143 -0.0000 0.8576
vn 0.4996 -0.0000 -0.8662
vn -0.5326 -0.8453 -0.0425
vn -0.1827 0.3852 -0.9046
vn 0.2299 -0.0312 -0.9727
vn 0.2135 0.1752 0.9611
vn 0.2444 0.2157 0.9454
vn 0.2857 0.2364 0.9287
vn 0.1443 0.0795 -0.9863
vn 0.1155 0.0255 -0.9930
vn 0.0824 -0.0334 -0.9960
vn 0.0187 -0.9751 0.2209
vn 0.9831 0.0272 -0.1813
vn 0.9955 0.0604 -0.0734
vn 0.9934 0.0891 -0.0721
vn 0.9947 0.1015 -0.0130
vn 0.8508 0.1067 0.5145
vn 0.9677 0.0518 0.2469
vn 0.9419 0.0035 0.3358
vn 0.9491 0.0152 0.3145
vn 0.6339 -0.5767 -0.5154
vn -0.8371 -0.4606 0.2953
vn -0.0244 0.9982 -0.0550
vn -0.8987 -0.0782 0.4316
vn -0.5064 -0.5785 0.6395
vn 0.6323 0.6032 0.4862
vn 0.6312 0.6604 0.4066
vn 0.6273 0.6945 0.3524
vn 0.6241 0.7116 0.3227
vn -0.6566 -0.6471 0.3876
vn -0.6694 -0.4640 0.5801
vn 0.2135 -0.6103 0.7628
vn 0.8623 0.5045 -0.0433
vn 0.8285 0.5589 0.0330
vn 0.8854 0.4513 -0.1115
vn 0.1350 -0.5329 -0.8353
vn -0.1917 -0.7107 -0.6769
vn -0.2497 -0.6206 -0.7433
vn -0.2223 -0.6237 -0.7494
vn -0.9931 -0.0653 -0.0973
vn -0.8367 -0.3882 0.3864
vn -0.7759 -0.3618 0.5169
vn -0.7582 -0.3787 0.5307
vn -0.8054 -0.3445 0.4824
vn 0.5750 0.2875 0.7660
vn 0.4643 0.3711 0.8042
vn 0.5225 0.4158 0.7443
vn 0.0074 0.8144 0.5802
vn -0.8434 0.0461 0.5352
vn -0.3099 0.1243 -0.9426
vn -0.2958 0.1539 -0.9428
vn -0.2941 0.1469 -0.9444
vn 0.8373 -0.3278 -0.4375
vn -0.1251 0.9908 0.0518
vn 0.8827 0.0570 -0.4664
vn 0.8834 0.0506 -0.4658
vn 0.8886 0.0559 -0.4552
vn 0.6075 0.3558 0.7102
vn 0.9712 0.0605 0.2305
vn 0.9499 -0.3081 0.0529
vn -0.4069 -0.9081 0.0988
vn -0.1979 -0.8899 0.4109
vn -0.2098 -0.9440 0.2547
vn -0.2337 -0.9199 0.3150
vn -0.7271 -0.4854 0.4855
vn -0.1564 -0.4555 0.8764
vn -0.4861 -0.8503 -0.2017
vn -0.5740 -0.8187 -0.0188
vn -0.5942 -0.7914 -0.1436
vn 0.8906 0.4357 -0.1305
vn -0.7116 0.0737 0.6987
vn -0.8803 -0.3908 0.2688
vn 0.4792 0.3879 0.7873
vn 0.2152 0.1227 0.9688
vn 0.1172 0.1429 0.9828
vn 0.3620 -0.4220 -0.8312
vn -0.0744 0.0915 -0.9930
vn 0.0513 0.5569 -0.8290
vn -0.0239 0.9981 -0.0565
vn -0.2660 -0.9070 0.3266
vn -0.2702 -0.9087 0.3181
vn -0.5735 -0.7714 0.2758
vn -0.1972 -0.5399 -0.8183
vn 0.1874 0.0420 0.9814
vn 0.1066 0.0308 0.9938
vn -0.0470 0.0535 0.9975
vn 0.3310 0.0248 0.9433
vn 0.2899 0.0143 0.9569
vn 0.6247 0.7583 0.1867
vn -0.3285 0.0971 -0.9395
vn 0.4144 -0.5591 -0.7181
vn 0.3489 -0.7689 -0.5358
vn 0.3476 -0.6788 -0.6469
vn 0.5989 0.7668 0.2309
vn 0.6395 0.7121 0.2899
vn 0.6249 0.7333 0.2681
vn 0.1714 -0.6005 0.7810
vn -0.3681 -0.9027 0.2228
vn -0.1266 -0.7308 -0.6707
vn -0.0159 0.1062 -0.9942
vn -0.7917 -0.0838 0.6052
vn 0.7247 0.1087 -0.6804
vn -0.0044 0.0583 0.9983
vn -0.2092 -0.6018 0.7708
vn -0.2649 -0.4114 0.8721
vn -0.2622 -0.4912 0.8306
vn 0.4969 -0.0871 -0.8634
vn 0.0402 -0.9759 -0.2147
vn 0.1019 -0.2403 -0.9653
vn 0.1533 -0.2449 -0.9573
vn 0.0957 -0.2397 -0.9661
vn -0.7664 -0.6423 -0.0117
vn 0.0333 0.1718 -0.9846
vn -0.4296 -0.0461 0.9019
vn -0.6869 -0.4170 0.5952
vn -0.9942 0.0887 -0.0612
vn 0.3387 0.1255 0.9325
vn 0.2807 0.1652 0.9455
vn -0.9511 -0.1336 -0.2786
vn 0.0861 0.5096 -0.8561
vn 0.5553 -0.0568 -0.8297
vn 0.5514 -0.0558 -0.8324
vn 0.4895 -0.0403 -0.8711
vn 0.3114 0.5152 0.7985
vn 0.3570 -0.5923 -0.7223
vn 0.6606 0.6777 0.3230
vn 0.9894 0.0098 0.1451
vn -0.5407 -0.7409 0.3984
vn 0.0579 0.1836 -0.9813
vn -0.9288 -0.0723 -0.3634
vn -0.7807 -0.3471 -0.5196
vn -0.7761 -0.3007 -0.5543
vn -0.8368 -0.2239 -0.4996
vn -0.0449 0.0395 0.9982
vn 0.0669 0.0231 0.9975
vn 0.5190 -0.3820 -0.7647
vn 0.4288 -0.4592 -0.7780
vn -0.6193 -0.0532 -0.7834
vn -0.6911 -0.0483 -0.7212
vn -0.5994 -0.0476 -0.7990
vn -0.1430 0.0422 -0.9888
vn -0.6214 0.1355 -0.7717
vn 0.9199 -0.1938 0.3408
vn -0.9600 0.1844 0.2105
vn 0.1454 0.1606 -0.9763
vn 0.8370 0.2249 -0.4989
vn 0.8002 0.2432 -0.5481
vn 0.7714 0.2559 -0.5827
vn -0.7693 -0.3589 -0.5285
vn -0.7617 -0.3756 -0.5279
vn 0.4246 -0.1773 0.8879
vn 0.4255 -0.1775 0.8874
vn 0.7573 0.1514 0.6352
vn 0.6855 0.2778 -0.6730
vn 0.6340 0.1954 0.7483
vn -0.0000 0.5138 0.8579
vn 0.0821 -0.0704 0.9941
vn 0.1082 -0.0630 0.9921
vn 0.0243 -0.0174 0.9996
vn 0.2496 0.0215 0.9681
vn 0.2982 0.9381 0.1765
vn 0.3075 0.9324 0.1898
vn 0.3012 0.9363 0.1808
vn 0.1336 0.0656 -0.9889
vn -0.8978 -0.0801 -0.4330
vn 0.2200 -0.0011 -0.9755
vn 0.2114 -0.0771 -0.9744
vn 0.0848 -0.0199 -0.9962
vn 0.4810 -0.0382 -0.8759
vn 0.8532 0.1319 0.5047
vn 0.7528 0.5845 0.3026
vn 0.7675 0.5755 0.2825
vn 0.7632 0.5782 0.2885
vn -0.8850 -0.0349 -0.4643
vn -0.3553 0.0747 -0.9318
vn -0.2139 -0.0329 -0.9763
vn -0.1205 -0.0075 -0.9927
vn -0.0867 -0.0181 -0.9961
vn -0.1791 0.1125 0.9774
vn -0.2509 -0.1214 0.9604
vn -0.2829 -0.0281 0.9587
vn -0.2847 0.0165 0.9585
vn 0.7899 0.2138 0.5747
vn 0.7820 0.2279 0.5802
vn 0.7877 0.2147 0.5775
vn -0.0776 0.0099 0.9969
vn 0.7786 0.5681 0.2666
vn 0.7444 0.6647 -0.0638
vn 0.7445 0.2666 -0.6121
vn -0.8324 -0.2785 -0.4791
vn -0.7944 0.2160 0.5678
vn 0.0424 -0.0353 -0.9985
vn 0.8753 0.0482 -0.4812
vn -0.2924 0.0965 0.9514
vn -0.2467 0.0989 0.9640
vn -0.3591 0.0771 -0.9301
vn 0.9844 -0.0135 0.1755
vn -0.1394 -0.0087 -0.9902
vn -0.8383 -0.1616 -0.5207
vn 0.3291 0.0185 -0.9441
vn -0.9564 0.2130 0.2000
vn -0.2899 -0.1530 0.9447
vn 0.4954 0.1635 0.8531
vn 0.4550 0.1361 0.8800
vn 0.4663 0.1437 0.8729
vn -0.0828 0.1931 0.9777
vn 0.2917 0.9418 0.1673
vn 0.4835 0.0084 0.8753
vn -0.3945 -0.0837 0.9151
vn -0.3661 -0.0767 0.9274
vn -0.0703 0.0308 0.9971
vn -0.3277 -0.1317 0.9356
vn 0.2822 -0.0390 0.9586
vn 0.3293 -0.0991 0.9390
vn 0.3031 -0.0654 0.9507
vn 0.8734 0.0457 -0.4849
vn -0.3572 -0.0049 -0.9340
vn -0.3542 -0.0087 -0.9351
vn -0.3525 -0.0109 -0.9358
vn -0.3498 -0.0144 -0.9367
vn -0.2946 0.0985 0.9505
vn -0.0300 0.0153 0.9994
vn 0.3782 -0.4755 0.7943
vn 0.2904 -0.5096 0.8099
vn 0.2861 -0.5112 0.8105
vn -0.0624 -0.2517 0.9658
vn 0.0714 0.8871 -0.4560
vn 0.9941 0.0808 -0.0729
vn 0.9947 0.0637 -0.0805
vn 0.9948 0.0780 -0.0651
vn -0.9371 -0.0605 -0.3439
vn -0.7209 -0.0006 0.6930
vn 0.1007 0.2788 -0.9551
vn 0.2168 -0.5340 0.8172
vn 0.9533 0.1213 0.2765
vn 0.9205 0.2123 0.3281
vn 0.9320 0.2059 0.2982
vn 0.3069 0.7526 -0.5826
vn -0.3077 0.2490 -0.9183
vn -0.6834 0.2410 -0.6891
vn -0.1459 -0.1239 0.9815
vn -0.1445 -0.0063 0.9895
vn -0.1446 -0.0574 0.9878
vn 0.1614 0.0496 0.9856
vn 0.1779 0.0702 0.9815
vn 0.1657 0.0594 0.9844
vn 0.6818 0.0163 -0.7314
vn 0.7288 0.0558 -0.6825
vn 0.6918 0.0244 -0.7217
vn 0.1981 -0.1085 0.9741
vn 0.0893 -0.0542 0.9945
vn 0.5265 -0.0186 0.8500
vn 0.5158 0.1775 0.8381
vn 0.2372 -0.4534 0.8591
vn 0.8380 0.2018 0.5070
vn 0.8582 0.2223 0.4626
vn -0.7534 -0.0022 0.6576
vn -0.0752 0.0480 -0.9960
vn -0.5842 0.2913 0.7575
vn -0.5865 0.2933 0.7550
vn -0.5709 0.2803 0.7717
vn 0.1231 -0.4162 0.9009
vn 0.1107 -0.3933 0.9127
vn 0.1459 -0.4583 0.8767
vn 0.2784 -0.1765 0.9441
vn 0.3402 -0.1647 0.9258
vn 0.3260 -0.2252 0.9182
vn 0.2588 0.2398 0.9357
vn 0.1585 0.2761 0.9480
vn 0.1185 0.2600 0.9583
vn 0.8966 -0.4208 -0.1381
vn -0.2105 -0.6366 0.7419
vn -0.1524 -0.6809 0.7163
vn 0.0944 -0.0728 -0.9929
vn 0.0882 0.1580 -0.9835
vn 0.9986 0.0525 0.0034
vn -0.3539 -0.0285 -0.9348
vn 0.1714 -0.5046 0.8461
vn -0.4498 -0.8856 0.1155
vn 0.2457 0.2691 0.9312
vn 0.9425 0.0566 0.3295
vn 0.7896 -0.6101 0.0659
vn 0.3566 -0.1348 0.9245
vn -0.9676 -0.0440 -0.2485
vn 0.1596 0.0346 0.9866
vn 0.9601 -0.2584 0.1072
vn 0.5814 0.7001 -0.4144
vn 0.5970 0.6807 -0.4244
vn 0.6048 0.6707 -0.4294
vn 0.1496 0.5773 -0.8027
vn -0.9742 -0.0590 0.2178
vn -0.9732 -0.0614 0.2216
vn -0.9759 -0.0476 0.2130
vn -0.7764 -0.0624 -0.6272
vn -0.8089 -0.0204 -0.5876
vn -0.8007 -0.0259 -0.5985
vn 0.3706 0.1191 -0.9211
vn -0.5529 0.2655 0.7898
vn 0.3314 -0.2292 0.9152
vn -0.4388 0.3742 0.8170
vn 0.9690 0.1014 0.2252
vn -0.2547 0.9557 -0.1477
vn 0.1655 0.0296 0.9858
vn 0.6201 -0.7733 0.1325
vn 0.5754 -0.7889 0.2156
vn 0.6516 -0.7557 0.0655
vn 0.9048 0.3705 -0.2098
vn 0.9036 0.3773 -0.2030
vn 0.8507 0.4985 -0.1671
vn 0.6203 0.6498 -0.4393
vn 0.6944 0.0391 -0.7185
vn 0.6400 0.0609 -0.7659
vn 0.6665 0.0431 -0.7443
vn 0.4504 0.0288 -0.8923
vn 0.4273 0.0275 -0.9037
vn -0.8324 -0.0452 -0.5523
vn 0.7728 -0.3052 -0.5564
vn 0.2470 -0.1127 0.9624
vn 0.6361 0.0333 0.7708
vn 0.5425 -0.7954 0.2702
vn 0.0558 0.3596 -0.9315
vn 0.7389 0.0648 -0.6707
vn -0.8967 0.3838 -0.2206
vn -0.8963 0.4242 -0.1289
vn -0.8955 0.3742 -0.2408
vn 0.2173 -0.9761 -0.0031
vn 0.1408 -0.9819 0.1265
vn 0.1838 -0.9814 0.0547
vn 0.8391 -0.1007 0.5346
vn 0.8546 -0.1113 0.5072
vn 0.8646 -0.1347 0.4841
vn 0.4770 -0.0416 0.8779
vn 0.3018 -0.0100 0.9533
vn 0.4665 -0.0397 0.8836
vn 0.2446 -0.0000 0.9696
vn 0.4417 -0.0597 0.8952
vn 0.8233 -0.0574 0.5647
vn 0.6986 0.0419 -0.7143
vn 0.2559 -0.0837 0.9631
vn -0.2853 -0.1615 0.9447
vn 0.9348 0.2840 -0.2132
vn 0.9352 0.2867 -0.2078
vn -0.7907 -0.0866 -0.6060
vn -0.7026 0.2703 -0.6583
vn -0.9897 0.1119 -0.0893
vn -0.1520 0.0391 0.9876
vn 0.2753 -0.4594 0.8445
vn 0.2998 -0.4320 0.8506
vn 0.3021 -0.4059 0.8625
vn -0.4057 0.0284 -0.9136
vn 0.1823 0.0141 0.9831
vn 0.8347 -0.1001 0.5415
vn 0.9030 0.4239 0.0696
vn 0.0402 -0.9978 0.0523
vn 0.0223 -0.9993 0.0301
vn 0.0269 -0.9990 0.0359
vn 0.0293 -0.2416 0.9699
vn 0.0378 0.0140 0.9992
vn 0.4334 -0.2688 0.8602
vn -0.4573 -0.4489 0.7677
vn -0.5520 -0.4187 0.7211
vn -0.5946 -0.4027 0.6959
vn 0.8779 -0.0183 -0.4785
vn 0.8753 -0.0128 -0.4834
vn 0.8638 0.0101 -0.5037
vn 0.8581 0.0210 -0.5131
vn 0.0627 0.0104 -0.9980
vn 0.0670 0.0026 -0.9977
vn -0.4709 -0.4601 -0.7527
vn -0.5150 -0.3800 -0.7684
vn -0.5162 -0.3776 -0.7687
vn -0.2597 0.0834 0.9621
vn 0.0128 -0.9997 0.0185
vn 0.7834 0.2596 0.5648
vn -0.0440 -0.9950 0.0902
vn -0.6569 0.0086 0.7540
vn -0.5535 -0.2992 -0.7772
vn -0.2049 0.3773 -0.9031
vn 0.5327 -0.4713 0.7029
vn -0.3789 0.1336 0.9157
vn 0.9963 -0.0661 0.0557
vn -0.4095 -0.4615 0.7870
vn 0.9355 0.0742 0.3455
vn 0.9335 0.0799 0.3496
vn 0.9439 0.0710 0.3224
vn -0.8936 0.4393 -0.0916
vn 0.0807 -0.5388 -0.8386
vn 0.1204 -0.5816 -0.8046
vn 0.0596 -0.5153 -0.8549
vn -0.1548 0.0397 0.9871
vn 0.5371 0.0204 0.8433
vn 0.6442 0.1393 0.7520
vn 0.6147 0.1024 0.7821
vn 0.4293 0.9012 0.0596
vn 0.4732 0.8696 0.1408
vn 0.4490 0.8884 0.0953
vn 0.9928 -0.0003 0.1197
vn 0.9779 0.0614 -0.2001
vn -0.7998 -0.0396 -0.5990
vn -0.0432 0.0102 -0.9990
vn 0.2565 -0.9638 -0.0731
vn 0.5816 0.1048 0.8067
vn 0.5540 0.1182 0.8241
vn 0.7097 0.0426 0.7032
vn -0.6054 -0.0161 0.7958
vn -0.6154 -0.0216 0.7879
vn -0.7685 0.0461 -0.6382
vn 0.8913 -0.1138 -0.4388
vn 0.8983 -0.1111 -0.4250
vn 0.8125 -0.1720 -0.5571
vn 0.0357 -0.4879 -0.8722
vn -0.5621 0.8253 -0.0539
vn -0.5966 0.7998 -0.0670
vn -0.5925 0.8050 0.0323
vn -0.5472 0.8256 0.1375
vn 0.3587 -0.1619 0.9193
vn 0.3272 0.2020 0.9231
vn 0.3995 0.9167 0.0082
vn 0.8234 -0.5416 -0.1693
vn 0.3224 -0.1625 0.9325
vn -0.0993 -0.9790 -0.1782
vn 0.9773 0.0866 0.1934
vn -0.0781 -0.2215 0.9720
vn -0.0863 -0.1669 0.9822
vn -0.0790 -0.2203 0.9722
vn 0.0979 -0.5348 -0.8393
vn 0.1116 -0.5085 -0.8538
vn 0.1015 -0.5279 -0.8432
vn 0.9735 0.1684 0.1546
vn -0.9389 -0.0213 0.3436
vn 0.8039 -0.2014 -0.5596
vn -0.6802 0.4412 0.5854
vn -0.6804 0.4106 0.6070
vn -0.6910 0.5312 0.4902
vn 0.7844 0.2728 0.5570
vn 0.3847 -0.4640 -0.7979
vn 0.3805 -0.4897 -0.7845
vn 0.3759 -0.5148 -0.7705
vn 0.3511 0.0980 0.9312
vn 0.7940 0.0506 -0.6058
vn -0.3710 0.2224 -0.9016
vn -0.3721 0.2314 -0.8989
vn -0.3717 0.2282 -0.8999
vn -0.2654 0.1848 0.9462
vn -0.2829 0.2681 0.9209
vn -0.2870 0.2009 0.9366
vn 0.0728 -0.0201 0.9971
vn 0.0929 -0.5441 -0.8339
vn 0.2966 -0.9492 0.1055
vn 0.2310 0.0304 0.9725
vn 0.0669 -0.0164 0.9976
vn 0.2057 0.0231 0.9783
vn 0.9718 0.0635 -0.2273
vn 0.8135 0.0545 -0.5790
vn -0.5397 0.8104 -0.2279
vn -0.7319 0.5488 0.4039
vn 0.1582 -0.4547 0.8765
vn -0.0617 0.0173 0.9979
vn -0.0416 0.0665 0.9969
vn 0.2419 0.5873 -0.7724
vn 0.2587 0.2848 -0.9230
vn 0.9799 -0.1988 0.0191
vn 0.9852 -0.1508 0.0819
vn 0.9835 -0.1732 0.0527
vn 0.9846 -0.1065 0.1385
vn 0.2019 0.0565 -0.9778
vn 0.1519 0.1207 -0.9810
vn 0.1840 0.0799 -0.9797
vn -0.8542 -0.0406 -0.5183
vn -0.6443 -0.0138 0.7646
vn -0.2895 0.3131 0.9045
vn -0.3162 0.2973 0.9009
vn -0.3212 0.2943 0.9001
vn 0.4411 -0.8866 0.1389
vn -0.8882 0.4408 0.1298
vn 0.3734 -0.5281 -0.7627
vn -0.9966 -0.0326 -0.0756
vn -0.9957 -0.0150 -0.0911
vn -0.9966 -0.0266 -0.0778
vn -0.7682 0.0733 -0.6360
vn 0.1319 -0.4479 0.8843
vn -0.1292 -0.2184 0.9673
vn -0.0224 -0.0398 0.9990
vn -0.0373 -0.0411 0.9985
vn -0.0698 -0.0186 0.9974
vn 0.9022 0.4234 0.0825
vn 0.9148 0.4007 0.0507
vn 0.9103 0.4092 0.0625
vn -0.1222 -0.9906 0.0616
vn -0.2543 -0.9597 0.1199
vn -0.1830 -0.9791 0.0885
vn -0.3333 -0.9301 0.1546
vn 0.9403 0.3243 0.1037
vn 0.9646 0.2617 0.0339
vn 0.9617 0.2706 0.0437
vn -0.8462 -0.4930 0.2020
vn -0.8258 -0.5344 0.1803
vn -0.8481 -0.4890 0.2041
vn 0.7588 0.5408 -0.3630
vn 0.1235 -0.6703 -0.7317
vn -0.9307 -0.0235 0.3651
vn -0.0319 -0.0182 -0.9993
vn -0.7495 0.5461 0.3741
vn -0.2717 0.3102 0.9110
vn -0.0122 -0.0344 0.9993
vn 0.1106 -0.9717 -0.2089
vn -0.6127 -0.7735 0.1619
vn 0.1444 0.1182 -0.9824
vn 0.2559 0.0376 0.9660
vn -0.8276 0.0216 -0.5610
vn -0.5913 -0.8030 0.0740
vn 0.9228 0.3843 0.0284
vn 0.9719 -0.1615 0.1713
vn 0.9747 -0.1906 0.1171
vn 0.9746 -0.2069 0.0859
vn 0.8053 -0.2379 -0.5430
vn 0.1555 -0.9813 -0.1132
vn 0.0694 -0.9976 -0.0021
vn 0.1308 -0.9881 -0.0812
vn -0.2417 0.2255 0.9438
vn 0.0266 0.5722 0.8197
vn 0.2435 -0.2349 0.9410
vn 0.1852 -0.0213 0.9825
vn 0.9779 0.2076 -0.0246
vn -0.8624 -0.4556 0.2207
vn 0.9683 -0.1429 0.2051
vn -0.8892 -0.0367 -0.4560
vn -0.7002 -0.6994 -0.1433
vn 0.0812 -0.1100 0.9906
vn -0.0531 -0.0986 0.9937
vn -0.1271 -0.3361 0.9332
vn -0.0756 0.0287 0.9967
vn -0.0665 -0.0651 0.9957
vn -0.0673 -0.0000 0.9977
vn 0.1353 -0.0058 0.9908
vn 0.8404 0.5419 0.0101
vn 0.8001 0.5897 -0.1099
vn 0.8203 0.5693 -0.0555
vn 0.4722 0.3134 -0.8239
vn 0.4671 -0.1508 -0.8712
vn -0.1551 -0.0080 -0.9879
vn -0.7641 -0.0119 0.6450
vn -0.6291 -0.0057 0.7773
vn -0.5797 -0.0359 0.8140
vn -0.7441 0.6675 0.0269
vn -0.1188 -0.1619 0.9796
vn -0.3466 0.2787 0.8957
vn 0.4832 0.0043 0.8755
vn 0.5197 0.1276 0.8448
vn 0.0651 -0.1033 -0.9925
vn 0.1101 -0.2223 -0.9688
vn 0.0803 -0.1327 -0.9879
vn -0.8841 -0.3759 -0.2777
vn 0.4068 0.4907 -0.7706
vn 0.4080 0.5044 -0.7610
vn 0.4036 0.4582 -0.7919
vn 0.7098 0.0399 0.7033
vn 0.2141 -0.9582 -0.1898
vn -0.2335 0.2483 0.9401
vn 0.5421 0.0719 0.8372
vn 0.4478 0.2663 0.8536
vn 0.4009 0.2951 -0.8673
vn 0.4162 0.3106 -0.8546
vn 0.4056 0.2998 -0.8635
vn -0.0866 -0.0110 0.9962
vn 0.2463 0.1714 -0.9539
vn -0.1849 0.0995 -0.9777
vn -0.2220 0.0751 -0.9721
vn -0.1944 0.1050 -0.9753
vn -0.0978 0.0260 0.9949
vn -0.1268 -0.0247 0.9916
vn 0.4179 0.3123 -0.8531
vn -0.4139 -0.6642 -0.6225
vn 0.8814 -0.1030 -0.4611
vn 0.1672 -0.0000 0.9859
vn -0.0000 -0.0000 -0.0000
vn -0.1673 -0.0000 -0.9859
vn 0.7344 -0.5219 -0.4339
vn -0.6872 0.5093 -0.5180
vn -0.6787 0.5193 -0.5192
vn -0.7425 0.5071 -0.4377
vn -0.7556 0.6455 0.1112
vn -0.7516 0.6520 0.0998
vn -0.7593 0.6393 0.1219
vn -0.0826 -0.2069 0.9749
vn -0.1668 -0.0361 0.9853
vn -0.1700 0.0454 0.9844
vn -0.9761 -0.1305 -0.1739
vn 0.8521 0.5201 0.0580
vn 0.2320 0.0029 -0.9727
vn 0.4024 0.4479 -0.7984
vn -0.8809 -0.0155 0.4730
vn -0.3704 0.2174 -0.9031
vn -0.6809 0.0479 -0.7308
vn -0.6708 0.0350 -0.7408
vn -0.6769 0.0430 -0.7348
vn -0.6405 -0.0000 -0.7680
vn 0.6879 -0.7070 -0.1642
vn 0.2660 -0.4271 -0.8642
vn -0.0687 0.0957 0.9930
vn -0.2842 -0.5106 -0.8115
vn 0.8773 0.2987 -0.3756
vn 0.8362 0.2682 -0.4783
vn 0.8475 0.2761 -0.4534
vn 0.9992 0.0249 0.0314
vn -0.1255 -0.0032 -0.9921
vn -0.8997 -0.0343 -0.4351
vn -0.8604 -0.0672 -0.5051
vn -0.8784 -0.0609 -0.4739
vn -0.1955 -0.1885 -0.9624
vn 0.7281 0.0092 -0.6854
vn 0.3984 0.0491 -0.9159
vn 0.4082 0.0540 -0.9113
vn 0.3380 0.0155 -0.9410
vn -0.6212 -0.0102 -0.7836
vn -0.6192 -0.0184 -0.7850
vn -0.6190 -0.0090 -0.7853
vn -0.8713 -0.0190 -0.4904
vn -0.1395 0.1358 0.9809
vn -0.1458 0.0945 0.9848
vn 0.7096 0.1413 -0.6903
vn 0.7750 0.2395 -0.5848
vn 0.7719 0.1401 -0.6201
vn 0.9758 0.2186 0.0014
vn 0.9770 0.2126 0.0162
vn 0.9878 0.1459 0.0552
vn 0.9946 0.0981 0.0335
vn 0.5381 -0.4176 -0.7321
vn 0.7448 0.0228 0.6669
vn 0.5662 0.0493 0.8228
vn 0.9932 0.1166 -0.0003
vn 0.9802 0.1976 0.0158
vn 0.9909 0.1343 0.0023
vn -0.1043 -0.0519 -0.9932
vn -0.1144 -0.0507 -0.9921
vn -0.1762 -0.0432 -0.9834
vn -0.1931 -0.0411 -0.9803
vn -0.4734 0.8808 -0.0098
vn -0.4114 0.9101 0.0501
vn -0.4832 0.8753 -0.0197
vn 0.9789 0.2026 0.0273
vn 0.9724 0.0466 -0.2284
vn -0.9997 -0.0211 -0.0153
vn 0.1852 -0.4212 -0.8879
vn 0.1639 -0.4152 -0.8949
vn 0.2098 -0.4583 -0.8637
vn 0.1788 -0.4362 -0.8819
vn 0.0668 -0.3415 -0.9375
vn -0.9149 0.3996 0.0568
vn 0.0223 0.2166 -0.9760
vn 0.0367 0.2383 -0.9705
vn 0.0277 0.2247 -0.9740
vn 0.0404 -0.0556 -0.9976
vn 0.0450 -0.0539 -0.9975
vn -0.7636 0.6314 0.1352
vn -0.5433 0.8355 -0.0823
vn -0.0704 0.1358 0.9882
vn -0.9938 0.0152 0.1098
vn 0.6116 0.7568 0.2308
vn 0.5491 -0.0235 0.8354
vn 0.9902 0.0366 -0.1349
vn -0.2351 0.0146 -0.9719
vn -0.6796 0.4709 -0.5625
vn -0.2287 0.2046 -0.9518
vn -0.2470 0.2364 -0.9397
vn -0.2431 0.2295 -0.9425
vn -0.2716 0.2794 -0.9210
vn -0.9504 -0.2971 0.0918
vn -0.1808 0.1099 0.9774
vn -0.1744 0.0713 0.9821
vn -0.2075 0.1260 0.9701
vn 0.0431 0.2479 -0.9678
vn 0.7879 0.1482 -0.5977
vn 0.0283 -0.2513 -0.9675
vn 0.0207 -0.2592 -0.9656
vn 0.0415 -0.2088 -0.9771
vn 0.0204 -0.2594 -0.9656
vn 0.8650 0.0276 0.5009
vn 0.8285 0.0358 -0.5588
vn 0.8252 0.0324 -0.5638
vn 0.0271 -0.2269 -0.9735
vn -0.7734 -0.6335 -0.0207
vn -0.8383 -0.5347 -0.1067
vn -0.8295 -0.5505 -0.0937
vn -0.8664 -0.4753 -0.1532
vn -0.9902 -0.0012 -0.1395
vn -0.8977 -0.4404 0.0163
vn -0.8800 -0.4739 0.0300
vn -0.9410 -0.3369 0.0315
vn -0.2322 0.1479 0.9614
vn 0.8821 0.3027 -0.3609
vn 0.4969 -0.1767 -0.8496
vn -0.9783 -0.2066 0.0172
vn -0.9794 -0.1998 0.0286
vn 0.6551 0.7465 0.1166
vn 0.6987 0.6978 0.1579
vn 0.6171 0.7826 0.0827
vn 0.0195 0.2874 0.9576
vn 0.7334 0.0920 -0.6735
vn 0.0293 -0.1742 -0.9843
vn -0.9992 -0.0284 -0.0270
vn -0.9523 -0.3034 0.0324
vn 0.5594 0.8282 0.0345
vn 0.6067 0.0188 -0.7947
vn 0.3477 0.0032 -0.9376
vn -0.2127 0.0008 -0.9771
vn -0.8337 -0.0746 -0.5471
vn -0.4008 0.0077 -0.9161
vn -0.4985 0.8661 0.0376
vn -0.4775 0.8761 0.0666
vn -0.4718 0.8786 0.0742
vn -0.4464 0.8883 0.1078
vn -0.9319 0.3596 0.0478
vn -0.9663 0.2504 -0.0606
vn -0.9509 0.3094 -0.0029
vn 0.6045 0.0071 -0.7965
vn 0.4279 -0.0206 -0.9036
vn 0.0708 0.0579 -0.9958
vn 0.1963 0.0348 -0.9799
vn 0.1692 0.0399 -0.9848
vn -0.6431 -0.2473 -0.7248
vn -0.7758 -0.0106 -0.6309
vn -0.7858 0.0041 -0.6185
vn -0.7121 -0.0063 0.7020
vn -0.8349 -0.1265 -0.5357
vn -0.4469 -0.0460 -0.8934
vn -0.4174 -0.3576 -0.8354
vn -0.0243 0.0550 -0.9982
vn 0.0239 0.1683 -0.9854
vn -0.1465 0.1106 -0.9830
vn -0.8783 -0.1572 -0.4516
vn -0.6903 0.3432 -0.6369
vn -0.0775 0.0276 -0.9966
vn -0.0908 0.0476 -0.9947
vn -0.1515 0.4638 0.8729
vn -0.2666 0.1342 0.9544
vn -0.2367 -0.0635 -0.9695
vn -0.3785 -0.0185 -0.9254
vn -0.2173 -0.0694 -0.9736
vn -0.2087 -0.1424 -0.9676
vn -0.3658 -0.1820 -0.9127
vn -0.1508 -0.0257 -0.9882
vn 0.5393 -0.0286 0.8417
vn 0.8806 0.0113 0.4737
vn -0.2408 -0.0394 -0.9698
vn -0.6512 0.4581 -0.6050
vn -0.0999 0.0341 -0.9944
vn 0.4927 0.8702 -0.0076
vn 0.4932 0.8699 -0.0085
vn 0.4926 0.8702 -0.0074
vn -0.3989 -0.0118 -0.9169
vn -0.8849 -0.0095 0.4657
vn -0.1714 0.0096 -0.9852
vn -0.1929 -0.1440 -0.9706
vn -0.9037 0.4149 0.1059
vn 0.0076 0.0691 -0.9976
vn 0.3449 0.0025 -0.9386
vn -0.2638 -0.0119 -0.9645
vn -0.9503 -0.0441 -0.3082
vn 0.4922 0.8705 -0.0068
vn -0.7710 0.6270 -0.1114
vn 0.0038 -0.1500 -0.9887
vn 0.8205 0.0017 0.5716
vn -0.4162 0.0994 -0.9038
vn 0.3123 0.0112 -0.9499
vn -0.7107 -0.0118 0.7034
vn -0.1611 -0.0559 -0.9854
vn -0.3271 0.9406 0.0912
vn -0.3572 0.9326 0.0517
vn -0.3328 0.9393 0.0839
vn 0.3398 0.0234 -0.9402
vn 0.9493 -0.0136 -0.3142
vn 0.9484 -0.0133 -0.3169
vn 0.9091 -0.0081 -0.4164
vn 0.9029 -0.0073 -0.4298
vn 0.9799 0.0175 -0.1987
vn -0.6594 0.0391 -0.7508
vn -0.1152 0.0556 -0.9918
vn 0.1832 -0.0258 -0.9827
vn 0.1682 -0.1391 -0.9759
vn 0.7623 0.0115 -0.6471
vn -0.9991 -0.0298 -0.0300
vn -0.1221 0.0661 -0.9903
vn 0.0516 0.3864 -0.9209
vn 0.0514 0.3428 -0.9380
vn 0.0516 0.4326 -0.9001
vn -0.3079 0.9444 0.1157
vn 0.8844 0.0115 0.4667
vn -0.9700 0.0022 0.2431
vn 0.0516 0.4539 -0.8896
vn -0.7568 -0.0142 -0.6534
vn -0.7234 -0.0493 0.6887
vn 0.2133 0.0144 -0.9769
vn 0.1701 0.0047 -0.9854
vn 0.8934 0.0108 0.4492
vn -0.9200 0.0831 -0.3830
vn -0.9356 -0.0000 0.3530
vn -0.8005 0.1094 -0.5892
vn 0.2363 0.0189 -0.9715
vn -0.7771 0.0831 0.6239
vn -0.7767 0.0965 0.6224
vn -0.7749 0.0926 0.6253
vn -0.8395 0.0947 0.5350
vn -0.8309 0.0712 0.5518
vn -0.9542 0.0059 0.2990
vn -0.9633 -0.0000 0.2684
vn -0.9613 0.0018 0.2753
vn -0.9456 0.0145 0.3250
vn -0.9546 0.0055 0.2979
vn -0.8869 0.0757 0.4556
vn -0.1662 0.3160 -0.9341
vn -0.4672 0.4792 -0.7430
vn -0.4732 0.4770 -0.7407
vn -0.4802 0.4743 -0.7379
vn 0.8951 -0.0021 0.4459
vn 0.2620 -0.0040 -0.9651
vn -0.6509 -0.0033 -0.7591
vn 0.7541 0.0063 -0.6567
vn 0.9883 -0.0001 -0.1525
vn 0.1802 0.0048 -0.9836
vn -0.9436 0.0025 -0.3312
vn -0.9284 -0.0131 -0.3713
vn -0.9435 0.0041 -0.3314
vn -0.6405 -0.0001 0.7680
vn -0.6371 0.0140 0.7706
vn -0.6455 -0.0058 0.7638
vn -0.8200 0.4960 0.2856
vn -0.4592 0.4822 -0.7461
vn -0.2704 -0.0085 -0.9627
vn -0.1844 0.1600 -0.9697
vn 0.9084 0.0461 0.4156
vn 0.8938 0.0342 0.4471
vn -0.9736 0.0141 -0.2278
vn 0.2503 0.0568 0.9665
vn 0.2273 0.0447 0.9728
vn 0.1541 0.0106 0.9880
vn 0.4369 0.0289 -0.8990
vn -0.9743 0.0187 0.2244
vn -0.9807 0.0105 0.1954
vn 0.0663 0.0112 0.9977
vn 0.3623 0.0055 -0.9320
vn -0.6507 0.0075 -0.7593
vn -0.9341 0.0526 -0.3531
vn 0.9869 0.0217 -0.1601
vn 0.7473 0.0043 -0.6645
vn -0.5318 0.1070 0.8401
vn 0.9811 -0.0011 -0.1935
vn 0.6833 0.0178 0.7299
vn 0.8478 0.0222 0.5299
vn 0.8252 0.0188 0.5645
vn 0.7484 0.0064 -0.6632
vn 0.7436 0.0094 -0.6686
vn -0.1184 0.0048 -0.9930
vn -0.1519 0.0087 -0.9884
vn -0.9719 0.0117 0.2349
vn -0.2014 0.0228 0.9793
vn -0.2118 0.0181 0.9771
vn -0.2784 -0.0117 0.9604
vn 0.0565 0.0127 0.9983
vn -0.4086 0.1814 0.8945
vn -0.3668 0.1117 0.9236
vn -0.4029 0.1717 0.8990
vn 0.5811 -0.2719 0.7671
vn 0.4413 -0.3226 0.8374
vn 0.5574 -0.3341 0.7601
vn 0.6245 -0.3084 0.7176
vn 0.6174 -0.4104 0.6711
vn 0.1401 -0.0039 0.9901
vn 0.1967 0.1180 0.9733
vn 0.0932 0.0866 0.9919
vn 0.8873 -0.4460 0.1174
vn 0.9189 -0.3709 0.1347
vn 0.8245 -0.5293 0.2002
vn 0.9360 -0.3407 0.0890
vn -0.6901 0.0142 0.7235
vn -0.2904 -0.0172 0.9567
vn -0.8060 -0.5876 -0.0716
vn -0.8771 -0.4766 -0.0596
vn -0.8093 -0.5831 -0.0712
vn 0.3375 -0.7534 -0.5644
vn 0.3408 -0.7665 -0.5444
vn 0.3368 -0.7505 -0.5686
vn -0.4477 0.2507 0.8583
vn 0.9078 -0.0070 0.4194
vn -0.6306 0.0164 -0.7759
vn -0.7272 -0.6815 -0.0818
vn 0.1529 0.1667 0.9741
vn 0.7637 -0.3183 -0.5617
vn -0.9105 -0.2510 -0.3285
vn -0.9096 -0.2508 -0.3311
vn -0.9108 -0.2511 -0.3277
vn -0.9971 -0.0637 -0.0422
vn -0.7902 0.2493 0.5599
vn 0.3333 -0.7370 -0.5881
vn -0.7367 0.0373 0.6752
vn -0.5779 -0.7404 -0.3433
vn -0.5645 -0.7274 -0.3901
vn -0.5475 -0.7333 -0.4032
vn -0.0174 0.1682 0.9856
vn -0.9116 -0.2512 -0.3254
vn 0.9645 -0.2409 0.1083
vn 0.7625 -0.2046 -0.6137
vn -0.5063 -0.7361 -0.4493
vn -0.5467 -0.7246 -0.4196
vn -0.9190 0.3616 -0.1574
vn -0.9775 0.2101 -0.0197
vn -0.9474 0.3104 -0.0786
vn 0.6813 -0.1871 0.7077
vn -0.7359 0.5446 0.4023
vn -0.7373 0.5478 0.3953
vn -0.7171 0.5073 0.4778
vn 0.3208 0.2537 0.9125
vn 0.9687 -0.2020 0.1440
vn 0.9886 0.0280 -0.1479
vn 0.6035 0.2007 0.7717
vn 0.7169 0.2443 0.6530
vn 0.6862 0.3580 0.6332
vn 0.8473 -0.0763 0.5256
vn 0.9505 -0.1453 -0.2747
vn 0.6800 0.0171 0.7330
vn -0.5540 -0.0092 -0.8325
vn -0.5756 0.0396 0.8168
vn -0.6094 0.0307 0.7923
vn 0.4119 -0.4412 -0.7973
vn 0.4744 -0.5308 -0.7022
vn 0.4205 -0.4535 -0.7858
vn 0.9119 -0.0169 0.4101
vn -0.0944 0.0118 -0.9955
vn -0.7523 0.5880 0.2973
vn -0.3931 0.5567 0.7318
vn -0.2310 0.5238 0.8199
vn -0.2362 0.5977 0.7661
vn 0.7257 -0.1511 -0.6712
vn 0.9896 0.0078 -0.1437
vn -0.9756 0.0038 0.2197
vn -0.7195 -0.4039 -0.5649
vn -0.6577 -0.3530 -0.6654
vn -0.6784 -0.3697 -0.6349
vn -0.7166 0.0951 -0.6910
vn -0.8367 0.0998 -0.5385
vn -0.7431 0.1152 -0.6591
vn 0.0519 0.5846 0.8097
vn -0.8950 0.4048 -0.1874
vn 0.9954 -0.0342 -0.0892
vn 0.5612 -0.0025 -0.8277
vn 0.4735 -0.0365 -0.8800
vn 0.5112 -0.1094 -0.8525
vn 0.5013 -0.0568 -0.8634
vn 0.9802 -0.0324 -0.1953
vn -0.8698 0.4265 -0.2482
vn -0.4580 0.6125 0.6443
vn 0.7385 0.4476 0.5043
vn 0.8268 0.2251 0.5155
vn 0.3570 -0.3648 -0.8599
vn 0.7474 0.0015 -0.6643
vn -0.9793 0.0083 0.2024
vn 0.2201 0.6202 0.7529
vn 0.9572 0.2516 0.1431
vn 0.9471 0.3123 0.0738
vn 0.9283 0.3671 0.0597
vn -0.5991 -0.3071 -0.7395
vn -0.8667 0.4308 -0.2516
vn 0.4864 -0.0005 -0.8738
vn 0.3104 0.5903 0.7451
vn 0.9164 0.2654 -0.2996
vn 0.8610 0.2821 -0.4231
vn 0.8744 0.2972 -0.3834
vn 0.5637 -0.0071 -0.8260
vn -0.5092 0.8457 0.1596
vn -0.6215 0.7687 0.1509
vn -0.3904 0.8746 0.2874
vn 0.0111 -0.0046 -0.9999
vn -0.4905 0.0054 -0.8714
vn -0.8419 -0.0046 -0.5395
vn 0.7176 0.2998 -0.6287
vn 0.6448 0.4318 -0.6307
vn 0.5311 0.4158 -0.7383
vn 0.5753 -0.0373 -0.8171
vn 0.0109 -0.0066 -0.9999
vn -0.9797 0.0090 0.2002
vn -0.6504 0.0998 -0.7530
vn -0.6801 0.6918 -0.2427
vn -0.5577 0.7795 -0.2853
vn -0.5845 0.7287 -0.3568
vn -0.4178 -0.0016 -0.9086
vn -0.6176 0.0684 -0.7835
vn -0.6427 0.4478 -0.6217
vn -0.6271 0.4615 -0.6275
vn -0.6463 0.4445 -0.6203
vn 0.3956 0.6225 0.6752
vn 0.9113 0.4111 0.0237
vn 0.2204 0.4034 -0.8881
vn -0.9945 0.0224 -0.1024
vn -0.9941 0.0218 -0.1061
vn -0.9863 0.0093 -0.1645
vn 0.4306 0.5704 -0.6994
vn -0.7535 0.0044 -0.6575
vn -0.9850 0.0136 -0.1721
vn -0.6662 0.4261 -0.6121
vn -0.3592 0.9098 0.2081
vn 0.5798 0.7018 0.4139
vn 0.9181 -0.0006 -0.3964
vn 0.5539 -0.0130 -0.8325
vn -0.4588 0.8117 -0.3614
vn 0.8755 0.0447 0.4812
vn 0.9509 -0.0271 0.3084
vn 0.8879 0.0336 0.4588
vn -0.3036 0.9066 -0.2931
vn 0.8759 0.4812 0.0355
vn -0.9951 -0.0279 -0.0949
vn -0.1615 0.8372 0.5226
vn -0.2013 0.8793 0.4317
vn -0.0334 0.8176 0.5749
vn 0.5920 0.0242 0.8056
vn 0.9745 -0.0124 0.2240
vn 0.9940 -0.0086 0.1092
vn 0.1812 0.0059 -0.9834
vn 0.2002 0.0083 -0.9797
vn -0.3589 0.0039 -0.9334
vn -0.7259 -0.0007 -0.6878
vn -0.9371 -0.0080 0.3490
vn -0.9403 -0.0169 0.3399
vn -0.9392 -0.0143 0.3432
vn 0.2669 -0.0215 0.9635
vn -0.9707 -0.0020 -0.2401
vn -0.5403 0.6864 -0.4868
vn -0.2389 0.9211 -0.3073
vn 0.4178 0.6138 -0.6698
vn 0.1711 0.9007 0.3993
vn 0.2850 0.8637 0.4157
vn 0.4338 0.8539 0.2876
vn 0.6129 0.7529 0.2400
vn 0.6925 0.6741 -0.2569
vn 0.6975 0.6223 -0.3553
vn 0.7117 0.6507 -0.2647
vn 0.4002 0.6283 -0.6672
vn -0.1293 0.9527 -0.2752
vn 0.1128 0.9928 0.0394
vn -0.0087 0.9962 0.0870
vn 0.0419 0.9941 0.0998
vn 0.2258 0.8800 -0.4180
vn 0.1238 0.8877 -0.4434
vn 0.2182 0.8730 -0.4362
vn 0.7066 0.6778 -0.2031
vn 0.1466 0.9873 0.0611
vn 0.2727 0.8541 -0.4430
vn 0.7595 0.6051 -0.2388
vn 0.2313 0.8275 -0.5117
vn 0.5574 0.8264 0.0794
vn 0.5512 0.7862 -0.2795
vn 0.2871 0.9414 -0.1771
vn 0.2632 0.9610 -0.0851
vn 0.5648 0.8208 0.0853
vn 0.4629 -0.3088 -0.8309
vn 0.4788 -0.3195 -0.8177
vn 0.4737 -0.3198 -0.8206
vn 0.4695 -0.3215 -0.8223
vn 0.2650 -0.2459 0.9324
vn 0.3703 -0.1325 0.9194
vn 0.3581 -0.2084 0.9101
vn 0.3820 -0.2522 -0.8891
vn 0.7463 -0.2946 0.5968
vn 0.1889 -0.2633 0.9460
vn -0.3058 -0.1568 0.9391
vn -0.9996 0.0285 -0.0048
vn -0.9968 0.0552 -0.0582
vn -0.9984 0.0442 -0.0360
vn 0.1441 0.1954 0.9701
vn 0.1430 0.2474 0.9583
vn 0.0429 0.1327 0.9902
vn 0.4307 0.0022 0.9025
vn -0.9955 0.0622 -0.0721
vn -0.0476 -0.0812 0.9956
vn 0.0121 0.0287 0.9995
vn -0.0875 -0.0986 0.9913
vn 0.5556 -0.0358 0.8307
vn -0.5813 -0.4143 0.7004
vn 0.1662 0.0345 0.9855
vn 0.1510 0.0967 0.9838
vn 0.1592 0.1167 0.9803
vn -0.1497 0.0982 0.9838
vn -0.1692 -0.5066 0.8454
vn -0.1696 -0.5072 0.8449
vn -0.1693 -0.5070 0.8451
vn -0.1693 -0.5074 0.8449
vn 0.1251 0.3760 0.9181
vn 0.1290 0.3712 0.9195
vn 0.1239 0.3583 0.9253
vn 0.2421 0.1903 0.9514
vn 0.9926 -0.1166 0.0327
vn 0.9845 -0.1711 0.0388
vn 0.9913 -0.1259 0.0390
vn 0.3571 -0.2346 -0.9041
vn -0.9764 -0.2139 0.0291
vn -0.9706 -0.2405 -0.0093
vn -0.9599 -0.2741 -0.0589
vn -0.0928 -0.2536 0.9628
vn -0.1205 -0.5712 0.8119
vn -0.0046 0.6073 0.7944
vn 0.0317 0.8692 0.4935
vn -0.0946 -0.0695 0.9931
vn 0.9855 0.0001 -0.1695
vn 0.2737 -0.4464 0.8520
vn 0.2544 -0.5171 0.8172
vn 0.2936 -0.3620 0.8847
vn 0.3074 -0.3041 0.9017
vn 0.3245 -0.3024 0.8962
vn -0.0787 0.0517 0.9956
vn -0.0749 0.0140 0.9971
vn -0.0693 0.0178 0.9974
vn 0.9933 -0.1039 0.0515
vn -0.9509 -0.2957 -0.0915
vn -0.3676 -0.1030 0.9243
vn -0.2140 -0.1871 0.9588
vn -0.3018 -0.1489 0.9417
vn 0.0349 0.3792 0.9247
vn 0.2808 -0.5271 0.8021
vn 0.4537 -0.0423 0.8902
vn -0.6028 -0.5300 0.5964
vn -0.4286 0.0881 0.8992
vn 0.9081 -0.2252 0.3530
vn -0.0585 -0.1244 -0.9905
vn -0.1374 -0.1118 -0.9842
vn -0.1177 -0.1605 -0.9800
vn -0.1307 -0.2591 0.9570
vn -0.0837 0.5827 0.8084
vn -0.5959 -0.6421 -0.4823
vn -0.1875 -0.7686 0.6116
vn 0.2245 0.3708 0.9011
vn 0.4746 0.5964 0.6474
vn 0.3986 -0.9135 0.0814
vn 0.3278 -0.9446 0.0149
vn 0.4881 -0.8667 0.1024
vn 0.5703 -0.0430 0.8203
vn -0.0957 0.0869 0.9916
vn -0.0077 0.1229 0.9924
vn -0.0138 0.2201 0.9754
vn -0.0086 0.1477 0.9890
vn -0.0094 0.2256 0.9742
vn -0.0000 0.2168 0.9762
vn 0.4347 -0.0908 0.8960
vn -0.0000 -0.6927 0.7212
vn -0.2763 -0.0944 0.9564
vn -0.2463 -0.1152 0.9623
vn -0.3056 -0.0832 0.9485
vn 0.1127 0.9835 0.1418
vn 0.9859 -0.1570 -0.0582
vn -0.1288 -0.2644 0.9558
vn -0.0944 -0.1595 0.9827
vn 0.2055 -0.3658 0.9077
vn 0.0950 -0.5018 0.8598
vn -0.0943 0.0279 0.9952
vn -0.0843 0.0025 0.9964
vn -0.0976 -0.0253 0.9949
vn 0.3810 -0.8645 0.3279
vn 0.7725 -0.5358 -0.3408
vn 0.9800 -0.1738 -0.0969
vn -0.0736 0.0568 0.9957
vn 0.6288 -0.0605 0.7752
vn -0.1214 0.1284 0.9843
vn 0.8908 -0.4439 -0.0975
vn 0.8577 -0.5076 0.0818
vn 0.8772 -0.4801 -0.0019
vn -0.7585 -0.6403 0.1214
vn -0.1096 -0.0725 0.9913
vn 0.2090 0.3776 0.9021
vn -0.1924 -0.0278 0.9809
vn -0.1682 0.0321 0.9852
vn 0.5449 -0.4062 -0.7335
vn 0.4543 0.2396 0.8580
vn -0.3065 0.3279 0.8936
vn -0.3051 0.3572 0.8828
vn -0.3061 0.3373 0.8902
vn -0.0068 0.1181 0.9930
vn -0.0364 0.1318 0.9906
vn 0.0523 0.0904 0.9945
vn 0.8942 -0.4221 -0.1492
vn 0.5159 -0.0023 -0.8566
vn 0.6419 -0.0191 -0.7666
vn 0.5865 -0.0422 -0.8089
vn 0.6641 -0.0158 -0.7475
vn 0.0328 -0.3608 0.9321
vn 0.0520 -0.3761 0.9251
vn -0.2820 -0.9559 0.0824
vn -0.3257 -0.9365 0.1297
vn -0.2833 -0.9554 0.0837
vn -0.1330 0.1756 0.9754
vn 0.5685 0.5558 -0.6065
vn 0.5857 0.5908 -0.5549
vn 0.5598 0.5391 -0.6293
vn 0.2120 -0.4620 -0.8611
vn 0.1915 -0.5112 -0.8379
vn 0.2052 -0.4788 -0.8536
vn 0.6087 -0.7932 0.0175
vn 0.5662 -0.8199 0.0842
vn 0.9829 -0.1746 0.0577
vn 0.9709 -0.2393 -0.0084
vn 0.9708 -0.2398 -0.0089
vn 0.0405 -0.0933 -0.9948
vn -0.2412 -0.9697 0.0390
vn 0.5375 0.0454 -0.8420
vn -0.3047 0.3647 0.8798
vn -0.0437 -0.0115 -0.9990
vn -0.5459 -0.8321 -0.0980
vn -0.1354 -0.0774 0.9878
vn -0.1646 -0.0405 0.9855
vn 0.3766 0.8646 0.3328
vn 0.5317 0.4874 -0.6927
vn -0.1490 0.9674 -0.2046
vn -0.1128 -0.9894 0.0913
vn 0.3146 -0.9366 -0.1542
vn 0.4112 -0.9067 -0.0940
vn 0.4059 -0.9087 -0.0975
vn 0.0479 -0.9542 0.2953
vn 0.1275 -0.9674 -0.2188
vn -0.1153 0.0251 0.9930
vn 0.2622 0.1932 0.9455
vn 0.2227 -0.4350 -0.8725
vn 0.5182 -0.0094 -0.8552
vn -0.4305 -0.8986 -0.0847
vn -0.9720 0.1988 0.1254
vn -0.9792 0.1825 0.0890
vn -0.9886 0.1498 0.0175
vn -0.9838 0.0800 -0.1602
vn -0.9868 -0.1059 -0.1223
vn -0.9896 -0.0047 -0.1436
vn -0.3625 0.5667 0.7399
vn 0.9517 -0.2987 -0.0710
vn 0.5013 -0.8647 -0.0330
vn 0.4860 -0.8740 0.0005
vn -0.6349 0.7720 0.0318
vn -0.0580 0.4005 0.9144
vn -0.6338 -0.7730 0.0258
vn -0.6799 -0.7168 0.1544
vn -0.6607 -0.7444 0.0961
vn 0.1103 0.4093 0.9057
vn 0.4292 0.8546 -0.2922
vn -0.5539 -0.2812 -0.7836
vn -0.4957 -0.3582 -0.7912
vn -0.4864 -0.3698 -0.7917
vn -0.9913 0.1280 -0.0294
vn -0.1255 -0.0006 0.9921
vn -0.1199 -0.0008 0.9928
vn -0.1335 0.0614 0.9891
vn 0.8182 -0.2842 0.4998
vn 0.8236 -0.2852 0.4903
vn 0.8577 -0.2695 0.4379
vn 0.7504 -0.1219 -0.6497
vn 0.7406 -0.1338 -0.6584
vn 0.7406 -0.1461 -0.6559
vn 0.1315 -0.0303 -0.9909
vn 0.1526 -0.0440 -0.9873
vn 0.8582 -0.2731 0.4347
vn 0.9087 -0.2922 0.2982
vn -0.9405 0.2962 0.1665
vn -0.8247 0.5483 -0.1385
vn -0.7191 0.6884 0.0946
vn -0.1492 0.1605 0.9757
vn 0.1017 0.4065 0.9080
vn -0.5871 -0.5639 0.5807
vn 0.1950 0.1236 0.9730
vn 0.1488 0.1545 0.9767
vn 0.2029 0.0960 0.9745
vn -0.1152 -0.0693 -0.9909
vn -0.1240 -0.0651 -0.9901
vn -0.1620 0.0303 -0.9863
vn -0.6371 0.7472 0.1893
vn 0.6800 0.2530 0.6882
vn 0.8691 -0.2495 0.4272
vn 0.9263 -0.0016 -0.3768
vn 0.5517 -0.0092 -0.8340
vn -0.0737 -0.0282 0.9969
vn -0.9766 0.1318 -0.1699
vn -0.6078 -0.7934 -0.0340
vn -0.6284 -0.7334 0.2591
vn -0.6059 -0.7763 0.1740
vn -0.6111 -0.7680 0.1917
vn 0.3798 -0.2432 0.8925
vn -0.9449 0.0002 0.3274
vn -0.1187 -0.3364 -0.9342
vn -0.3107 -0.0151 -0.9504
vn -0.4207 0.8985 -0.1255
vn -0.9934 0.0219 0.1127
vn -0.3598 -0.1641 0.9185
vn -0.6103 0.1851 0.7702
vn -0.0800 0.2388 0.9678
vn -0.0864 0.2339 0.9684
vn -0.0132 0.9501 0.3116
vn 0.9388 -0.0260 -0.3436
vn -0.4189 -0.4471 -0.7903
vn 0.1512 -0.4140 -0.8976
vn 0.0654 -0.3565 -0.9320
vn 0.0987 -0.3793 -0.9200
vn -0.2329 0.1248 -0.9645
vn -0.5081 -0.7308 0.4558
vn -0.5117 -0.7142 0.4775
vn 0.3017 0.1605 0.9398
vn -0.3597 -0.1460 0.9216
vn -0.0667 0.8400 -0.5385
vn 0.2153 -0.0818 -0.9731
vn -0.3208 -0.0003 -0.9472
vn 0.0495 -0.3455 -0.9371
vn -0.2989 0.2237 -0.9277
vn -0.1867 0.1782 -0.9661
vn -0.8163 0.3116 -0.4863
vn 0.9812 -0.1843 0.0572
vn 0.3135 -0.1421 -0.9389
vn 0.2748 -0.0631 -0.9594
vn -0.2322 0.0025 0.9727
vn 0.0085 -0.0408 0.9991
vn -0.2074 -0.0021 0.9783
vn 0.0152 0.1918 -0.9813
vn 0.0570 0.1703 -0.9837
vn -0.0625 0.1765 -0.9823
vn 0.8905 -0.0094 0.4548
vn 0.8041 -0.0239 0.5940
vn 0.8353 -0.0192 0.5494
vn -0.9919 0.0045 -0.1268
vn -0.9623 -0.0014 -0.2720
vn -0.1118 -0.0431 -0.9928
vn -0.6330 -0.7218 0.2798
vn -0.1344 0.1420 0.9807
vn -0.0064 0.3582 0.9336
vn 0.9254 -0.3368 -0.1737
vn -0.0733 0.1903 -0.9790
vn -0.9121 0.0119 0.4099
vn -0.1061 0.0336 -0.9938
vn 0.4053 0.2867 0.8681
vn -0.2230 0.9265 -0.3030
vn -0.9997 0.0100 0.0235
vn -0.9992 0.0150 -0.0360
vn 0.0217 -0.0431 0.9988
vn -0.2421 0.9699 0.0270
vn 0.4370 0.3747 0.8177
vn 0.3338 -0.2014 -0.9209
vn -0.5433 -0.8127 -0.2108
vn 0.8917 -0.0139 0.4525
vn -0.6881 -0.0095 0.7256
vn -0.6815 -0.0082 0.7318
vn -0.6130 0.0039 0.7900
vn -0.3095 -0.1955 -0.9306
vn -0.2559 -0.2580 -0.9316
vn -0.2988 -0.0979 -0.9493
vn -0.3566 0.3721 0.8570
vn 0.9301 0.3671 0.0079
vn 0.2663 0.3615 -0.8935
vn 0.3840 0.3376 -0.8594
vn 0.3077 0.3538 -0.8832
vn 0.3149 0.0025 -0.9491
vn 0.3022 -0.0177 -0.9531
vn -0.8950 -0.4147 -0.1644
vn -0.2674 0.9025 -0.3376
vn -0.3130 0.8984 -0.3079
vn -0.2420 0.9036 -0.3535
vn -0.0490 -0.0088 0.9988
vn 0.3859 0.0309 0.9220
vn 0.4098 0.0239 0.9119
vn 0.1493 -0.0723 0.9861
vn 0.0501 -0.0223 0.9985
vn -0.1214 0.0300 0.9922
vn 0.1697 -0.0052 0.9855
vn 0.1693 -0.0088 0.9855
vn 0.8266 0.5334 -0.1796
vn 0.6887 -0.0714 -0.7215
vn 0.6512 -0.0956 -0.7528
vn 0.6738 -0.0813 -0.7345
vn -0.5180 0.0438 -0.8542
vn -0.5390 0.0071 -0.8423
vn -0.4891 0.0917 -0.8674
vn 0.9826 -0.0215 0.1847
vn 0.9421 -0.0335 -0.3337
vn -0.1800 0.0148 -0.9836
vn -0.7135 0.0042 -0.7007
vn 0.1601 0.4150 -0.8956
vn 0.0241 0.3896 -0.9207
vn 0.0672 0.3985 -0.9147
vn 0.0145 0.9597 -0.2805
vn -0.3222 -0.1794 -0.9295
vn -0.2918 -0.1246 -0.9483
vn -0.3242 -0.1168 -0.9387
vn -0.2877 -0.1116 -0.9512
vn -0.1239 0.0310 0.9918
vn 0.5506 -0.1377 -0.8233
vn 0.1764 0.0084 0.9843
vn 0.1643 -0.0294 0.9860
vn 0.5026 -0.0046 -0.8645
vn -0.6033 0.0013 0.7975
vn -0.1313 0.2176 0.9672
vn 0.7756 0.1335 0.6169
vn 0.4794 0.0985 0.8721
vn -0.8716 0.4780 0.1091
vn -0.9463 0.3147 0.0738
vn -0.9352 0.3512 0.0459
vn -0.9617 0.2673 0.0605
vn -0.9736 0.2259 -0.0336
vn -0.9389 0.3306 0.0958
vn -0.9828 0.1666 -0.0794
vn -0.9945 0.0724 0.0752
vn 0.9870 -0.0194 0.1598
vn 0.5550 -0.0172 -0.8317
vn -0.1128 -0.0056 -0.9936
vn -0.0401 -0.0051 0.9992
vn 0.1222 -0.1617 0.9792
vn 0.1164 -0.1916 0.9746
vn 0.1335 -0.1297 0.9825
vn -0.1287 0.1592 -0.9788
vn -0.2064 0.9037 -0.3750
vn 0.3566 0.0096 0.9342
vn 0.8026 -0.0086 -0.5965
vn 0.8119 -0.0134 -0.5836
vn 0.8003 0.0091 -0.5995
vn -0.3768 -0.1267 -0.9176
vn -0.3407 -0.0884 -0.9360
vn 0.2172 0.4233 -0.8796
vn 0.0713 0.3845 0.9204
vn 0.9170 -0.3804 -0.1205
vn -0.1206 0.1586 -0.9800
vn -0.4645 0.1303 -0.8759
vn 0.9207 0.0520 -0.3868
vn 0.8915 -0.0186 0.4526
vn -0.9983 0.0146 -0.0559
vn 0.6349 -0.1056 -0.7653
vn -0.9164 0.0185 0.3997
vn -0.6024 0.0008 0.7982
vn -0.3327 -0.0926 -0.9385
vn -0.3164 -0.1505 0.9366
vn 0.8579 0.1143 0.5009
vn 0.9866 -0.0160 0.1623
vn -0.7631 0.0192 -0.6460
vn -0.9413 -0.1577 0.2984
vn -0.7455 -0.5868 -0.3160
vn -0.7190 -0.5738 -0.3922
vn -0.7269 -0.5778 -0.3711
vn -0.4279 -0.1025 0.8980
vn 0.3070 -0.2637 0.9144
vn 0.9991 -0.0311 -0.0272
vn 0.9415 -0.1759 -0.2875
vn 0.8857 -0.0849 -0.4565
vn 0.9062 -0.1126 -0.4077
vn 0.2055 0.3714 -0.9054
vn 0.1424 0.0500 -0.9885
vn -0.2002 0.0370 -0.9790
vn -0.0549 0.1767 -0.9827
vn -0.0659 0.1728 -0.9827
vn -0.0636 0.1736 -0.9828
vn -0.0061 0.5569 -0.8306
vn 0.1318 -0.1291 0.9828
vn -0.8015 -0.0492 0.5960
vn -0.7944 -0.0395 0.6061
vn -0.7722 0.0023 0.6354
vn -0.1590 0.8733 -0.4604
vn -0.7486 -0.5882 -0.3059
vn 0.0229 -0.0299 0.9993
vn 0.0379 -0.0294 0.9989
vn -0.0105 -0.0217 0.9997
vn 0.1404 0.3236 0.9357
vn 0.1446 0.3244 0.9348
vn 0.1568 0.3267 0.9320
vn 0.9490 -0.1959 -0.2470
vn -0.9903 0.0075 0.1387
vn 0.7640 0.3875 -0.5159
vn 0.6912 -0.0781 -0.7184
vn 0.2600 0.9221 0.2865
vn 0.2379 -0.0918 -0.9669
vn 0.2456 -0.0872 -0.9654
vn 0.2326 -0.1802 -0.9557
vn -0.8450 0.5185 0.1311
vn 0.0875 0.0718 -0.9936
vn -0.8879 -0.4590 0.0305
vn -0.7763 -0.3409 0.5302
vn 0.4708 0.5520 0.6882
vn 0.9752 0.0087 0.2211
vn -0.2935 0.1626 -0.9420
vn -0.1752 0.2249 -0.9585
vn -0.2578 0.2199 -0.9409
vn -0.0958 0.2532 0.9627
vn -0.1200 0.1999 -0.9724
vn 0.8581 -0.0344 0.5123
vn 0.9144 -0.0270 -0.4039
vn 0.9038 -0.0151 -0.4278
vn -0.8689 -0.4746 -0.1408
vn 0.9716 -0.2307 -0.0524
vn -0.9116 0.0249 0.4104
vn -0.0488 0.1788 -0.9827
vn 0.5301 0.5575 -0.6389
vn 0.5272 0.5427 -0.6539
vn 0.5365 0.5954 -0.5980
vn 0.1611 0.3275 0.9310
vn 0.7004 0.7078 -0.0924
vn 0.8117 0.4450 -0.3784
vn 0.2590 -0.1606 -0.9524
vn 0.5356 0.1586 -0.8295
vn 0.5374 0.2462 -0.8066
vn 0.5351 0.1487 -0.8316
vn 0.5118 -0.0036 -0.8591
vn -0.7644 0.0177 -0.6445
vn -0.3057 0.3938 0.8668
vn 0.2272 -0.9052 0.3591
vn -0.7795 0.0256 0.6259
vn 0.5387 0.6107 -0.5803
vn 0.1625 0.6801 0.7149
vn -0.2940 0.0068 0.9558
vn -0.2797 0.0078 0.9601
vn -0.0746 0.0092 0.9972
vn 0.5288 0.0634 -0.8464
vn 0.5606 0.0051 0.8281
vn 0.7259 0.0105 0.6878
vn 0.6210 0.0357 0.7830
vn -0.1163 -0.0094 -0.9932
vn 0.1928 -0.0074 -0.9812
vn -0.8485 -0.3189 -0.4224
vn 0.8779 -0.2432 0.4125
vn 0.9333 -0.2468 0.2607
vn 0.9236 -0.2929 0.2472
vn -0.0476 0.9358 0.3493
vn -0.0356 0.9394 0.3409
vn -0.0278 0.9417 0.3354
vn -0.9812 0.0269 -0.1909
vn -0.9944 0.1011 -0.0324
vn 0.8738 -0.2412 0.4223
vn -0.7231 0.0170 0.6905
vn 0.6653 -0.1418 0.7330
vn 0.5710 -0.0705 0.8179
vn 0.3639 0.0442 -0.9304
vn 0.3647 0.0431 -0.9301
vn 0.3631 0.0452 -0.9306
vn -0.1781 -0.9072 -0.3812
vn 0.8078 -0.0550 -0.5869
vn 0.8955 -0.0361 -0.4435
vn -0.9040 0.0217 0.4269
vn -0.3246 -0.2301 -0.9175
vn -0.4835 -0.2327 -0.8439
vn -0.3044 -0.2293 -0.9245
vn -0.0164 -0.0117 0.9998
vn 0.2210 -0.2580 -0.9405
vn -0.6418 0.0347 0.7661
vn -0.0457 -0.0733 -0.9963
vn -0.0409 -0.0958 -0.9946
vn -0.0757 -0.0664 -0.9949
vn -0.5085 -0.2325 -0.8291
vn -0.0617 0.9313 0.3591
vn 0.1613 0.9424 -0.2930
vn 0.1417 0.9140 -0.3802
vn 0.1200 0.8886 -0.4427
vn 0.1361 -0.2890 -0.9476
vn 0.9776 -0.0577 0.2022
vn -0.9788 0.0193 -0.2040
vn 0.5682 -0.0718 0.8198
vn 0.5419 -0.0617 0.8382
vn -0.7497 0.0075 -0.6618
vn -0.6353 0.0329 0.7716
vn 0.8009 0.1464 -0.5806
vn 0.7977 0.1203 -0.5909
vn 0.7984 0.1358 -0.5866
vn -0.9525 -0.1582 0.2604
vn -0.9476 -0.1511 0.2814
vn -0.9174 -0.0849 0.3889
vn -0.4649 -0.0884 0.8810
vn 0.2204 -0.0052 0.9754
vn -0.0271 0.0186 0.9995
vn 0.1046 0.8572 -0.5042
vn -0.7295 0.0118 -0.6839
vn 0.9478 -0.2596 0.1853
vn 0.9831 -0.0307 0.1804
vn -0.9592 -0.1989 -0.2008
vn -0.0000 0.0052 1.0000
vn 0.0035 -0.0145 0.9999
vn 0.9111 -0.3253 0.2532
vn 0.9445 -0.2941 -0.1466
vn 0.9262 -0.3419 -0.1588
vn 0.9805 -0.1935 -0.0345
vn 0.1070 0.8313 -0.5454
vn 0.3615 0.0474 -0.9312
vn 0.6340 -0.0774 0.7694
vn 0.0846 0.0024 -0.9964
vn -0.0000 -0.0321 0.9995
vn 0.5835 0.2174 0.7825
vn 0.1133 -0.2600 0.9589
vn 0.1703 -0.1553 0.9731
vn 0.1369 -0.3304 0.9339
vn 0.1450 -0.2044 0.9681
vn -0.9248 -0.0471 0.3775
vn 0.3012 0.0820 0.9500
vn 0.7950 -0.3308 0.5084
vn 0.9854 -0.1686 0.0239
vn 0.8748 -0.0489 -0.4820
vn -0.7326 -0.0798 -0.6760
vn -0.7481 -0.0773 -0.6591
vn -0.7547 -0.1045 -0.6477
vn 0.2025 -0.1176 0.9722
vn 0.6031 -0.3251 0.7284
vn -0.9779 0.0117 -0.2088
vn -0.1793 -0.0362 -0.9831
vn -0.1552 0.0203 0.9877
vn 0.8040 -0.5883 -0.0862
vn 0.8763 -0.0831 0.4746
vn 0.8445 -0.0384 0.5343
vn 0.8361 -0.0278 0.5478
vn 0.6074 -0.0328 -0.7937
vn 0.8198 0.1039 -0.5632
vn 0.6301 -0.6610 0.4075
vn -0.3969 0.0236 -0.9175
vn -0.4022 0.0182 -0.9154
vn -0.3987 0.0213 -0.9168
vn -0.7273 0.0125 -0.6862
vn -0.1958 -0.0368 -0.9800
vn -0.1543 -0.4955 0.8548
vn 0.1437 -0.9873 0.0674
vn 0.5391 -0.7094 0.4539
vn 0.2020 -0.9794 -0.0000
vn 0.1066 -0.9943 -0.0000
vn 0.1526 -0.9883 -0.0000
vn -0.0662 -0.9956 0.0661
vn -0.0664 -0.9943 0.0830
vn -0.0664 -0.9939 0.0884
vn -0.0663 -0.9931 0.0962
vn -0.3484 -0.9305 -0.1127
vn -0.4038 -0.9125 -0.0654
vn -0.2063 -0.9449 -0.2541
vn -0.4927 -0.3927 0.7766
vn 0.5545 -0.8319 0.0199
vn -0.0730 -0.9268 -0.3683
vn -0.1535 -0.9441 -0.2916
vn -0.2544 -0.9482 -0.1903
vn -0.6346 -0.7728 0.0070
vn -0.0319 -0.6167 -0.7865
vn -0.5975 -0.0123 0.8018
vn -0.6620 -0.0633 0.7469
vn -0.6415 -0.0434 0.7659
vn -0.8741 -0.2916 -0.3885
vn 0.3783 -0.7527 0.5388
vn 0.6705 -0.0580 0.7397
vn -0.9327 -0.0202 0.3602
vn -0.5532 0.0297 0.8325
vn 0.9738 -0.0735 0.2151
vn 0.2159 -0.1281 0.9680
vn 0.5688 -0.5056 -0.6487
vn 0.5879 -0.4554 -0.6686
vn 0.5765 -0.4861 -0.6568
vn 0.9094 -0.3961 -0.1265
vn 0.1655 -0.0712 0.9836
vn 0.1603 -0.0736 0.9843
vn 0.1494 -0.0786 0.9856
vn 0.6182 -0.0272 -0.7856
vn -0.9559 0.0219 0.2929
vn -0.6369 -0.0396 -0.7699
vn 0.8226 0.1030 -0.5592
vn 0.1863 -0.2529 0.9494
vn 0.6827 -0.4976 0.5350
vn -0.2330 -0.9415 0.2435
vn 0.7395 -0.5824 -0.3375
vn 0.7418 -0.5743 -0.3463
vn 0.7405 -0.5789 -0.3414
vn -0.6630 0.0716 0.7452
vn -0.1590 0.0270 0.9869
vn -0.5674 0.0061 0.8234
vn 0.5571 -0.5332 -0.6366
vn -0.9670 -0.0526 -0.2491
vn 0.1130 -0.0062 -0.9936
vn -0.9746 0.0447 0.2193
vn -0.1018 0.0379 0.9941
vn -0.1009 0.0185 0.9947
vn -0.1013 0.0277 0.9945
vn -0.9922 0.0914 0.0853
vn 0.9877 -0.0435 -0.1501
vn 0.9874 -0.0330 -0.1549
vn 0.9768 -0.0741 -0.2011
vn 0.1453 -0.0805 0.9861
vn 0.8720 -0.0508 -0.4869
vn -0.1004 0.0097 0.9949
vn 0.2109 -0.1343 0.9682
vn 0.0717 -0.5711 0.8177
vn 0.0481 -0.5065 0.8609
vn 0.0961 -0.6351 0.7664
vn 0.0433 0.2088 0.9770
vn -0.3793 -0.1583 -0.9116
vn -0.3891 -0.2224 -0.8939
vn -0.3787 -0.1551 -0.9124
vn -0.6653 0.0201 0.7463
vn -0.6161 -0.0275 -0.7872
vn -0.4665 -0.0575 0.8827
vn 0.9336 -0.1850 0.3068
vn 0.9906 0.0442 -0.1291
vn 0.9951 -0.0908 -0.0387
vn 0.9955 -0.0415 -0.0847
vn 0.8827 -0.0931 0.4607
vn -0.8744 0.0420 -0.4833
vn -0.8770 0.0652 -0.4760
vn -0.8808 0.0351 -0.4721
vn -0.3937 0.8923 0.2209
vn -0.4258 0.8904 0.1611
vn -0.4532 0.8850 0.1064
vn -0.4926 0.8700 0.0200
vn 0.2919 0.9466 0.1366
vn -0.3375 0.6675 -0.6637
vn 0.5148 0.7917 -0.3288
vn -0.9691 0.2373 -0.0673
vn -0.9483 0.2840 -0.1414
vn -0.9799 0.1994 -0.0090
vn 0.1561 0.5715 -0.8056
vn -0.3420 0.3990 0.8508
vn -0.3990 0.2544 0.8809
vn -0.3770 0.3140 0.8713
vn -0.9859 0.1595 0.0508
vn -0.9813 -0.1925 -0.0013
vn -0.5350 0.2322 -0.8123
vn 0.9572 0.2888 0.0214
vn 0.9549 0.2969 -0.0013
vn 0.9606 0.2586 0.1015
vn 0.5785 0.4089 0.7058
vn 0.9396 0.3287 -0.0951
vn -0.9217 -0.2672 0.2813
vn 0.4086 0.2755 0.8701
vn -0.4224 0.1839 0.8875
vn 0.1896 -0.1432 0.9714
vn 0.7337 -0.0806 0.6747
vn -0.6635 0.0144 0.7480
vn 0.5403 -0.1306 -0.8313
vn 0.5124 -0.1011 -0.8528
vn 0.5101 -0.0799 -0.8564
vn -0.1689 -0.0154 -0.9855
vn -0.6883 -0.0352 -0.7246
vn -0.7011 -0.0288 -0.7125
vn -0.7840 0.0138 -0.6206
vn -0.9941 0.0322 0.1038
vn -0.9946 0.0312 0.0987
vn -0.9989 0.0192 0.0433
vn -0.9991 0.0179 0.0373
vn 0.7382 -0.5868 -0.3327
vn 0.4559 -0.0824 -0.8862
vn 0.4002 -0.1324 -0.9068
vn 0.5101 -0.0180 -0.8599
vn -0.3693 -0.1020 -0.9237
vn -0.8624 0.0243 -0.5057
vn -0.1791 0.0117 -0.9838
vn -0.7486 -0.2309 -0.6215
vn -0.4393 -0.0025 0.8983
vn 0.0632 -0.0847 0.9944
vn -0.0031 -0.1781 0.9840
vn 0.0447 -0.1316 0.9903
vn 0.0541 0.0825 -0.9951
vn 0.4072 -0.0460 0.9122
vn -0.9039 0.0454 0.4254
vn 0.1451 0.0343 -0.9888
vn 0.1121 0.0052 -0.9937
vn 0.2335 0.1131 -0.9658
vn -0.2912 -0.0457 -0.9556
vn -0.2164 -0.0550 -0.9748
vn -0.1243 -0.0117 -0.9922
vn 0.2282 0.0098 -0.9736
vn -0.6021 -0.1995 0.7731
vn 0.0274 0.0781 0.9966
vn 0.0765 0.0302 0.9966
vn 0.0231 0.0759 0.9968
vn 0.9866 0.1032 -0.1263
vn 0.5677 -0.0162 -0.8231
vn 0.3736 -0.0086 -0.9275
vn 0.3943 -0.0172 -0.9188
vn -0.8465 0.0046 -0.5324
vn -0.2748 -0.0381 0.9608
vn 0.9069 -0.0363 0.4198
vn 0.9561 0.0700 0.2844
vn 0.9460 0.0235 0.3233
vn 0.0320 -0.4612 0.8867
vn -0.7794 0.0970 -0.6189
vn 0.5638 -0.0288 -0.8254
vn 0.3284 -0.0283 0.9441
vn 0.2838 -0.0402 0.9580
vn 0.1398 -0.0266 0.9898
vn -0.3555 0.2472 0.9014
vn -0.3129 0.2738 0.9095
vn -0.3493 0.2672 0.8981
vn 0.0445 -0.0105 0.9990
vn 0.0656 -0.0334 0.9973
vn -0.9972 0.0503 -0.0552
vn -0.9972 0.0520 -0.0539
vn -0.9972 0.0504 -0.0554
vn -0.8515 0.0031 -0.5244
vn -0.0840 -0.0126 -0.9964
vn -0.6336 0.3481 0.6909
vn 0.0888 -0.7474 -0.6584
vn 0.1293 -0.7766 -0.6165
vn 0.1245 -0.7733 -0.6217
vn 0.1451 -0.7873 -0.5993
vn -0.7855 0.0663 -0.6154
vn -0.7664 0.1357 -0.6279
vn -0.7912 0.0417 -0.6101
vn 0.9673 -0.1382 0.2126
vn -0.1415 0.2384 0.9608
vn -0.1833 0.2525 0.9501
vn 0.5633 0.0652 0.8236
vn 0.9863 0.1381 -0.0902
vn 0.5176 0.1542 -0.8416
vn 0.7612 -0.0651 0.6453
vn 0.9558 -0.2744 -0.1056
vn 0.0319 0.0275 0.9991
vn 0.0754 -0.2931 -0.9531
vn -0.0363 -0.2675 -0.9629
vn 0.0839 -0.3693 -0.9255
vn -0.8206 0.5245 0.2269
vn -0.8262 0.4986 0.2623
vn -0.7745 0.5984 0.2050
vn 0.1262 -0.3987 -0.9083
vn 0.0873 -0.5202 -0.8496
vn -0.4243 0.0210 -0.9053
vn 0.4145 0.1827 -0.8915
vn 0.9939 -0.0874 -0.0673
vn -0.1520 0.5543 0.8183
vn -0.0264 0.5193 0.8542
vn -0.0847 0.5637 0.8216
vn 0.9982 -0.0594 -0.0052
vn -0.8052 -0.0318 -0.5922
vn 0.0775 0.4805 0.8736
vn 0.1525 0.4108 0.8989
vn -0.6830 0.0207 0.7301
vn 0.8584 -0.0614 0.5093
vn 0.0035 -0.0069 -1.0000
vn -0.5968 0.0871 -0.7977
vn -0.6038 0.0588 -0.7949
vn -0.6019 0.0668 -0.7958
vn -0.7704 0.0380 -0.6364
vn -0.6083 0.0396 -0.7927
vn 0.2710 0.1470 -0.9513
vn 0.9382 -0.1345 0.3189
vn 0.9629 -0.1051 0.2486
vn 0.7339 0.2400 0.6355
vn 0.9333 0.3465 -0.0944
vn 0.9371 -0.1600 0.3101
vn 0.8754 -0.0617 0.4795
vn -0.4053 0.0287 -0.9137
vn 0.3571 0.8624 -0.3587
vn 0.4115 0.8607 -0.2996
vn 0.4643 0.8478 -0.2563
vn 0.4892 0.8410 -0.2313
vn 0.9900 -0.0787 -0.1174
vn -0.0687 0.0134 -0.9975
vn -0.9974 0.0605 -0.0401
vn -0.0402 0.9646 0.2607
vn 0.1806 0.9448 0.2735
vn 0.0357 0.9667 0.2533
vn 0.2630 0.9347 0.2391
vn 0.2543 0.2120 -0.9436
vn 0.4080 0.2900 -0.8657
vn 0.6419 0.5071 0.5752
vn 0.6982 0.4795 0.5316
vn 0.5727 0.5350 0.6210
vn 0.4930 0.5607 0.6653
vn 0.5075 0.8283 -0.2374
vn 0.8640 0.4959 -0.0872
vn 0.8805 0.4486 -0.1535
vn 0.8499 0.5267 -0.0147
vn 0.5983 0.3990 -0.6948
vn 0.4539 0.8524 -0.2596
vn 0.8396 0.5386 0.0704
vn 0.7551 0.4725 -0.4544
vn 0.8777 0.4374 0.1957
vn 0.3568 -0.1766 -0.9173
vn 0.2911 -0.1650 -0.9424
vn 0.3387 -0.1819 -0.9231
vn 0.4062 -0.2835 0.8687
vn 0.5033 -0.3230 0.8015
vn 0.4246 -0.2911 0.8573
vn -0.9991 0.0195 0.0382
vn -0.9989 0.0167 0.0449
vn -0.9990 0.0184 0.0409
vn -0.9987 0.0149 0.0491
vn 0.5287 -0.3330 0.7808
vn 0.9585 -0.2456 -0.1449
vn -0.9271 0.0259 0.3740
vn 0.3324 0.0353 0.9425
vn 0.3568 0.0315 0.9336
vn 0.3238 0.0367 0.9454
vn 0.9218 0.3212 0.2171
vn 0.9721 0.1993 -0.1233
vn 0.2515 -0.1369 -0.9581
vn 0.6039 0.7854 0.1363
vn 0.6929 0.6904 -0.2079
vn -0.6303 -0.4463 0.6352
vn -0.6255 -0.3247 0.7094
vn -0.6301 -0.4023 0.6642
vn 0.1556 -0.9770 -0.1456
vn 0.1232 -0.9908 -0.0565
vn 0.1673 -0.9696 -0.1785
vn 0.0950 -0.9953 0.0190
vn 0.3031 0.0399 0.9521
vn -0.6271 -0.5148 0.5846
vn 0.4323 -0.0548 -0.9001
vn -0.7578 0.0389 -0.6514
vn -0.9028 0.0575 0.4263
vn 0.5845 -0.0329 -0.8107
vn -0.7536 0.6305 0.1860
vn -0.0876 0.7621 0.6415
vn 0.3077 -0.1404 -0.9411
vn 0.5735 -0.0550 -0.8173
vn 0.7807 -0.0458 -0.6232
vn 0.7870 -0.0417 -0.6156
vn 0.1020 -0.2978 -0.9492
vn 0.0823 -0.2728 -0.9586
vn 0.0886 -0.2808 -0.9557
vn 0.5149 -0.3017 0.8024
vn 0.5010 -0.2726 0.8214
vn 0.5554 -0.3690 0.7452
vn 0.2450 0.4740 -0.8458
vn -0.1414 -0.3040 -0.9421
vn 0.0371 -0.0311 -0.9988
vn 0.2211 0.6646 -0.7137
vn 0.1235 -0.2318 -0.9649
vn 0.0262 -0.1534 0.9878
vn -0.0420 -0.1486 0.9880
vn -0.0198 -0.0800 0.9966
vn 0.4120 0.2502 -0.8762
vn -0.7091 0.0167 0.7049
vn 0.5681 -0.4142 0.7111
vn -0.5420 0.7337 0.4098
vn -0.4031 0.8046 0.4361
vn -0.4147 0.8029 0.4282
vn 0.1263 0.2910 0.9483
vn -0.0136 0.3290 0.9442
vn -0.0138 0.3290 0.9442
vn 0.8942 -0.0099 -0.4476
vn 0.9970 0.0212 0.0748
vn -0.5392 0.7479 0.3872
vn -0.1517 0.9674 0.2029
vn -0.0205 -0.2353 0.9717
vn -0.1242 0.3542 0.9269
vn -0.9356 -0.0059 -0.3529
vn 0.9260 -0.3737 0.0532
vn 0.1932 0.1566 -0.9686
vn -0.8540 0.4576 0.2474
vn -0.8504 0.4763 0.2236
vn -0.8498 0.4340 0.2992
vn 0.8575 -0.4715 -0.2057
vn -0.9953 0.0725 -0.0642
vn 0.0039 -0.0630 0.9980
vn 0.1261 -0.6169 0.7768
vn -0.5333 0.0274 -0.8455
vn -0.5344 0.0276 -0.8448
vn -0.5092 0.0664 -0.8581
vn -0.8852 0.2294 -0.4047
vn -0.8758 0.2927 -0.3839
vn -0.8603 0.3363 -0.3832
vn -0.7115 -0.1736 0.6809
vn -0.9461 -0.3101 0.0936
vn 0.0738 0.2437 -0.9670
vn 0.3205 -0.1643 -0.9329
vn -0.9109 0.0552 0.4089
vn 0.1078 -0.3051 -0.9462
vn 0.5449 -0.5610 0.6232
vn -0.2908 0.3962 -0.8709
vn 0.3244 -0.9458 0.0122
vn 0.9544 -0.0894 0.2847
vn -0.7282 0.0127 0.6853
vn -0.0252 -0.0411 0.9988
vn -0.7963 0.4612 -0.3915
vn 0.5661 -0.5384 0.6243
vn 0.5473 -0.2476 -0.7995
vn 0.6030 -0.2008 -0.7720
vn 0.5670 -0.2590 -0.7820
vn 0.9772 -0.0868 -0.1936
vn 0.0288 0.8198 -0.5719
vn 0.9773 -0.0917 -0.1911
vn 0.6140 -0.0269 -0.7889
vn 0.4171 -0.6859 0.5962
vn 0.4395 -0.6737 0.5941
vn 0.3137 -0.7389 0.5963
vn -0.8080 0.4779 0.3445
vn -0.7597 0.5463 0.3527
vn -0.1890 0.7575 0.6249
vn -0.2395 0.7849 0.5715
vn -0.4356 0.7830 0.4440
vn 0.0916 -0.0022 -0.9958
vn -0.4399 0.0134 -0.8979
vn 0.9467 -0.0104 0.3221
vn 0.9426 -0.0039 0.3338
vn 0.9600 -0.0312 0.2784
vn -0.8567 0.0716 -0.5108
vn -0.4350 0.7921 0.4281
vn 0.1064 0.4808 -0.8704
vn -0.3137 0.9309 0.1873
vn -0.4214 0.8886 -0.1811
vn -0.4456 0.8743 -0.1923
vn -0.5280 0.8301 -0.1796
vn 0.9581 -0.0428 -0.2830
vn -0.7762 0.4980 -0.3866
vn -0.3260 -0.2368 0.9152
vn -0.3651 -0.1115 0.9243
vn -0.3371 -0.2034 0.9192
vn 0.6869 0.3948 -0.6102
vn 0.7221 0.3741 -0.5819
vn 0.7852 0.3080 -0.5372
vn 0.5958 0.4541 -0.6625
vn 0.9666 0.0064 -0.2564
vn 0.8113 0.3047 -0.4989
vn -0.7362 0.0120 -0.6767
vn 0.3267 0.0533 -0.9436
vn 0.9194 -0.0735 0.3863
vn 0.5050 0.1376 0.8521
vn 0.5063 0.1485 0.8495
vn 0.5041 0.1301 0.8538
vn 0.6422 0.3833 0.6638
vn 0.6460 0.3523 0.6772
vn 0.6517 0.3950 0.6475
vn -0.7822 -0.3778 0.4953
vn -0.6998 -0.4405 0.5623
vn -0.7470 -0.4099 0.5233
vn 0.2105 0.0848 -0.9739
vn 0.1365 -0.0124 -0.9906
vn 0.1295 -0.0213 -0.9913
vn 0.5070 0.1551 0.8479
vn -0.7742 -0.2805 -0.5673
vn -0.7682 -0.1216 0.6285
vn 0.2268 0.1067 -0.9681
vn -0.4110 -0.0262 -0.9113
vn 0.1233 0.0470 -0.9913
vn 0.1493 0.1183 -0.9817
vn 0.1268 0.0563 -0.9903
vn 0.6324 0.5542 0.5412
vn 0.6395 0.5738 0.5117
vn 0.6414 -0.1595 -0.7504
vn 0.7058 -0.4006 0.5842
vn 0.5733 0.4537 -0.6822
vn -0.6565 -0.5328 0.5340
vn 0.1033 -0.0262 0.9943
vn 0.1149 -0.0003 0.9934
vn 0.1425 0.0874 0.9859
vn -0.6108 -0.5698 0.5498
vn 0.8436 0.2130 -0.4929
vn -0.7189 0.6943 -0.0340
vn -0.7297 0.6837 0.0038
vn -0.6706 0.7226 -0.1680
vn 0.2370 0.0105 0.9715
vn -0.9311 0.2075 0.2999
vn 0.1515 0.0856 0.9847
vn -0.6444 0.7303 -0.2268
vn 0.6736 0.4803 -0.5618
vn 0.6404 0.4335 -0.6340
vn 0.6697 0.4746 -0.5712
vn 0.6372 0.4291 -0.6401
vn 0.6322 -0.4446 -0.6346
vn 0.6615 -0.5041 -0.5553
vn 0.6664 -0.5730 -0.4770
vn 0.1839 -0.3220 -0.9287
vn 0.1880 -0.3397 -0.9216
vn 0.1837 -0.3212 -0.9290
vn 0.4333 -0.3863 0.8143
vn 0.4322 -0.3852 0.8154
vn 0.4344 -0.3873 0.8132
vn 0.4381 -0.3911 0.8094
vn 0.1582 0.1133 0.9809
vn -0.4666 -0.3889 -0.7943
vn -0.4740 -0.4044 -0.7821
vn -0.4683 -0.3924 -0.7916
vn 0.3343 -0.0504 -0.9411
vn 0.1815 -0.3114 -0.9328
vn 0.6841 -0.5932 -0.4244
vn -0.5084 0.6538 0.5604
vn -0.6829 0.0071 0.7305
vn -0.1054 0.0232 0.9942
vn -0.1989 -0.0048 0.9800
vn -0.1684 0.0314 0.9852
vn 0.1222 -0.1378 0.9829
vn 0.8863 -0.2290 0.4025
vn 0.1177 0.0681 -0.9907
vn 0.1110 0.0667 -0.9916
vn 0.0943 0.0700 -0.9931
vn 0.1089 0.0953 -0.9895
vn 0.4311 0.6559 -0.6196
vn 0.4217 -0.6765 0.6038
vn 0.4171 -0.6827 0.6000
vn 0.4290 -0.6663 0.6099
vn -0.2564 -0.7065 0.6596
vn 0.9868 -0.0949 0.1311
vn 0.5264 0.6920 0.4941
vn 0.1145 0.1033 -0.9880
vn -0.3942 -0.0000 0.9190
vn -0.4398 -0.0489 -0.8968
vn -0.4601 -0.6693 0.5833
vn 0.5651 0.6785 0.4693
vn -0.4762 -0.4090 -0.7784
vn 0.8304 0.5476 0.1025
vn 0.8293 0.5462 0.1182
vn 0.8104 0.5671 0.1473
vn 0.6596 -0.6536 -0.3710
vn -0.5082 0.8240 0.2504
vn -0.5139 0.7039 0.4904
vn 0.9162 0.2605 0.3044
vn 0.3246 -0.0000 0.9459
vn 0.3351 0.0043 0.9422
vn 0.3786 0.0226 0.9253
vn 0.3516 -0.3870 -0.8524
vn 0.9400 0.3391 0.0385
vn 0.9620 0.2704 -0.0369
vn 0.9291 0.3689 0.0271
vn 0.8866 0.2611 0.3817
vn 0.9237 0.2256 0.3096
vn 0.8995 0.2498 0.3585
vn 0.9182 -0.0492 0.3931
vn 0.8366 0.1687 0.5212
vn 0.4983 0.6343 -0.5911
vn 0.5312 0.6578 -0.5340
vn 0.5315 0.6631 -0.5270
vn 0.9362 0.2113 0.2809
vn 0.2427 -0.8350 -0.4938
vn 0.3243 -0.8233 -0.4658
vn 0.4006 -0.8368 -0.3732
vn -0.3122 0.9200 0.2368
vn -0.1707 0.0930 0.9809
vn -0.0162 0.0184 0.9997
vn -0.1087 0.0724 0.9914
vn -0.2323 0.8022 -0.5500
vn 0.8283 0.5468 0.1219
vn 0.9788 -0.1082 -0.1738
vn 0.0997 -0.0164 -0.9949
vn -0.0641 -0.0228 0.9977
vn -0.1815 0.1325 0.9744
vn 0.3986 0.7163 0.5727
vn 0.7072 -0.2018 0.6776
vn 0.6936 -0.1472 0.7052
vn 0.7242 -0.2939 0.6238
vn 0.7314 -0.3600 0.5792
vn 0.7783 -0.5488 -0.3050
vn 0.2532 0.7293 0.6356
vn 0.2592 0.7374 0.6237
vn 0.2569 0.7344 0.6282
vn 0.2666 0.7471 0.6089
vn 0.8148 0.2483 -0.5239
vn 0.4777 -0.6686 0.5699
vn 0.4804 0.0694 0.8743
vn 0.4034 0.1952 0.8940
vn 0.4415 0.1353 0.8870
vn 0.3514 0.2708 0.8962
vn 0.5838 0.1702 -0.7939
vn 0.6119 0.1433 -0.7778
vn 0.5636 0.1887 -0.8042
vn 0.5957 -0.1812 -0.7825
vn 0.4645 0.2718 -0.8428
vn 0.4439 -0.8642 -0.2367
vn 0.4417 -0.8646 -0.2393
vn 0.4452 -0.8640 -0.2352
vn -0.0951 0.6339 -0.7675
vn 0.0350 0.6626 -0.7482
vn -0.1060 0.6296 -0.7697
vn 0.0394 -0.9373 0.3464
vn 0.2043 -0.2949 -0.9334
vn 0.2704 -0.3227 -0.9071
vn 0.1690 -0.2795 -0.9452
vn 0.4468 -0.8637 -0.2332
vn 0.5355 0.6467 -0.5432
vn 0.9626 -0.0300 0.2691
vn 0.9622 -0.0326 0.2705
vn -0.5155 0.0556 -0.8551
vn -0.6383 0.6648 0.3882
vn -0.1198 0.6242 0.7720
vn -0.0303 -0.1148 0.9929
vn 0.0992 -0.5022 0.8590
vn 0.1437 -0.5851 0.7981
vn 0.1361 -0.5600 0.8172
vn -0.4823 0.0401 -0.8751
vn -0.8377 0.0789 -0.5404
vn -0.9967 0.0647 -0.0480
vn 0.7993 -0.5321 0.2793
vn 0.8768 -0.4389 0.1962
vn 0.8264 -0.4875 0.2817
vn -0.3769 -0.7174 0.5859
vn 0.7578 0.5075 -0.4100
vn -0.7844 0.0623 0.6171
vn 0.2498 -0.3225 0.9130
vn 0.2372 -0.3026 0.9231
vn 0.2417 -0.3100 0.9195
vn 0.8473 0.5280 0.0572
vn 0.3706 0.3060 -0.8770
vn 0.5776 0.4936 -0.6502
vn 0.5840 0.4970 -0.6419
vn 0.5564 0.4820 -0.6768
vn 0.9731 -0.0023 -0.2304
vn 0.5929 -0.0223 -0.8049
vn 0.2279 -0.3012 0.9259
vn 0.4422 -0.8262 0.3490
vn 0.8032 -0.5122 0.3042
vn 0.1593 -0.1925 0.9683
vn 0.4350 -0.6579 0.6147
vn 0.8008 0.0449 0.5973
vn 0.7677 0.1162 0.6302
vn 0.7641 0.0932 0.6383
vn 0.8384 0.5450 0.0112
vn 0.1414 -0.9759 -0.1660
vn 0.8721 0.1868 -0.4522
vn 0.8931 0.2216 -0.3914
vn 0.8746 0.1664 -0.4553
vn -0.6531 0.6197 0.4352
vn -0.5961 0.6971 0.3984
vn -0.5429 0.7584 0.3606
vn 0.3153 -0.2821 0.9061
vn 0.5081 -0.2757 0.8160
vn 0.4486 -0.2599 0.8551
vn -0.2528 0.6761 0.6921
vn -0.4883 0.0993 -0.8670
vn 0.1458 -0.8458 -0.5132
vn -0.0741 -0.7196 0.6904
vn -0.1036 -0.6786 0.7272
vn -0.1366 -0.6287 0.7656
vn 0.1851 -0.3463 0.9197
vn -0.0458 -0.1537 0.9871
vn -0.2814 -0.6994 0.6570
vn 0.3628 0.6985 0.6168
vn 0.0401 -0.4793 0.8767
vn -0.2478 -0.5887 -0.7694
vn 0.5443 0.4752 -0.6913
vn 0.9774 0.0071 -0.2113
vn -0.7727 0.1025 0.6265
vn -0.2227 0.1933 0.9555
vn 0.5301 0.2095 0.8217
vn 0.1286 -0.2616 -0.9566
vn -0.1655 -0.2515 -0.9536
vn -0.1597 -0.2620 -0.9518
vn -0.1556 -0.2306 -0.9605
vn 0.1201 -0.0059 -0.9927
vn -0.5533 0.8106 -0.1919
vn 0.6556 -0.7027 0.2764
vn 0.1063 -0.1015 0.9891
vn 0.0017 -0.9956 -0.0934
vn 0.0018 -0.9957 -0.0922
vn 0.0013 -0.9954 -0.0959
vn 0.8029 0.5740 0.1606
vn 0.8224 0.1453 -0.5500
vn -0.7420 0.5698 -0.3531
vn -0.6184 0.7731 -0.1410
vn -0.1430 0.8969 0.4186
vn -0.1628 0.8909 0.4241
vn -0.2299 0.8774 0.4210
vn 0.7470 0.6458 0.1578
vn -0.3911 0.8414 -0.3729
vn -0.1458 0.6344 -0.7591
vn -0.1399 0.6384 -0.7569
vn 0.4499 0.6275 -0.6355
vn -0.4066 0.0150 -0.9135
vn -0.6205 0.7724 -0.1353
vn 0.5856 0.0412 0.8095
vn 0.5512 0.0096 0.8343
vn 0.5101 -0.0265 0.8597
vn 0.4804 -0.0516 0.8756
vn -0.5521 0.6855 0.4747
vn 0.0398 0.5336 0.8448
vn -0.0731 0.3561 0.9316
vn 0.0312 0.5168 0.8556
vn -0.0750 0.3211 0.9441
vn -0.0701 -0.8929 -0.4447
vn -0.0539 -0.8895 -0.4537
vn -0.0512 -0.8592 -0.5090
vn -0.0802 -0.8195 -0.5674
vn -0.9385 0.2528 0.2352
vn 0.5480 0.1751 0.8180
vn -0.1882 -0.6192 0.7624
vn -0.1672 0.8812 0.4422
vn -0.2231 0.8958 0.3844
vn -0.2024 0.8911 0.4063
vn -0.0889 0.3254 -0.9414
vn -0.0843 0.2894 -0.9535
vn -0.0365 0.1184 -0.9923
vn 0.3114 0.6642 -0.6796
vn -0.1198 0.0015 0.9928
vn -0.2031 0.0257 0.9788
vn -0.1065 0.0097 0.9943
vn 0.0728 -0.0319 0.9968
vn -0.0215 -0.0140 0.9997
vn -0.4804 0.2496 -0.8408
vn -0.4521 0.2638 -0.8520
vn -0.4583 0.2608 -0.8497
vn -0.8194 0.5296 -0.2194
vn -0.4388 0.2704 -0.8570
vn 0.7207 0.6585 0.2169
vn -0.0257 -0.4169 0.9086
vn 0.7109 0.6569 0.2511
vn -0.8521 -0.4472 0.2718
vn 0.1420 0.5429 0.8277
vn -0.0369 0.1052 -0.9938
vn -0.0839 -0.1795 -0.9802
vn 0.4459 0.2416 0.8619
vn 0.3635 0.6347 -0.6819
vn 0.4704 0.8274 -0.3069
vn -0.2821 0.3610 -0.8889
vn -0.3223 0.3781 -0.8679
vn -0.3040 0.3048 -0.9026
vn -0.5961 -0.4019 -0.6951
vn -0.9312 -0.3250 -0.1652
vn -0.5250 -0.2708 0.8069
vn -0.0920 -0.5551 0.8267
vn -0.2606 -0.3743 -0.8899
vn -0.2274 -0.3567 -0.9061
vn -0.3345 -0.4240 -0.8416
vn -0.0524 -0.3677 0.9285
vn -0.1316 -0.7777 -0.6147
vn -0.6481 -0.7203 -0.2474
vn -0.0060 0.0994 -0.9950
vn -0.0632 -0.1679 -0.9838
vn 0.0244 0.2199 0.9752
vn 0.5261 0.6693 -0.5247
vn -0.3924 -0.4431 -0.8061
vn -0.6933 0.0954 -0.7143
vn 0.0035 0.6100 -0.7924
vn -0.0046 0.0965 -0.9953
vn -0.3296 0.3007 -0.8950
vn -0.1466 0.8744 0.4625
vn -0.0249 0.8793 -0.4757
vn -0.7539 -0.3884 -0.5299
vn 0.0633 0.1096 0.9920
vn 0.5100 0.7054 0.4922
vn -0.0207 -0.5515 0.8339
vn 0.1404 0.5451 0.8266
vn -0.2332 -0.3277 -0.9156
vn -0.6888 -0.5540 0.4675
vn 0.0885 0.9913 0.0974
vn -0.4705 -0.7003 -0.5369
vn -0.4503 -0.7341 -0.5083
vn -0.4286 -0.7769 -0.4613
vn -0.0365 0.6364 -0.7705
vn -0.9811 0.1748 0.0830
vn -0.0104 -0.1748 0.9846
vn 0.1266 -0.0786 0.9888
vn 0.1106 -0.1178 0.9869
vn -0.4189 -0.2682 0.8675
vn 0.0629 0.7704 0.6345
vn 0.0936 0.7931 0.6018
vn 0.0708 0.7764 0.6262
vn -0.4557 -0.7417 0.4922
vn -0.4236 -0.7255 0.5424
vn -0.3564 -0.6985 0.6205
vn -0.6001 -0.7323 0.3220
vn 0.1055 0.8015 0.5887
vn 0.0191 0.5385 -0.8424
vn -0.1646 -0.4184 -0.8932
vn 0.0259 0.2642 0.9641
vn -0.0716 0.1923 -0.9787
vn -0.0838 0.2158 -0.9728
vn -0.0730 0.1193 -0.9902
vn 0.8720 0.4357 -0.2232
vn 0.2426 0.9701 -0.0089
vn 0.9823 -0.1118 0.1503
vn 0.1555 0.0593 -0.9861
vn 0.1563 0.0552 -0.9862
vn 0.1453 0.1093 -0.9833
vn 0.1183 0.8730 -0.4731
vn 0.1690 0.0636 0.9836
vn 0.1679 0.0690 0.9834
vn 0.1611 0.1086 0.9810
vn 0.1094 0.1408 0.9840
vn 0.1081 0.6828 0.7225
vn 0.0957 0.1421 -0.9852
vn 0.0369 -0.9992 0.0133
vn 0.0421 -0.9991 -0.0004
vn 0.0527 -0.9982 -0.0285
vn 0.0552 -0.9979 -0.0351
vn 0.0169 0.5167 -0.8560
vn 0.1038 0.5191 -0.8484
vn 0.0053 0.5161 -0.8565
vn -0.0243 0.9925 -0.1201
vn -0.0734 0.8250 0.5603
vn -0.0317 0.8512 0.5239
vn -0.1177 0.7936 0.5970
vn -0.5215 0.7504 0.4061
vn -0.4788 0.7875 0.3881
vn -0.4502 0.8190 0.3558
vn -0.1597 0.7603 0.6297
vn -0.5308 0.8003 -0.2788
vn 0.0071 0.9857 -0.1684
vn 0.7185 -0.4087 0.5628
vn -0.0496 -0.1987 0.9788
vn 0.5856 -0.8105 0.0120
vn 0.5983 -0.8012 -0.0055
vn 0.5906 -0.8063 0.0331
vn 0.0114 0.5235 -0.8519
vn -0.0791 -0.1252 -0.9890
vn -0.4580 -0.6336 -0.6235
vn -0.4508 -0.6261 -0.6362
vn -0.3119 -0.6919 0.6512
vn 0.6105 -0.7918 -0.0205
vn -0.6217 0.7425 0.2494
vn -0.5981 0.7370 0.3147
vn -0.2302 0.7715 -0.5931
vn -0.0708 0.1013 -0.9923
vn 0.8689 0.2349 -0.4358
vn 0.9045 0.2036 -0.3747
vn 0.8877 0.2191 -0.4049
vn 0.7845 0.3716 0.4965
vn 0.1751 -0.2024 0.9635
vn -0.0922 -0.9935 -0.0670
vn 0.8241 -0.5665 0.0054
vn 0.0698 0.0071 -0.9975
vn 0.1002 -0.0199 -0.9948
vn 0.1391 -0.0545 -0.9888
vn -0.2826 0.9267 0.2476
vn -0.2441 0.9553 0.1669
vn -0.2680 0.9388 0.2166
vn 0.0189 0.1588 0.9871
vn 0.0534 -0.0182 0.9984
vn 0.7626 -0.3390 0.5510
vn -0.5647 -0.1285 -0.8152
vn 0.1955 -0.1051 -0.9750
vn 0.4411 -0.0616 -0.8953
vn 0.0650 -0.3999 -0.9143
vn 0.2075 0.1320 -0.9693
vn -0.2204 0.9682 0.1187
vn -0.5511 0.3771 -0.7444
vn 0.8377 0.3946 -0.3775
vn -0.5324 0.8013 -0.2729
vn 0.6069 -0.7947 0.0124
vn -0.6373 0.1359 0.7585
vn -0.1112 -0.0941 -0.9893
vn -0.2148 -0.1929 -0.9574
vn -0.1581 -0.0960 -0.9827
vn 0.1029 -0.8181 -0.5658
vn 0.1221 -0.8674 -0.4825
vn 0.1797 0.1969 -0.9638
vn -0.3972 -0.8668 0.3015
vn -0.3784 -0.8856 0.2693
vn -0.3871 -0.8772 0.2841
vn 0.0673 -0.3921 0.9175
vn -0.0233 0.2639 0.9643
vn -0.0174 0.2491 0.9683
vn 0.0616 0.2673 0.9617
vn -0.0050 0.2963 0.9551
vn 0.1043 0.2478 0.9632
vn 0.0997 -0.9608 -0.2585
vn -0.5887 0.4116 -0.6957
vn -0.5694 0.4159 -0.7091
vn -0.5794 0.4079 -0.7056
vn 0.5874 -0.8073 0.0560
vn -0.6788 -0.6903 -0.2503
vn -0.5389 0.8289 0.1501
vn -0.5523 0.8117 0.1902
vn -0.5105 0.8568 0.0733
vn -0.4874 0.8730 0.0171
vn 0.1681 -0.8818 0.4407
vn -0.0130 0.0228 0.9997
vn 0.0335 0.0315 0.9989
vn 0.0151 0.0281 0.9995
vn 0.0178 -0.2693 -0.9629
vn 0.4717 -0.8799 -0.0577
vn -0.0323 0.1779 -0.9835
vn -0.0009 0.2183 -0.9759
vn 0.0850 0.3055 -0.9484
vn 0.0089 -0.4706 0.8823
vn 0.0383 0.9983 -0.0445
vn 0.2970 0.7168 0.6308
vn 0.1095 0.3338 -0.9363
vn -0.1713 -0.9825 0.0734
vn -0.4814 -0.8220 -0.3043
vn 0.0691 0.1324 0.9888
vn -0.5817 -0.6465 0.4936
vn 0.0658 0.0376 0.9971
vn 0.1260 0.3283 -0.9361
vn 0.6915 0.7179 -0.0798
vn -0.7773 -0.6268 0.0536
vn -0.7774 -0.6269 0.0515
vn -0.7755 -0.6297 -0.0464
vn 0.9804 0.1964 0.0166
vn 0.9687 0.1890 0.1609
vn 0.9844 0.1684 -0.0503
vn 0.1051 0.0558 -0.9929
vn 0.9820 0.1871 -0.0271
vn 0.9806 0.1513 -0.1247
vn -0.8855 0.2495 -0.3919
vn -0.9273 0.2024 -0.3149
vn -0.9076 0.2261 -0.3536
vn -0.7726 -0.6291 -0.0859
vn 0.8240 -0.5631 -0.0624
vn 0.8612 -0.4741 -0.1834
vn 0.8406 -0.5306 -0.1089
vn 0.3672 -0.2197 0.9038
vn -0.1371 0.0776 0.9875
vn -0.9570 0.1583 -0.2430
vn 0.8014 -0.5981 -0.0085
vn 0.1154 -0.1269 0.9852
vn -0.0629 0.0215 -0.9978
vn -0.0491 -0.0552 -0.9973
vn -0.0492 0.0169 -0.9986
vn -0.4332 0.5223 -0.7345
vn -0.6983 0.6945 0.1731
vn 0.5215 -0.8287 -0.2033
vn -0.0909 0.0571 -0.9942
vn -0.0701 0.0672 -0.9953
vn 0.4029 -0.9001 0.1659
vn 0.1798 -0.4068 0.8956
vn -0.1738 0.9776 0.1183
vn -0.0400 0.3442 -0.9380
vn -0.3038 0.8714 -0.3853
vn 0.0147 -0.2232 -0.9747
vn 0.0500 -0.1830 -0.9818
vn 0.0349 -0.1979 -0.9796
vn -0.0186 0.1509 0.9884
vn 0.1901 0.9732 0.1296
vn 0.0099 -0.2652 -0.9641
vn -0.0872 -0.4251 0.9009
vn -0.0874 -0.4324 0.8974
vn -0.1946 -0.4259 0.8836
vn -0.0456 -0.9823 -0.1815
vn -0.1670 -0.4356 0.8845
vn -0.1786 -0.9530 0.2449
vn 0.1034 0.4167 0.9032
vn 0.1035 0.3873 0.9161
vn 0.1023 0.2023 0.9740
vn 0.1019 0.1829 0.9778
vn 0.4719 0.8797 0.0583
vn 0.4272 0.9026 -0.0523
vn 0.4395 0.8979 -0.0235
vn 0.0456 0.6533 -0.7557
vn 0.4849 0.8695 0.0941
vn 0.0119 -0.2709 -0.9625
vn 0.1334 0.2224 -0.9658
vn -0.4699 -0.8470 -0.2485
vn 0.6703 0.4538 0.5871
vn 0.2831 0.6131 -0.7375
vn -0.0000 0.8941 -0.4479
vn -0.1561 0.8561 0.4927
vn -0.9184 -0.0200 0.3951
vn -0.9739 -0.0452 -0.2222
vn -0.3915 0.4278 0.8147
vn -0.5660 0.2510 -0.7853
vn -0.2259 0.7107 -0.6662
vn 0.2000 0.7310 0.6524
vn 0.1929 0.7099 0.6773
vn 0.1574 0.6039 0.7814
vn -0.6253 -0.3662 0.6892
vn -0.0900 0.3429 0.9350
vn -0.1818 0.3149 0.9315
vn -0.0454 0.3553 0.9336
vn 0.0095 0.3695 0.9292
vn -0.2810 -0.1943 0.9398
vn -0.3986 -0.1839 0.8985
vn -0.2532 -0.2205 0.9419
vn 0.1520 0.5872 0.7950
vn -0.6079 -0.6463 -0.4613
vn -0.5099 -0.6047 -0.6119
vn -0.4805 -0.6194 -0.6208
vn 0.0739 0.6013 -0.7956
vn 0.4343 0.8961 0.0913
vn -0.3379 0.0934 -0.9365
vn 0.0075 0.2099 -0.9777
vn -0.0112 0.2331 -0.9724
vn 0.0431 0.2126 -0.9762
vn 0.2861 0.7227 -0.6291
vn 0.2880 0.7090 -0.6437
vn 0.2657 0.8264 -0.4965
vn -0.5770 -0.7084 0.4065
vn -0.0817 -0.1145 0.9901
vn -0.0968 -0.1349 0.9861
vn -0.3603 -0.4945 -0.7910
vn -0.4170 -0.5700 -0.7080
vn 0.1571 -0.7099 0.6866
vn 0.1149 0.2451 -0.9627
vn -0.5131 -0.4122 0.7529
vn -0.0821 0.9939 0.0739
vn -0.0566 0.9971 0.0516
vn -0.0681 0.9960 0.0575
vn -0.9867 0.0854 -0.1381
vn -0.1673 0.7380 0.6537
vn -0.0546 0.6978 0.7142
vn -0.2111 0.7459 0.6317
vn -0.2136 0.7406 0.6371
vn 0.4142 0.8060 0.4229
vn 0.1611 0.7978 0.5810
vn 0.1139 0.7596 0.6403
vn -0.1469 0.3725 -0.9163
vn -0.1397 0.2421 -0.9601
vn -0.1440 0.3522 -0.9248
vn 0.0446 0.8930 -0.4478
vn -0.0934 0.8911 -0.4440
vn -0.0461 0.9060 -0.4207
vn 0.2861 0.9582 -0.0021
vn 0.0087 -0.8888 0.4581
vn -0.2183 -0.9416 0.2563
vn -0.9345 -0.3058 0.1823
vn -0.0519 -0.4617 -0.8855
vn 0.1437 -0.3156 0.9380
vn 0.9066 -0.3841 -0.1747
vn -0.1981 -0.9728 -0.1198
vn -0.3133 -0.9481 -0.0551
vn -0.2916 -0.9527 -0.0861
vn -0.2595 -0.5818 -0.7709
vn -0.9155 -0.0743 -0.3955
vn -0.9183 -0.1436 -0.3690
vn -0.9118 -0.0366 -0.4089
vn 0.1014 -0.9858 0.1335
vn -0.1899 -0.9725 -0.1348
vn -0.1292 0.0420 0.9907
vn -0.0883 -0.9846 -0.1507
vn 0.3908 0.0652 -0.9182
vn 0.1842 0.0519 -0.9815
vn 0.2018 0.0531 -0.9780
vn 0.1637 0.0505 -0.9852
vn 0.9914 0.1220 -0.0476
vn 0.9897 0.1424 -0.0160
vn 0.9907 0.1324 -0.0314
vn -0.0883 0.9957 0.0262
vn -0.0769 0.9970 0.0010
vn -0.0844 0.9963 0.0174
vn -0.0712 0.9974 -0.0116
vn 0.1632 0.1447 0.9759
vn 0.0962 0.1280 0.9871
vn 0.1260 0.0719 0.9894
vn 0.1663 0.2348 0.9577
vn 0.9322 0.3618 0.0115
vn 0.9300 0.3667 0.0254
vn 0.9361 0.3512 -0.0174
vn 0.1844 0.0701 0.9803
vn -0.8047 0.5925 0.0372
vn -0.8077 0.5888 0.0300
vn -0.8057 0.5913 0.0349
vn -0.1383 0.2015 -0.9697
vn -0.1860 0.1446 -0.9719
vn -0.1569 0.1977 -0.9676
vn -0.8023 0.5954 0.0426
vn -0.0497 0.1112 0.9926
vn -0.5062 0.2395 0.8285
vn 0.9374 0.3470 -0.0287
vn 0.0688 0.2064 -0.9761
vn 0.1313 0.1558 -0.9790
vn 0.1411 0.1527 -0.9781
vn 0.8373 -0.5462 -0.0235
vn 0.8381 -0.5449 -0.0264
vn 0.8395 -0.5424 -0.0319
vn -0.0911 0.1545 0.9838
vn -0.0878 0.1345 0.9870
vn 0.4078 0.9127 0.0246
vn 0.1965 0.0744 -0.9777
vn 0.1847 -0.1966 -0.9629
vn 0.2295 -0.1982 -0.9529
vn 0.1378 -0.1945 -0.9712
vn -0.4178 0.2589 0.8708
vn 0.1537 0.9690 -0.1934
vn 0.1949 -0.0188 0.9806
vn 0.0186 0.5202 0.8538
vn 0.0385 0.0702 0.9968
vn -0.7570 0.6534 -0.0033
vn -0.7845 0.6171 0.0604
vn -0.7775 0.6275 0.0429
vn -0.8028 0.5861 0.1101
vn -0.7299 0.5502 -0.4057
vn 0.1768 0.0799 -0.9810
vn 0.6554 -0.5099 0.5572
vn -0.0470 0.2568 0.9653
vn -0.1126 0.2289 -0.9669
vn -0.0889 0.2143 -0.9727
vn 0.1089 -0.1929 -0.9751
vn 0.0759 -0.5381 0.8395
vn 0.1173 -0.5462 0.8294
vn -0.0098 -0.5626 0.8267
vn -0.0091 -0.5801 0.8145
vn 0.2020 0.0324 -0.9788
vn 0.8404 -0.5408 -0.0355
vn -0.0174 0.5603 -0.8281
vn -0.0129 0.5006 -0.8656
vn -0.0409 0.3518 -0.9352
vn -0.1537 0.9787 0.1364
vn -0.1302 0.9905 -0.0450
vn -0.1009 0.9947 0.0182
vn -0.1134 0.9935 -0.0086
vn 0.2158 0.0338 -0.9759
vn 0.6397 0.7069 0.3017
vn -0.1414 0.9875 -0.0693
vn -0.1687 0.9850 0.0366
vn -0.1543 0.9866 0.0530
vn -0.2122 0.9771 -0.0137
vn 0.5152 0.8514 -0.0986
vn -0.2657 0.9227 0.2792
vn 0.6071 0.5965 -0.5250
vn 0.6782 0.5324 -0.5065
vn 0.6957 0.5149 -0.5009
vn 0.8551 0.0490 0.5161
vn 0.7738 0.4256 -0.4692
vn 0.3324 0.4959 0.8022
vn 0.8884 -0.2572 0.3803
vn 0.4660 0.2602 0.8457
vn 0.0560 0.5568 0.8288
vn -0.6609 0.7497 0.0340
vn -0.6747 0.7380 -0.0116
vn -0.6674 0.7446 0.0133
vn 0.1612 0.3779 -0.9117
vn 0.6825 -0.0577 -0.7286
vn 0.8237 -0.4520 -0.3424
vn -0.6566 0.7528 0.0472
vn 0.6421 -0.7350 -0.2178
vn 0.6692 -0.6693 -0.3230
vn 0.6556 -0.7069 -0.2655
vn -0.2950 0.3564 0.8865
vn -0.2653 0.3493 0.8987
vn -0.3348 0.3656 0.8685
vn -0.0375 0.5916 0.8054
vn 0.0219 0.5963 0.8024
vn 0.0219 0.5962 0.8026
vn -0.4147 0.2461 -0.8760
vn -0.0440 0.3349 -0.9412
vn 0.6515 -0.4646 -0.5998
vn -0.0856 0.9878 0.1299
vn -0.2881 0.4069 -0.8669
vn -0.2857 0.4217 -0.8606
vn -0.2838 0.4326 -0.8558
vn -0.2611 0.9181 0.2983
vn -0.0278 0.2152 0.9762
vn -0.0182 0.2112 0.9773
vn -0.0322 0.2170 0.9756
vn -0.0464 0.2228 0.9738
vn -0.0132 0.9992 0.0382
vn -0.0111 0.9994 0.0336
vn -0.0124 0.9993 0.0365
vn -0.0103 0.9994 0.0318
vn 0.6881 0.7211 -0.0808
vn 0.6834 0.7246 -0.0890
vn 0.6864 0.7224 -0.0839
vn 0.2425 -0.3453 -0.9066
vn -0.2281 0.3399 0.9124
vn 0.6910 0.7189 -0.0757
vn -0.0182 0.5632 -0.8261
vn 0.1485 -0.0072 0.9889
vn 0.1371 0.0342 0.9900
vn 0.1199 -0.1289 0.9844
vn -0.0218 0.5753 0.8176
vn -0.3739 -0.3842 0.8441
vn -0.4822 -0.2832 0.8290
vn -0.4724 -0.3127 0.8240
vn 0.5432 0.4365 0.7172
vn 0.3677 0.3757 0.8507
vn 0.5303 0.4325 0.7291
vn 0.4162 0.5814 0.6991
vn 0.3723 0.5801 0.7245
vn 0.5248 0.5778 0.6251
vn -0.2515 -0.4387 0.8627
vn -0.2683 -0.3982 0.8772
vn -0.2887 -0.3458 0.8928
vn -0.0798 -0.0320 0.9963
vn -0.0771 -0.0245 0.9967
vn -0.0487 0.0293 0.9984
vn 0.1814 0.4032 0.8969
vn 0.3447 0.3669 0.8640
vn 0.1257 0.3847 0.9144
vn 0.0747 0.4056 0.9110
vn 0.1305 0.3827 0.9146
vn 0.5616 0.5741 0.5958
vn -0.0425 0.0320 0.9986
vn 0.1337 0.2213 0.9660
vn -0.8306 -0.2085 0.5164
vn -0.0464 -0.0020 0.9989
vn -0.0434 0.0014 0.9991
vn -0.0463 -0.0057 0.9989
vn 0.7305 0.0331 0.6821
vn -0.0828 -0.7295 0.6789
vn -0.1040 -0.7645 0.6361
vn -0.0769 -0.7397 0.6686
vn -0.3016 -0.3106 0.9014
vn -0.7003 -0.2031 0.6843
vn -0.0288 0.0208 0.9994
vn -0.5416 -0.0469 0.8393
vn 0.4541 0.3554 0.8170
vn -0.0000 -0.1358 0.9907
vn 0.1972 0.9466 0.2553
vn -0.0053 -0.5134 -0.8581
vn -0.0008 -0.4724 -0.8814
vn -0.0012 -0.4757 -0.8796
vn 0.2929 0.0624 -0.9541
vn 0.2024 -0.0215 -0.9791
vn 0.2137 0.0071 -0.9769
vn 0.1831 0.3597 0.9149
vn 0.4382 0.2252 0.8702
vn 0.4298 0.2244 0.8746
vn 0.4693 0.2281 0.8531
vn 0.4735 0.0819 0.8770
vn -0.5330 -0.3580 0.7666
vn -0.6737 -0.5363 0.5084
vn -0.0971 -0.6999 0.7076
vn -0.0735 -0.7991 0.5967
vn -0.0373 -0.4118 0.9105
vn 0.0018 0.3157 -0.9489
vn -0.0028 0.3105 -0.9506
vn 0.0464 0.2577 -0.9651
vn -0.0055 -0.5149 -0.8572
vn -0.2809 0.4491 -0.8482
vn 0.5455 -0.7128 0.4408
vn 0.5644 -0.5177 0.6430
vn 0.2122 -0.5574 0.8027
vn 0.6872 0.1226 0.7160
vn 0.7334 0.1722 0.6577
vn 0.7231 0.1608 0.6717
vn 0.5148 0.2320 0.8253
vn -0.0262 0.0300 0.9992
vn -0.4875 -0.0230 0.8728
vn -0.3527 0.0067 0.9357
vn -0.3798 0.0152 0.9249
vn -0.0582 -0.6281 0.7760
vn -0.0700 -0.3796 0.9225
vn -0.0000 0.2806 0.9598
vn -0.0000 0.2811 0.9597
vn 0.0877 0.6414 -0.7622
vn 0.0102 0.6891 -0.7246
vn -0.1123 0.6837 -0.7210
vn 0.0101 0.6893 -0.7244
vn -0.1863 0.8968 -0.4014
vn -0.0127 0.4763 0.8792
vn -0.0183 0.4972 0.8674
vn -0.0113 0.4800 0.8772
vn -0.0604 -0.7069 0.7048
vn -0.0244 0.3068 0.9514
vn 0.0008 0.2256 0.9742
vn 0.0020 0.2289 0.9735
vn -0.0414 0.2324 -0.9718
vn 0.5707 0.6386 0.5163
vn 0.4758 0.6333 0.6103
vn 0.5402 0.6448 0.5408
vn 0.1234 -0.0496 0.9911
vn 0.1789 -0.0548 0.9823
vn -0.0529 0.0043 0.9986
vn 0.6146 0.3310 0.7160
vn 0.4623 0.2836 0.8402
vn 0.5945 0.3278 0.7342
vn -0.3214 0.1791 0.9298
vn 0.0114 0.1680 -0.9857
vn 0.0006 0.2125 -0.9772
vn 0.0171 0.2087 -0.9778
vn -0.2182 0.6665 -0.7128
vn -0.0805 0.6877 -0.7216
vn 0.6211 -0.7686 -0.1532
vn -0.0035 0.2250 0.9743
vn -0.0043 -0.7962 0.6050
vn 0.2431 -0.1205 0.9625
vn -0.2151 -0.3974 0.8921
vn 0.0344 0.2029 -0.9786
vn 0.0367 -0.1390 0.9896
vn 0.0286 -0.1479 0.9886
vn 0.0568 -0.1295 0.9900
vn -0.6628 -0.5161 0.5425
vn 0.4885 0.6866 0.5385
vn -0.8929 0.4502 0.0005
vn -0.8708 0.4823 -0.0949
vn -0.8874 0.4602 -0.0276
vn -0.8622 0.4912 -0.1241
vn 0.1469 -0.1372 0.9796
vn 0.4091 0.1910 0.8923
vn -0.0055 0.2832 0.9590
vn -0.0045 0.5043 -0.8635
vn -0.0102 0.4952 -0.8687
vn -0.0159 0.4859 -0.8739
vn 0.1282 -0.1407 -0.9817
vn -0.0786 -0.2333 0.9692
vn -0.1991 -0.2587 0.9452
vn -0.1236 -0.2432 0.9621
vn 0.4407 0.5262 0.7273
vn -0.8508 0.4029 0.3372
vn 0.4071 -0.1781 0.8958
vn 0.3699 -0.1773 0.9120
vn -0.4984 -0.0275 0.8665
vn -0.3279 0.0284 0.9443
vn -0.0843 0.0757 0.9936
vn -0.0511 -0.6201 0.7829
vn 0.2330 0.4180 0.8780
vn 0.1939 0.4136 0.8896
vn 0.3121 0.3977 0.8628
vn -0.0204 0.4783 -0.8780
vn -0.6570 -0.1630 0.7361
vn -0.0030 0.0153 0.9999
vn -0.3126 0.0529 0.9484
vn 0.0189 -0.5657 0.8244
vn 0.0950 -0.6016 0.7932
vn -0.0109 -0.5504 0.8348
vn 0.7813 0.4004 0.4788
vn -0.1152 0.2234 -0.9679
vn -0.0410 0.0274 0.9988
vn -0.5602 0.0784 0.8247
vn -0.5058 0.1083 0.8558
vn -0.5173 0.1021 0.8497
vn -0.1430 -0.6786 0.7204
vn 0.2411 -0.6817 0.6908
vn 0.9886 0.1508 -0.0027
vn -0.1477 -0.3615 0.9206
vn -0.0442 -0.2540 0.9662
vn -0.0862 -0.2982 0.9506
vn 0.1168 -0.6110 0.7830
vn -0.1727 0.2123 -0.9618
vn -0.8332 0.0910 0.5455
vn 0.8844 0.4609 0.0732
vn 0.8805 0.4652 0.0911
vn 0.8949 0.4459 0.0159
vn -0.1062 -0.1152 -0.9877
vn -0.1247 -0.1369 -0.9827
vn -0.1215 -0.1331 -0.9836
vn -0.1185 -0.8437 -0.5236
vn -0.1092 -0.8169 -0.5664
vn -0.1477 -0.8480 -0.5090
vn 0.4339 0.6609 -0.6123
vn -0.0708 -0.7505 -0.6570
vn -0.0010 0.0227 0.9997
vn -0.0038 0.0215 0.9998
vn -0.0206 0.0454 0.9988
vn -0.6482 -0.1572 0.7451
vn 0.0147 -0.9999 0.0083
vn 0.2588 0.2754 0.9258
vn 0.2405 0.2486 0.9383
vn 0.2249 0.9728 -0.0551
vn -0.0612 -0.7580 -0.6493
vn -0.0238 0.8748 0.4839
vn 0.0540 -0.0606 -0.9967
vn 0.2856 -0.8312 0.4770
vn -0.2355 -0.2657 0.9348
vn -0.2995 -0.4945 0.8159
vn -0.3493 -0.4667 0.8125
vn -0.3463 -0.4684 0.8128
vn 0.7925 0.3928 0.4666
vn 0.2310 0.1656 0.9588
vn -0.4580 -0.8712 0.1771
vn 0.2244 -0.7201 -0.6566
vn 0.8978 0.4404 -0.0040
vn -0.2873 0.2099 -0.9346
vn 0.3237 0.7702 0.5495
vn 0.4375 0.5053 0.7438
vn 0.0135 -0.0126 0.9998
vn -0.1174 0.0549 0.9916
vn -0.1278 0.0076 0.9918
vn -0.0921 0.0525 0.9944
vn 0.5400 0.8309 -0.1338
vn -0.5958 0.8030 0.0135
vn -0.5615 0.8261 0.0477
vn -0.6047 0.7965 0.0043
vn -0.0903 0.4807 0.8722
vn -0.0990 0.5451 0.8325
vn -0.0910 0.4863 0.8690
vn 0.6463 0.3355 -0.6854
vn -0.1090 -0.8585 -0.5011
vn 0.0428 0.6031 -0.7965
vn -0.4585 -0.2261 0.8594
vn -0.5884 0.0621 0.8062
vn -0.9995 0.0078 -0.0290
vn -0.9987 -0.0008 -0.0511
vn -0.9991 0.0021 -0.0435
vn 0.2665 -0.9591 -0.0955
vn 0.0708 -0.4587 -0.8858
vn -0.0224 -0.2308 0.9727
vn 0.8844 0.4568 0.0957
vn -0.1301 -0.0969 0.9867
vn -0.0417 0.1042 -0.9937
vn 0.0292 0.1518 -0.9880
vn -0.0572 0.1633 -0.9849
vn 0.2219 -0.4620 -0.8587
vn 0.2691 0.4466 0.8533
vn 0.2584 0.4401 0.8599
vn 0.3259 0.4576 0.8273
vn 0.4919 -0.6668 0.5599
vn 0.4682 -0.7032 0.5351
vn 0.4282 -0.7574 0.4930
vn -0.1836 0.9829 0.0103
vn -0.1662 0.9861 -0.0083
vn -0.1838 0.9829 0.0105
vn -0.0648 0.2526 0.9654
vn -0.0937 0.2874 0.9532
vn -0.0615 0.2277 0.9718
vn 0.4290 0.6649 0.6115
vn -0.0859 0.4489 0.8894
vn 0.0503 0.9009 -0.4312
vn -0.1015 -0.1098 -0.9888
vn -0.0713 0.0923 -0.9932
vn -0.0753 -0.6924 -0.7175
vn -0.0306 -0.7740 0.6325
vn 0.6767 0.1119 0.7277
vn -0.9999 -0.0017 -0.0138
vn -0.9997 0.0100 -0.0233
vn 0.9354 -0.3528 -0.0249
vn 0.9345 -0.3549 -0.0264
vn 0.9350 -0.3536 -0.0255
vn -0.6402 0.7674 -0.0337
vn 0.3968 0.1620 0.9035
vn 0.2942 0.3313 -0.8965
vn -0.3679 -0.5246 -0.7678
vn 0.6363 0.1358 0.7594
vn 0.6276 0.2234 0.7458
vn 0.6133 0.1499 0.7755
vn 0.0124 0.0085 0.9999
vn 0.0484 -0.0800 0.9956
vn -0.7362 -0.6379 -0.2259
vn 0.0755 0.6510 -0.7554
vn 0.5661 0.3106 -0.7636
vn -0.5787 -0.3743 -0.7246
vn 0.0017 0.1728 -0.9850
vn 0.1584 0.1859 -0.9697
vn 0.1010 0.1762 -0.9792
vn -0.0944 -0.5913 -0.8009
vn -0.6946 0.4843 0.5319
vn -0.5443 -0.5652 0.6199
vn 0.5358 -0.5885 0.6055
vn 0.3574 -0.7736 -0.5232
vn -0.0898 0.0453 0.9949
vn -0.5248 0.8368 0.1557
vn 0.7469 0.3600 -0.5591
vn 0.7420 0.3587 -0.5664
vn 0.7457 0.3596 -0.5609
vn 0.7421 0.3585 -0.5663
vn 0.9485 -0.0000 -0.3167
vn -0.5395 -0.8417 -0.0235
vn 0.2851 -0.8931 -0.3480
vn 0.2546 -0.9339 -0.2510
vn 0.2586 -0.9293 -0.2636
vn 0.1541 -0.6262 0.7643
vn 0.6642 0.2444 0.7065
vn 0.8247 -0.0000 -0.5655
vn 0.6272 -0.3668 0.6871
vn -0.1333 -0.5115 0.8489
vn -0.0359 0.3245 0.9452
vn -0.0275 0.1455 -0.9890
vn -0.0812 -0.8510 -0.5188
vn -0.0659 -0.8198 -0.5689
vn 0.8401 0.4851 -0.2428
vn -0.4457 -0.0189 -0.8950
vn -0.4251 0.0311 -0.9046
vn -0.5067 -0.1922 -0.8405
vn 0.1109 0.7663 -0.6329
vn 0.1109 0.7662 -0.6329
vn -0.4954 -0.0000 -0.8687
vn 0.0663 -0.8807 -0.4689
vn 0.0267 -0.8724 -0.4881
vn 0.0629 -0.8780 -0.4744
vn -0.8659 0.0242 0.4997
vn -0.8233 -0.0000 0.5676
vn -0.7631 -0.0371 0.6452
vn 0.6830 -0.0094 0.7303
vn 0.6840 -0.0000 0.7295
vn 0.6823 -0.0161 0.7308
vn -0.9520 -0.0161 0.3057
vn -0.2856 -0.3659 -0.8858
vn -0.9849 -0.1727 0.0159
vn -0.9915 -0.1211 0.0482
vn -0.9755 -0.2196 -0.0139
vn -0.1787 -0.0338 0.9833
vn 0.1895 0.0557 -0.9803
vn 0.0279 -0.0426 -0.9987
vn 0.0592 -0.0317 -0.9977
vn 0.2104 -0.6760 -0.7062
vn 0.0205 0.0661 0.9976
vn -0.8659 0.0242 0.4996
vn -0.8780 0.0325 0.4775
vn 0.0831 0.0046 0.9965
vn 0.6822 -0.0176 0.7310
vn -0.9207 0.1333 -0.3668
vn -0.1923 0.1446 -0.9706
vn -0.3138 0.1860 0.9311
vn 0.2868 0.6213 -0.7292
vn 0.2404 0.9308 -0.2752
vn 0.5259 0.4122 -0.7440
vn 0.6420 0.3795 -0.6661
vn 0.6059 0.3910 -0.6928
vn 0.5783 0.6805 -0.4500
vn 0.5846 0.6788 -0.4444
vn 0.6011 0.6528 -0.4610
vn -0.1174 -0.3163 -0.9414
vn -0.1325 -0.3224 -0.9373
vn -0.1725 -0.3160 -0.9329
vn -0.8907 0.0420 0.4527
vn -0.2252 -0.1897 -0.9557
vn 0.0091 -0.8144 0.5803
vn -0.4709 -0.2587 0.8434
vn -0.4806 -0.0742 0.8738
vn -0.5022 -0.1384 0.8536
vn -0.0260 -0.7405 0.6715
vn -0.9710 -0.2336 0.0508
vn -0.4671 -0.0182 -0.8840
vn -0.3132 0.0360 -0.9490
vn -0.3444 -0.0069 -0.9388
vn 0.4810 0.4220 -0.7685
vn 0.0189 0.2099 -0.9776
vn 0.2276 -0.9737 0.0109
vn 0.0146 -0.0088 0.9999
vn 0.5369 -0.7627 -0.3605
vn 0.5322 -0.7682 -0.3559
vn 0.5421 -0.7435 -0.3917
vn -0.8009 0.0707 -0.5947
vn -0.4236 -0.0464 -0.9046
vn -0.3926 -0.0569 -0.9180
vn -0.3990 -0.0549 -0.9153
vn -0.4389 -0.0371 -0.8978
vn -0.9617 -0.2703 -0.0466
vn -0.1362 -0.4606 -0.8771
vn -0.0979 -0.4432 -0.8911
vn -0.0507 -0.4207 -0.9058
vn -0.0171 -0.9998 0.0040
vn -0.0155 -0.9999 0.0055
vn -0.0865 -0.9943 -0.0622
vn -0.0502 -0.6209 0.7823
vn 0.1315 0.2551 -0.9579
vn 0.1311 0.0760 -0.9885
vn 0.1402 0.1949 -0.9708
vn -0.3733 -0.0809 -0.9242
vn 0.0488 0.1895 0.9807
vn 0.0484 0.1763 0.9831
vn 0.0429 -0.0069 0.9991
vn 0.1322 0.5151 0.8469
vn 0.1334 0.5257 0.8401
vn 0.1406 0.5866 0.7975
vn -0.9481 0.0535 0.3135
vn -0.9791 0.1978 -0.0480
vn 0.0515 -0.9963 0.0692
vn -0.0222 0.0194 -0.9996
vn -0.0229 0.0205 -0.9995
vn -0.0515 0.0286 -0.9983
vn 0.0016 0.0937 0.9956
vn -0.0060 0.1131 0.9936
vn -0.0748 -0.4113 0.9084
vn -0.0444 -0.3651 0.9299
vn -0.0658 -0.3976 0.9152
vn -0.0195 -0.3265 0.9450
vn 0.0423 -0.0257 0.9988
vn 0.1454 0.6288 0.7639
vn -0.0303 0.1235 -0.9919
vn -0.0414 0.0747 -0.9963
vn -0.0946 0.0364 -0.9948
vn -0.0706 -0.0377 -0.9968
vn 0.9357 -0.3519 -0.0242
vn -0.0185 0.2009 0.9794
vn 0.0301 0.2319 0.9723
vn -0.0330 0.2069 0.9778
vn 0.3128 0.9199 0.2366
vn 0.3308 0.9227 0.1981
vn 0.3205 0.9212 0.2204
vn -0.0104 0.0948 -0.9954
vn -0.0021 -0.0023 -1.0000
vn -0.5401 0.0717 -0.8386
vn -0.5361 0.0682 -0.8414
vn -0.5293 0.0624 -0.8461
vn -0.1996 0.9795 0.0276
vn 0.3369 0.9232 0.1847
vn -0.5267 0.0602 -0.8479
vn -0.0479 -0.1348 -0.9897
vn -0.0333 -0.1309 0.9908
vn -0.0742 -0.1690 0.9828
vn -0.1187 -0.1871 0.9751
vn 0.0884 0.3100 -0.9466
vn 0.6965 0.5669 0.4399
vn 0.6858 0.5678 0.4554
vn 0.7448 0.5600 0.3628
vn 0.1318 0.9912 -0.0097
vn -0.0921 -0.5196 -0.8494
vn -0.2236 -0.5771 -0.7855
vn -0.1424 -0.5430 -0.8276
vn 0.2360 -0.1478 0.9605
vn -0.0065 -0.4760 -0.8794
vn 0.7819 -0.2607 0.5662
vn -0.2655 -0.1267 0.9558
vn -0.3493 0.8345 0.4261
vn 0.7580 0.5571 0.3392
vn -0.9668 0.2212 -0.1278
vn -0.9885 0.1495 -0.0232
vn -0.9836 0.1781 -0.0266
vn -0.9906 0.1275 0.0493
vn -0.9844 0.1415 0.1045
vn 0.1066 0.5943 -0.7972
vn 0.7483 0.4310 -0.5043
vn 0.2286 0.6012 -0.7657
vn -0.0798 -0.2403 -0.9674
vn 0.1827 0.9215 -0.3427
vn 0.2252 0.2687 0.9365
vn -0.1147 -0.2666 -0.9569
vn -0.2443 0.3008 0.9219
vn -0.2786 0.2837 0.9176
vn -0.3017 0.2718 0.9138
vn -0.3109 -0.0881 0.9463
vn 0.0881 0.3173 -0.9442
vn -0.1192 -0.2538 -0.9599
vn -0.9044 0.3681 0.2160
vn 0.3793 0.3723 -0.8471
vn -0.0118 -0.4013 -0.9159
vn -0.9544 0.2656 -0.1362
vn -0.3375 0.2528 0.9068
vn 0.1753 -0.9697 -0.1704
vn 0.2105 -0.9495 -0.2327
vn 0.1462 -0.9820 -0.1197
vn 0.1212 -0.6381 0.7604
vn 0.1025 -0.6559 0.7479
vn 0.0626 -0.6919 0.7193
vn -0.0938 0.1499 0.9842
vn 0.2397 -0.9281 -0.2850
vn 0.1676 -0.5913 0.7889
vn -0.8787 0.4401 -0.1848
vn -0.8574 0.4591 -0.2326
vn -0.9142 0.3965 -0.0842
vn 0.0468 0.2345 -0.9710
vn 0.1204 0.2513 -0.9604
vn 0.0264 0.2923 -0.9560
vn 0.4769 -0.8790 0.0052
vn -0.1680 0.5835 0.7945
vn -0.8215 0.3870 -0.4188
vn -0.7716 0.0245 0.6356
vn -0.1138 0.1189 0.9864
vn 0.6974 0.1966 0.6892
vn -0.9034 0.0217 -0.4283
vn 0.0941 0.1913 -0.9770
vn -0.0273 -0.6954 -0.7181
vn 0.0266 -0.6442 -0.7644
vn 0.0624 -0.6074 -0.7919
vn 0.2156 0.2076 0.9542
vn 0.4485 -0.6415 0.6224
vn 0.4809 -0.5981 0.6410
vn 0.4411 -0.6508 0.6180
vn 0.3903 -0.7098 0.5864
vn 0.1176 -0.5462 -0.8294
vn -0.9271 0.3732 -0.0344
vn -0.2204 0.3503 -0.9103
vn 0.1838 0.0728 -0.9803
vn -0.9703 0.1963 0.1415
vn 0.5376 0.7720 0.3392
vn 0.4055 0.8278 0.3877
vn 0.1577 0.8481 -0.5059
vn -0.1188 0.1489 -0.9817
vn 0.3323 -0.0986 0.9380
vn 0.4745 -0.0133 0.8801
vn 0.3973 -0.0608 0.9157
vn 0.2352 0.0843 -0.9683
vn -0.1448 0.1030 0.9841
vn -0.1474 0.0985 0.9842
vn -0.1307 0.1146 0.9848
vn -0.5648 0.3823 -0.7313
vn 0.2642 -0.1364 0.9548
vn 0.4812 0.6291 0.6104
vn -0.0404 -0.9988 0.0285
vn -0.0299 -0.9980 0.0553
vn -0.0567 -0.9983 -0.0137
vn 0.2015 0.7783 -0.5947
vn -0.0614 -0.9978 -0.0259
vn 0.6128 0.7881 0.0579
vn 0.3826 -0.6698 -0.6363
vn 0.2777 -0.8270 -0.4888
vn 0.2927 -0.7791 -0.5543
vn -0.5693 -0.8221 -0.0030
vn -0.5009 -0.8544 0.1384
vn -0.5653 -0.8227 0.0607
vn 0.3052 0.4657 0.8306
vn 0.3224 0.4743 0.8192
vn 0.2115 0.4165 0.8842
vn -0.1318 0.2049 -0.9699
vn 0.4099 -0.6038 -0.6837
vn 0.2422 -0.8714 -0.4266
vn 0.4903 0.5675 -0.6615
vn 0.4971 -0.5153 -0.6981
vn -0.4089 -0.7227 0.5572
vn 0.5342 0.7576 -0.3750
vn 0.1966 0.4082 0.8915
vn 0.2040 0.7684 -0.6066
vn -0.0623 -0.0309 0.9976
vn -0.0679 0.0233 0.9974
vn -0.0598 0.0971 0.9935
vn -0.1115 0.0919 0.9895
vn -0.6013 -0.7967 -0.0615
vn -0.5746 -0.8039 -0.1537
vn -0.0726 0.1242 0.9896
vn -0.5541 -0.7635 -0.3317
vn 0.1216 0.5356 -0.8357
vn 0.1471 0.3106 -0.9391
vn 0.2997 0.3684 -0.8800
vn 0.2617 0.3547 -0.8976
vn 0.0986 0.0145 -0.9950
vn 0.1277 -0.0414 -0.9909
vn 0.6703 -0.7420 -0.0137
vn 0.5112 -0.8583 -0.0455
vn 0.5747 -0.8162 -0.0595
vn -0.4961 -0.4505 0.7423
vn -0.1121 0.1255 -0.9857
vn -0.0824 -0.3693 -0.9256
vn 0.3793 -0.9200 -0.0988
vn -0.5406 -0.8412 0.0092
vn -0.5103 -0.8593 0.0339
vn -0.5423 -0.8402 0.0003
vn -0.0241 0.0167 -0.9996
vn 0.5288 -0.0394 0.8478
vn -0.0778 0.0880 -0.9931
vn -0.2702 -0.6257 0.7318
vn -0.0744 0.6021 0.7949
vn -0.1283 0.7052 0.6973
vn -0.1186 0.6875 0.7164
vn 0.0418 0.8843 0.4651
vn -0.1382 0.4819 0.8653
vn -0.2575 -0.8369 0.4831
vn -0.2278 -0.8690 0.4393
vn -0.1920 -0.9023 0.3860
vn -0.1385 -0.4014 -0.9054
vn 0.2608 0.8440 -0.4687
vn -0.6498 -0.6141 -0.4479
vn -0.6764 -0.6008 -0.4260
vn -0.7651 -0.5458 -0.3415
vn 0.1464 -0.1047 0.9837
vn 0.3300 -0.7674 0.5497
vn 0.3739 -0.7524 0.5423
vn 0.3952 -0.7433 0.5398
vn -0.5641 -0.8257 -0.0043
vn -0.5979 -0.7996 -0.0564
vn 0.1086 -0.5552 0.8246
vn 0.0740 -0.5453 0.8350
vn 0.0325 -0.5325 0.8458
vn -0.0392 0.9907 0.1305
vn -0.0400 0.9917 0.1218
vn 0.1146 0.2973 -0.9479
vn 0.0625 -0.5507 0.8323
vn 0.4539 -0.7012 0.5499
vn -0.1608 -0.9270 0.3389
vn 0.1440 0.2681 -0.9526
vn 0.2176 -0.9662 -0.1381
vn -0.0605 0.5739 0.8167
vn 0.5458 -0.6402 0.5405
vn -0.5685 0.6441 0.5118
vn -0.4268 0.7067 0.5643
vn -0.4338 0.7125 0.5516
vn -0.1480 -0.8140 -0.5617
vn 0.2141 -0.9654 -0.1490
vn 0.0999 -0.2042 0.9738
vn 0.2275 -0.0830 0.9702
vn 0.1098 -0.1238 0.9862
vn -0.6476 0.0463 0.7605
vn -0.4858 0.7232 0.4910
vn 0.1041 -0.9240 0.3680
vn -0.1155 -0.9806 -0.1585
vn -0.0773 -0.9750 -0.2083
vn 0.0045 -0.9505 -0.3107
vn -0.7907 -0.5283 -0.3093
vn 0.2505 -0.6103 -0.7515
vn 0.3051 -0.6116 -0.7300
vn 0.2276 -0.6091 -0.7598
vn 0.0441 -0.1039 0.9936
vn 0.0450 -0.0505 0.9977
vn 0.0612 -0.1164 0.9913
vn 0.0498 -0.0663 0.9966
vn 0.7145 -0.4419 0.5424
vn 0.6660 -0.5078 0.5464
vn 0.7881 -0.3637 0.4966
vn 0.0364 0.6136 -0.7887
vn -0.0123 0.7611 -0.6486
vn 0.0046 0.5553 -0.8316
vn -0.7763 -0.6004 -0.1920
vn -0.7880 -0.5942 -0.1611
vn -0.8156 -0.5737 -0.0754
vn 0.1965 -0.3625 -0.9110
vn 0.1533 -0.3669 -0.9176
vn 0.2038 -0.3735 -0.9050
vn -0.7600 0.6420 0.1014
vn -0.7699 0.6315 0.0924
vn -0.7420 0.6614 0.1098
vn -0.5117 0.6360 0.5776
vn -0.6276 0.3758 0.6818
vn -0.6181 0.4048 0.6738
vn -0.6325 0.4185 0.6517
vn 0.1872 -0.4446 0.8759
vn 0.5399 -0.5911 0.5993
vn -0.4872 0.1605 0.8584
vn -0.4406 0.1995 0.8753
vn -0.4626 0.1813 0.8678
vn 0.8328 -0.3259 0.4475
vn -0.6074 0.6410 0.4692
vn 0.1735 -0.6049 -0.7772
vn 0.3100 -0.9416 -0.1314
vn -0.0005 -0.5215 0.8533
vn 0.0062 -0.1596 0.9872
vn 0.0382 -0.0996 0.9943
vn 0.0253 -0.1055 0.9941
vn 0.4166 -0.5755 0.7038
vn -0.0000 0.1248 0.9922
vn 0.5278 -0.4210 0.7377
vn 0.0927 -0.7497 -0.6553
vn 0.0413 -0.7731 -0.6330
vn 0.0742 -0.7532 -0.6536
vn -0.0157 0.7431 -0.6690
vn -0.7910 -0.5287 -0.3079
vn -0.0960 0.2914 0.9518
vn -0.1781 0.2689 0.9466
vn -0.5490 0.5526 -0.6271
vn -0.3522 0.1735 0.9197
vn -0.2094 0.3191 0.9243
vn 0.0379 -0.9356 -0.3509
vn -0.8279 -0.5603 -0.0274
vn 0.3011 -0.9445 -0.1314
vn -0.5136 0.1383 0.8468
vn -0.5101 0.1432 0.8481
vn -0.5125 0.1399 0.8472
vn -0.0178 0.4707 -0.8821
vn -0.0424 0.4415 -0.8963
vn -0.2612 0.2189 0.9401
vn 0.0225 -0.0312 0.9993
vn -0.7522 -0.2095 0.6248
vn -0.7815 0.0759 0.6192
vn 0.1388 -0.6694 -0.7298
vn -0.8587 0.5054 0.0842
vn -0.8294 0.5539 0.0730
vn 0.7898 -0.1083 0.6037
vn -0.0180 0.5745 -0.8183
vn 0.3559 -0.7248 -0.5899
vn 0.2985 -0.7520 -0.5877
vn 0.3202 -0.7421 -0.5888
vn 0.3672 -0.7194 0.5896
vn -0.5145 0.1366 0.8465
vn -0.0074 -0.5017 0.8650
vn 0.7881 0.0100 0.6154
vn 0.7872 -0.0000 0.6167
vn 0.7886 0.0146 0.6148
vn 0.7341 0.4363 0.5204
vn -0.5162 0.1346 0.8458
vn -0.9545 0.1553 0.2546
vn -0.5508 0.6596 -0.5114
vn -0.4710 0.7707 -0.4291
vn -0.4688 0.7695 -0.4337
vn -0.4611 0.7849 -0.4139
vn 0.1423 -0.6524 -0.7444
vn 0.1985 -0.3344 -0.9213
vn -0.0125 -0.0459 0.9989
vn -0.5087 -0.0000 0.8609
vn -0.4913 -0.0201 0.8708
vn -0.4917 -0.0198 0.8705
vn -0.4600 -0.0245 0.8876
vn -0.4316 -0.0240 0.9018
vn -0.4863 -0.0244 0.8734
vn 0.7888 0.0180 0.6143
vn 0.1319 -0.7658 -0.6294
vn -0.0000 -0.0667 0.9978
vn -0.0000 -0.0663 0.9978
vn -0.0000 -0.0670 0.9977
vn 0.3377 -0.8952 0.2910
vn -0.0314 -0.0593 0.9977
vn 0.0625 0.0459 0.9970
vn -0.2663 -0.1682 0.9491
vn -0.2673 -0.1679 0.9489
vn -0.2525 -0.1714 0.9523
vn -0.8809 0.4288 -0.2001
vn -0.8120 0.5836 0.0040
vn -0.8803 0.4257 -0.2094
vn -0.8578 0.5111 -0.0544
vn -0.4645 0.7826 -0.4144
vn -0.0000 0.0667 -0.9978
vn -0.2303 0.6462 -0.7276
vn -0.3467 0.5745 -0.7415
vn -0.3729 0.6080 -0.7010
vn -0.3297 0.5316 -0.7802
vn 0.0629 0.1157 -0.9913
vn 0.0773 0.2071 -0.9753
vn 0.0641 0.1579 -0.9854
vn 0.1925 -0.3530 -0.9156
vn 0.2131 -0.4759 0.8533
vn 0.8177 0.3560 0.4523
vn -0.8151 0.0140 -0.5791
vn -0.7720 0.6327 0.0605
vn -0.5439 0.6529 -0.5271
vn -0.2334 0.3895 -0.8910
vn -0.4716 0.6280 -0.6190
vn -0.4989 0.6336 -0.5914
vn 0.4820 0.0425 0.8751
vn -0.2729 -0.1666 0.9475
vn -0.1946 0.5607 -0.8048
vn -0.2447 0.6495 -0.7200
vn -0.2096 0.5877 -0.7814
vn -0.2714 0.6955 -0.6653
vn 0.1950 -0.3707 -0.9081
vn 0.0913 -0.2455 -0.9651
vn 0.1418 -0.2414 -0.9600
vn -0.0000 -0.3164 -0.9486
vn 0.6913 0.5968 0.4073
vn -0.5999 0.0034 -0.8001
vn -0.1212 -0.1366 -0.9832
vn 0.3670 -0.2492 -0.8962
vn 0.4349 -0.8941 -0.1071
vn -0.9604 0.2696 0.0699
vn -0.9587 0.2531 0.1294
vn -0.9967 0.0749 -0.0315
vn 0.7883 0.5816 0.2009
vn 0.1619 -0.3316 -0.9294
vn 0.3253 0.8259 -0.4605
vn -0.4314 -0.3053 -0.8489
vn -0.4355 -0.3004 -0.8486
vn -0.4661 -0.2622 -0.8450
vn 0.2582 -0.7690 -0.5848
vn -0.7388 -0.3800 -0.5566
vn -0.7461 -0.3744 -0.5505
vn -0.7411 -0.3783 -0.5547
vn 0.2164 -0.3800 -0.8993
vn -0.4971 -0.2213 -0.8390
vn 0.7618 -0.6468 -0.0354
vn 0.7608 -0.6480 -0.0367
vn 0.7612 -0.6475 -0.0360
vn 0.8639 -0.0000 0.5037
vn 0.7587 -0.6502 -0.0396
vn 0.1512 -0.5430 0.8260
vn -0.9945 0.0349 -0.0985
vn -0.3620 -0.5960 0.7167
vn -0.4905 -0.5384 0.6853
vn -0.3896 -0.6002 0.6985
vn -0.6169 0.5824 -0.5294
vn 0.3559 -0.6287 -0.6914
vn 0.3747 -0.6438 -0.6672
vn 0.3590 -0.6234 -0.6946
vn -0.4222 0.8896 -0.1742
vn -0.5288 0.4532 -0.7176
vn -0.8939 -0.0000 -0.4483
vn -0.8815 0.0243 -0.4716
vn -0.8758 0.0346 -0.4815
vn -0.8745 0.0370 -0.4836
vn 0.0802 -0.8340 0.5459
vn 0.1189 0.0438 0.9919
vn 0.1093 0.0012 0.9940
vn 0.0750 0.0166 0.9970
vn -0.2079 -0.0583 0.9764
vn -0.5681 0.2051 -0.7970
vn -0.5962 0.3427 -0.7261
vn -0.5968 0.3183 -0.7366
vn 0.0654 0.0958 -0.9932
vn -0.3044 -0.6364 -0.7087
vn 0.5445 -0.6796 0.4915
vn 0.5383 -0.7042 0.4630
vn 0.5506 -0.6507 0.5229
vn -0.4929 -0.3085 0.8135
vn -0.5536 0.1868 -0.8116
vn 0.2078 -0.4435 -0.8719
vn -0.4179 0.2082 0.8843
vn -0.4226 0.1938 0.8854
vn -0.5588 0.3795 -0.7374
vn 0.1884 -0.4255 -0.8851
vn 0.2026 -0.4036 -0.8922
vn -0.5709 0.5880 -0.5729
vn 0.0766 -0.2160 0.9734
vn 0.0810 -0.2006 0.9763
vn 0.0783 -0.2101 0.9745
vn 0.0830 -0.1935 0.9776
vn -0.6899 -0.6387 -0.3406
vn -0.7353 -0.3826 -0.5594
vn 0.1622 -0.4799 -0.8622
vn 0.3790 -0.6420 -0.6665
vn 0.4154 -0.6881 -0.5949
vn -0.5616 0.7899 -0.2465
vn 0.0831 0.0924 -0.9923
vn 0.3291 -0.8791 0.3448
vn 0.3791 -0.8417 0.3845
vn 0.3323 -0.8769 0.3473
vn -0.0573 -0.9581 0.2806
vn -0.2290 -0.6094 0.7591
vn 0.2082 -0.4609 -0.8627
vn 0.0819 0.7743 0.6274
vn 0.0818 0.7744 0.6274
vn 0.0817 0.7745 0.6273
vn -0.1933 -0.5875 0.7858
vn -0.4748 0.1930 0.8586
vn -0.6782 -0.1287 0.7236
vn 0.0885 -0.0651 -0.9939
vn 0.7375 -0.0338 -0.6745
vn -0.8055 -0.5425 0.2383
vn -0.8885 -0.3598 0.2848
vn -0.8784 -0.3965 0.2669
vn 0.4826 -0.4282 -0.7640
vn -0.7628 0.6424 -0.0731
vn -0.8164 -0.5437 0.1946
vn -0.3176 -0.9253 -0.2072
vn -0.2391 0.1660 -0.9567
vn -0.1454 0.1837 -0.9722
vn -0.1073 0.2068 -0.9725
vn 0.2741 -0.9135 0.3005
vn 0.1225 0.0542 0.9910
vn 0.3701 -0.1856 -0.9102
vn 0.3933 -0.1376 0.9091
vn 0.3761 -0.1236 0.9183
vn 0.4369 -0.1738 0.8825
vn -0.7873 0.4794 0.3878
vn -0.7845 0.4993 0.3678
vn -0.7917 0.4228 0.4410
vn -0.4091 -0.7982 -0.4421
vn -0.1286 0.4558 -0.8807
vn 0.2842 0.3070 -0.9083
vn 0.4707 -0.2023 0.8588
vn -0.4065 -0.0850 0.9097
vn -0.4357 -0.0792 0.8966
vn -0.3247 -0.1004 0.9405
vn -0.7924 0.1643 -0.5874
vn -0.0106 0.6911 -0.7227
vn -0.1010 0.3260 -0.9400
vn -0.6083 0.4165 -0.6756
vn -0.6183 0.4197 -0.6645
vn -0.6096 0.4170 -0.6742
vn -0.6189 0.4199 -0.6638
vn 0.6129 0.7312 -0.2996
vn -0.0950 0.0534 -0.9940
vn 0.5043 -0.2023 -0.8395
vn 0.5060 -0.2973 -0.8097
vn 0.4529 -0.1793 -0.8734
vn 0.5548 -0.6266 0.5473
vn -0.3033 -0.1042 0.9472
vn -0.6898 -0.6588 0.3003
vn -0.2366 -0.0706 -0.9690
vn -0.3280 -0.1826 -0.9269
vn -0.2431 -0.0784 -0.9668
vn 0.1731 0.1225 0.9773
vn -0.2903 0.9546 -0.0668
vn -0.2826 0.9552 -0.0874
vn -0.2930 0.9543 -0.0594
vn -0.3007 0.9530 -0.0379
vn -0.4121 0.2602 -0.8732
vn 0.5809 0.7177 -0.3840
vn -0.8894 0.4137 0.1945
vn -0.0308 0.6819 0.7308
vn -0.9711 0.1687 -0.1687
vn 0.8056 0.5906 0.0465
vn -0.1779 0.4333 0.8835
vn -0.1211 0.0366 -0.9920
vn -0.5245 0.0749 -0.8481
vn -0.5289 0.2384 0.8145
vn 0.3101 0.0261 -0.9503
vn 0.2552 0.1739 -0.9511
vn 0.3787 0.0557 -0.9238
vn 0.5935 0.5691 0.5691
vn 0.2311 -0.0652 -0.9707
vn -0.9729 -0.0981 0.2092
vn -0.9642 -0.2043 0.1691
vn -0.9697 -0.1457 0.1959
vn -0.9856 -0.1365 -0.0999
vn 0.9528 0.2870 -0.0990
vn 0.5866 -0.0743 -0.8065
vn -0.5018 -0.0310 0.8644
vn 0.2323 -0.0431 0.9717
vn 0.1406 -0.0412 0.9892
vn 0.1541 -0.0201 0.9879
vn 0.1416 -0.0339 -0.9893
vn 0.3079 -0.0542 0.9499
vn 0.7604 -0.2501 -0.5994
vn -0.7583 -0.1827 -0.6258
vn -0.7713 -0.0864 -0.6306
vn -0.7709 -0.0907 -0.6305
vn 0.9590 -0.1160 0.2586
vn 0.9566 -0.1223 0.2644
vn 0.9323 -0.2298 0.2793
vn 0.9315 -0.2280 0.2834
vn -0.0387 -0.0235 0.9990
vn -0.7770 0.0099 -0.6294
vn -0.9718 -0.0419 0.2320
vn -0.1168 -0.3275 -0.9376
vn -0.0415 -0.2416 -0.9695
vn -0.0953 -0.3033 -0.9481
vn -0.8429 -0.5111 0.1685
vn -0.8530 0.3192 0.4129
vn -0.8564 0.2907 0.4267
vn -0.8595 0.2548 0.4432
vn -0.5436 -0.6964 0.4685
vn -0.3116 -0.8682 0.3862
vn -0.2940 -0.9042 0.3097
vn -0.2930 -0.9061 0.3053
vn -0.9400 -0.1522 0.3053
vn -0.9830 -0.0440 0.1783
vn -0.9633 -0.1030 0.2480
vn -0.1997 -0.0838 0.9763
vn -0.1997 -0.0807 0.9765
vn -0.1997 -0.0919 0.9755
vn -0.2721 -0.9362 0.2225
vn -0.9916 -0.0030 0.1291
vn 0.3064 0.3161 0.8979
vn 0.3117 0.4785 0.8209
vn 0.3074 0.4320 0.8478
vn -0.1998 -0.0769 0.9768
vn 0.5025 0.7773 0.3785
vn 0.4985 0.7822 0.3738
vn 0.5241 0.7496 0.4042
vn -0.7736 -0.5785 -0.2587
vn -0.5489 0.4480 0.7057
vn -0.5241 -0.7401 -0.4215
vn -0.8474 0.3552 0.3948
vn 0.0182 0.4144 0.9099
vn 0.7510 0.6376 0.1718
vn 0.7928 0.5566 0.2483
vn 0.7587 0.6209 0.1969
vn -0.0668 -0.0415 0.9969
vn -0.0695 0.0869 0.9938
vn -0.0705 -0.0698 0.9951
vn -0.0813 -0.1460 0.9859
vn -0.0685 -0.1034 0.9923
vn -0.0818 -0.1438 0.9862
vn 0.1311 0.2520 0.9588
vn -0.9500 0.0438 -0.3091
vn -0.8658 0.3394 -0.3677
vn -0.8795 0.3337 -0.3393
vn -0.7943 0.3601 -0.4892
vn 0.4641 0.8205 0.3337
vn 0.2824 -0.9449 -0.1654
vn -0.8585 0.5024 0.1028
vn -0.8715 0.4773 0.1130
vn -0.8562 0.5066 0.1012
vn -0.3926 0.6933 0.6043
vn -0.5614 -0.3482 0.7508
vn -0.5365 -0.3063 0.7863
vn -0.5472 -0.3180 0.7742
vn 0.0918 -0.4393 0.8936
vn 0.7950 0.5489 0.2583
vn -0.0810 -0.0577 0.9950
vn 0.9922 -0.1100 0.0591
vn -0.0520 0.6313 0.7738
vn -0.4968 -0.3361 0.8002
vn 0.6222 0.0436 -0.7817
vn 0.6274 0.0087 -0.7786
vn 0.6268 0.0129 -0.7791
vn 0.1964 0.0161 -0.9804
vn 0.8715 0.1114 0.4776
vn -0.2744 -0.5660 -0.7774
vn -0.7079 -0.1215 -0.6958
vn -0.7783 -0.0652 -0.6245
vn -0.7668 -0.0750 -0.6374
vn 0.7401 0.6548 0.1534
vn 0.3764 0.3346 0.8639
vn -0.7384 -0.5301 0.4168
vn -0.4130 -0.1320 0.9011
vn -0.0215 -0.2183 -0.9756
vn 0.6313 -0.0213 -0.7752
vn 0.4157 -0.0566 0.9077
vn -0.6978 -0.1289 -0.7046
vn -0.7665 0.3655 -0.5281
vn -0.2686 -0.2302 0.9353
vn -0.2631 -0.2440 0.9334
vn -0.3103 -0.1857 0.9323
vn 0.3542 0.2174 -0.9095
vn 0.0619 0.0550 0.9966
vn -0.4095 -0.2609 0.8742
vn -0.3887 -0.2452 0.8882
vn -0.4182 -0.2006 0.8859
vn -0.5167 -0.0908 0.8513
vn -0.9862 0.0766 -0.1470
vn 0.3921 0.2650 0.8809
vn 0.2099 -0.6461 -0.7338
vn -0.8273 0.5560 0.0804
vn -0.3136 -0.0001 -0.9495
vn -0.2508 0.0069 -0.9680
vn -0.2168 0.0144 -0.9761
vn -0.4883 0.8704 0.0634
vn -0.4585 0.8855 0.0753
vn -0.4966 0.8619 0.1026
vn -0.2132 -0.2509 0.9442
vn 0.5896 0.0213 0.8074
vn 0.5115 -0.0227 0.8590
vn 0.5872 0.0329 0.8088
vn 0.8878 0.0156 -0.4601
vn 0.9229 0.0022 -0.3850
vn 0.9197 0.0042 -0.3926
vn -0.0264 -0.0416 0.9988
vn 0.4509 -0.2853 0.8457
vn 0.8573 -0.4662 0.2184
vn -0.3181 -0.1598 -0.9345
vn -0.6056 0.7837 -0.1380
vn -0.9321 0.3085 0.1898
vn -0.5040 0.1463 0.8512
vn -0.4173 0.8951 0.1569
vn -0.9578 -0.2767 0.0783
vn -0.4709 -0.2819 0.8359
vn -0.3977 -0.2954 0.8686
vn -0.4600 -0.2841 0.8413
vn -0.3905 -0.2214 -0.8936
vn -0.4492 -0.2161 -0.8669
vn -0.5609 -0.2028 -0.8026
vn -0.3543 -0.3023 0.8849
vn -0.8695 0.4346 -0.2347
vn -0.5762 -0.2006 -0.7923
vn 0.0135 0.4091 0.9124
vn 0.0121 0.4466 0.8947
vn 0.0140 0.3953 0.9184
vn -0.0919 -0.1825 -0.9789
vn -0.3615 0.9239 -0.1255
vn -0.2072 0.1928 0.9591
vn 0.7594 -0.1942 0.6210
vn 0.9574 0.0226 0.2879
vn 0.9999 0.0121 0.0077
vn 0.9993 -0.0016 0.0372
vn 0.9979 -0.0140 0.0637
vn 0.0147 0.3750 0.9269
vn 0.9963 -0.0228 0.0826
vn -0.4785 0.1742 -0.8606
vn -0.4042 0.1737 -0.8980
vn -0.4102 0.1738 -0.8953
vn 0.5027 -0.6355 0.5860
vn -0.0565 -0.5509 0.8327
vn 0.4606 0.0434 -0.8865
vn 0.4733 0.0714 -0.8780
vn 0.4168 -0.0470 -0.9078
vn -0.5802 0.3257 -0.7465
vn -0.5203 0.4013 -0.7538
vn -0.4670 0.4190 -0.7787
vn -0.2122 -0.2475 0.9454
vn 0.7911 0.2281 -0.5675
vn 0.7467 0.2124 -0.6303
vn 0.7187 0.2172 -0.6605
vn -0.6781 -0.1663 -0.7159
vn -0.5949 -0.0856 -0.7992
vn -0.5742 -0.0669 -0.8160
vn 0.2020 -0.0067 -0.9794
vn 0.1478 0.4348 -0.8883
vn 0.1742 0.4747 -0.8628
vn 0.1305 0.4082 -0.9035
vn -0.3281 -0.7319 0.5972
vn -0.4255 -0.6741 0.6038
vn -0.4148 -0.6850 0.5989
vn 0.8250 0.5381 0.1726
vn 0.7697 0.6023 0.2116
vn 0.8712 0.4802 0.1024
vn 0.7030 0.0252 0.7107
vn 0.7966 0.0955 -0.5970
vn 0.8115 0.0604 -0.5812
vn 0.8111 0.0278 -0.5842
vn -0.9873 -0.0348 0.1547
vn 0.8553 -0.2628 0.4466
vn 0.9170 -0.1319 0.3765
vn 0.9038 -0.1342 0.4065
vn 0.0256 -0.0911 0.9955
vn 0.0253 -0.0901 0.9956
vn 0.0254 -0.0905 0.9956
vn 0.0515 0.0469 -0.9976
vn 0.0847 0.0150 -0.9963
vn 0.1634 -0.0616 -0.9846
vn 0.7730 -0.3046 0.5565
vn 0.2540 0.8197 0.5135
vn 0.1888 0.7874 0.5868
vn 0.4215 0.8019 0.4235
vn 0.4011 -0.0771 -0.9128
vn -0.3253 -0.0069 -0.9456
vn 0.4248 0.2666 0.8651
vn -0.0913 -0.4593 0.8836
vn -0.0745 -0.4481 0.8909
vn -0.0774 -0.4500 0.8897
vn 0.1322 0.9330 0.3346
vn 0.1577 0.9359 0.3151
vn 0.1244 0.9320 0.3405
vn -0.1312 -0.9600 -0.2475
vn -0.1424 -0.9519 -0.2713
vn -0.1100 -0.9731 -0.2025
vn -0.0180 0.1132 -0.9934
vn 0.6817 0.3862 -0.6215
vn -0.5869 -0.4615 0.6652
vn -0.5727 -0.4761 0.6673
vn -0.5805 -0.4505 0.6783
vn 0.4947 -0.0329 0.8684
vn 0.1420 -0.0445 -0.9889
vn -0.3622 0.0568 -0.9304
vn -0.4359 0.1078 -0.8935
vn -0.2712 -0.0036 -0.9625
vn -0.5139 -0.2322 -0.8258
vn 0.3764 0.8436 0.3829
vn 0.7761 0.5558 0.2978
vn 0.8116 0.5734 0.1119
vn 0.8369 0.5227 0.1622
vn 0.8636 0.5020 0.0468
vn -0.5988 -0.4490 0.6631
vn 0.1005 0.9282 0.3582
vn 0.0257 -0.0913 0.9955
vn -0.3352 0.1722 -0.9263
vn 0.9381 -0.3405 -0.0638
vn -0.5372 -0.5564 0.6339
vn -0.5238 -0.5899 0.6146
vn 0.7745 0.5626 0.2891
vn 0.7036 0.2170 -0.6767
vn -0.3177 0.0015 -0.9482
vn -0.0856 -0.1772 0.9804
vn 0.9507 -0.0044 0.3100
vn 0.5599 -0.1344 -0.8176
vn 0.5593 -0.1889 -0.8071
vn 0.5598 -0.1165 -0.8204
vn -0.4056 0.9131 0.0425
vn -0.1210 -0.7826 -0.6107
vn -0.7090 -0.1992 -0.6765
vn 0.8385 0.4626 0.2879
vn -0.3721 0.4866 -0.7904
vn -0.0974 -0.9796 -0.1759
vn 0.0959 -0.7476 -0.6572
vn -0.0540 -0.4342 0.8992
vn 0.9174 0.0527 0.3945
vn 0.8838 0.0541 0.4646
vn 0.9087 0.0672 0.4119
vn 0.7174 0.0237 0.6963
vn 0.6340 0.0305 0.7727
vn 0.7734 -0.0782 -0.6291
vn -0.1407 -0.0438 -0.9891
vn -0.4439 -0.2649 0.8560
vn 0.0252 0.0333 -0.9991
vn 0.1035 0.3665 -0.9247
vn 0.7248 0.5998 0.3390
vn 0.7310 0.5991 0.3268
vn 0.8933 0.0672 0.4444
vn 0.5590 -0.0849 -0.8248
vn 0.9688 0.0394 0.2449
vn 0.0860 -0.0433 -0.9954
vn 0.1205 0.0034 0.9927
vn -0.2834 -0.8910 0.3548
vn -0.2839 -0.8907 0.3551
vn -0.3445 -0.8507 0.3970
vn -0.2214 -0.9243 0.3108
vn 0.9755 0.0731 0.2077
vn -0.1392 0.8795 -0.4550
vn 0.1306 0.9860 0.1038
vn 0.5096 0.7280 0.4586
vn 0.5331 0.6737 0.5117
vn 0.6091 0.0165 0.7929
vn 0.8598 -0.0667 -0.5062
vn 0.8439 -0.0213 -0.5360
vn 0.9249 0.0306 0.3789
vn 0.9694 0.0466 0.2411
vn -0.9103 0.0875 -0.4047
vn 0.3645 0.0640 0.9290
vn 0.1109 0.0395 0.9930
vn 0.4992 0.2436 0.8315
vn 0.7754 0.0905 -0.6250
vn -0.6383 -0.7505 -0.1713
vn -0.3708 0.5475 -0.7501
vn -0.7507 0.1128 -0.6510
vn -0.1941 -0.1836 0.9636
vn -0.6114 -0.6135 0.4998
vn -0.2400 -0.0239 -0.9705
vn -0.2959 0.4999 -0.8140
vn -0.7602 -0.6378 -0.1235
vn 0.5855 0.2643 0.7664
vn -0.1246 -0.7742 -0.6205
vn -0.1251 -0.7662 -0.6303
vn -0.1588 -0.7785 -0.6072
vn -0.9967 -0.0776 -0.0244
vn -0.9972 -0.0700 -0.0259
vn -0.9969 -0.0779 -0.0131
vn 0.5228 0.8485 -0.0816
vn 0.5114 0.8577 -0.0525
vn 0.6476 0.7292 -0.2212
vn 0.9933 0.0713 -0.0913
vn 0.9931 0.0766 -0.0891
vn 0.9938 0.0666 -0.0887
vn 0.7303 0.0116 0.6830
vn -0.9905 -0.0337 0.1335
vn -0.0814 -0.3439 -0.9355
vn -0.2288 -0.5174 -0.8246
vn 0.2957 0.8692 -0.3962
vn 0.3936 0.8381 -0.3778
vn 0.3270 0.8604 -0.3908
vn -0.0946 0.2648 -0.9596
vn 0.6956 0.2346 -0.6790
vn 0.9886 0.1500 -0.0143
vn -0.1443 -0.1049 0.9840
vn -0.2045 -0.7559 -0.6219
vn -0.1669 -0.7758 -0.6084
vn -0.7073 -0.2409 -0.6646
vn -0.7282 -0.2596 -0.6343
vn -0.6997 -0.2343 -0.6749
vn 0.6515 0.7179 -0.2453
vn 0.8343 -0.0944 -0.5431
vn 0.8279 -0.1091 -0.5502
vn 0.9300 0.0149 0.3673
vn -0.7797 -0.0737 0.6218
vn -0.7713 -0.0789 0.6316
vn -0.7774 -0.0751 0.6245
vn -0.3520 -0.6514 -0.6721
vn -0.1736 0.0040 -0.9848
vn -0.2223 -0.6672 -0.7110
vn -0.1047 -0.0654 -0.9923
vn -0.0817 -0.0120 -0.9966
vn -0.0851 -0.0543 -0.9949
vn 0.8377 -0.5447 0.0393
vn 0.3280 0.3004 0.8956
vn 0.3468 0.3051 0.8869
vn 0.3691 0.3106 0.8760
vn 0.0551 -0.0545 0.9970
vn 0.0534 -0.0374 0.9979
vn 0.0829 0.0131 0.9965
vn 0.7276 0.6449 -0.2341
vn 0.9077 0.0335 -0.4184
vn 0.8121 0.0702 -0.5793
vn 0.9434 0.0504 -0.3278
vn 0.9448 0.0097 0.3274
vn 0.9431 0.0158 0.3321
vn 0.8655 -0.0970 -0.4915
vn 0.0055 -0.0804 -0.9968
vn -0.7980 -0.5956 0.0919
vn -0.9246 -0.1095 0.3650
vn -0.9160 -0.1183 0.3833
vn -0.9697 -0.0498 0.2391
vn -0.6934 -0.2289 -0.6833
vn 0.2127 0.8878 -0.4080
vn 0.5373 -0.3281 -0.7770
vn 0.2124 0.2143 0.9534
vn 0.1061 0.0020 0.9944
vn -0.3233 0.4846 -0.8128
vn -0.7920 0.4074 0.4547
vn 0.9614 -0.1680 0.2180
vn 0.9594 -0.2375 0.1520
vn 0.9617 -0.1851 0.2021
vn 0.3439 -0.7131 0.6109
vn 0.3364 -0.7384 0.5845
vn 0.3659 -0.6187 0.6952
vn -0.1832 0.0078 0.9831
vn -0.1324 0.0403 0.9904
vn -0.1721 0.0150 0.9850
vn 0.7318 0.4984 -0.4648
vn 0.7602 0.4601 -0.4587
vn 0.7326 0.4974 -0.4647
vn 0.9512 0.0411 -0.3058
vn 0.9546 0.0150 0.2975
vn 0.9574 0.0194 0.2880
vn 0.9822 -0.0731 0.1733
vn 0.9756 -0.0567 0.2120
vn -0.3734 -0.0406 -0.9268
vn -0.4523 -0.0171 -0.8917
vn -0.3361 -0.0257 -0.9415
vn -0.7886 -0.0524 -0.6127
vn -0.8853 -0.0611 -0.4610
vn -0.7931 -0.0539 -0.6067
vn -0.2009 -0.0037 0.9796
vn 0.7045 0.5322 -0.4695
vn 0.7473 -0.5428 -0.3832
vn 0.7553 -0.5440 -0.3654
vn 0.6955 -0.5560 -0.4551
vn 0.2615 -0.1000 -0.9600
vn 0.2358 -0.0838 -0.9682
vn 0.2597 -0.1102 -0.9594
vn 0.5342 -0.2579 -0.8051
vn 0.4126 -0.1215 -0.9028
vn 0.4398 -0.1547 -0.8847
vn 0.8174 -0.1170 -0.5640
vn -0.6266 -0.6856 -0.3706
vn -0.6440 -0.6706 -0.3683
vn -0.6388 -0.6751 -0.3690
vn -0.9945 -0.1043 0.0004
vn -0.9960 -0.0845 0.0306
vn -0.9943 -0.1012 -0.0339
vn -0.7691 -0.0802 0.6340
vn 0.5072 0.2256 -0.8318
vn 0.5199 -0.4495 -0.7264
vn 0.6363 -0.5762 -0.5131
vn 0.6317 -0.6338 -0.4464
vn 0.6278 -0.6594 -0.4136
vn 0.6140 -0.7164 -0.3315
vn 0.1977 -0.9738 -0.1127
vn 0.8893 0.0597 0.4535
vn 0.3038 0.2942 0.9062
vn 0.0081 0.0436 0.9990
vn 0.0128 0.0062 0.9999
vn -0.0155 0.0801 0.9967
vn -0.0941 -0.4946 0.8640
vn -0.0880 -0.4701 0.8782
vn -0.2113 -0.5457 0.8109
vn 0.9956 0.0745 -0.0560
vn 0.9549 -0.0998 0.2796
vn -0.5119 -0.6028 0.6120
vn 0.3475 -0.8814 0.3200
vn 0.6344 0.1019 0.7663
vn 0.7748 0.0505 0.6302
vn 0.6513 0.0956 0.7528
vn 0.9991 0.0423 -0.0099
vn 0.5489 0.0159 -0.8357
vn 0.5800 0.0320 -0.8140
vn 0.5858 0.0357 -0.8097
vn -0.9647 -0.0283 0.2617
vn -0.9576 -0.0556 0.2828
vn -0.9765 -0.0261 0.2141
vn -0.9076 0.1187 0.4027
vn -0.9229 0.0907 0.3741
vn -0.9177 0.1006 0.3843
vn -0.7354 0.5407 -0.4085
vn -0.6175 0.5320 -0.5793
vn -0.7343 0.3752 -0.5657
vn 0.3753 -0.5631 0.7363
vn -0.9970 0.0062 0.0770
vn -0.9975 0.0251 -0.0658
vn -0.6367 0.4538 -0.6234
vn 0.6999 0.5381 -0.4696
vn 0.4706 0.8345 0.2866
vn -0.2443 -0.5874 0.7715
vn -0.6586 -0.6709 0.3407
vn 0.7227 0.0381 -0.6901
vn -0.9029 0.1267 0.4107
vn -0.5003 0.5288 -0.6856
vn 0.9219 -0.3452 0.1761
vn 0.4175 0.0241 0.9084
vn 0.3443 0.0043 0.9388
vn 0.3751 0.0126 0.9269
vn -0.9946 -0.0932 -0.0456
vn -0.9339 0.3426 0.1022
vn -0.9365 0.3473 0.0474
vn -0.9363 0.3465 0.0576
vn 0.7283 0.0314 -0.6846
vn -0.9912 0.0307 -0.1289
vn -0.9367 0.3502 0.0063
vn 0.7286 0.2335 -0.6439
vn 0.0006 0.0790 0.9969
vn 0.0082 -0.4736 0.8807
vn 0.4257 0.0263 0.9045
vn -0.8242 -0.0679 -0.5621
vn -0.9237 -0.0323 -0.3816
vn -0.9139 -0.0374 -0.4042
vn 0.0853 0.4277 0.8999
vn 0.0742 0.4191 0.9049
vn 0.0950 0.4353 0.8953
vn -0.2303 -0.8385 0.4938
vn -0.4986 -0.8650 0.0559
vn -0.4746 -0.8788 0.0503
vn -0.5639 -0.8227 0.0713
vn 0.8294 0.0676 0.5545
vn 0.9716 0.0766 0.2239
vn 0.9705 0.0705 0.2306
vn 0.9696 0.0658 0.2358
vn 0.9681 0.0590 0.2434
vn 0.7565 0.6338 -0.1614
vn 0.1151 0.4505 0.8853
vn -0.8715 0.2139 -0.4413
vn -0.9169 0.2059 -0.3418
vn 0.2784 0.6465 -0.7103
vn 0.2644 0.6528 -0.7099
vn 0.2745 0.6530 -0.7059
vn 0.2066 0.9782 0.0232
vn 0.9810 0.0679 -0.1816
vn 0.3326 0.8553 0.3973
vn 0.1494 -0.1985 0.9687
vn 0.1576 -0.2025 0.9665
vn 0.1663 -0.2067 0.9642
vn 0.2127 0.0054 -0.9771
vn 0.1101 0.0053 -0.9939
vn 0.0809 0.0095 -0.9967
vn -0.9237 -0.0322 -0.3817
vn 0.1821 -0.2144 0.9596
vn 0.9983 0.0202 -0.0553
vn 0.1220 -0.9241 0.3623
vn 0.1347 -0.9152 0.3799
vn 0.1110 -0.9313 0.3468
vn -0.4212 -0.9062 0.0381
vn -0.4455 -0.0069 -0.8953
vn -0.7756 0.2479 -0.5805
vn 0.1411 0.9893 -0.0380
vn 0.1581 0.9830 -0.0939
vn 0.1530 0.9866 -0.0568
vn 0.3208 0.8848 -0.3380
vn 0.5418 -0.7754 -0.3243
vn 0.2224 0.4141 -0.8827
vn 0.1422 0.4256 -0.8937
vn 0.1254 0.3940 -0.9105
vn 0.7349 0.3773 -0.5635
vn 0.2309 0.7678 0.5976
vn 0.2392 0.7739 0.5863
vn 0.1287 0.7673 0.6282
vn 0.0995 -0.9385 0.3307
vn 0.0365 -0.9956 -0.0858
vn 0.9720 0.0779 -0.2216
vn -0.5011 -0.0106 -0.8653
vn 0.2477 0.6375 -0.7295
vn 0.4937 -0.1350 0.8591
vn 0.8439 0.0745 0.5312
vn 0.2778 0.0313 -0.9601
vn 0.2579 0.6491 -0.7156
vn 0.2687 0.6419 -0.7182
vn 0.2636 0.6453 -0.7170
vn 0.4512 0.4246 0.7849
vn 0.4786 -0.7132 0.5121
vn 0.4506 -0.7731 0.4465
vn 0.4569 -0.7608 0.4609
vn -0.2639 -0.9228 -0.2807
vn 0.1415 0.7696 0.6227
vn -0.6187 0.0406 -0.7846
vn -0.6428 0.0594 -0.7637
vn -0.1712 0.2826 -0.9438
vn -0.0475 0.3142 -0.9482
vn 0.4307 -0.8077 0.4027
vn -0.0499 -0.9389 -0.3405
vn 0.6102 0.0433 -0.7911
vn -0.6396 0.0690 -0.7656
vn -0.0306 -0.8693 0.4934
vn -0.0547 -0.8163 0.5750
vn -0.0350 -0.8347 0.5496
vn 0.6528 0.6586 0.3744
vn -0.2118 -0.6235 -0.7526
vn 0.1247 0.9813 -0.1466
vn 0.2597 0.5455 -0.7969
vn 0.7712 -0.4217 0.4769
vn -0.0692 -0.9681 -0.2408
vn -0.0299 -0.9858 -0.1651
vn 0.0007 -0.9944 -0.1056
vn 0.4034 -0.0119 -0.9150
vn 0.3809 -0.0337 -0.9240
vn 0.3962 -0.0214 -0.9179
vn -0.0608 -0.0094 -0.9981
vn -0.1472 0.0121 -0.9890
vn -0.0401 -0.0051 -0.9992
vn -0.1565 0.0129 -0.9876
vn 0.9690 -0.0730 -0.2362
vn 0.9665 -0.0640 -0.2486
vn 0.9268 -0.0628 -0.3702
vn 0.6018 -0.0280 0.7982
vn 0.3249 0.0309 0.9453
vn 0.4809 -0.0471 0.8755
vn 0.9232 -0.0644 -0.3790
vn -0.9952 0.0844 0.0493
vn -0.9972 0.0431 0.0609
vn -0.9970 0.0727 0.0272
vn -0.7934 0.0601 -0.6057
vn -0.7807 0.0625 -0.6217
vn -0.6890 0.0266 -0.7243
vn -0.7333 0.0505 0.6781
vn -0.6080 -0.0114 0.7939
vn -0.6813 0.0379 0.7310
vn 0.9491 -0.0740 0.3062
vn 0.9482 -0.0639 0.3112
vn 0.9435 -0.0660 0.3246
vn -0.1245 0.0275 0.9918
vn -0.0742 0.0732 0.9946
vn -0.0383 -0.0005 0.9993
vn 0.3036 -0.0217 -0.9526
vn -0.6740 0.0269 -0.7382
vn -0.9541 0.0731 -0.2905
vn -0.9545 0.0714 -0.2896
vn -0.9499 0.0711 -0.3045
vn -0.9967 0.0329 0.0740
vn -0.0081 0.0133 0.9999
vn 0.9220 -0.0703 -0.3808
vn 0.9924 -0.0486 0.1132
vn -0.7963 0.0595 0.6019
vn 0.5812 -0.0283 0.8132
vn 0.5857 -0.0274 0.8101
vn -0.8248 0.0268 0.5648
vn 0.4376 -0.0203 -0.8989
vn 0.7770 -0.0551 -0.6271
vn 0.7617 -0.0237 -0.6475
vn 0.7671 -0.0346 -0.6406
vn -0.1738 -0.0004 -0.9848
vn -0.0520 0.0030 0.9986
vn 0.9939 -0.0607 0.0917
vn 0.7819 -0.0658 -0.6199
vn -0.8609 0.0160 -0.5085
vn 0.4614 -0.0237 -0.8869
vn -0.6727 0.0275 -0.7394
vn -0.1755 0.0044 -0.9845
vn -0.8339 0.0125 0.5518
vn -0.8514 0.0143 -0.5243
vn -0.9868 0.0671 0.1475
vn -0.9890 0.0621 0.1345
vn -0.9996 0.0189 0.0227
vn -0.0107 0.0008 0.9999
vn 0.6501 -0.0316 0.7592
vn 0.6674 -0.0220 0.7443
vn 0.9939 -0.0705 0.0845
vn -0.6002 0.0410 0.7988
vn -0.5482 0.0191 0.8361
vn -0.5947 0.0380 0.8031
vn 0.9793 -0.0118 -0.2020
vn 0.9790 -0.0420 -0.1993
vn 0.9789 -0.0467 -0.1988
vn 0.9777 -0.0761 -0.1960
vn 0.8797 -0.0354 -0.4743
vn 0.8796 -0.0349 -0.4744
vn 0.8796 -0.0347 -0.4744
vn 0.0033 -0.0071 1.0000
vn 0.2374 -0.0012 -0.9714
vn 0.1977 -0.0153 -0.9801
vn -0.9999 0.0135 0.0087
vn 0.9966 -0.0373 0.0741
vn 0.9965 -0.0399 0.0732
vn 0.9965 -0.0389 0.0736
vn -0.1720 -0.0115 -0.9850
vn 0.6389 -0.0289 0.7688
vn -0.9410 0.0333 0.3368
vn -0.9369 0.0440 0.3469
vn -0.9382 0.0388 0.3439
vn -0.4466 0.0229 0.8944
vn 0.6428 -0.0255 0.7656
vn 0.1112 -0.0017 0.9938
vn 0.0897 -0.0019 -0.9960
vn -0.4897 0.0250 -0.8715
vn -0.4842 0.0320 -0.8744
vn -0.5498 -0.0084 -0.8352
vn -0.8509 0.0147 -0.5251
vn 0.0464 0.0097 0.9989
vn 0.8796 -0.0342 -0.4745
vn 0.5928 0.0003 -0.8054
vn 0.6023 -0.0058 -0.7982
vn 0.6006 -0.0033 -0.7996
vn -0.3722 0.0075 -0.9281
vn -0.9530 0.0252 -0.3018
vn -0.9657 0.0348 -0.2572
vn -0.9649 0.0335 -0.2606
vn -0.3962 -0.0068 0.9181
vn -0.5939 0.0233 0.8042
vn 0.6306 -0.0186 0.7759
vn 0.9231 -0.0132 0.3843
vn 0.9167 -0.0173 0.3992
vn 0.9174 -0.0168 0.3977
vn -0.4870 0.0251 -0.8730
vn 0.9965 -0.0414 0.0726
vn 0.9765 -0.0138 -0.2149
vn 0.9731 -0.0221 -0.2292
vn 0.9758 -0.0163 -0.2179
vn -0.9593 0.0351 0.2802
vn -0.5986 0.0241 0.8007
vn 0.0326 -0.0054 -0.9995
vn -0.8719 0.0367 -0.4882
vn -0.8966 0.0109 -0.4428
vn -0.0437 0.0086 -0.9990
vn 0.0330 0.0058 0.9994
vn -0.9822 0.0119 0.1877
vn 0.4417 -0.0184 -0.8970
vn 0.9314 -0.0173 0.3637
vn 0.9590 -0.0167 -0.2829
vn -0.9957 0.0273 0.0889
vn 0.4506 -0.0157 -0.8926
vn -0.7388 0.0049 0.6739
vn -0.9275 0.0174 -0.3735
vn -0.0614 0.0073 0.9981
vn -0.5224 0.0042 -0.8527
vn 0.9472 -0.0250 -0.3196
vn -0.7421 0.0042 0.6703
vn -0.0473 0.0079 0.9988
vn -0.1246 -0.0023 -0.9922
vn 0.3725 -0.0035 -0.9280
vn -0.5304 -0.0020 -0.8477
vn 0.5103 -0.0068 0.8600
vn 0.9034 -0.0071 -0.4288
vn 0.8896 -0.0191 -0.4563
vn -0.1031 -0.0080 -0.9946
vn 0.9241 -0.0173 0.3817
vn -0.7711 -0.0021 -0.6367
vn -0.8533 0.0294 -0.5206
vn -0.9996 0.0163 0.0242
vn 0.4639 0.0066 -0.8859
vn 0.5079 -0.0066 0.8614
vn 0.9181 -0.0077 0.3963
vn 0.8726 -0.0184 -0.4882
vn 0.8713 -0.0180 -0.4904
vn 0.4824 -0.0026 -0.8760
vn -0.7977 -0.0107 -0.6030
vn -0.1344 -0.0159 0.9908
vn -0.2561 -0.0054 -0.9666
vn -0.3327 0.0036 -0.9430
vn -0.9996 0.0099 0.0277
vn -0.8291 -0.0016 -0.5591
vn -0.9999 -0.0142 0.0031
vn -0.3165 0.0066 0.9486
vn 0.2845 -0.0202 0.9585
vn 0.2089 0.0071 0.9779
vn 0.1990 0.0122 0.9799
vn 0.9975 0.0058 -0.0699
vn 0.9970 0.0067 -0.0768
vn 0.9899 0.0074 -0.1416
vn 0.9853 0.0173 -0.1697
vn -0.9997 0.0015 0.0240
vn -0.7960 0.0061 0.6053
vn -0.8049 0.0160 0.5932
vn 0.5080 -0.0052 0.8614
vn 0.3380 0.0077 -0.9411
vn 0.3949 0.0067 0.9187
vn -0.0810 0.0174 -0.9966
vn -0.7960 -0.0048 0.6053
vn -0.3739 -0.0093 0.9274
vn 0.8720 0.0048 0.4895
vn 0.3067 -0.0086 -0.9518
vn 0.8742 0.0003 0.4855
vn -0.8163 0.0015 -0.5776
vn -0.7377 -0.0267 -0.6746
vn 0.9554 -0.0026 -0.2952
vn 0.9283 0.0268 -0.3708
vn -0.7886 -0.0012 0.6150
vn -0.0120 0.0052 0.9999
vn 0.0078 0.0094 0.9999
vn -0.0141 0.0047 0.9999
vn 0.0292 0.0033 0.9996
vn 0.5338 -0.0044 0.8456
vn -0.9987 -0.0088 0.0511
vn 0.9255 0.0177 0.3784
vn 0.9279 0.0176 0.3724
vn 0.9730 0.0111 -0.2304
vn -0.9990 -0.0039 0.0455
vn 0.5737 0.0087 0.8190
vn -0.3808 -0.0125 0.9246
vn 0.2993 -0.0146 -0.9540
vn -0.0209 -0.0133 -0.9997
vn -0.0138 -0.0060 0.9999
vn -0.7109 -0.0385 0.7022
vn -0.6422 0.0022 0.7665
vn -0.8307 -0.0166 0.5565
vn -0.7189 -0.0230 -0.6947
vn -0.9997 -0.0165 -0.0159
vn 0.0692 -0.0072 -0.9976
vn 0.9629 0.0219 -0.2689
vn 0.6615 0.0255 -0.7495
vn 0.6449 0.0142 -0.7641
vn 0.6586 0.0229 -0.7521
vn -0.9980 -0.0479 0.0407
vn -0.8419 -0.0130 0.5395
vn -0.5032 -0.0061 0.8642
vn -0.4925 -0.0072 0.8703
vn -0.6392 -0.0207 0.7687
vn -0.0190 -0.0013 0.9998
vn 0.9223 0.0197 0.3861
vn -0.9971 -0.0545 0.0536
vn -0.6615 -0.0005 0.7500
vn 0.9556 0.0171 -0.2941
vn 0.5933 0.0178 -0.8048
vn -0.3163 0.0094 -0.9486
vn -0.3350 0.0028 -0.9422
vn -0.2090 0.0147 -0.9778
vn 0.4827 0.0125 0.8757
vn 0.4853 0.0107 0.8743
vn 0.9515 0.0333 0.3057
vn 0.0796 -0.0046 -0.9968
vn -0.7171 -0.0221 -0.6966
vn -0.9300 -0.0250 -0.3666
vn -0.9405 0.0068 -0.3396
vn -0.9370 -0.0078 -0.3493
vn 0.5776 0.0077 -0.8163
vn -0.5358 -0.0168 0.8442
vn 0.9550 0.0166 -0.2960
vn -0.9018 -0.0251 -0.4315
vn -0.9352 -0.0031 0.3540
vn -0.9354 -0.0030 0.3535
vn -0.9367 -0.0179 0.3497
vn 0.9631 0.0189 0.2685
vn -0.1894 -0.0024 -0.9819
vn 0.5741 0.0049 -0.8187
vn 0.8275 0.0573 -0.5585
vn 0.7551 0.0003 -0.6556
vn 0.8195 0.0482 -0.5711
vn -0.1782 -0.0297 -0.9835
vn -0.8895 -0.0311 -0.4558
vn -0.5227 -0.0149 0.8524
vn -0.9420 -0.0343 0.3338
vn -0.4154 -0.0230 -0.9094
vn -0.4331 -0.0060 -0.9013
vn -0.4279 -0.0110 -0.9038
vn 0.1557 0.0231 -0.9875
vn 0.1638 0.0285 -0.9861
vn 0.1070 0.0021 -0.9943
vn 0.0966 0.0095 0.9953
vn 0.9648 0.0161 0.2626
vn 0.6002 0.0296 -0.7993
vn -0.9724 -0.0349 0.2305
vn 0.4843 0.0083 0.8748
vn -0.8625 -0.0306 -0.5051
vn 0.8575 0.0378 0.5132
vn 0.8573 0.0375 0.5135
vn 0.8525 0.0370 0.5214
vn -0.9737 -0.0403 0.2241
vn 0.9987 0.0483 -0.0155
vn 0.9987 0.0480 -0.0178
vn 0.9983 0.0551 0.0204
vn 0.1044 0.0052 0.9945
vn 0.8745 0.0469 -0.4827
vn 0.9089 0.0394 -0.4152
vn 0.9073 0.0398 -0.4185
vn -0.0639 0.0050 -0.9979
vn -0.5015 -0.0071 0.8651
vn -0.8451 -0.0487 -0.5323
vn 0.5297 0.0238 -0.8478
vn -0.4105 -0.0277 -0.9115
vn 0.5320 0.0243 -0.8464
vn -0.0848 -0.0094 -0.9964
vn 0.8679 0.0434 -0.4948
vn -0.4596 -0.0186 0.8879
vn -0.9538 -0.0577 0.2947
vn 0.1044 -0.0030 0.9945
vn 0.0885 0.0031 0.9961
vn 0.7281 0.0414 0.6842
vn 0.9937 0.0695 -0.0884
vn -0.9454 -0.0547 0.3214
vn -0.4587 -0.0257 0.8882
vn 0.7174 0.0394 0.6956
vn -0.4933 -0.0382 -0.8690
vn -0.5242 -0.0129 -0.8515
vn -0.5165 -0.0193 -0.8561
vn -0.9020 -0.0618 -0.4273
vn -0.0917 -0.0218 -0.9955
vn -0.4264 -0.0301 0.9040
vn 0.6454 0.0451 -0.7626
vn -0.9123 -0.0485 -0.4066
vn 0.1657 0.0148 -0.9861
vn 0.1698 0.0192 -0.9853
vn 0.1412 0.0048 -0.9900
vn 0.0667 0.0009 0.9978
vn -0.4167 -0.0332 0.9084
vn 0.9635 0.0317 -0.2660
vn 0.8673 0.0429 -0.4960
vn -0.9265 -0.0666 0.3703
vn -0.8804 -0.0500 0.4715
vn 0.9090 0.0710 -0.4108
vn 0.6168 0.0551 -0.7852
vn -0.9021 -0.0669 -0.4262
vn 0.5363 0.0388 0.8432
vn -0.9889 -0.0456 -0.1415
vn -0.9896 -0.0491 -0.1351
vn -0.9844 -0.0631 -0.1641
vn 0.9593 0.0803 0.2709
vn 0.9572 0.0598 0.2833
vn 0.9517 0.0354 0.3051
vn 0.0293 0.0046 0.9996
vn 0.5262 0.0378 0.8495
vn -0.8568 -0.0632 0.5118
vn -0.4882 -0.0425 0.8717
vn -0.4855 -0.0445 -0.8731
vn -0.7118 -0.0418 -0.7011
vn -0.7170 -0.0360 -0.6962
vn -0.7268 -0.0241 -0.6865
vn 0.9255 0.0318 0.3774
vn 0.4590 0.0095 -0.8884
vn -0.0578 0.0160 -0.9982
vn -0.6291 -0.0297 0.7768
vn -0.8533 -0.0658 0.5172
vn -0.0266 -0.0112 0.9996
vn 0.8974 0.0788 -0.4341
vn 0.4504 0.0070 -0.8928
vn -0.0643 0.0172 -0.9978
vn 0.9214 0.0347 0.3872
vn -0.9979 -0.0410 0.0498
vn -0.9987 -0.0443 0.0236
vn -0.0050 -0.0007 -1.0000
vn -0.3123 0.1914 -0.9305
vn -0.2766 0.1907 -0.9419
vn 0.7433 0.6351 -0.2101
vn 0.6752 0.0073 -0.7376
vn -0.6477 -0.0276 0.7614
vn 0.9957 0.0860 -0.0330
vn 0.9927 0.0727 -0.0963
vn 0.9920 0.0710 -0.1043
vn -0.0919 -0.9544 -0.2841
vn 0.5965 0.0452 -0.8014
vn -0.0204 0.0200 -0.9996
vn 0.2678 0.5113 -0.8166
vn 0.9382 -0.3294 0.1065
vn 0.1833 -0.7114 -0.6784
vn 0.2614 -0.6288 -0.7323
vn 0.2129 -0.6818 -0.6999
vn 0.1049 0.9000 0.4232
vn 0.1193 0.9262 0.3576
vn 0.8021 0.5929 0.0718
vn -0.0365 -0.0143 0.9992
vn 0.5400 0.0348 0.8410
vn 0.5741 -0.6858 -0.4473
vn 0.5606 -0.7009 -0.4410
vn 0.5757 -0.6840 -0.4480
vn -0.7341 -0.0186 -0.6788
vn 0.0674 0.5569 0.8279
vn 0.0655 0.5614 0.8250
vn 0.0511 0.5868 0.8081
vn -0.0390 -0.8849 0.4642
vn -0.0974 -0.8903 0.4449
vn 0.0472 0.5888 0.8069
vn 0.1514 -0.7412 -0.6539
vn 0.5415 0.0345 0.8400
vn -0.0337 -0.0345 -0.9988
vn -0.7346 -0.0185 -0.6783
vn -0.0340 0.0052 -0.9994
vn 0.7173 0.5152 -0.4690
vn 0.5896 -0.6679 -0.4542
vn -0.0102 -0.1206 -0.9926
vn 0.2549 0.6511 -0.7149
vn 0.0896 0.9874 -0.1301
vn -0.0329 -0.5410 0.8404
vn 0.0669 -0.7374 0.6721
vn 0.0225 -0.6998 0.7140
vn -0.0420 -0.6806 -0.7315
vn -0.0585 -0.6138 -0.7873
vn -0.0624 -0.5970 -0.7998
vn 0.1708 0.8154 -0.5531
vn 0.1563 0.8064 -0.5704
vn 0.0707 0.7049 -0.7058
vn -0.0331 -0.7141 -0.6993
vn 0.1339 0.4469 -0.8845
vn 0.0307 0.1644 0.9859
vn 0.0212 0.1591 0.9870
vn 0.0308 0.1640 0.9860
vn 0.7303 0.1581 -0.6646
vn 0.8881 -0.4187 -0.1894
vn 0.9958 0.0878 -0.0243
vn -0.0162 -0.1475 -0.9889
vn 0.0291 0.3986 -0.9167
vn 0.0263 0.4095 -0.9119
vn 0.0431 0.3399 -0.9395
vn -0.0743 -0.5872 0.8060
vn 0.0820 0.9639 0.2534
vn -0.0703 -0.9781 -0.1957
vn -0.0655 -0.9782 -0.1968
vn 0.0055 0.1454 0.9894
vn -0.0158 -0.1925 0.9812
vn -0.0229 -0.3781 0.9255
vn -0.0513 -0.8293 0.5564
vn -0.0500 -0.8332 0.5508
vn -0.0483 -0.8665 0.4969
vn -0.0655 -0.8801 0.4702
vn 0.0808 0.9897 -0.1185
vn -0.0163 -0.4272 0.9040
vn -0.0629 -0.9792 -0.1927
vn -0.0185 -0.1404 -0.9899
vn -0.0258 -0.1298 -0.9912
vn 0.0427 0.3288 -0.9434
vn 0.0056 -0.6708 -0.7416
vn 0.0124 -0.6857 -0.7278
vn -0.0313 -0.5992 -0.8000
vn 0.0519 0.8153 -0.5767
vn 0.0448 0.5838 0.8107
vn -0.0572 -0.6169 -0.7850
vn 0.0712 0.8326 -0.5494
vn 0.0006 0.0950 0.9955
vn 0.0549 0.9634 0.2625
vn 0.0449 0.5833 0.8110
vn -0.0240 -0.4596 -0.8878
vn 0.0339 0.3434 -0.9386
vn -0.0492 -0.9398 0.3382
vn -0.0359 -0.4694 0.8823
vn 0.0013 0.0880 0.9961
vn -0.5080 -0.1967 -0.8386
vn 0.2921 -0.8814 -0.3713
vn 0.1652 0.1780 0.9701
vn 0.1886 0.2700 0.9442
vn -0.7203 -0.6740 0.1640
vn -0.9390 0.0069 -0.3439
vn -0.9580 0.0145 -0.2864
vn -0.9009 -0.0053 -0.4340
vn -0.0194 -0.6985 -0.7153
vn -0.1729 -0.5792 -0.7966
vn -0.1056 -0.5814 -0.8068
vn -0.3790 -0.4598 -0.8031
vn -0.2413 -0.5008 -0.8313
vn -0.5071 0.1058 -0.8554
vn -0.5070 0.0097 -0.8619
vn 0.7041 0.5297 0.4730
vn 0.6986 0.5125 0.4993
vn 0.6604 0.4185 0.6235
vn -0.7424 -0.2026 0.6386
vn -0.4969 -0.0832 0.8638
vn -0.0739 -0.9970 0.0222
vn -0.1042 -0.9878 0.1154
vn -0.0884 -0.9939 0.0665
vn -0.0613 0.3567 0.9322
vn 0.2749 0.0323 0.9609
vn 0.2025 0.0888 -0.9752
vn 0.3144 -0.2111 0.9255
vn 0.4048 -0.4388 0.8022
vn -0.8065 -0.5707 -0.1547
vn -0.8225 -0.5647 -0.0673
vn -0.8113 -0.5696 -0.1319
vn -0.0114 -0.2197 0.9755
vn -0.0094 -0.1119 -0.9937
vn 0.4825 0.1823 -0.8567
vn 0.5215 0.1507 -0.8398
vn 0.5919 0.0893 -0.8010
vn -0.0223 -0.8870 -0.4612
vn -0.1236 -0.9112 -0.3929
vn 0.0085 0.0101 0.9999
vn -0.0036 0.0099 0.9999
vn -0.3940 -0.4399 0.8070
vn -0.2422 -0.0417 0.9693
vn -0.0192 0.0287 0.9994
vn -0.3881 -0.4164 0.8222
vn -0.4418 -0.3592 0.8221
vn 0.5553 -0.7010 -0.4476
vn -0.5798 -0.1307 -0.8042
vn 0.0363 0.7370 0.6749
vn 0.0312 0.7421 0.6695
vn 0.0222 0.7551 0.6552
vn 0.6665 0.4690 -0.5795
vn 0.6918 0.4649 -0.5526
vn 0.7957 0.4124 -0.4437
vn 0.6229 0.5636 -0.5426
vn 0.1006 0.1312 -0.9862
vn 0.0175 -0.0004 -0.9998
vn 0.0287 -0.0010 -0.9996
vn 0.1602 -0.0425 0.9862
vn -0.3889 -0.4491 0.8044
vn -0.0611 -0.9980 -0.0167
vn -0.7846 -0.5721 -0.2390
vn 0.0493 0.8501 -0.5244
vn -0.0529 -0.0130 -0.9985
vn 0.0159 0.0125 -0.9998
vn 0.1205 0.2035 -0.9716
vn -0.3189 -0.1433 -0.9369
vn 0.0479 -0.0089 0.9988
vn -0.2317 -0.1519 0.9609
vn -0.3104 -0.0971 0.9457
vn -0.2674 -0.1274 0.9551
vn 0.0095 -0.8035 0.5953
vn 0.4872 -0.8586 -0.1596
vn 0.5298 -0.8079 -0.2580
vn 0.5361 -0.8005 -0.2680
vn -0.0124 -0.4590 -0.8883
vn 0.0047 -0.0528 -0.9986
vn 0.6356 0.0478 -0.7706
vn -0.4661 -0.2521 -0.8480
vn -0.4513 -0.2497 -0.8567
vn -0.5069 -0.1822 -0.8425
vn -0.8763 -0.0120 -0.4816
vn -0.0245 -0.5923 0.8054
vn -0.0363 -0.9930 -0.1126
vn 0.0442 0.8652 -0.4995
vn 0.0253 0.9897 0.1407
vn 0.0263 0.9915 0.1270
vn 0.1288 0.0537 -0.9902
vn 0.8052 0.3539 -0.4759
vn 0.5628 -0.6503 -0.5102
vn -0.0154 -0.8015 -0.5978
vn -0.0308 -0.8194 -0.5723
vn -0.0290 -0.8167 -0.5764
vn -0.1173 0.1559 -0.9808
vn 0.3834 0.2385 -0.8923
vn 0.3072 0.2720 -0.9120
vn 0.3327 0.2611 -0.9062
vn 0.0761 0.0890 0.9931
vn 0.6519 0.4006 0.6439
vn -0.2036 -0.7256 -0.6573
vn -0.2470 -0.7911 -0.5596
vn -0.2062 -0.7298 -0.6519
vn 0.0310 -0.3366 -0.9411
vn 0.4814 0.8756 0.0392
vn 0.5818 0.8081 -0.0923
vn 0.5337 0.8449 -0.0357
vn -0.3573 -0.0629 0.9319
vn 0.2416 -0.0520 0.9690
vn 0.3383 -0.6451 0.6851
vn -0.1845 -0.9809 -0.0614
vn 0.5927 -0.5488 0.5895
vn -0.6906 -0.1446 -0.7087
vn -0.6232 -0.1358 -0.7702
vn -0.6490 -0.1392 -0.7479
vn -0.0295 -0.9949 -0.0965
vn 0.0260 0.3478 -0.9372
vn -0.8710 0.0983 -0.4813
vn -0.4770 -0.1613 -0.8640
vn 0.1312 0.0649 0.9892
vn 0.7351 0.0644 0.6749
vn -0.8201 -0.3218 0.4732
vn 0.5651 -0.7503 -0.3430
vn 0.3263 -0.3994 -0.8567
vn -0.0015 -0.4409 -0.8976
vn 0.6308 0.7720 -0.0783
vn 0.4458 0.3896 0.8059
vn -0.6977 -0.3401 0.6305
vn -0.7403 -0.2242 0.6338
vn -0.7171 -0.3144 0.6221
vn -0.0169 -0.9100 0.4142
vn 0.0258 0.7791 0.6263
vn 0.7893 0.3384 -0.5123
vn 0.6407 0.7659 -0.0540
vn 0.6296 -0.7749 0.0552
vn 0.6884 -0.6206 -0.3755
vn 0.1087 0.1459 0.9833
vn 0.1111 0.1356 0.9845
vn 0.0781 -0.0693 0.9945
vn 0.1002 -0.1201 0.9877
vn 0.0899 0.0483 0.9948
vn -0.1648 -0.6334 0.7561
vn 0.2339 -0.9357 0.2640
vn -0.0077 -0.7254 0.6883
vn -0.0208 -0.6033 0.7973
vn 0.2690 0.3565 -0.8947
vn 0.0779 0.1480 -0.9859
vn 0.1416 0.2382 -0.9608
vn -0.7042 -0.7100 -0.0033
vn -0.7710 -0.6307 -0.0883
vn -0.7657 -0.6382 -0.0802
vn 0.3663 -0.0492 -0.9292
vn 0.0684 0.1389 -0.9879
vn -0.2482 -0.0414 0.9678
vn -0.6449 -0.4112 0.6442
vn -0.6228 -0.4132 0.6644
vn 0.0879 -0.8759 -0.4744
vn 0.5725 -0.7439 -0.3449
vn -0.1542 -0.6441 -0.7493
vn -0.5792 -0.1298 -0.8048
vn 0.7138 0.5323 -0.4551
vn 0.2519 0.3744 -0.8924
vn 0.0454 -0.0217 -0.9987
vn 0.3243 0.9457 0.0239
vn 0.3252 0.9451 0.0307
vn 0.3377 0.9313 0.1363
vn 0.3390 0.9289 0.1491
vn 0.2082 -0.2043 0.9565
vn 0.5287 -0.7996 0.2850
vn 0.0407 -0.9574 -0.2860
vn 0.7919 0.0586 0.6079
vn 0.1021 -0.5070 -0.8559
vn 0.0003 -0.9937 0.1124
vn 0.0005 -0.8444 -0.5357
vn -0.4128 -0.1437 -0.8994
vn -0.4487 -0.5755 -0.6837
vn 0.5090 -0.2624 0.8198
vn 0.5528 -0.2161 0.8048
vn 0.5878 -0.1765 0.7895
vn 0.3790 -0.7567 -0.5327
vn -0.8047 -0.5781 -0.1353
vn -0.0073 -0.5663 0.8242
vn 0.1477 0.1628 -0.9755
vn 0.1392 0.3897 -0.9104
vn -0.6220 -0.7146 -0.3200
vn -0.3373 -0.2272 -0.9135
vn -0.0151 -0.7616 0.6479
vn -0.0043 -0.9867 0.1625
vn -0.6935 0.0760 -0.7164
vn -0.1258 0.1512 -0.9805
vn 0.7347 0.5281 -0.4259
vn -0.2706 -0.1988 -0.9420
vn -0.2674 -0.2052 -0.9415
vn -0.2711 -0.1929 -0.9430
vn 0.0804 0.1462 -0.9860
vn 0.0886 0.1747 -0.9806
vn -0.8053 -0.5784 -0.1300
vn 0.0501 0.8481 -0.5275
vn 0.0294 0.8503 0.5255
vn 0.0073 0.7403 0.6722
vn 0.7840 0.3411 -0.5186
vn -0.5905 -0.1812 -0.7864
vn -0.4176 -0.1448 -0.8970
vn 0.0260 -0.1679 0.9855
vn 0.0866 0.0498 0.9950
vn 0.0685 0.0519 0.9963
vn 0.6477 -0.1020 0.7550
vn 0.7829 -0.5716 0.2454
vn -0.0132 -0.9052 0.4247
vn 0.4123 0.2250 -0.8828
vn -0.7093 0.6932 -0.1282
vn -0.1454 0.1009 0.9842
vn -0.0611 0.1109 0.9920
vn -0.4987 -0.6635 -0.5578
vn -0.9020 -0.4305 -0.0338
vn -0.0017 -0.8466 -0.5322
vn -0.6214 -0.2457 -0.7440
vn 0.1461 -0.9861 -0.0797
vn 0.1133 -0.9933 -0.0230
vn 0.0241 -0.9980 0.0578
vn 0.2255 0.1836 0.9568
vn -0.0095 -0.0316 0.9995
vn 0.0757 -0.0000 0.9971
vn 0.0165 -0.0135 0.9998
vn 0.1242 -0.0000 0.9923
vn -0.0519 -0.1993 0.9786
vn 0.6212 -0.6517 0.4352
vn 0.0026 -0.9961 0.0879
vn -0.0408 -0.0039 0.9992
vn -0.0727 0.0993 0.9924
vn 0.0069 0.4169 -0.9089
vn -0.0690 0.9185 0.3893
vn 0.0280 -0.0146 -0.9995
vn -0.4335 -0.6963 -0.5721
vn -0.4379 -0.6447 -0.6265
vn -0.4342 -0.6896 -0.5795
vn -0.2259 -0.2633 0.9379
vn -0.2222 -0.2489 0.9427
vn -0.2242 -0.2483 0.9424
vn 0.9473 -0.2703 0.1718
vn 0.9412 -0.2799 0.1893
vn 0.9484 -0.2686 0.1687
vn 0.0989 -0.1808 -0.9785
vn 0.0929 -0.1754 -0.9801
vn 0.0186 -0.1071 -0.9941
vn -0.0043 0.6985 0.7156
vn 0.7119 0.2709 0.6479
vn 0.7122 0.2717 0.6473
vn 0.7011 0.2650 0.6620
vn 0.5665 -0.3404 -0.7505
vn 0.5403 -0.3516 -0.7645
vn 0.5748 -0.3368 -0.7458
vn -0.3384 -0.3980 -0.8527
vn 0.5495 0.1803 0.8158
vn 0.5783 0.1958 0.7920
vn 0.8087 -0.3535 -0.4702
vn -0.7893 -0.5957 0.1487
vn 0.9558 -0.2556 0.1452
vn -0.6295 -0.0362 -0.7761
vn -0.6402 -0.0284 -0.7677
vn -0.6715 -0.0048 -0.7410
vn -0.4000 -0.4422 -0.8027
vn -0.6800 0.0019 -0.7332
vn 0.6056 -0.1343 -0.7843
vn 0.6799 -0.0713 -0.7299
vn 0.6366 -0.1090 -0.7634
vn 0.1709 -0.2461 -0.9541
vn 0.5456 0.5704 -0.6140
vn 0.0664 -0.0664 -0.9956
vn 0.0694 -0.0664 -0.9954
vn 0.0706 -0.0664 -0.9953
vn 0.0720 -0.0664 -0.9952
vn -0.1066 -0.3347 -0.9363
vn -0.1320 -0.3685 -0.9202
vn -0.2010 -0.3626 -0.9100
vn -0.0641 -0.9968 0.0486
vn 0.8177 0.5756 -0.0029
vn 0.8251 0.5642 0.0284
vn 0.8225 0.5685 0.0170
vn -0.2095 -0.1549 -0.9655
vn -0.2189 -0.1591 -0.9627
vn -0.1973 -0.1495 -0.9689
vn 0.0168 0.4717 -0.8816
vn 0.0357 0.8590 0.5107
vn 0.0374 0.8558 0.5159
vn 0.0362 0.8340 0.5506
vn -0.3523 -0.2018 -0.9139
vn 0.0073 -0.0073 -0.9999
vn -0.0627 -0.0778 -0.9950
vn -0.0636 -0.0787 -0.9949
vn -0.1324 -0.1479 -0.9801
vn -0.0838 -0.1956 -0.9771
vn -0.2090 -0.3328 -0.9195
vn -0.4384 -0.6369 -0.6342
vn -0.0106 0.6306 0.7761
vn 0.1439 0.1545 -0.9775
vn -0.3373 -0.3415 -0.8773
vn 0.8148 0.5796 -0.0143
vn 0.5680 -0.3782 -0.7309
vn 0.6992 -0.0534 -0.7129
vn -0.0007 -0.0260 -0.9997
vn 0.0335 0.9015 -0.4314
vn 0.0518 0.9871 0.1512
vn 0.0394 0.9921 0.1191
vn 0.6351 0.5216 -0.5697
vn 0.6144 0.4220 -0.6667
vn 0.6255 0.4902 -0.6070
vn 0.6255 -0.3130 -0.7147
vn 0.0673 -0.9817 0.1780
vn -0.0061 -0.7738 0.6334
vn -0.0134 -0.8034 -0.5953
vn 0.0131 0.8199 0.5724
vn -0.4216 -0.1427 -0.8955
vn 0.9798 0.1978 0.0292
vn 0.9807 0.1701 -0.0965
vn 0.9664 0.2335 -0.1077
vn 0.9686 0.1668 -0.1844
vn 0.0047 0.5007 -0.8656
vn 0.2238 -0.0628 -0.9726
vn 0.2933 -0.0693 -0.9535
vn 0.2624 -0.0664 -0.9627
vn -0.1814 -0.1424 -0.9730
vn 0.7285 0.3240 -0.6036
vn 0.1231 0.3520 -0.9279
vn 0.4136 0.2524 -0.8747
vn 0.5458 0.3231 -0.7731
vn 0.5123 0.3053 -0.8027
vn 0.9557 0.2538 0.1491
vn 0.0358 0.9007 -0.4331
vn 0.1371 0.1638 -0.9769
vn 0.0477 0.5618 -0.8259
vn -0.5766 -0.7092 0.4057
vn 0.6791 0.1118 -0.7255
vn 0.7739 0.1201 -0.6218
vn 0.6575 0.1098 -0.7454
vn 0.4068 0.2487 -0.8790
vn 0.7901 0.1214 -0.6008
vn -0.0737 -0.6687 0.7399
vn -0.8348 -0.2976 -0.4632
vn 0.1959 -0.0601 -0.9788
vn 0.0428 0.6128 0.7891
vn 0.0323 0.6282 0.7773
vn 0.0334 0.6241 0.7806
vn 0.2357 -0.0445 -0.9708
vn 0.2646 -0.1501 -0.9526
vn 0.2309 -0.0656 -0.9708
vn -0.0820 -0.6546 0.7515
vn -0.0031 0.0394 -0.9992
vn 0.0027 0.8145 0.5802
vn 0.9155 0.2305 -0.3296
vn 0.0060 -0.9362 0.3514
vn 0.0461 0.6087 0.7921
vn -0.1920 -0.1439 -0.9708
vn -0.2045 -0.1483 -0.9676
vn 0.0142 -0.9776 -0.2101
vn 0.0137 -0.9778 -0.2090
vn 0.0117 -0.9796 -0.2008
vn 0.0037 -0.4124 -0.9110
vn 0.0299 0.6122 0.7902
vn -0.5015 -0.1793 -0.8464
vn -0.4992 -0.1775 -0.8481
vn -0.5009 -0.1788 -0.8469
vn 0.0186 0.9543 0.2982
vn 0.1720 0.0118 -0.9850
vn 0.0084 0.0718 -0.9974
vn 0.0127 0.5363 -0.8440
vn 0.5915 0.4094 -0.6946
vn 0.0046 -0.7814 -0.6240
vn 0.0067 -0.4095 -0.9123
vn -0.4983 -0.1767 -0.8488
vn 0.0067 -0.9279 0.3728
vn -0.0025 -0.8541 0.5201
vn 0.1437 0.0156 -0.9895
vn 0.0282 -0.6480 0.7612
vn 0.0315 0.5555 0.8309
vn -0.0518 -0.8796 0.4729
vn -0.0482 -0.8650 0.4995
vn -0.0486 -0.8664 0.4969
vn 0.6818 0.3066 -0.6642
vn 0.6832 0.2589 -0.6828
vn 0.6619 0.3578 -0.6586
vn 0.0325 0.9358 0.3510
vn 0.0209 0.9151 0.4026
vn -0.0524 -0.8817 0.4690
vn 0.0138 0.8511 -0.5249
vn 0.0296 0.4334 -0.9007
vn 0.0213 0.0662 0.9976
vn 0.0560 0.0414 0.9976
vn 0.0384 0.0563 0.9977
vn 0.0032 0.0661 0.9978
vn 0.0364 0.9769 -0.2108
vn 0.0357 0.9763 -0.2133
vn 0.0261 0.9723 -0.2321
vn 0.0194 0.8231 -0.5676
vn 0.0105 0.9214 0.3884
vn 0.0061 0.0457 0.9989
vn 0.0481 -0.5424 0.8387
vn 0.0721 -0.5415 0.8376
vn 0.1032 -0.5280 0.8429
vn 0.0110 -0.7568 -0.6535
vn 0.0060 -0.5083 0.8612
vn 0.0117 0.5328 0.8462
vn 0.0028 -0.7481 -0.6636
vn 0.0053 0.9849 -0.1732
vn 0.0063 -0.3360 -0.9418
vn 0.0147 -0.9847 -0.1739
vn -0.0043 0.0394 -0.9992
vn 0.0013 -0.2026 0.9793
vn 0.0056 -0.9891 -0.1474
vn 0.0027 0.3418 -0.9398
vn 0.0108 -0.4330 0.9013
vn 0.0178 -0.8964 0.4429
vn 0.0002 -0.3097 -0.9508
vn 0.0004 -0.7457 -0.6662
vn 0.0040 0.4870 0.8734
vn 0.0048 -0.3276 -0.9448
vn 0.0047 0.9725 -0.2329
vn -0.0362 -0.1480 0.9883
vn -0.0130 0.9333 0.3590
vn 0.0122 -0.9749 -0.2221
vn -0.0075 -0.5370 -0.8435
vn -0.0002 0.7284 -0.6851
vn -0.0198 0.9483 -0.3168
vn -0.0085 -0.8920 -0.4520
vn -0.0147 0.4444 0.8957
vn 0.0049 -0.8772 0.4801
vn -0.0006 0.9413 0.3377
vn -0.0065 0.3824 -0.9240
vn -0.0207 0.7792 -0.6264
vn -0.0023 -0.2339 0.9723
vn -0.0055 -0.9998 -0.0189
vn -0.0383 0.5139 0.8570
vn 0.0033 -0.8668 0.4986
vn -0.0200 0.9507 0.3093
vn -0.0211 -0.2003 0.9795
vn -0.0079 -0.8494 0.5276
vn -0.0212 0.9919 0.1249
vn -0.0135 -0.5295 -0.8482
vn 0.0009 -0.1080 -0.9941
vn -0.0096 0.9206 -0.3905
vn -0.0106 0.9100 0.4145
vn -0.0042 -0.0913 -0.9958
vn -0.0018 0.4446 -0.8957
vn -0.0091 -0.8764 -0.4816
vn -0.0165 -0.9963 -0.0849
vn -0.0281 0.5254 -0.8504
vn -0.0226 0.7840 -0.6203
vn -0.0097 -0.9945 -0.1046
vn -0.0449 0.5062 0.8612
vn -0.0079 -0.8442 0.5360
vn -0.0049 -0.4882 -0.8727
vn -0.0266 0.5278 -0.8490
vn 0.0204 0.5292 -0.8482
vn 0.4484 -0.2413 -0.8607
vn 0.3316 -0.2318 -0.9145
vn 0.4350 -0.2434 -0.8669
vn -0.2278 0.6715 -0.7051
vn -0.6826 0.5475 -0.4840
vn 0.7017 0.0813 -0.7078
vn 0.0545 0.2597 -0.9642
vn 0.0771 0.2671 -0.9606
vn -0.0053 0.1743 -0.9847
vn -0.1655 -0.8848 -0.4357
vn -0.2325 -0.8371 -0.4952
vn -0.2950 -0.7996 -0.5231
vn 0.6071 -0.7944 0.0170
vn -0.3242 0.3165 0.8915
vn -0.1579 0.5525 0.8184
vn -0.1565 0.5761 0.8022
vn -0.1573 0.5622 0.8119
vn 0.1155 -0.7914 0.6003
vn -0.1042 0.2982 0.9488
vn -0.0619 0.3371 0.9394
vn 0.0062 0.3969 0.9178
vn 0.5838 -0.0250 0.8115
vn 0.5707 -0.0284 0.8206
vn 0.5726 -0.0279 0.8193
vn 0.5753 -0.2847 -0.7668
vn 0.5802 -0.2972 -0.7583
vn 0.5785 -0.2929 -0.7613
vn -0.6250 0.3227 -0.7108
vn -0.6569 0.2624 -0.7068
vn -0.6436 0.4052 -0.6493
vn -0.7278 0.4017 -0.5559
vn 0.3890 0.2950 -0.8727
vn -0.0847 0.5090 -0.8566
vn 0.8473 0.2513 -0.4680
vn -0.2944 -0.6968 0.6541
vn -0.1023 -0.2202 0.9701
vn -0.0171 0.1662 0.9859
vn 0.1429 0.2297 0.9627
vn -0.1563 0.5793 0.8000
vn 0.0187 -0.4183 0.9081
vn 0.1221 -0.4431 0.8881
vn 0.0536 -0.4272 0.9026
vn -0.7283 -0.6097 -0.3128
vn -0.7275 -0.6102 -0.3138
vn -0.7265 -0.6107 -0.3150
vn -0.7245 -0.6118 -0.3174
vn -0.0403 0.9295 0.3667
vn 0.0034 0.1769 -0.9842
vn 0.3192 -0.2113 -0.9238
vn -0.1645 0.3434 -0.9247
vn -0.1580 0.7320 -0.6628
vn -0.1550 0.7379 -0.6569
vn -0.1566 0.7347 -0.6600
vn -0.1214 0.0846 -0.9890
vn -0.8628 0.2507 -0.4390
vn -0.0331 0.0848 0.9959
vn -0.0403 0.9908 0.1295
vn -0.0349 0.5512 0.8336
vn -0.1602 0.3750 -0.9131
vn 0.6878 0.0639 -0.7230
vn -0.0020 0.1576 -0.9875
vn -0.0188 0.2163 -0.9761
vn 0.6725 -0.3099 0.6721
vn -0.4332 0.4949 0.7533
vn -0.2068 -0.2293 0.9511
vn -0.0529 0.0430 0.9977
vn -0.0671 0.0387 0.9970
vn -0.1291 0.0197 0.9914
vn -0.4353 0.0471 0.8990
vn 0.8274 -0.3847 -0.4093
vn -0.5232 0.3980 -0.7536
vn -0.4973 0.4259 -0.7559
vn -0.4319 0.4905 -0.7569
vn -0.1150 -0.2691 0.9562
vn -0.1355 0.2686 0.9537
vn 0.4540 -0.5526 0.6989
vn -0.0173 -0.8630 -0.5049
vn 0.6394 -0.1636 -0.7512
vn 0.6107 -0.1665 -0.7741
vn -0.0499 -0.3992 0.9155
vn -0.1277 0.2244 0.9661
vn -0.2157 0.2048 0.9547
vn -0.0590 0.2193 0.9739
vn -0.2767 0.4575 0.8451
vn 0.4264 0.0120 0.9045
vn -0.0400 -0.3558 0.9337
vn -0.0941 -0.3197 0.9428
vn -0.0500 -0.3493 0.9357
vn 0.7570 -0.6501 0.0658
vn 0.7692 -0.6389 0.0138
vn 0.7901 -0.6011 -0.1202
vn -0.0172 0.9197 -0.3921
vn 0.0129 0.7800 0.6257
vn -0.0358 0.2190 -0.9751
vn -0.0287 0.2073 -0.9779
vn 0.7687 -0.3775 -0.5164
vn 0.7344 -0.4232 -0.5306
vn 0.7336 -0.4242 -0.5309
vn -0.1331 -0.9167 -0.3767
vn -0.1097 -0.9029 -0.4156
vn -0.4179 -0.9030 -0.0999
vn -0.4036 -0.8599 0.3125
vn -0.1479 0.0139 0.9889
vn 0.5856 -0.0246 0.8103
vn -0.6356 0.2148 -0.7415
vn -0.6396 0.2140 -0.7384
vn -0.0153 -0.3533 0.9354
vn -0.0097 -0.8411 0.5408
vn 0.2394 0.5466 -0.8025
vn -0.0894 0.5076 -0.8570
vn -0.1588 0.7303 -0.6644
vn -0.1766 -0.3403 -0.9236
vn -0.1577 -0.5246 0.8366
vn -0.1522 -0.5395 0.8281
vn -0.1142 -0.6342 0.7647
vn 0.0382 0.5214 0.8525
vn -0.2447 0.1027 0.9642
vn 0.3780 -0.3689 0.8492
vn 0.4053 -0.2879 0.8677
vn 0.3969 -0.3140 0.8625
vn 0.0138 -0.0035 0.9999
vn 0.5755 -0.0223 0.8175
vn -0.0057 -0.0153 -0.9999
vn 0.0038 0.0040 -1.0000
vn -0.0418 0.9308 -0.3632
vn -0.2284 -0.2906 -0.9292
vn -0.3798 -0.5083 -0.7729
vn -0.0000 -0.1643 -0.9864
vn 0.0984 -0.0833 -0.9917
vn 0.0319 0.0682 -0.9972
vn 0.0190 0.0973 -0.9951
vn -0.0447 0.2383 -0.9702
vn -0.0539 0.2584 -0.9645
vn 0.0607 -0.0451 -0.9971
vn -0.4728 0.4464 -0.7597
vn -0.1520 0.3204 -0.9350
vn 0.6981 -0.4668 -0.5429
vn -0.8686 -0.1424 0.4747
vn 0.2390 -0.7114 -0.6609
vn -0.9777 -0.0925 -0.1886
vn -0.0341 0.5546 0.8314
vn -0.2780 0.1349 -0.9511
vn 0.0149 0.1636 -0.9864
vn 0.2265 -0.3447 -0.9110
vn -0.1746 0.5749 -0.7994
vn 0.1578 -0.8716 -0.4642
vn -0.3168 -0.5403 -0.7796
vn -0.3171 -0.5391 -0.7803
vn -0.2886 -0.6301 -0.7209
vn 0.8585 0.3683 0.3568
vn 0.7942 -0.2693 0.5447
vn 0.0047 -0.3845 0.9231
vn 0.7799 -0.1009 0.6177
vn 0.6622 -0.5619 0.4957
vn -0.5246 -0.3049 -0.7949
vn 0.5857 -0.2140 -0.7817
vn -0.4656 0.4877 -0.7385
vn 0.8942 -0.0000 -0.4477
vn 0.8374 -0.1154 -0.5342
vn 0.8099 -0.1597 -0.5645
vn 0.8040 -0.1684 -0.5703
vn -0.0440 0.1216 0.9916
vn -0.0021 -0.7808 -0.6248
vn -0.0035 -0.4876 -0.8731
vn 0.0864 -0.0000 -0.9963
vn 0.8527 -0.5016 -0.1459
vn 0.8527 -0.5023 -0.1436
vn 0.8524 -0.5046 -0.1371
vn -0.3209 -0.5254 -0.7881
vn 0.9017 -0.2230 -0.3703
vn -0.6812 0.1631 -0.7137
vn -0.1652 -0.0000 -0.9863
vn 0.7596 -0.2512 -0.5999
vn 0.9435 -0.3054 -0.1284
vn -0.8255 0.3238 -0.4623
vn -0.8356 0.3281 -0.4406
vn -0.8860 0.2943 -0.3582
vn -0.8764 0.2660 -0.4014
vn -0.8926 0.2683 -0.3622
vn -0.7526 -0.0000 -0.6585
vn 0.8186 -0.3152 0.4802
vn -0.8220 0.3224 0.4694
vn 0.0965 -0.8995 -0.4262
vn -0.5952 0.3123 -0.7404
vn -0.0449 0.1891 0.9809
vn -0.0560 0.1280 0.9902
vn 0.0059 0.0152 0.9999
vn -0.0470 0.1381 0.9893
vn -0.0452 0.1225 0.9914
vn 0.0053 0.0819 0.9966
vn 0.0205 0.0645 0.9977
vn 0.7934 -0.5868 -0.1616
vn -0.0142 -0.3465 0.9379
vn 0.0187 0.7964 0.6045
vn 0.3300 -0.0596 -0.9421
vn 0.1144 0.8954 -0.4304
vn -0.8278 0.3227 -0.4588
vn -0.7148 0.3461 -0.6077
vn -0.7657 0.3670 -0.5282
vn -0.7534 0.3443 -0.5603
vn -0.7768 0.4391 -0.4514
vn -0.7775 0.4677 -0.4204
vn -0.2230 0.5950 -0.7722
vn 0.0954 0.0865 -0.9917
vn 0.1758 -0.5737 -0.8000
vn -0.4208 -0.7571 0.4997
vn 0.0391 -0.2244 0.9737
vn 0.1070 -0.2236 0.9688
vn 0.1213 -0.2288 0.9659
vn 0.4209 -0.2359 0.8759
vn 0.1141 0.0587 0.9917
vn -0.6242 0.0363 -0.7804
vn -0.6575 0.0631 -0.7508
vn -0.6976 0.0975 -0.7098
vn -0.0044 -0.9983 -0.0583
vn 0.0029 -0.4620 -0.8869
vn -0.0496 0.9341 -0.3536
vn -0.0067 0.9957 0.0928
vn -0.0196 0.9955 0.0928
vn -0.0197 0.9953 0.0952
vn -0.5656 0.5050 -0.6520
vn 0.4246 0.0540 -0.9038
vn -0.0250 0.0481 -0.9985
vn -0.1014 -0.6632 0.7415
vn -0.1434 -0.2961 0.9443
vn 0.1493 -0.1083 0.9828
vn 0.2034 -0.1359 0.9696
vn 0.1596 -0.1135 0.9806
vn -0.4152 0.0548 0.9081
vn -0.4514 -0.1057 0.8860
vn -0.4251 -0.0238 0.9048
vn 0.7570 0.3014 0.5798
vn 0.7104 0.2609 0.6536
vn 0.6582 0.2187 0.7204
vn 0.6202 -0.5576 -0.5517
vn -0.7259 0.1232 -0.6766
vn 0.0761 -0.0324 -0.9966
vn 0.0852 -0.7606 0.6436
vn 0.8129 -0.4969 0.3037
vn 0.1474 -0.1073 0.9832
vn -0.0500 0.1026 0.9935
vn -0.1259 -0.3448 -0.9302
vn 0.7791 -0.2325 -0.5822
vn 0.5737 -0.2806 -0.7696
vn -0.2572 -0.1007 0.9611
vn 0.0442 -0.0613 0.9971
vn 0.1111 -0.2428 0.9637
vn 0.3057 -0.2749 0.9116
vn 0.2860 -0.2680 0.9200
vn 0.3044 -0.2745 0.9121
vn 0.1326 -0.0345 -0.9906
vn -0.0041 -0.4560 -0.8900
vn -0.0204 0.2242 -0.9743
vn -0.0065 0.0046 -1.0000
vn -0.0051 0.0751 -0.9972
vn -0.0649 0.1957 -0.9785
vn -0.0842 0.2399 -0.9671
vn -0.0183 0.1351 -0.9907
vn -0.0426 -0.0569 -0.9975
vn -0.0179 -0.0153 -0.9997
vn -0.0537 -0.0356 -0.9979
vn -0.1020 0.0627 -0.9928
vn -0.4612 -0.1690 0.8710
vn -0.0294 -0.9424 0.3332
vn -0.1200 -0.9667 0.2260
vn -0.0722 -0.9563 0.2834
vn -0.6016 -0.6085 0.5174
vn -0.3603 0.1296 -0.9238
vn 0.8524 -0.5050 -0.1357
vn 0.0002 -0.1905 0.9817
vn -0.0202 -0.2153 0.9763
vn -0.0750 -0.2892 0.9543
vn -0.4857 -0.1897 0.8533
vn -0.1573 -0.9711 0.1796
vn -0.3655 -0.6825 0.6330
vn -0.0010 0.3862 -0.9224
vn -0.5451 0.2379 -0.8039
vn -0.0491 0.2376 -0.9701
vn -0.0686 0.2190 -0.9733
vn 0.0036 -0.6040 0.7970
vn 0.0399 -0.6334 0.7728
vn 0.0129 -0.6117 0.7910
vn 0.6446 0.2080 0.7357
vn 0.3314 -0.2839 0.8998
vn 0.6583 -0.7502 0.0618
vn 0.6396 -0.7612 0.1068
vn 0.6531 -0.7536 0.0748
vn 0.5772 -0.3569 -0.7345
vn 0.0773 0.7618 0.6432
vn -0.0226 0.6932 0.7204
vn 0.0858 -0.9083 -0.4094
vn -0.1501 0.2267 -0.9623
vn 0.4259 -0.7604 0.4903
vn -0.1176 -0.9515 0.2843
vn 0.0024 -0.0537 -0.9986
vn -0.0091 0.1718 -0.9851
vn -0.1300 -0.0808 -0.9882
vn 0.1155 -0.4102 0.9046
vn 0.7649 -0.6353 -0.1061
vn 0.1397 0.0171 0.9900
vn 0.0945 0.0878 0.9916
vn 0.2333 0.0618 0.9704
vn -0.1509 -0.1068 0.9828
vn -0.1867 -0.9772 -0.1007
vn -0.7186 -0.6841 -0.1246
vn -0.0021 -0.9987 -0.0514
vn 0.0014 -0.7798 -0.6260
vn 0.0116 0.1601 -0.9870
vn 0.4225 -0.5848 -0.6925
vn 0.8863 0.1592 0.4350
vn 0.0121 -0.9998 0.0140
vn 0.1174 -0.9892 0.0878
vn 0.0368 -0.9988 0.0313
vn 0.2052 -0.3568 -0.9114
vn 0.1439 -0.2905 -0.9460
vn 0.1057 -0.1985 -0.9744
vn 0.1523 -0.2732 -0.9498
vn 0.9072 0.2994 -0.2955
vn -0.0829 -0.9952 -0.0527
vn -0.0225 -0.5820 0.8129
vn -0.6308 -0.7586 0.1634
vn -0.0132 -0.6159 -0.7877
vn 0.0248 -0.6395 -0.7684
vn -0.0198 -0.6117 -0.7908
vn 0.5794 -0.7690 0.2702
vn 0.5566 -0.7769 0.2941
vn 0.5369 -0.7830 0.3142
vn -0.0519 -0.5904 -0.8054
vn 0.3234 -0.7256 -0.6074
vn 0.6706 -0.7407 -0.0408
vn 0.6897 -0.7240 -0.0115
vn 0.6643 -0.7458 -0.0502
vn 0.5170 -0.7883 0.3337
vn 0.5748 -0.7353 -0.3591
vn -0.1803 -0.9835 0.0176
vn -0.1878 -0.9822 0.0019
vn -0.1675 -0.9849 0.0440
vn -0.1556 -0.9855 0.0683
vn 0.0103 -0.9526 0.3041
vn -0.4118 -0.7730 0.4826
vn -0.4483 -0.6537 0.6097
vn -0.4715 -0.6424 0.6041
vn -0.4279 -0.5596 0.7098
vn -0.4643 -0.5976 0.6537
vn 0.6366 -0.7660 -0.0894
vn 0.7436 0.1788 0.6443
vn -0.5467 -0.6367 -0.5438
vn -0.4884 -0.6977 -0.5241
vn -0.4736 -0.7118 -0.5187
vn 0.1810 -0.1941 0.9642
vn 0.9802 0.0024 -0.1978
vn 0.9756 -0.0110 -0.2193
vn 0.9865 0.0247 -0.1618
vn 0.9302 -0.3232 0.1741
vn -0.3900 -0.7825 -0.4854
vn 0.9880 0.0311 -0.1513
vn -0.0826 -0.4691 0.8793
vn -0.2518 0.1863 0.9497
vn -0.9792 0.0360 -0.1999
vn 0.1169 0.0666 0.9909
vn -0.9840 0.1730 0.0431
vn -0.8837 0.1238 -0.4514
vn -0.0071 -1.0000 -0.0057
vn 0.0201 -0.9992 -0.0350
vn -0.0860 -0.9931 0.0794
vn -0.5997 0.1522 0.7856
vn -0.0840 0.1397 -0.9866
vn -0.0747 0.1409 -0.9872
vn -0.1142 0.1356 -0.9842
vn 0.0903 -0.9898 -0.1106
vn 0.4625 -0.0099 -0.8866
vn 0.0067 -0.4518 -0.8921
vn -0.1333 0.1329 -0.9821
vn 0.1492 0.2930 0.9444
vn 0.1934 -0.9737 0.1207
vn 0.2070 -0.9735 0.0971
vn 0.2160 -0.9730 0.0813
vn 0.2626 -0.5186 0.8137
vn 0.9907 0.1331 -0.0285
vn 0.9745 0.2184 -0.0511
vn 0.9897 0.1420 -0.0161
vn 0.2304 -0.9715 0.0555
vn 0.9954 0.0932 -0.0235
vn 0.1736 0.9842 -0.0362
vn 0.2136 0.9768 0.0161
vn 0.1816 0.9830 -0.0258
vn -0.3901 -0.2179 -0.8946
vn 0.1524 -0.5056 -0.8492
vn 0.0336 -0.4532 -0.8908
vn 0.0813 -0.4752 -0.8761
vn 0.0561 -0.0390 0.9977
vn 0.0588 0.0011 0.9983
vn -0.0011 -0.0038 1.0000
vn 0.2945 0.5668 -0.7694
vn 0.2009 -0.2301 -0.9522
vn -0.1266 0.0097 0.9919
vn -0.0210 0.0132 0.9997
vn 0.1487 0.9865 -0.0681
vn -0.0420 -0.9870 0.1552
vn -0.9821 -0.0302 -0.1861
vn -0.8376 -0.5381 0.0941
vn -0.4028 -0.4738 -0.7831
vn 0.0728 -0.0820 -0.9940
vn 0.9965 0.0727 -0.0416
vn -0.7565 -0.5096 0.4099
vn 0.0678 0.0266 0.9973
vn -0.0513 0.3285 0.9431
vn 0.1943 0.0002 0.9809
vn 0.6668 -0.7442 0.0400
vn -0.0180 0.7847 -0.6196
vn -0.0061 0.7816 -0.6237
vn -0.0270 0.7918 -0.6102
vn 0.5144 -0.3469 -0.7842
vn -0.0556 -0.9983 -0.0193
vn -0.5933 0.3463 -0.7267
vn -0.5076 0.4202 -0.7522
vn -0.5278 0.4014 -0.7485
vn -0.4261 0.4751 -0.7699
vn 0.0228 0.0069 -0.9997
vn -0.5276 -0.7785 -0.3401
vn 0.0111 -0.8478 0.5302
vn -0.0112 -0.8264 0.5630
vn -0.0010 -0.0515 -0.9987
vn -0.1939 0.2443 -0.9501
vn 0.9921 -0.0755 0.1001
vn 0.0958 0.0065 0.9954
vn 0.1054 -0.8403 -0.5318
vn 0.0011 0.3932 -0.9195
vn -0.0386 0.7671 0.6404
vn 0.7438 0.6614 -0.0968
vn 0.8288 -0.1085 0.5489
vn 0.8305 -0.1032 0.5474
vn 0.8312 -0.1010 0.5467
vn 0.5596 -0.7610 -0.3282
vn -0.1747 0.9737 -0.1461
vn -0.7898 0.6012 0.1213
vn -0.1153 -0.5926 0.7972
vn 0.8328 -0.0960 0.5452
vn 0.8890 -0.4574 0.0230
vn 0.3166 -0.1084 -0.9424
vn -0.0228 0.8532 -0.5211
vn 0.4448 0.8887 0.1116
vn 0.0250 0.0433 -0.9988
vn -0.0016 0.0412 -0.9991
vn 0.0851 0.0226 0.9961
vn 0.0850 0.0198 0.9962
vn -0.2288 -0.5449 0.8067
vn -0.3607 -0.5798 0.7305
vn -0.2903 -0.5627 0.7740
vn 0.5247 0.0912 -0.8464
vn -0.5124 -0.7681 0.3840
vn -0.4277 -0.5927 0.6825
vn 0.7148 0.0158 -0.6991
vn 0.7158 0.0155 -0.6981
vn 0.7177 0.0147 -0.6962
vn -0.0320 -0.0264 -0.9991
vn -0.0260 -0.0318 -0.9992
vn -0.0222 -0.0353 -0.9991
vn 0.0098 -0.8448 0.5351
vn 0.0511 0.0425 -0.9978
vn -0.1561 -0.9703 -0.1850
vn 0.9925 0.0537 0.1096
vn 0.7186 0.0143 -0.6953
vn -0.0168 -0.0401 -0.9991
vn -0.0257 0.8529 -0.5215
vn -0.0463 0.9886 0.1432
vn -0.0265 0.7987 0.6011
vn 0.7378 0.1214 -0.6640
vn 0.6401 0.0895 -0.7631
vn 0.6272 0.0854 -0.7741
vn -0.6143 0.3445 -0.7099
vn -0.0291 -0.4223 -0.9060
vn 0.8480 -0.2754 0.4529
vn -0.0431 0.9881 0.1477
vn 0.7516 0.1262 -0.6475
vn 0.0469 -0.6205 -0.7828
vn -0.0331 0.7973 0.6027
vn 0.1528 -0.4517 -0.8790
vn 0.2534 -0.0383 -0.9666
vn 0.2818 -0.0348 -0.9588
vn -0.6071 -0.6806 0.4103
vn -0.0731 -0.9791 0.1900
vn -0.8064 0.1441 -0.5735
vn -0.6237 0.3457 -0.7011
vn 0.3505 -0.0463 0.9354
vn 0.8799 -0.3202 -0.3510
vn 0.8996 -0.2394 -0.3652
vn 0.9086 -0.1891 -0.3725
vn -0.3564 -0.4493 -0.8192
vn -0.3763 -0.3582 -0.8544
vn -0.3747 -0.3663 -0.8517
vn -0.7138 -0.0858 -0.6951
vn -0.0088 0.3994 -0.9167
vn -0.2953 0.1687 -0.9404
vn -0.3971 0.0315 -0.9173
vn -0.3552 0.0900 -0.9304
vn -0.1215 -0.6508 -0.7494
vn 0.9165 -0.1235 -0.3806
vn 0.5594 -0.4791 -0.6765
vn -0.0108 -0.8147 0.5798
vn -0.0169 0.7433 0.6687
vn -0.0427 0.5755 0.8167
vn 0.3270 -0.0499 -0.9437
vn 0.3201 -0.0546 -0.9458
vn 0.1714 -0.5815 0.7953
vn 0.0907 -0.6206 0.7788
vn 0.1633 -0.5856 0.7940
vn 0.2628 -0.9041 -0.3371
vn 0.2747 -0.8982 -0.3431
vn 0.1643 -0.9440 -0.2859
vn -0.3873 -0.2967 -0.8729
vn -0.4399 -0.0319 -0.8975
vn 0.3669 0.0056 0.9302
vn 0.3494 0.0411 0.9361
vn 0.3531 0.0337 0.9350
vn 0.3377 0.0641 0.9391
vn 0.2413 -0.5429 0.8044
vn 0.2474 -0.3168 -0.9157
vn 0.2530 -0.3343 -0.9079
vn 0.2493 -0.3226 -0.9131
vn 0.9967 -0.0126 -0.0802
vn 0.9975 -0.0084 -0.0697
vn 0.9949 -0.0198 -0.0985
vn -0.4658 -0.8087 -0.3592
vn -0.4229 -0.8118 -0.4027
vn -0.5121 -0.8016 -0.3084
vn -0.7197 -0.5373 -0.4398
vn -0.1205 -0.0760 -0.9898
vn 0.2764 -0.0066 -0.9610
vn 0.9941 -0.0227 -0.1056
vn 0.8677 -0.0769 -0.4912
vn 0.3607 -0.8495 -0.3851
vn -0.3806 -0.8119 -0.4427
vn -0.1729 -0.6393 0.7493
vn 0.2441 -0.3067 -0.9200
vn -0.0198 0.0788 -0.9967
vn -0.0732 0.0342 -0.9967
vn -0.0475 0.0557 -0.9973
vn -0.0860 0.0235 -0.9960
vn -0.0919 -0.9947 0.0454
vn 0.7708 0.0950 0.6300
vn 0.7252 -0.6652 0.1777
vn 0.0066 -0.9925 -0.1225
vn 0.0047 -0.8437 0.5368
vn -0.0490 0.8055 -0.5906
vn 0.3459 -0.0371 -0.9375
vn -0.3781 -0.5364 -0.7545
vn -0.5266 -0.4682 -0.7095
vn -0.4470 -0.5073 -0.7368
vn 0.5557 -0.0137 -0.8313
vn -0.0507 -0.1035 -0.9933
vn 0.0065 -0.0734 -0.9973
vn -0.0291 0.3279 -0.9443
vn 0.2222 0.0296 -0.9745
vn 0.3756 -0.0396 -0.9259
vn 0.3807 -0.0463 -0.9235
vn 0.3317 0.0238 -0.9431
vn 0.9996 -0.0113 -0.0259
vn 0.9999 0.0056 0.0105
vn 0.9997 0.0112 0.0227
vn 0.0159 -0.5007 -0.8654
vn 0.9984 -0.0235 -0.0523
vn -0.2983 -0.5652 -0.7691
vn 0.0117 -0.5843 0.8115
vn -0.0065 -0.5475 0.8368
vn -0.0000 -0.5681 0.8229
vn 0.0368 -0.8616 -0.5063
vn 0.0093 -0.8214 -0.5703
vn -0.3419 -0.7251 -0.5978
vn -0.3436 -0.9021 -0.2611
vn 0.0078 -0.0809 -0.9967
vn -0.0010 -0.8467 0.5321
vn 0.0205 -0.5063 -0.8621
vn -0.0455 0.8031 0.5941
vn 0.0278 -0.5279 0.8488
vn 0.0277 -0.9959 -0.0859
vn -0.0498 0.7731 -0.6323
vn 0.3650 -0.3973 -0.8420
vn 0.0405 -0.5027 0.8635
vn 0.0277 -0.8106 0.5850
vn -0.0327 0.3265 -0.9446
vn -0.0637 0.9934 0.0953
vn 0.3852 0.2092 -0.8988
vn 0.0665 -0.3001 -0.9516
vn 0.3761 0.7634 0.5251
vn -0.0754 0.9934 0.0869
vn 0.0193 -0.8844 0.4664
vn 0.7703 -0.0126 -0.6376
vn 0.7644 -0.0580 -0.6421
vn 0.7709 0.0024 -0.6369
vn 0.7747 0.0262 -0.6318
vn 0.7773 0.0281 -0.6286
vn -0.0483 0.6259 0.7784
vn -0.0530 0.5965 0.8009
vn -0.0395 0.7351 0.6768
vn -0.0865 0.8014 0.5918
vn 0.0469 -0.9914 -0.1222
vn -0.0697 0.7503 -0.6574
vn 0.0462 -0.8499 0.5249
vn 0.0372 -0.5525 0.8326
vn -0.0244 0.2587 -0.9656
vn -0.9827 -0.1719 0.0691
vn 0.6415 -0.0139 -0.7670
vn 0.6321 -0.0151 -0.7747
vn -0.1557 -0.5978 0.7864
vn -0.2402 0.1946 0.9510
vn 0.6543 -0.7260 0.2118
vn -0.4371 0.8567 -0.2739
vn -0.1725 0.5725 -0.8016
vn -0.0119 -0.0054 0.9999
vn 0.0205 -0.1616 0.9866
vn 0.0243 -0.1768 0.9839
vn 0.0817 -0.9960 0.0366
vn -0.0765 0.7208 -0.6889
vn -0.8053 0.3735 -0.4603
vn -0.8894 0.4405 -0.1220
vn -0.1182 0.9916 -0.0533
vn -0.1809 0.9537 -0.2401
vn 0.0971 -0.8652 -0.4919
vn 0.0011 -0.9953 -0.0966
vn -0.5951 0.7042 0.3874
vn -0.0157 0.0138 0.9998
vn -0.0371 0.2363 -0.9710
vn -0.1198 0.9740 0.1922
vn -0.4395 0.4088 -0.7998
vn 0.0493 0.1726 -0.9838
vn -0.0378 0.3791 -0.9246
vn 0.1280 0.3059 -0.9434
vn -0.9973 0.0648 -0.0341
vn -0.0231 -0.2146 0.9764
vn -0.0373 -0.1758 0.9837
vn -0.6149 -0.0869 0.7838
vn -0.5757 0.0058 0.8177
vn -0.6089 -0.0718 0.7900
vn -0.0583 0.6371 0.7685
vn 0.0178 -0.1657 -0.9860
vn -0.1611 0.9512 -0.2632
vn -0.2677 0.9338 -0.2373
vn 0.7809 0.1420 -0.6083
vn -0.7112 0.6195 -0.3323
vn -0.5019 0.8295 -0.2450
vn -0.0871 0.8233 0.5609
vn -0.0054 0.2851 0.9585
vn 0.0020 0.2926 0.9562
vn -0.0259 0.2419 0.9700
vn 0.0785 -0.8700 -0.4867
vn 0.0547 -0.8995 -0.4336
vn -0.1240 0.0008 0.9923
vn 0.1837 -0.0336 0.9824
vn -0.0176 0.0206 0.9996
vn 0.2350 0.1240 -0.9640
vn 0.1058 -0.4056 0.9079
vn -0.6355 -0.1436 0.7586
vn 0.0106 -0.1732 -0.9848
vn 0.4516 0.2304 -0.8620
vn 0.3450 0.1106 -0.9321
vn -0.7364 0.1090 0.6677
vn -0.3803 -0.4245 0.8217
vn 0.0509 -0.8475 0.5284
vn 0.0276 -0.5602 -0.8279
vn -0.7891 0.0322 -0.6135
vn -0.1036 0.0266 0.9943
vn -0.4933 0.3919 -0.7766
vn -0.4774 -0.6031 0.6390
vn -0.5279 -0.3648 0.7670
vn -0.8844 -0.2732 0.3785
vn -0.1323 0.6510 -0.7475
vn -0.1562 0.6504 -0.7434
vn -0.4490 -0.8850 -0.1230
vn -0.4692 -0.8790 -0.0848
vn -0.5394 -0.8420 -0.0098
vn 0.5158 -0.7846 0.3440
vn -0.0433 0.6210 0.7826
vn 0.0370 -0.5929 0.8044
vn -0.1751 0.7116 -0.6804
vn -0.1724 0.7351 -0.6557
vn -0.2235 0.0046 0.9747
vn 0.4699 -0.7837 0.4062
vn -0.9909 -0.1018 -0.0877
vn -0.9559 0.2453 -0.1615
vn 0.0081 -0.2420 0.9702
vn -0.5721 -0.8200 -0.0181
vn -0.3269 -0.7878 0.5221
vn -0.4235 -0.6886 0.5887
vn -0.3710 -0.7457 0.5534
vn -0.5564 0.4573 -0.6938
vn 0.0406 -0.5809 -0.8130
vn 0.5303 -0.8345 -0.1498
vn 0.5696 -0.8156 -0.1021
vn 0.4007 -0.8945 -0.1981
vn 0.0086 -0.7765 0.6300
vn -0.6963 0.5405 -0.4723
vn 0.0991 -0.9951 -0.0042
vn -0.0471 0.2910 -0.9556
vn -0.3175 0.0275 -0.9479
vn -0.3218 0.0270 -0.9464
vn 0.3566 -0.9065 -0.2262
vn -0.7125 0.0590 0.6992
vn 0.1697 -0.9279 0.3320
vn -0.0274 0.3166 0.9482
vn -0.0163 0.1906 0.9815
vn 0.0595 -0.6303 0.7741
vn -0.0824 0.3344 -0.9388
vn -0.6858 -0.6989 0.2031
vn -0.8264 -0.4251 -0.3692
vn -0.8635 0.0585 -0.5009
vn -0.2670 -0.8371 0.4775
vn -0.9917 0.0751 0.1044
vn -0.7005 0.0617 0.7110
vn -0.9888 0.0789 0.1264
vn -0.5992 -0.7988 -0.0536
vn 0.4985 -0.6517 -0.5717
vn 0.0001 0.0230 0.9997
vn 0.0510 -0.8477 0.5280
vn -0.0924 0.3449 -0.9341
vn 0.2565 -0.9400 -0.2249
vn 0.1535 -0.9880 0.0194
vn -0.5919 -0.7042 -0.3922
vn -0.5962 -0.6924 -0.4062
vn -0.5951 -0.6955 -0.4026
vn 0.0302 -0.1618 -0.9864
vn 0.0189 -0.1951 -0.9806
vn 0.0211 -0.1892 -0.9817
vn -0.2798 -0.9271 -0.2493
vn -0.2484 -0.9551 -0.1617
vn -0.2918 -0.9133 -0.2841
vn -0.5993 -0.6837 -0.4165
vn 0.0132 0.0895 -0.9959
vn -0.8837 0.0688 -0.4630
vn -0.5637 -0.5859 0.5822
vn 0.0034 -0.2495 0.9684
vn -0.3117 -0.8857 -0.3441
vn 0.0360 -0.4834 -0.8747
vn 0.0060 -0.5177 -0.8555
vn 0.0076 -0.5001 -0.8659
vn 0.0071 -0.5049 -0.8632
vn -0.4160 -0.4875 -0.7677
vn 0.0031 -0.2492 0.9685
vn 0.0551 -0.8170 -0.5739
vn 0.0373 -0.4744 -0.8795
vn 0.0322 -0.1574 -0.9870
vn 0.0490 -0.7440 0.6664
vn 0.0490 -0.7443 0.6660
vn 0.0483 -0.7422 0.6684
vn 0.0907 -0.8579 -0.5058
vn -0.0000 -0.4661 0.8847
vn 0.0204 -0.6668 -0.7450
vn 0.0380 -0.9374 0.3461
vn 0.0604 -0.9717 0.2284
vn 0.0334 -0.9288 0.3692
vn 0.0722 -0.8472 0.5263
vn 0.0598 -0.7943 0.6046
vn 0.1355 -0.9189 -0.3704
vn 0.1310 -0.9891 0.0673
vn 0.0431 -0.6400 0.7672
vn 0.0473 -0.8033 -0.5937
vn 0.0653 -0.9773 0.2013
vn 0.0656 -0.7742 0.6296
vn -0.0000 -0.6501 0.7599
vn 0.3129 -0.9333 -0.1761
vn 0.1619 -0.9247 0.3447
vn 0.0052 -0.5267 -0.8500
vn 0.0230 -0.6336 0.7733
vn 0.1028 -0.9945 -0.0176
vn -0.1426 0.0009 -0.9898
vn -0.1669 -0.0173 -0.9858
vn -0.0842 0.0277 -0.9961
vn -0.0229 -0.9816 -0.1895
vn -0.0081 -0.6202 0.7844
vn -0.8113 -0.4388 -0.3863
vn 0.0999 -0.0072 -0.9950
vn 0.5157 0.0630 -0.8545
vn -0.9720 0.0981 0.2135
vn -0.8406 0.0642 -0.5379
vn -0.2278 0.0554 0.9721
vn -0.9762 0.0421 -0.2126
vn -0.9767 0.0333 -0.2122
vn -0.9675 0.0639 -0.2448
vn -0.4470 0.0162 -0.8944
vn -0.4290 0.0306 -0.9028
vn -0.4436 0.0277 -0.8958
vn 0.5396 -0.0124 0.8418
vn 0.1472 0.0016 -0.9891
vn 0.9910 -0.0589 -0.1202
vn 0.9996 -0.0275 -0.0034
vn 0.9995 -0.0228 0.0198
vn -0.8133 0.0314 0.5810
vn -0.8043 0.0440 0.5926
vn -0.8184 0.0196 0.5743
vn 0.0504 -0.0039 0.9987
vn 0.0494 -0.0202 0.9986
vn 0.0377 -0.0042 0.9993
vn 0.7245 -0.0470 -0.6876
vn 0.7201 -0.0528 -0.6919
vn 0.7325 -0.0356 -0.6798
vn 0.7200 -0.0528 -0.6919
vn 0.9949 -0.0844 0.0543
vn 0.7452 -0.0532 0.6648
vn 0.7498 -0.0683 0.6581
vn 0.7395 -0.0357 0.6722
vn -0.2625 0.0074 -0.9649
vn -0.1826 0.0189 -0.9830
vn -0.7261 0.0323 -0.6868
vn -0.7250 0.0312 -0.6880
vn -0.7172 0.0286 -0.6962
vn 0.7344 -0.0207 0.6784
vn -0.7669 0.0300 0.6411
vn -0.1364 -0.0010 0.9907
vn -0.1189 0.0041 0.9929
vn -0.9917 0.0689 -0.1089
vn -0.9972 0.0514 -0.0551
vn -0.7673 0.0201 0.6410
vn 0.1550 0.0065 -0.9879
vn 0.9929 -0.0509 0.1075
vn 0.7368 -0.0294 -0.6755
vn -0.9638 0.0461 -0.2626
vn 0.9397 -0.0621 -0.3364
vn 0.9378 -0.0639 -0.3411
vn 0.9491 -0.0490 -0.3111
vn 0.4866 -0.0571 0.8718
vn 0.4470 -0.0195 0.8943
vn 0.4771 -0.0417 0.8779
vn -0.6213 0.0390 -0.7826
vn 0.5223 -0.0436 -0.8517
vn 0.5247 -0.0277 -0.8509
vn 0.5246 -0.0305 -0.8508
vn 0.9917 -0.0349 0.1236
vn -0.1325 0.0139 0.9911
vn -0.1117 0.0001 -0.9937
vn -0.7714 0.0110 0.6363
vn -0.9549 0.0518 -0.2923
vn -0.6279 0.0397 -0.7773
vn -0.9036 0.0793 0.4209
vn -0.9080 0.0741 0.4123
vn -0.9217 0.0536 0.3841
vn 0.2465 -0.0214 0.9689
vn -0.4216 0.0073 0.9068
vn -0.4149 0.0151 0.9097
vn -0.4024 0.0280 0.9150
vn 0.9185 -0.0407 0.3934
vn 0.9128 -0.0624 0.4037
vn 0.9157 -0.0515 0.3985
vn 0.1672 0.0055 0.9859
vn -0.6387 0.0241 -0.7690
vn -0.7986 0.0310 -0.6011
vn -0.9950 0.0432 -0.0904
vn -0.0580 0.0086 -0.9983
vn 0.5201 -0.0111 -0.8541
vn 0.5197 -0.0106 -0.8543
vn 0.9282 -0.0275 -0.3712
vn -0.9957 0.0448 -0.0812
vn 0.0033 -0.0127 0.9999
vn -0.4106 0.0190 -0.9116
vn -0.8702 0.0328 0.4916
vn 0.9211 -0.0301 0.3882
vn -0.3610 0.0271 0.9322
vn -0.8710 0.0331 0.4901
vn 0.0645 0.0062 -0.9979
vn 0.0804 -0.0028 -0.9968
vn 0.9985 -0.0503 -0.0230
vn 0.9992 -0.0327 -0.0239
vn 0.9992 -0.0311 -0.0240
vn 0.7814 -0.0116 0.6240
vn 0.7179 -0.0518 0.6942
vn 0.7231 -0.0460 0.6892
vn 0.9257 -0.0255 -0.3774
vn 0.5200 -0.0080 -0.8541
vn -0.8559 0.0407 0.5156
vn -0.2576 0.0025 -0.9663
vn 0.7932 -0.0505 -0.6069
vn 0.7891 -0.0459 -0.6125
vn 0.7771 -0.0302 -0.6286
vn -0.8668 0.0251 -0.4980
vn -0.8529 0.0343 -0.5210
vn -0.3583 0.0265 0.9332
vn 0.6240 -0.0217 0.7811
vn -0.9957 0.0463 -0.0801
vn -0.0945 0.0170 0.9954
vn -0.9734 0.0176 0.2283
vn -0.9725 0.0225 0.2319
vn -0.9699 0.0296 0.2418
vn 0.2404 -0.0079 -0.9706
vn -0.8539 0.0422 0.5187
vn 0.0491 -0.0008 0.9988
vn -0.2450 0.0106 -0.9695
vn 0.0620 -0.0017 0.9981
vn 0.7876 -0.0156 -0.6160
vn 0.5403 -0.0105 0.8414
vn -0.8527 0.0355 -0.5212
vn 0.1827 -0.0208 -0.9829
vn 0.9996 -0.0135 -0.0248
vn -0.5276 -0.0141 0.8494
vn -0.5204 -0.0094 0.8539
vn -0.4911 0.0094 0.8711
vn 0.9674 -0.0152 0.2526
vn 0.9275 -0.0447 0.3711
vn 0.9320 -0.0408 0.3601
vn -0.8940 0.0003 0.4480
vn -0.9937 0.0139 -0.1114
vn -0.9931 0.0181 -0.1159
vn -0.9936 0.0181 -0.1116
vn 0.7120 0.0183 -0.7019
vn -0.9168 0.0171 0.3990
vn -0.2400 0.0195 -0.9706
vn 0.6731 0.0012 -0.7396
vn 0.0576 0.0050 -0.9983
vn -0.4820 0.0144 0.8760
vn -0.0179 -0.0040 -0.9998
vn 0.4443 -0.0362 0.8951
vn -0.6123 -0.0025 -0.7906
vn -0.6157 -0.0040 -0.7879
vn -0.5872 0.0083 -0.8094
vn -0.0412 0.0003 -0.9991
vn 0.5351 -0.0123 -0.8447
vn 0.4616 0.0075 -0.8870
vn -0.4568 -0.0146 0.8895
vn 0.9980 -0.0265 0.0567
vn -0.5969 0.0085 -0.8023
vn -0.3192 0.0321 0.9471
vn -0.6718 -0.0111 -0.7407
vn 0.3849 -0.0063 -0.9230
vn 0.9989 -0.0245 0.0400
vn -0.8514 0.0189 0.5242
vn -0.0091 0.0039 -1.0000
vn 0.9394 -0.0075 -0.3428
vn 0.9250 -0.0233 -0.3793
vn 0.9247 -0.0261 -0.3797
vn 0.0827 -0.0022 0.9966
vn -0.9802 -0.0070 -0.1978
vn -0.9722 0.0075 -0.2342
vn 0.9842 -0.0247 0.1756
vn 0.9988 -0.0001 0.0482
vn 0.0931 0.0031 0.9957
vn -0.9448 0.0096 0.3275
vn -0.9412 0.0117 0.3376
vn 0.5353 0.0042 -0.8447
vn 0.5345 0.0033 -0.8452
vn 0.1349 0.0001 0.9909
vn 0.9107 0.0044 -0.4130
vn 0.8685 -0.0158 -0.4955
vn 0.9665 -0.0064 0.2564
vn -0.5916 0.0143 0.8061
vn 0.9021 0.0125 -0.4312
vn 0.4359 -0.0385 0.8992
vn -0.9998 0.0154 0.0084
vn -0.9898 -0.0154 0.1419
vn -0.7919 0.0150 -0.6105
vn 0.0087 -0.0031 -1.0000
vn 0.7203 0.0012 0.6937
vn 0.7200 0.0014 0.6940
vn 0.7196 -0.0002 0.6944
vn -0.9441 0.0122 0.3294
vn 0.6622 -0.0083 0.7493
vn -0.3295 -0.0023 0.9441
vn -0.3269 -0.0051 0.9451
vn -0.3354 0.0038 0.9421
vn -0.5983 0.0162 0.8011
vn -0.8020 -0.0005 0.5973
vn -0.7502 -0.0166 0.6610
vn -0.7978 -0.0021 0.6029
vn 0.9733 0.0015 0.2297
vn -0.3381 0.0065 0.9411
vn 0.1458 0.0031 0.9893
vn -0.8603 -0.0129 -0.5096
vn 0.6179 -0.0003 0.7862
vn -0.4681 -0.0060 -0.8837
vn -0.4577 -0.0019 -0.8891
vn -0.4699 -0.0058 -0.8827
vn 0.9186 0.0234 -0.3945
vn -0.9912 -0.0211 0.1303
vn 0.9664 0.0182 -0.2564
vn -0.9937 -0.0115 0.1114
vn 0.9696 0.0049 0.2446
vn -0.0686 -0.0084 0.9976
vn -0.8707 -0.0177 -0.4915
vn 0.5341 0.0066 -0.8454
vn 0.9646 0.0070 0.2635
vn -0.6384 0.0037 0.7697
vn -0.6286 -0.0034 0.7777
vn -0.0557 -0.0049 0.9984
vn 0.9706 0.0208 -0.2397
vn 0.5604 -0.0045 0.8282
vn 0.4070 0.0137 0.9133
vn -0.0305 -0.0026 -0.9995
vn 0.9419 0.0368 0.3340
vn 0.3884 0.0196 0.9213
vn -0.6584 -0.0141 0.7525
vn -0.9607 -0.0233 0.2766
vn 0.9318 0.0356 0.3612
vn 0.4901 0.0209 -0.8714
vn -0.5687 -0.0150 -0.8224
vn -0.0841 -0.0048 0.9964
vn -0.9536 -0.0336 -0.2992
vn -0.9313 -0.0123 -0.3641
vn -0.5027 -0.0291 -0.8640
vn 0.4099 0.0145 0.9120
vn 0.5941 0.0175 -0.8042
vn -0.6674 -0.0142 0.7445
vn -0.9532 -0.0158 0.3020
vn -0.0407 0.0031 -0.9992
vn 0.9308 0.0346 0.3639
vn 0.0585 0.0013 -0.9983
vn 0.9931 0.0189 -0.1155
vn 0.9926 0.0168 -0.1201
vn 0.8308 0.0307 0.5557
vn 0.7964 0.0105 0.6047
vn 0.8000 0.0128 0.5998
vn 0.7623 0.0101 -0.6472
vn 0.7594 0.0117 -0.6505
vn -0.0485 -0.0045 0.9988
vn -0.0035 0.0092 1.0000
vn -0.4717 -0.0175 -0.8816
vn 0.7008 -0.0112 0.7133
vn -0.9522 -0.0141 0.3053
vn 0.5415 0.0275 -0.8403
vn -0.9306 -0.0101 -0.3660
vn 0.0382 -0.0033 -0.9993
vn -0.7404 -0.0256 0.6717
vn -0.9990 -0.0328 -0.0290
vn -0.9990 -0.0338 -0.0288
vn -0.9991 -0.0324 -0.0292
vn 0.8905 0.0217 0.4546
vn 0.5623 0.0013 0.8269
vn -0.7494 -0.0198 0.6619
vn 0.6167 0.0062 -0.7872
vn 0.9824 0.0322 -0.1840
vn 0.9735 0.0234 -0.2275
vn 0.8932 0.0211 0.4492
vn 0.0046 0.0036 -1.0000
vn 0.1705 -0.0022 0.9854
vn -0.4916 -0.0152 -0.8707
vn -0.7984 -0.0291 -0.6014
vn 0.5461 0.0329 -0.8371
vn -0.4929 -0.0145 -0.8700
vn 0.9538 0.0466 -0.2967
vn -0.4059 -0.0263 0.9135
vn -0.4199 -0.0337 0.9069
vn -0.4030 -0.0244 0.9149
vn -0.7513 -0.0177 0.6597
vn -0.9258 -0.0454 0.3752
vn -0.9202 -0.0469 0.3886
vn -0.9189 -0.0557 0.3906
vn -0.9991 -0.0314 -0.0294
vn 0.7356 0.0252 0.6770
vn 0.9447 0.0272 0.3268
vn 0.9401 0.0171 0.3405
vn 0.9405 0.0161 0.3393
vn 0.9564 0.0601 -0.2858
vn 0.7469 0.0572 0.6625
vn -0.9361 -0.0420 -0.3493
vn -0.9314 -0.0591 -0.3590
vn -0.9336 -0.0515 -0.3547
vn 0.2018 0.0136 0.9793
vn 0.5471 0.0332 -0.8364
vn -0.9381 -0.0342 -0.3448
vn -0.9827 -0.0681 0.1720
vn -0.0869 -0.0127 -0.9961
vn -0.2602 -0.0211 -0.9653
vn 0.2275 0.0117 -0.9737
vn 0.9576 0.0627 -0.2812
vn 0.2109 0.0214 0.9773
vn -0.9832 -0.0692 0.1691
vn -0.4922 -0.0162 -0.8703
vn 0.8247 0.0294 -0.5647
vn 0.8210 0.0389 -0.5695
vn 0.8172 0.0488 -0.5743
vn 0.9851 0.0852 0.1495
vn -0.4444 -0.0330 0.8952
vn -0.7921 -0.0447 -0.6088
vn -0.7865 -0.0684 -0.6137
vn -0.7882 -0.0446 -0.6138
vn 0.9967 0.0603 0.0538
vn 0.8339 0.0479 0.5498
vn 0.8620 0.0374 0.5056
vn 0.8374 0.0461 0.5447
vn 0.2387 0.0303 0.9706
vn -0.4598 -0.0349 0.8873
vn -0.9978 -0.0505 0.0441
vn -0.5043 -0.0166 0.8634
vn -0.8174 -0.0668 -0.5722
vn -0.8534 -0.0461 -0.5192
vn 0.3897 0.0657 0.9186
vn -0.9980 -0.0479 0.0421
vn -0.4174 -0.0209 -0.9085
vn -0.5125 -0.0127 0.8586
vn -0.1456 0.0815 0.9860
vn -0.1306 -0.0153 0.9913
vn -0.1467 0.0886 0.9852
vn 0.3280 0.0221 -0.9444
vn 0.8984 0.0721 0.4332
vn 0.9883 0.0758 -0.1325
vn 0.9892 0.0828 -0.1212
vn 0.8143 0.0592 -0.5774
vn 0.4258 0.1213 0.8966
vn -0.2231 -0.0166 -0.9747
vn -0.1980 -0.0223 -0.9799
vn 0.3322 0.0194 -0.9430
vn 0.8077 0.0634 -0.5861
vn -0.9975 -0.0664 -0.0226
vn 0.0955 -0.0049 -0.9954
vn 0.0494 0.0639 -0.9967
vn 0.0774 0.0222 -0.9968
vn 0.0274 0.0963 -0.9950
vn 0.5872 0.0141 -0.8093
vn 0.8988 -0.3445 -0.2710
vn -0.0802 -0.2187 -0.9725
vn -0.9842 -0.0023 -0.1772
vn -0.9943 0.0224 -0.1039
vn -0.9907 0.0118 -0.1354
vn -0.0732 -0.1427 -0.9871
vn 0.0584 0.2611 -0.9635
vn -0.7195 -0.0506 0.6926
vn -0.7531 -0.0857 0.6523
vn -0.7522 -0.0600 0.6562
vn -0.0606 -0.3615 -0.9304
vn -0.6190 -0.4990 -0.6066
vn -0.1090 0.1414 -0.9839
vn -0.9786 -0.0119 -0.2054
vn -0.8556 -0.0957 -0.5086
vn 0.8827 0.0500 -0.4673
vn 0.4510 0.1832 0.8735
vn 0.2025 0.1238 0.9714
vn 0.8627 0.0925 0.4972
vn -0.9495 -0.0320 0.3122
vn -0.9225 -0.0979 0.3734
vn -0.9356 -0.0684 0.3463
vn -0.9109 -0.1212 0.3944
vn -0.9831 -0.1661 0.0767
vn -0.9878 -0.1503 0.0405
vn -0.9892 -0.1461 0.0125
vn 0.9586 0.0543 -0.2794
vn 0.9551 0.0587 -0.2903
vn 0.7878 0.1459 0.5984
vn 0.7894 0.1174 0.6026
vn 0.7498 0.0766 0.6573
vn -0.7000 -0.0777 -0.7099
vn -0.9814 -0.1743 0.0799
vn -0.5606 0.6180 -0.5511
vn -0.7505 0.1314 -0.6476
vn -0.7507 0.1316 -0.6474
vn -0.7491 0.1291 -0.6498
vn -0.6788 -0.7188 -0.1501
vn -0.6723 -0.6789 -0.2951
vn -0.5322 -0.8007 -0.2751
vn -0.3682 -0.2194 -0.9035
vn -0.1633 0.2078 0.9644
vn -0.1723 0.8689 0.4641
vn -0.1344 0.9223 0.3624
vn -0.1626 0.8841 0.4381
vn 0.5704 -0.0096 -0.8213
vn 0.7867 -0.1501 -0.5988
vn 0.7908 -0.1501 -0.5934
vn 0.7879 -0.1501 -0.5972
vn 0.7877 -0.6035 0.1237
vn -0.8216 0.0294 -0.5693
vn -0.1105 0.1575 -0.9813
vn -0.7524 0.1343 -0.6449
vn -0.9492 -0.2423 -0.2008
vn -0.5722 -0.0499 0.8186
vn -0.5548 -0.0457 0.8307
vn -0.1193 0.9393 0.3217
vn -0.8505 -0.2920 -0.4375
vn -0.8735 -0.2744 -0.4021
vn -0.8116 -0.3179 -0.4901
vn -0.3456 -0.8865 -0.3077
vn -0.9958 -0.0584 -0.0709
vn -0.0415 -0.3698 -0.9282
vn -0.1046 -0.3537 -0.9295
vn -0.2250 -0.2953 -0.9285
vn -0.8494 -0.4533 -0.2701
vn -0.4761 -0.7129 -0.5149
vn -0.0586 0.0210 -0.9981
vn 0.3343 -0.2939 -0.8955
vn 0.3138 -0.3256 -0.8919
vn 0.3003 -0.2211 -0.9279
vn -0.2621 -0.2950 -0.9189
vn -0.9001 -0.2512 -0.3560
vn 0.7810 -0.1500 -0.6062
vn -0.3746 0.4988 0.7816
vn -0.7360 -0.0932 -0.6705
vn 0.2492 -0.1291 -0.9598
vn -0.9798 -0.1871 0.0711
vn -0.6075 -0.0465 0.7930
vn 0.9972 0.0580 -0.0470
vn 0.9979 0.0557 -0.0334
vn -0.1019 -0.0282 -0.9944
vn -0.0827 -0.0312 -0.9961
vn -0.1407 0.9784 -0.1514
vn -0.1392 0.9792 -0.1474
vn -0.1397 0.9789 -0.1489
vn -0.3958 -0.3987 0.8273
vn -0.0249 0.2120 0.9770
vn -0.0221 0.2045 0.9786
vn -0.0059 0.1540 0.9881
vn 0.8065 0.0642 -0.5877
vn -0.0598 -0.9529 0.2974
vn -0.0432 -0.9357 0.3502
vn -0.0608 -0.9885 0.1383
vn -0.1411 0.9782 -0.1525
vn -0.0362 0.0638 -0.9973
vn 0.5632 -0.0146 -0.8262
vn -0.1595 -0.3762 0.9127
vn -0.0122 -0.2674 0.9635
vn -0.0098 -0.2503 0.9681
vn -0.0217 -0.3357 0.9417
vn -0.0728 -0.9549 -0.2878
vn -0.0680 -0.9626 -0.2624
vn -0.0661 -0.9108 -0.4075
vn -0.0124 0.7148 0.6992
vn 0.0054 0.7001 0.7141
vn 0.0059 0.7396 0.6730
vn -0.9198 -0.0993 0.3797
vn -0.9971 -0.0688 -0.0310
vn -0.0400 0.9910 -0.1280
vn -0.0071 0.9941 0.1081
vn -0.0116 0.9969 0.0773
vn 0.3312 0.0181 -0.9434
vn -0.0512 -0.9041 -0.4243
vn -0.3286 -0.2569 -0.9089
vn -0.4131 -0.2352 -0.8798
vn -0.0000 0.2049 0.9788
vn 0.0133 0.4670 0.8841
vn -0.0236 0.8703 0.4920
vn -0.8736 -0.0900 -0.4782
vn -0.8714 -0.0915 -0.4819
vn 0.6300 0.0008 -0.7766
vn -0.0413 0.6561 -0.7535
vn -0.0432 0.6592 -0.7507
vn -0.0423 0.6577 -0.7521
vn -0.0434 0.6597 -0.7503
vn 0.2114 -0.0729 -0.9747
vn 0.2080 -0.0850 -0.9744
vn -0.0555 -0.9932 0.1019
vn -0.2923 -0.6638 0.6884
vn 0.4686 -0.5006 0.7279
vn -0.1909 -0.9610 0.2002
vn -0.5871 -0.6756 0.4459
vn 0.8156 0.2155 0.5369
vn 0.0593 0.0001 0.9982
vn 0.0129 0.9935 -0.1130
vn 0.0112 0.2007 0.9796
vn -0.0467 -0.8360 0.5468
vn 0.0248 -0.3636 -0.9312
vn 0.0007 0.1477 0.9890
vn 0.9249 -0.2664 -0.2712
vn 0.7664 -0.4142 -0.4910
vn -0.4150 -0.2076 0.8858
vn -0.4406 -0.2397 0.8651
vn -0.4711 -0.2791 0.8368
vn -0.0876 -0.1577 0.9836
vn -0.0783 -0.1466 0.9861
vn -0.0381 -0.1348 0.9901
vn -0.0371 -0.1241 0.9916
vn 0.0494 0.8883 0.4566
vn -0.0000 0.9701 -0.2428
vn 0.0320 -0.7840 0.6199
vn -0.0519 -0.8231 0.5655
vn 0.1081 -0.0156 0.9940
vn 0.0004 0.2027 0.9792
vn -0.6544 0.6241 0.4270
vn -0.1558 0.9669 0.2020
vn 0.4167 0.0896 -0.9046
vn 0.5466 -0.1098 -0.8302
vn 0.9234 0.3837 0.0090
vn 0.0097 0.2263 0.9740
vn 0.3414 -0.6218 -0.7049
vn 0.1728 0.7894 0.5891
vn 0.0157 -0.9754 0.2200
vn -0.6210 0.0929 0.7783
vn 0.8129 0.5824 0.0055
vn 0.8803 0.4568 -0.1282
vn 0.0069 0.0667 -0.9977
vn -0.0308 -0.5767 -0.8164
vn -0.0071 -0.5201 -0.8541
vn -0.0482 -0.6848 -0.7271
vn 0.0870 -0.4943 0.8649
vn 0.1945 -0.5179 0.8330
vn 0.1537 -0.5097 0.8465
vn -0.0468 -0.9687 -0.2438
vn -0.1268 -0.9632 -0.2372
vn -0.1326 -0.9625 -0.2366
vn 0.8077 -0.0688 0.5855
vn 0.6395 -0.7588 -0.1236
vn 0.6407 -0.7571 -0.1277
vn 0.6404 -0.7575 -0.1267
vn 0.1217 -0.7729 -0.6227
vn 0.0550 -0.1010 0.9934
vn -0.5229 0.5285 0.6688
vn 0.0721 0.0867 0.9936
vn 0.0486 0.0816 0.9955
vn -0.0534 0.0900 0.9945
vn -0.3348 0.9422 0.0157
vn -0.3174 0.9483 0.0010
vn -0.3048 0.9524 -0.0096
vn -0.2844 0.9583 -0.0265
vn 0.5107 0.5291 0.6777
vn 0.1847 0.2895 0.9392
vn 0.3404 0.9402 0.0128
vn -0.0053 -0.0734 -0.9973
vn -0.0226 -0.3421 0.9394
vn -0.3561 -0.9325 0.0604
vn -0.4843 -0.2964 0.8232
vn -0.0196 -0.7199 0.6938
vn 0.1440 0.9881 0.0534
vn 0.1989 0.9800 -0.0004
vn 0.1731 0.9847 0.0204
vn -0.8244 0.3815 -0.4182
vn -0.8207 0.3824 -0.4245
vn -0.8254 0.3945 -0.4038
vn -0.2645 0.8302 -0.4908
vn 0.1239 -0.2779 -0.9526
vn 0.0736 -0.2469 -0.9662
vn 0.1825 -0.3133 -0.9320
vn 0.6414 -0.7560 -0.1306
vn -0.0193 -0.1453 0.9892
vn -0.0156 0.0203 0.9997
vn 0.0698 0.0010 0.9976
vn 0.2111 0.9774 -0.0132
vn 0.2192 0.9756 -0.0097
vn -0.0793 0.8028 -0.5910
vn -0.2167 -0.9493 -0.2278
vn 0.9893 -0.0955 0.1099
vn -0.8060 0.5901 0.0474
vn -0.7892 0.6141 -0.0105
vn -0.8003 0.5990 0.0265
vn -0.7814 0.6231 -0.0338
vn 0.6585 0.7179 -0.2260
vn 0.6360 0.7697 -0.0549
vn 0.5723 0.8079 -0.1407
vn 0.6230 0.7788 -0.0735
vn 0.6839 0.7293 0.0190
vn 0.6165 0.4679 -0.6332
vn 0.1140 -0.2389 -0.9643
vn -0.0000 0.3306 0.9438
vn -0.0400 0.2188 0.9749
vn -0.0080 0.3072 0.9516
vn -0.0008 -0.4926 -0.8703
vn -0.4470 -0.8939 -0.0325
vn -0.9175 -0.3954 -0.0424
vn -0.9209 -0.3846 -0.0631
vn -0.9133 -0.4068 -0.0200
vn -0.0275 -0.0000 0.9996
vn -0.0168 -0.0088 0.9998
vn -0.4961 -0.0000 0.8683
vn -0.3176 0.2412 0.9170
vn -0.5709 0.4853 0.6622
vn 0.1358 -0.1080 0.9848
vn 0.1257 -0.1205 0.9847
vn -0.0877 0.0710 0.9936
vn -0.1619 0.0472 0.9857
vn -0.1453 0.1175 0.9824
vn 0.1529 0.9853 0.0757
vn 0.1744 0.9798 0.0980
vn 0.1574 0.9843 0.0804
vn -0.0595 0.4055 0.9121
vn 0.3222 0.8857 -0.3342
vn 0.2427 0.5132 -0.8232
vn 0.1333 -0.1537 0.9791
vn 0.1262 -0.1366 0.9825
vn 0.1348 -0.1575 0.9783
vn -0.0000 0.1375 0.9905
vn -0.0000 -0.1375 -0.9905
vn -0.9096 -0.4156 -0.0027
vn 0.0171 -0.0619 0.9979
vn 0.0002 0.0002 1.0000
vn 0.0393 -0.0186 0.9991
vn -0.2092 0.3189 0.9244
vn -0.5829 0.5405 0.6067
vn -0.0000 0.7070 0.7072
vn -0.4273 0.2660 0.8641
vn -0.4272 0.2660 0.8641
vn 0.6317 -0.5701 -0.5253
vn -0.4495 0.5622 0.6942
vn 0.0283 0.0044 0.9996
vn -0.2187 0.1333 -0.9666
vn -0.2133 0.1324 -0.9680
vn -0.2655 0.1411 -0.9537
vn 0.4812 -0.0596 -0.8746
vn 0.9356 -0.0016 0.3530
vn 0.1367 -0.1619 0.9773
vn -0.0282 0.3781 -0.9253
vn -0.0332 0.3849 -0.9224
vn -0.0047 0.3450 -0.9386
vn 0.0054 -0.6597 0.7515
vn -0.0141 -0.8008 0.5988
vn 0.0045 -0.6661 0.7459
vn 0.2144 -0.3321 -0.9186
vn 0.8406 -0.3990 -0.3663
vn 0.7763 -0.5236 -0.3510
vn 0.8172 -0.4491 -0.3611
vn -0.4910 -0.7139 -0.4992
vn -0.5065 -0.7266 -0.4641
vn -0.4847 -0.6984 -0.5266
vn -0.5984 -0.2415 -0.7639
vn 0.1340 -0.0267 0.9906
vn 0.0544 -0.0402 0.9977
vn -0.0000 -0.1416 0.9899
vn 0.0429 -0.0992 0.9941
vn 0.0443 -0.0867 0.9953
vn -0.3814 0.3832 0.8413
vn 0.2340 0.5752 -0.7838
vn 0.0074 0.8602 -0.5099
vn -0.0047 0.3529 -0.9357
vn 0.0015 -0.1501 -0.9887
vn 0.8675 0.0268 -0.4968
vn -0.0068 0.2782 0.9605
vn 0.0038 0.2756 0.9613
vn -0.0043 0.2760 0.9612
vn -0.0650 -0.0018 0.9979
vn 0.0056 -0.0168 0.9998
vn 0.1366 0.9889 0.0588
vn 0.1803 0.1244 -0.9757
vn 0.1548 0.1223 -0.9803
vn 0.1122 0.0848 -0.9901
vn 0.9402 -0.1339 -0.3132
vn 0.3848 0.3962 -0.8336
vn 0.8655 -0.3364 -0.3710
vn -0.6860 0.0683 0.7244
vn -0.1141 0.0045 0.9935
vn -0.1459 0.1055 -0.9837
vn -0.0548 0.0788 -0.9954
vn -0.1552 0.1026 -0.9825
vn -0.5776 0.5706 -0.5838
vn -0.5496 0.5724 -0.6085
vn -0.6480 0.5215 -0.5552
vn -0.0297 0.7579 0.6517
vn -0.0363 0.9905 -0.1330
vn -0.0077 -0.4629 -0.8864
vn 0.0575 -0.4867 0.8717
vn -0.1667 -0.4963 0.8520
vn -0.2163 -0.4691 0.8563
vn -0.0494 -0.4523 0.8905
vn -0.0922 0.3259 0.9409
vn -0.0700 0.3114 0.9477
vn -0.0762 0.3155 0.9459
vn -0.1417 0.0713 -0.9873
vn -0.0945 0.1625 -0.9822
vn -0.0712 0.0620 -0.9955
vn -0.0085 0.1186 -0.9929
vn 0.5105 -0.1160 -0.8520
vn -0.7912 0.6007 -0.1150
vn -0.7625 0.3447 -0.5475
vn -0.0150 -0.8111 0.5848
vn 0.0108 -0.5142 -0.8576
vn -0.0721 -0.4329 -0.8985
vn -0.0300 -0.4752 -0.8794
vn -0.1903 -0.6539 -0.7322
vn 0.0150 0.0228 0.9996
vn -0.6721 0.5090 -0.5378
vn 0.1162 -0.0003 -0.9932
vn 0.0978 0.0158 -0.9951
vn 0.0159 0.0868 -0.9961
vn -0.1755 0.0789 -0.9813
vn -0.0086 0.6613 -0.7501
vn -0.0351 0.6350 -0.7717
vn -0.0224 0.6414 -0.7669
vn -0.4771 -0.6978 -0.5343
vn 0.5557 0.0883 -0.8267
vn -0.1737 -0.2463 -0.9535
vn -0.2320 -0.4158 0.8794
vn -0.0414 -0.2900 0.9561
vn -0.2416 -0.0619 0.9684
vn -0.2197 0.1280 -0.9671
vn 0.1267 0.0878 -0.9880
vn -0.7559 0.3395 -0.5598
vn -0.0199 0.2301 -0.9730
vn 0.0621 -0.1431 -0.9878
vn 0.2060 -0.1348 -0.9692
vn 0.1099 -0.1406 -0.9839
vn -0.3203 0.4951 0.8076
vn 0.5203 -0.1140 -0.8464
vn -0.2761 -0.6358 -0.7207
vn -0.9089 -0.3941 0.1364
vn -0.9446 -0.3282 -0.0064
vn -0.9243 -0.3719 0.0861
vn 0.5184 -0.0483 -0.8538
vn 0.5546 -0.0941 -0.8268
vn 0.6100 -0.2166 -0.7622
vn -0.1079 -0.3955 -0.9121
vn -0.5045 -0.8634 -0.0040
vn -0.5233 -0.8517 0.0264
vn -0.4740 -0.8791 -0.0507
vn -0.0151 0.2538 0.9671
vn -0.0665 0.0242 0.9975
vn -0.9523 -0.2977 -0.0666
vn 0.6130 -0.2500 -0.7495
vn -0.0126 -0.9970 0.0762
vn -0.0097 -0.9964 0.0847
vn 0.7445 -0.0683 -0.6641
vn 0.0762 -0.2968 -0.9519
vn 0.0736 -0.3531 -0.9327
vn 0.0312 -0.2330 -0.9720
vn -0.4185 -0.5844 0.6952
vn 0.8930 0.3519 0.2804
vn 0.9752 -0.0137 -0.2209
vn -0.6794 -0.7320 -0.0506
vn -0.0929 0.0397 -0.9949
vn 0.5643 -0.3200 -0.7611
vn 0.6417 -0.3423 -0.6863
vn 0.6522 -0.3452 -0.6749
vn -0.7321 0.4188 -0.5373
vn 0.3069 0.0606 -0.9498
vn 0.0155 0.2729 0.9619
vn 0.0164 0.3228 0.9463
vn 0.0435 -0.0000 0.9991
vn 0.3999 -0.5606 0.7251
vn -0.1714 -0.0439 -0.9842
vn 0.0018 -0.1533 -0.9882
vn -0.4797 -0.6870 -0.5459
vn -0.5468 -0.8347 0.0659
vn -0.6627 -0.7442 -0.0841
vn 0.0556 -0.4268 0.9026
vn -0.2781 0.1021 0.9551
vn -0.0307 0.2551 0.9664
vn -0.0285 0.2605 0.9650
vn -0.0000 0.2489 0.9685
vn -0.0000 -0.2489 -0.9685
vn 0.3753 -0.3646 -0.8522
vn -0.2685 0.4405 0.8567
vn -0.0000 0.2604 0.9655
vn 0.2768 0.0428 0.9600
vn 0.0610 -0.2092 0.9760
vn 0.0762 -0.1477 0.9861
vn 0.0616 -0.1577 0.9856
vn -0.1640 0.0200 0.9863
vn -0.0218 0.1190 -0.9927
vn -0.0042 0.9994 -0.0339
vn 0.0262 -0.1447 -0.9891
vn 0.0677 0.0037 0.9977
vn -0.0226 -0.1787 0.9837
vn -0.0134 -0.1062 0.9943
vn -0.0137 -0.1103 0.9938
vn 0.8399 -0.4907 0.2318
vn -0.2452 0.1937 0.9499
vn 0.0539 0.0683 -0.9962
vn 0.0190 0.1440 -0.9894
vn 0.0514 0.1486 -0.9876
vn -0.0040 0.1023 -0.9947
vn -0.0292 -0.6816 0.7312
vn -0.0582 -0.7845 0.6174
vn -0.0150 -0.6262 0.7795
vn -0.2701 -0.6493 -0.7110
vn -0.6910 -0.3720 0.6198
vn -0.0741 -0.5129 0.8552
vn -0.1920 -0.7698 0.6087
vn -0.0992 0.3304 0.9386
vn -0.7196 0.3499 -0.5998
vn -0.0095 -0.6061 -0.7953
vn -0.6121 -0.5680 -0.5502
vn -0.4681 -0.7574 -0.4554
vn 0.2749 0.9295 0.2460
vn 0.2489 0.5234 0.8149
vn -0.1624 -0.9681 0.1907
vn -0.1609 -0.9662 0.2015
vn -0.1620 -0.9677 0.1933
vn -0.0823 -0.9574 0.2767
vn 0.0190 -0.5501 -0.8349
vn -0.2266 -0.0519 0.9726
vn -0.2193 0.0427 0.9747
vn -0.7794 0.6254 0.0388
vn -0.0272 0.1300 -0.9911
vn -0.0045 0.7198 0.6942
vn -0.0293 0.2609 -0.9649
vn -0.0128 -0.9220 -0.3869
vn -0.0139 -0.6219 0.7830
vn 0.3579 0.6091 -0.7077
vn 0.0935 -0.0349 -0.9950
vn 0.0241 -0.0735 -0.9970
vn 0.0360 -0.0619 -0.9974
vn -0.1631 -0.9689 0.1859
vn -0.1531 -0.8176 0.5550
vn -0.0000 -0.0041 1.0000
vn -0.0189 -0.1804 0.9834
vn -0.1058 0.0896 0.9903
vn 0.4391 -0.0024 -0.8984
vn 0.0227 -0.2050 -0.9785
vn 0.1111 -0.0230 -0.9935
vn -0.0000 0.1989 -0.9800
vn -0.0805 -0.6842 0.7248
vn -0.9169 -0.3990 0.0068
vn -0.9258 -0.3756 -0.0415
vn -0.9309 -0.3566 -0.0790
vn -0.9203 0.2835 0.2695
vn 0.3580 0.9230 0.1414
vn 0.0032 0.7117 0.7025
vn -0.0178 0.9979 0.0624
vn -0.0000 -0.1989 0.9800
vn -0.0848 -0.3284 0.9407
vn -0.0433 -0.2657 0.9631
vn -0.0848 -0.3285 0.9407
vn -0.1031 -0.3557 0.9289
vn 0.0223 -0.5639 0.8256
vn 0.0703 -0.0703 0.9950
vn -0.0078 -0.2206 0.9753
vn 0.0046 -0.0046 1.0000
vn -0.9084 -0.4158 0.0431
vn -0.4868 0.0461 -0.8723
vn 0.5563 -0.3176 -0.7679
vn 0.5890 -0.2730 -0.7606
vn -0.1229 -0.8539 -0.5057
vn -0.1736 -0.7873 -0.5916
vn -0.1968 -0.7516 -0.6296
vn -0.0878 0.0744 -0.9934
vn 0.0914 0.4530 -0.8868
vn -0.2706 0.1419 -0.9522
vn -0.0252 0.8073 -0.5896
vn -0.0019 -0.6170 -0.7870
vn 0.0041 -0.8936 -0.4489
vn -0.0215 -0.8737 0.4859
vn -0.0270 -0.1805 -0.9832
vn -0.1734 0.0968 -0.9801
vn 0.2636 -0.1239 -0.9567
vn -0.0061 -0.9989 0.0459
vn -0.1804 -0.0692 -0.9811
vn -0.3036 -0.0922 -0.9483
vn -0.1128 0.8599 0.4979
vn 0.0234 0.8228 0.5678
vn -0.0207 0.8371 0.5467
vn -0.0078 0.8417 -0.5398
vn -0.0138 -0.9060 0.4230
vn -0.0734 -0.5867 -0.8065
vn -0.0695 -0.5992 -0.7976
vn -0.0662 -0.4930 -0.8675
vn -0.4807 -0.7929 0.3745
vn -0.5816 -0.7346 0.3494
vn -0.4893 -0.7885 0.3726
vn -0.6565 -0.7543 -0.0000
vn -0.8000 0.6001 -0.0000
vn -0.7866 -0.2545 0.5626
vn -0.4338 -0.4631 -0.7729
vn -0.4215 -0.4771 -0.7712
vn -0.4784 -0.4070 -0.7781
vn -0.4356 -0.3709 -0.8202
vn -0.6360 0.7552 -0.1590
vn -0.1178 0.9926 -0.0295
vn 0.0928 0.9835 0.1553
vn -0.4177 -0.8221 0.3869
vn -0.2665 -0.5646 0.7812
vn -0.2696 -0.5643 0.7804
vn -0.2688 -0.5643 0.7805
vn -0.2510 0.9536 0.1660
vn -0.2387 0.9483 0.2090
vn -0.2116 0.9312 0.2967
vn -0.2041 0.9253 0.3195
vn -0.2719 -0.5640 0.7797
vn 0.4367 -0.0714 -0.8968
vn -0.0911 -0.3434 -0.9348
vn -0.1396 -0.3159 -0.9385
vn -0.0713 -0.3739 -0.9247
vn -0.2640 -0.9616 0.0755
vn -0.2744 -0.9602 0.0530
vn -0.2140 -0.9739 0.0763
vn 0.0057 -0.0117 0.9999
vn -0.2006 0.0981 0.9748
vn -0.4013 0.2765 -0.8732
vn -0.0055 -0.9990 0.0435
vn -0.1397 0.1978 0.9702
vn -0.0040 0.9935 0.1135
vn -0.0114 -0.3248 -0.9457
vn 0.0160 -0.3882 -0.9214
vn -0.2250 -0.2758 -0.9345
vn -0.2579 0.0836 0.9626
vn -0.0101 0.7564 0.6540
vn -0.0086 0.7566 0.6539
vn -0.0072 0.7570 0.6534
vn -0.1697 0.8691 0.4646
vn -0.0072 -0.8726 -0.4885
vn -0.0295 -0.5657 0.8241
vn -0.8844 0.4657 -0.0301
vn -0.8803 0.4722 -0.0455
vn -0.8908 0.4544 -0.0042
vn -0.8949 0.4459 0.0148
vn -0.1710 0.2849 -0.9432
vn -0.0073 0.7569 0.6535
vn -0.0259 0.9729 0.2300
vn -0.0041 0.8458 -0.5336
vn 0.0081 0.3353 -0.9421
vn 0.1126 0.3287 -0.9377
vn 0.1166 0.3220 -0.9395
vn 0.1027 0.3453 -0.9329
vn 0.0647 -0.6474 0.7594
vn -0.2781 -0.2965 -0.9136
vn -0.6665 -0.7337 0.1320
vn -0.4811 0.5583 -0.6759
vn -0.0001 0.0553 -0.9985
vn -0.0192 -0.9116 0.4107
vn -0.1225 -0.7163 0.6869
vn -0.1971 -0.7596 0.6198
vn -0.7217 0.3352 -0.6056
vn 0.0410 -0.0138 -0.9991
vn -0.0272 -0.9097 0.4144
vn -0.1636 0.9022 -0.3992
vn -0.0992 0.3184 0.9427
vn -0.2622 0.1850 -0.9471
vn -0.2080 0.1260 -0.9700
vn -0.7025 0.2996 -0.6456
vn -0.0349 0.9716 0.2342
vn -0.0044 0.2157 -0.9764
vn -0.0107 -0.3226 -0.9465
vn -0.1470 -0.9888 0.0258
vn -0.3482 -0.8630 -0.3660
vn -0.3373 -0.8683 -0.3638
vn -0.3546 -0.8599 -0.3672
vn -0.4292 -0.6199 -0.6568
vn -0.5452 -0.7126 0.4416
vn -0.1386 0.0757 -0.9875
vn 0.0166 0.1145 -0.9933
vn -0.1520 0.9033 0.4012
vn -0.0179 0.7435 0.6685
vn 0.0059 -0.0725 -0.9974
vn -0.1214 -0.9926 -0.0010
vn -0.1495 -0.9881 0.0350
vn -0.1616 -0.9855 0.0517
vn -0.3691 -0.8526 -0.3700
vn -0.5496 0.6446 -0.5315
vn -0.1279 0.3619 0.9234
vn -0.0265 0.6500 -0.7595
vn -0.0000 0.7253 -0.6884
vn -0.0288 0.6439 -0.7646
vn -0.0377 -0.9687 -0.2454
vn -0.0297 -0.9693 -0.2443
vn -0.0260 -0.9683 -0.2483
vn -0.0999 -0.8796 -0.4651
vn -0.0189 0.9940 0.1076
vn 0.0076 0.9999 0.0112
vn -0.0102 0.9971 0.0760
vn -0.1258 0.3593 0.9247
vn -0.0980 0.6276 0.7723
vn -0.0526 0.6253 0.7786
vn -0.0528 -0.5827 -0.8110
vn -0.0540 0.5837 0.8102
vn -0.0073 -0.6890 -0.7247
vn -0.0093 -0.8696 -0.4936
vn -0.0269 0.9737 -0.2262
vn -0.0273 0.9738 -0.2255
vn -0.0258 0.9724 -0.2321
vn -0.0160 -0.9288 0.3703
vn 0.0986 0.3519 -0.9308
vn -0.0238 -0.7270 -0.6863
vn -0.0740 -0.7177 -0.6924
vn -0.1007 0.6342 -0.7666
vn -0.0999 0.6067 -0.7886
vn -0.0719 0.6145 -0.7857
vn -0.0224 0.9548 0.2963
vn 0.0500 -0.3533 -0.9342
vn -0.0981 -0.3052 -0.9472
vn -0.1185 -0.7301 -0.6730
vn -0.1151 -0.6840 -0.7204
vn 0.0105 0.9999 0.0005
vn -0.2503 0.9428 -0.2204
vn -0.4130 0.9103 0.0300
vn -0.4179 0.9078 0.0361
vn -0.4117 0.9109 0.0284
vn -0.0055 0.2254 -0.9742
vn -0.0107 -0.6985 -0.7156
vn -0.0407 -0.9499 0.3098
vn -0.1416 0.3313 -0.9328
vn -0.4066 0.9134 0.0221
vn -0.0728 0.1269 0.9892
vn -0.0194 0.1567 0.9875
vn -0.0495 0.1429 0.9885
vn -0.0102 0.6834 0.7299
vn -0.2804 0.4658 -0.8393
vn -0.3038 0.5323 -0.7902
vn -0.2188 0.5544 -0.8029
vn -0.2788 0.6302 -0.7247
vn -0.2542 0.9542 0.1580
vn 0.0203 0.1232 0.9922
vn 0.0152 0.1361 0.9906
vn -0.0189 0.9569 0.2898
vn -0.0160 0.7033 0.7107
vn 0.1884 0.0489 0.9809
vn 0.2593 0.1477 0.9544
vn 0.0540 0.1707 0.9838
vn -0.0838 0.0922 0.9922
vn 0.4702 -0.0323 0.8820
vn 0.5071 -0.1153 0.8541
vn 0.1063 0.6421 0.7592
vn 0.1994 0.6914 0.6944
vn 0.1684 0.6979 0.6961
vn 0.6465 0.3568 0.6744
vn 0.5646 0.3661 0.7397
vn 0.7395 0.2700 0.6167
vn -0.2421 0.4978 0.8328
vn -0.3213 0.5108 0.7974
vn -0.3868 0.4790 0.7880
vn 0.3115 0.6882 0.6552
vn 0.2401 0.7097 0.6623
vn 0.0183 -0.4595 0.8880
vn 0.2096 -0.3929 0.8954
vn 0.0617 -0.4093 0.9103
vn -0.1383 0.0126 0.9903
vn 0.5779 -0.1384 0.8043
vn -0.4454 0.4728 0.7603
vn 0.8505 0.2364 0.4698
vn -0.0534 -0.4476 0.8927
vn -0.5487 0.0142 0.8359
vn -0.5550 0.0218 0.8315
vn -0.4978 -0.0447 0.8662
vn 0.8580 0.1574 0.4889
vn -0.0948 -0.5056 0.8576
vn -0.1659 0.8955 0.4130
vn 0.0475 0.9011 0.4309
vn -0.0747 0.9131 0.4008
vn -0.0924 -0.5614 0.8224
vn -0.5298 0.4145 0.7400
vn 0.4453 -0.6332 0.6331
vn 0.3297 -0.7432 0.5822
vn 0.3877 -0.7184 0.5775
vn -0.5995 0.0777 0.7966
vn -0.3317 0.8473 0.4148
vn -0.2397 0.8906 0.3865
vn 0.5351 0.8191 0.2067
vn 0.6335 0.6739 0.3801
vn 0.7040 0.6612 0.2591
vn 0.7157 -0.4367 0.5450
vn 0.6872 -0.4399 0.5780
vn 0.7228 -0.4358 0.5363
vn 0.2970 -0.7855 0.5430
vn -0.4679 -0.3709 0.8022
vn 0.9374 0.2184 0.2712
vn 0.9032 0.1663 0.3956
vn 0.4537 0.8843 0.1101
vn 0.3256 0.9403 0.0990
vn 0.6630 0.7257 0.1838
vn 0.9041 -0.2204 0.3661
vn 0.7518 -0.4311 0.4989
vn -0.7964 0.0257 0.6043
vn 0.1871 -0.8160 0.5470
vn -0.7469 0.4894 0.4502
vn -0.6498 0.7240 0.2314
vn -0.6701 0.7296 0.1363
vn -0.6675 0.7293 0.1502
vn 0.1756 0.9609 -0.2141
vn 0.1741 0.9610 -0.2150
vn 0.1755 0.9609 -0.2142
vn 0.7994 0.5813 0.1515
vn -0.6350 -0.5179 0.5732
vn 0.4756 -0.8454 0.2429
vn 0.4191 -0.9007 0.1142
vn 0.4739 -0.8803 -0.0211
vn -0.0269 -0.9160 0.4003
vn -0.2817 -0.8076 0.5181
vn -0.3784 -0.7848 0.4909
vn -0.4092 -0.7755 0.4808
vn -0.8981 0.2358 0.3713
vn 0.6044 0.7329 -0.3125
vn 0.6575 0.7160 -0.2348
vn 0.5881 0.7233 -0.3618
vn 0.9886 0.1501 0.0122
vn -0.2732 0.9369 -0.2182
vn -0.2069 0.9638 -0.1683
vn -0.2954 0.9043 -0.3081
vn 0.1769 0.9608 -0.2133
vn 0.7696 -0.6288 0.1116
vn 0.7427 -0.6417 0.1912
vn 0.7719 -0.6272 0.1035
vn 0.4309 -0.8967 -0.1013
vn 0.8313 0.5317 -0.1618
vn 0.9748 -0.2218 0.0236
vn 0.9499 -0.3051 -0.0676
vn 0.9427 -0.3126 -0.1171
vn -0.4814 -0.7495 0.4544
vn -0.8362 -0.3518 0.4208
vn -0.8467 -0.3267 0.4199
vn -0.8332 -0.3585 0.4210
vn -0.6825 0.7290 0.0536
vn -0.0050 -0.9946 0.1041
vn -0.0880 -0.9961 0.0028
vn -0.0703 -0.9972 0.0246
vn -0.8251 -0.3763 0.4214
vn 0.8204 0.3683 -0.4374
vn 0.9194 0.2993 -0.2551
vn 0.9269 0.2273 -0.2986
vn 0.7916 -0.6104 0.0276
vn -0.9909 0.1244 0.0520
vn -0.9913 0.0631 0.1152
vn -0.9814 0.1897 0.0291
vn 0.5522 0.7292 -0.4042
vn -0.3877 0.8276 -0.4059
vn -0.1469 -0.9867 -0.0701
vn -0.8149 0.5659 -0.1251
vn 0.8942 -0.3772 -0.2409
vn 0.5243 -0.8189 -0.2335
vn 0.4862 -0.8470 -0.2147
vn -0.4378 0.7054 -0.5575
vn 0.9042 0.2469 -0.3485
vn 0.5363 0.7046 -0.4647
vn -0.0288 0.9571 -0.2883
vn -0.0065 0.4037 -0.9149
vn -0.0258 0.4006 -0.9159
vn -0.0248 -0.1698 -0.9852
vn 0.8754 -0.3783 -0.3009
vn -0.9925 -0.0377 0.1162
vn 0.0293 0.8158 -0.5775
vn 0.2133 0.7664 -0.6059
vn 0.1482 0.7201 -0.6778
vn -0.0080 0.7409 -0.6715
vn -0.9634 0.2574 -0.0752
vn -0.0353 -0.9826 -0.1822
vn -0.0323 -0.9810 -0.1911
vn 0.9236 0.0759 -0.3758
vn -0.0844 0.7944 -0.6015
vn -0.0285 0.9773 0.2099
vn 0.7073 0.3881 -0.5908
vn 0.0921 -0.8864 -0.4538
vn 0.0133 -0.9078 -0.4193
vn -0.0087 -0.9125 -0.4091
vn -0.6007 -0.7991 -0.0229
vn -0.5631 -0.8263 0.0127
vn -0.5991 -0.8004 -0.0212
vn -0.8331 -0.5529 0.0130
vn -0.8416 0.3576 -0.4048
vn -0.7493 0.5408 -0.3822
vn -0.7654 0.4828 -0.4255
vn -0.0199 0.5937 0.8044
vn -0.0237 0.5706 0.8209
vn -0.0331 -0.8002 -0.5988
vn -0.0290 -0.7991 -0.6005
vn -0.2296 0.3382 -0.9126
vn 0.5348 -0.6215 -0.5725
vn 0.6034 -0.6336 -0.4843
vn 0.5480 -0.6244 -0.5566
vn -0.1389 -0.0898 -0.9862
vn -0.0767 -0.9235 -0.3759
vn -0.6329 -0.7723 -0.0548
vn -0.0216 0.9785 0.2053
vn -0.5452 0.5428 -0.6388
vn 0.3050 0.6331 -0.7115
vn -0.0917 -0.4946 0.8643
vn -0.0824 -0.5174 0.8517
vn -0.0404 -0.5964 0.8016
vn -0.9267 -0.2959 -0.2315
vn -0.9354 -0.3133 -0.1639
vn -0.9298 -0.2564 -0.2639
vn -0.0105 0.9389 -0.3441
vn -0.0190 -0.5772 0.8164
vn -0.9184 -0.2319 -0.3207
vn -0.9305 0.1756 -0.3215
vn -0.9135 0.1932 -0.3581
vn 0.6004 0.4340 -0.6717
vn -0.0295 -0.8865 0.4618
vn -0.0837 -0.8381 0.5390
vn -0.0746 -0.8467 0.5267
vn 0.8060 -0.4204 -0.4168
vn -0.0132 0.6707 -0.7416
vn -0.0018 0.2159 -0.9764
vn -0.9158 -0.1432 -0.3751
vn 0.2654 0.5585 -0.7859
vn -0.0006 0.1886 -0.9821
vn -0.8471 0.3007 -0.4381
vn 0.5653 0.4086 -0.7166
vn 0.0024 0.9639 0.2664
vn -0.0070 0.6627 -0.7489
vn -0.0004 0.0863 -0.9963
vn -0.0047 -0.3590 -0.9333
vn -0.0467 -0.9537 0.2973
vn -0.0203 -0.8999 0.4357
vn 0.0717 -0.0318 0.9969
vn 0.0243 -0.1322 0.9909
vn 0.0354 -0.0014 0.9994
vn -0.0266 0.8783 -0.4773
vn -0.0136 -0.5684 0.8226
vn 0.0316 -0.1623 0.9862
vn -0.0490 -0.9958 -0.0772
vn 0.4676 -0.6040 -0.6453
vn -0.6114 0.3833 -0.6924
vn -0.5528 0.4523 -0.6999
vn 0.0057 0.9612 0.2757
vn -0.4936 -0.6845 -0.5365
vn -0.5436 -0.6708 -0.5045
vn -0.4972 -0.6836 -0.5343
vn -0.0254 -0.8376 -0.5457
vn -0.0277 -0.9989 -0.0388
vn 0.1859 -0.6670 -0.7215
vn 0.2065 -0.6849 -0.6987
vn 0.1128 -0.6407 -0.7595
vn -0.4457 -0.6949 -0.5644
vn -0.7055 -0.4662 -0.5338
vn 0.0234 -0.4416 0.8969
vn -0.0128 0.9913 -0.1313
vn 0.0233 0.4506 0.8924
vn 0.0268 -0.9738 0.2260
vn 0.0105 -0.9542 0.2991
vn -0.0647 0.5684 -0.8202
vn 0.2290 0.5358 -0.8127
vn -0.2894 0.3843 -0.8767
vn 0.0018 0.8422 -0.5392
vn -0.0110 -0.4112 -0.9115
vn 0.0094 0.8492 0.5280
vn 0.0196 0.8662 0.4994
vn -0.0083 0.7522 0.6589
vn 0.0146 0.8537 -0.5206
vn 0.0258 -0.7877 0.6155
vn 0.0360 -0.7471 0.6637
vn 0.0103 -0.8428 0.5382
vn 0.3457 0.8871 -0.3058
vn 0.4719 -0.8808 -0.0391
vn 0.5193 -0.8465 -0.1176
vn 0.4933 -0.8667 -0.0737
vn 0.6718 0.3245 0.6659
vn 0.1337 0.1151 -0.9843
vn -0.0046 0.6607 -0.7507
vn -0.3173 -0.5578 -0.7670
vn 0.0837 -0.9908 0.1065
vn 0.1152 -0.9899 0.0827
vn 0.1670 -0.9840 0.0616
vn -0.0432 0.0914 -0.9949
vn -0.0675 -0.0576 -0.9961
vn -0.0659 -0.0278 -0.9974
vn -0.2368 -0.7864 -0.5705
vn 0.1096 -0.2056 0.9725
vn 0.0611 -0.2445 0.9677
vn 0.0680 -0.1962 0.9782
vn 0.3988 0.5462 0.7366
vn 0.1040 0.3434 0.9334
vn 0.0953 0.3979 0.9125
vn 0.0991 0.1430 0.9847
vn 0.1301 0.4761 0.8697
vn -0.4787 -0.0312 0.8774
vn -0.5871 0.8073 0.0600
vn -0.3978 0.7083 0.5832
vn -0.1327 0.0092 -0.9911
vn -0.3559 -0.1160 -0.9273
vn -0.2699 -0.1408 -0.9525
vn 0.1774 0.8826 -0.4354
vn 0.1212 -0.0333 0.9921
vn 0.0176 0.9998 -0.0038
vn 0.0003 0.9901 -0.1404
vn 0.0108 0.9815 -0.1910
vn -0.0121 0.9681 -0.2504
vn -0.0000 -0.9900 0.1409
vn -0.0000 -0.9899 0.1416
vn 0.0344 -0.9943 -0.1010
vn -0.0000 -0.9879 -0.1549
vn 0.0450 -0.6965 -0.7161
vn 0.1416 -0.3523 -0.9251
vn 0.0716 -0.2061 -0.9759
vn 0.2148 -0.9736 0.0773
vn 0.2264 -0.9692 0.0967
vn -0.9164 0.3961 -0.0574
vn 0.3611 -0.2399 -0.9011
vn -0.6544 -0.7530 0.0690
vn -0.0577 -0.2136 0.9752
vn -0.0308 -0.2238 0.9742
vn -0.0962 -0.1988 0.9753
vn -0.2776 0.2280 0.9332
vn -0.1046 0.8929 -0.4380
vn -0.6383 -0.3626 -0.6791
vn 0.2754 0.3518 -0.8946
vn -0.0012 -0.9962 -0.0871
vn 0.0528 -0.9965 -0.0655
vn -0.0000 -0.9932 -0.1167
vn -0.7090 -0.0293 -0.7046
vn 0.0395 -0.9976 -0.0568
vn 0.0098 -0.9840 -0.1779
vn 0.0023 -0.9101 -0.4144
vn 0.3355 0.1789 -0.9249
vn 0.6822 0.3031 0.6653
vn 0.6851 0.3080 0.6601
vn -0.5730 -0.0639 0.8170
vn -0.0194 -0.8392 -0.5435
vn -0.0036 -0.8854 0.4648
vn 0.2570 -0.5617 0.7864
vn 0.2624 -0.5644 0.7827
vn 0.2808 -0.5619 0.7781
vn -0.1274 -0.5697 0.8119
vn 0.0061 -0.4495 -0.8932
vn -0.0207 -0.9253 -0.3787
vn 0.0833 -0.6161 -0.7833
vn 0.0800 -0.7186 -0.6908
vn 0.0196 -0.6799 -0.7331
vn 0.0652 -0.7096 -0.7016
vn -0.0302 0.1399 -0.9897
vn -0.0515 0.1134 -0.9922
vn 0.0981 0.2586 0.9610
vn 0.3604 0.8453 0.3944
vn 0.3784 0.8656 0.3280
vn 0.2574 0.8284 0.4975
vn -0.5583 0.3879 -0.7334
vn -0.4905 0.4059 -0.7711
vn -0.6151 0.3699 -0.6963
vn 0.1621 0.3759 -0.9124
vn 0.2296 0.3382 -0.9126
vn 0.2589 0.3183 -0.9119
vn -0.0566 -0.5540 -0.8306
vn 0.0172 -0.9937 0.1109
vn 0.4363 -0.8997 0.0157
vn -0.1341 -0.1838 0.9738
vn -0.1151 0.3321 0.9362
vn 0.0042 -0.1891 0.9819
vn 0.0421 -0.1474 0.9882
vn 0.2517 0.8193 0.5151
vn 0.0658 0.7322 0.6779
vn -0.9680 -0.0467 0.2465
vn -0.7994 0.0400 0.5994
vn -0.8497 -0.0249 0.5267
vn -0.8147 0.0133 0.5797
vn -0.8692 -0.0491 0.4920
vn -0.8727 -0.0534 0.4852
vn 0.1199 -0.0312 0.9923
vn -0.0003 0.3708 -0.9287
vn -0.0120 0.4059 -0.9139
vn -0.0232 -0.0490 0.9985
vn 0.1307 0.7369 0.6633
vn 0.3421 0.9091 0.2378
vn -0.9515 -0.1129 0.2862
vn -0.9470 0.3155 -0.0610
vn 0.7894 0.4565 -0.4105
vn 0.7616 0.5102 -0.3996
vn 0.7817 0.4862 -0.3906
vn 0.0351 0.6211 0.7829
vn 0.0311 0.6889 0.7242
vn 0.0154 0.8554 -0.5177
vn -0.3018 0.2599 0.9173
vn -0.3492 0.5163 0.7820
vn -0.1363 0.0463 0.9896
vn -0.0773 -0.0963 0.9923
vn -0.0401 0.5539 0.8316
vn -0.4950 0.1197 0.8606
vn 0.7895 0.3898 -0.4741
vn -0.1605 0.1071 -0.9812
vn -0.1555 0.1955 -0.9683
vn -0.1443 0.0704 -0.9870
vn 0.6680 0.4586 -0.5861
vn 0.7103 0.3973 -0.5811
vn 0.7126 0.4437 -0.5435
vn 0.6315 0.3566 -0.6885
vn 0.0037 -0.6689 -0.7433
vn 0.2835 -0.5246 0.8028
vn 0.4468 0.8789 -0.1670
vn -0.9871 -0.1374 0.0820
vn 0.3339 0.2720 -0.9025
vn 0.6613 0.4583 -0.5938
vn 0.0206 0.4909 0.8710
vn 0.1159 0.4802 0.8695
vn -0.8536 -0.2093 0.4770
vn 0.2961 0.7915 -0.5347
vn 0.3054 0.7910 -0.5301
vn 0.3225 0.6952 -0.6424
vn -0.1107 0.0107 -0.9938
vn 0.1501 -0.7119 0.6861
vn 0.1035 -0.1989 -0.9745
vn 0.0115 0.6683 -0.7438
vn -0.0032 0.6832 -0.7302
vn 0.0081 0.6717 -0.7408
vn -0.0072 0.6871 -0.7265
vn -0.0111 -0.9234 -0.3837
vn 0.2845 -0.7927 0.5392
vn -0.9391 -0.3343 0.0794
vn 0.2353 -0.0143 0.9718
vn -0.8499 0.4749 0.2285
vn -0.9282 0.3339 -0.1641
vn -0.0047 -0.9354 -0.3536
vn 0.0214 -0.9851 -0.1707
vn 0.0354 -0.9887 -0.1459
vn -0.1355 -0.0265 0.9904
vn -0.0267 -0.2232 0.9744
vn 0.2979 0.9383 -0.1753
vn 0.3246 0.6688 -0.6689
vn 0.9268 0.3747 -0.0253
vn -0.0658 0.0278 -0.9974
vn 0.7066 0.3771 -0.5987
vn -0.0094 0.3930 -0.9195
vn -0.0108 -0.5968 -0.8024
vn -0.0096 -0.5910 -0.8066
vn 0.3228 -0.4488 -0.8333
vn 0.4443 -0.4273 -0.7874
vn 0.3973 -0.4367 -0.8071
vn 0.0128 -0.0883 0.9960
vn 0.0865 0.2380 -0.9674
vn 0.1706 0.3302 -0.9283
vn 0.0591 0.2076 -0.9764
vn -0.6528 0.0937 -0.7517
vn -0.7714 -0.0006 -0.6363
vn -0.7399 0.0267 -0.6721
vn -0.7851 -0.0132 -0.6192
vn -0.0035 0.5009 -0.8655
vn 0.0169 0.4934 -0.8697
vn 0.0212 0.4918 -0.8705
vn 0.0447 0.4828 -0.8746
vn -0.6939 0.3399 -0.6349
vn 0.0150 0.2131 -0.9769
vn 0.0324 -0.9993 -0.0199
vn 0.0441 -0.9990 -0.0077
vn 0.0504 -0.9326 0.3575
vn 0.0591 -0.9197 0.3882
vn 0.0598 -0.9207 0.3856
vn 0.5083 -0.4123 -0.7561
vn -0.2879 -0.2626 -0.9209
vn -0.8664 0.1015 0.4890
vn 0.2830 -0.5108 0.8118
vn -0.0299 -0.4653 0.8846
vn 0.1806 0.3410 -0.9225
vn -0.8076 -0.2515 -0.5334
vn -0.7590 -0.2630 -0.5956
vn -0.6784 -0.2881 -0.6758
vn 0.0207 0.9785 -0.2054
vn 0.0047 -0.1561 -0.9877
vn -0.0134 -0.1659 -0.9860
vn -0.0042 -0.1609 -0.9870
vn -0.1948 -0.2579 0.9463
vn -0.1564 -0.1354 0.9784
vn -0.1422 -0.1153 0.9831
vn 0.2678 -0.0028 0.9635
vn 0.0695 0.6081 0.7908
vn 0.0327 -0.1429 -0.9892
vn -0.0348 0.0133 -0.9993
vn -0.0023 -0.5332 -0.8460
vn 0.1069 -0.6246 -0.7736
vn 0.0240 -0.5565 -0.8305
vn 0.1374 -0.6477 -0.7494
vn -0.6681 -0.1689 -0.7247
vn -0.9435 -0.2452 -0.2229
vn 0.4886 -0.7022 0.5178
vn 0.0519 -0.1345 0.9895
vn 0.0135 0.1245 0.9921
vn -0.5524 0.0241 -0.8333
vn -0.5199 0.0135 -0.8541
vn -0.3812 -0.0061 -0.9245
vn 0.4785 0.2660 -0.8368
vn 0.5275 0.2630 -0.8078
vn -0.0101 0.1623 -0.9867
vn 0.0063 -0.1822 -0.9832
vn -0.0062 -0.1715 -0.9852
vn -0.0016 -0.1731 -0.9849
vn -0.1072 -0.0288 0.9938
vn 0.0246 0.0508 0.9984
vn 0.2863 0.8139 -0.5056
vn -0.5780 -0.2747 -0.7684
vn -0.5703 -0.2725 -0.7749
vn -0.0421 0.0316 -0.9986
vn 0.0381 0.6701 0.7413
vn -0.0035 -0.5951 -0.8036
vn -0.0272 -0.1720 -0.9847
vn -0.6693 -0.7190 -0.1871
vn 0.0228 0.6943 0.7193
vn 0.0960 0.6540 0.7504
vn 0.0624 0.6732 0.7368
vn 0.7700 0.3820 -0.5111
vn 0.7626 0.3919 -0.5146
vn 0.0227 0.7605 0.6490
vn 0.0042 0.3532 -0.9355
vn 0.0050 0.3408 -0.9401
vn 0.0187 -0.8964 -0.4429
vn 0.0330 -0.8868 -0.4609
vn 0.0129 -0.8997 -0.4364
vn -0.1288 0.0606 0.9898
vn 0.0236 0.9532 0.3013
vn 0.0159 0.9396 0.3419
vn 0.0151 0.9386 0.3447
vn 0.0273 -0.6385 -0.7692
vn 0.0225 -0.6440 -0.7647
vn 0.0064 -0.5358 -0.8443
vn -0.0438 -0.9567 0.2877
vn 0.1008 -0.0250 0.9946
vn -0.7296 -0.1391 0.6696
vn -0.8171 -0.4583 0.3498
vn -0.8379 -0.4523 0.3054
vn -0.8824 -0.4261 0.1996
vn -0.0271 -0.0147 0.9995
vn -0.1209 -0.0113 0.9926
vn -0.0200 -0.0103 0.9997
vn 0.4606 0.0805 0.8840
vn 0.6004 -0.0094 0.7997
vn 0.5149 0.0471 0.8560
vn 0.6102 0.6278 0.4832
vn -0.3708 -0.5881 0.7188
vn -0.1575 0.0556 0.9859
vn -0.1028 0.0270 0.9943
vn -0.8755 -0.4049 0.2636
vn 0.3695 -0.7989 0.4747
vn -0.7845 -0.4690 0.4056
vn -0.3771 0.0296 0.9257
vn 0.0550 0.0076 0.9985
vn 0.1478 -0.0474 0.9879
vn 0.0833 -0.0117 0.9965
vn 0.6675 0.0724 0.7411
vn 0.2929 -0.4964 0.8172
vn 0.0726 0.0728 0.9947
vn 0.4209 0.1652 0.8919
vn 0.5160 -0.6237 0.5871
vn 0.5477 -0.6038 0.5792
vn 0.5585 -0.5967 0.5762
vn 0.5768 -0.5843 0.5709
vn -0.0682 0.0370 0.9970
vn -0.1675 -0.0151 0.9858
vn -0.1134 0.0133 0.9935
vn -0.9792 0.1456 0.1416
vn -0.9991 -0.0399 -0.0149
vn -0.9989 -0.0029 0.0476
vn 0.9456 0.1082 0.3068
vn 0.9938 -0.0572 -0.0949
vn 0.9209 -0.3659 -0.1343
vn 0.7483 0.6156 0.2472
vn -0.1602 0.7260 0.6687
vn -0.1712 0.7300 0.6616
vn -0.1648 0.7277 0.6658
vn 0.3732 0.0108 0.9277
vn -0.7729 -0.4797 0.4153
vn 0.0813 0.0080 0.9967
vn -0.9701 0.1626 0.1801
vn -0.4572 -0.4602 0.7611
vn 0.1951 -0.2255 0.9545
vn 0.2383 -0.2611 0.9354
vn 0.2371 -0.2064 0.9493
vn 0.0416 -0.6441 0.7638
vn -0.1056 -0.3696 0.9232
vn -0.1540 0.7238 0.6726
vn 0.3187 0.0143 0.9478
vn -0.4484 0.3148 0.8365
vn 0.6151 -0.4183 0.6683
vn 0.6452 -0.0413 0.7629
vn -0.7204 0.3283 0.6109
vn -0.7052 0.3827 0.5969
vn -0.7117 0.3605 0.6029
vn 0.0046 0.5362 0.8440
vn 0.1052 0.5575 0.8235
vn 0.0347 0.5573 0.8296
vn -0.2030 -0.3559 -0.9122
vn -0.0983 0.2013 0.9746
vn 0.4453 -0.6812 0.5811
vn 0.4110 -0.7150 0.5656
vn 0.4806 -0.6433 0.5960
vn 0.5626 -0.7330 0.3824
vn 0.3565 -0.7629 0.5393
vn 0.6456 -0.5864 -0.4893
vn 0.1440 -0.1122 0.9832
vn -0.2610 -0.0034 0.9653
vn -0.0758 -0.7712 0.6321
vn -0.1609 -0.7688 0.6189
vn -0.1453 -0.7697 0.6217
vn 0.3311 0.5141 0.7913
vn -0.0802 0.4696 0.8792
vn -0.0588 0.5056 0.8608
vn -0.4782 -0.5147 0.7116
vn -0.5046 -0.4860 0.7136
vn -0.4763 -0.5168 0.7114
vn 0.2159 0.1940 0.9569
vn -0.0467 0.0481 0.9978
vn -0.9332 0.2920 0.2092
vn 0.0461 0.0321 -0.9984
vn 0.0250 -0.2627 -0.9646
vn 0.0238 -0.0735 -0.9970
vn -0.0081 0.7717 0.6360
vn 0.0139 -0.1510 -0.9884
vn 0.0605 -0.9320 0.3573
vn 0.3997 -0.9093 -0.1157
vn -0.2971 -0.9471 0.1210
vn 0.1042 0.3582 0.9278
vn -0.9108 0.1864 0.3683
vn -0.8809 0.2260 0.4158
vn -0.8927 0.2112 0.3981
vn 0.2742 -0.9607 0.0432
vn 0.2639 -0.2238 0.9382
vn 0.5206 0.8445 -0.1257
vn 0.7148 0.2121 -0.6664
vn 0.4828 -0.8562 -0.1836
vn -0.0636 -0.9053 0.4201
vn 0.0505 -0.3546 0.9337
vn 0.0437 -0.3832 0.9226
vn 0.0438 -0.3839 0.9223
vn 0.1704 0.8380 0.5184
vn 0.0203 0.9797 0.1993
vn 0.0319 0.9779 -0.2065
vn 0.0100 0.6779 -0.7351
vn -0.0364 0.2438 0.9692
vn 0.0141 0.1216 0.9925
vn -0.0005 0.1551 0.9879
vn 0.3390 -0.7088 0.6186
vn 0.2434 -0.6821 0.6896
vn -0.0370 -0.7704 0.6365
vn 0.5636 -0.1380 0.8144
vn -0.1751 -0.4205 0.8903
vn -0.1615 -0.3795 0.9110
vn -0.1682 -0.3996 0.9012
vn 0.8060 -0.0414 0.5904
vn 0.7692 0.0068 0.6390
vn 0.8203 -0.1629 0.5482
vn -0.6955 0.4130 0.5880
vn 0.0058 -0.1869 -0.9824
vn -0.4950 0.1487 -0.8561
vn -0.5020 0.2149 -0.8378
vn -0.5033 0.2315 -0.8325
vn 0.4109 -0.8591 0.3052
vn -0.4486 -0.5452 0.7082
vn -0.6847 0.0088 0.7287
vn -0.6730 -0.1303 0.7281
vn -0.6867 0.0104 0.7269
vn 0.7857 -0.2746 0.5543
vn 0.1238 -0.2080 0.9703
vn -0.0351 0.1095 -0.9934
vn -0.0372 0.1021 -0.9941
vn -0.2213 0.4633 -0.8581
vn -0.2061 0.4518 -0.8680
vn -0.2555 0.4888 -0.8342
vn -0.7423 -0.3549 0.5684
vn 0.2693 -0.6353 0.7238
vn -0.5935 -0.7830 0.1861
vn -0.7274 -0.6599 0.1882
vn -0.6342 -0.7522 0.1787
vn -0.1925 -0.4736 0.8595
vn -0.3749 0.2309 0.8979
vn -0.1454 0.1687 0.9749
vn 0.1577 0.9811 0.1119
vn 0.1266 0.9914 0.0340
vn 0.1624 0.9789 0.1239
vn 0.0363 -0.3698 -0.9284
vn 0.0449 -0.3830 -0.9226
vn 0.0854 0.9955 0.0420
vn 0.7036 0.3973 -0.5891
vn 0.7211 0.4006 -0.5653
vn 0.1405 0.0377 0.9894
vn 0.4864 0.1597 -0.8590
vn -0.6704 -0.1328 0.7301
vn -0.6427 -0.2616 0.7200
vn 0.5998 -0.7883 -0.1374
vn 0.9925 0.0371 0.1167
vn 0.9920 0.0291 0.1227
vn 0.9926 0.0388 0.1154
vn -0.0100 -0.1735 -0.9848
vn 0.0033 -0.1571 -0.9876
vn -0.0183 -0.1803 -0.9834
vn -0.1992 -0.8781 -0.4350
vn 0.4661 -0.7446 -0.4778
vn -0.8744 -0.0436 0.4833
vn -0.8744 -0.0437 0.4833
vn -0.8748 -0.0458 0.4824
vn 0.4043 -0.7354 0.5439
vn 0.0464 -0.3795 0.9240
vn -0.1019 -0.3722 0.9225
vn -0.0216 -0.3526 0.9355
vn -0.0880 -0.4115 0.9071
vn -0.0496 -0.6596 0.7500
vn -0.0787 -0.6621 0.7453
vn -0.1220 -0.6647 0.7371
vn 0.1810 -0.9477 -0.2628
vn 0.1486 0.6502 -0.7451
vn 0.1511 0.6499 -0.7448
vn 0.1415 0.6340 -0.7603
vn 0.0156 -0.2998 -0.9539
vn -0.3509 0.9359 0.0309
vn -0.7104 0.6929 -0.1236
vn 0.0863 0.0157 -0.9961
vn -0.5128 0.4555 -0.7277
vn -0.0503 0.7844 0.6182
vn 0.0232 -0.9617 0.2731
vn -0.6448 -0.7526 -0.1338
vn -0.6846 -0.7228 -0.0940
vn -0.7191 -0.6926 -0.0568
vn -0.7656 -0.6433 -0.0011
vn 0.0724 -0.4464 0.8919
vn -0.3298 -0.1808 0.9266
vn -0.3303 -0.9354 0.1264
vn 0.3257 -0.9182 -0.2252
vn 0.4672 -0.8354 -0.2896
vn 0.4367 -0.8115 -0.3883
vn 0.4494 -0.8290 -0.3328
vn -0.6284 -0.7230 -0.2870
vn 0.7459 -0.5062 0.4329
vn 0.0982 0.9868 -0.1289
vn 0.2180 0.9752 -0.0386
vn 0.1172 0.9835 -0.1379
vn 0.0355 0.0404 -0.9986
vn -0.0598 -0.6314 -0.7731
vn -0.0143 -0.5696 -0.8218
vn -0.0724 -0.6147 -0.7854
vn -0.1366 -0.8533 -0.5032
vn -0.9591 -0.0140 -0.2826
vn -0.6782 0.0704 0.7315
vn 0.0846 -0.4553 -0.8863
vn -0.0061 -0.5560 -0.8311
vn 0.5099 -0.8602 -0.0083
vn 0.4797 -0.8768 0.0331
vn 0.4775 -0.8779 0.0360
vn 0.4280 -0.8147 -0.3914
vn 0.2926 -0.2265 -0.9290
vn 0.1881 -0.2266 -0.9556
vn 0.1710 -0.1978 -0.9652
vn -0.4511 -0.8720 0.1902
vn -0.3640 -0.9145 0.1766
vn -0.4435 -0.8748 0.1948
vn 0.5376 -0.5240 0.6606
vn 0.5535 -0.5134 0.6557
vn 0.5322 -0.5275 0.6622
vn -0.5184 0.0010 -0.8551
vn -0.0678 -0.9371 0.3425
vn -0.7721 -0.6320 -0.0662
vn -0.7605 -0.6458 -0.0678
vn -0.8302 -0.5545 -0.0570
vn -0.7636 0.6179 0.1874
vn -0.7391 0.6475 0.1859
vn -0.7137 0.6773 0.1786
vn 0.1218 0.9923 0.0222
vn 0.4367 -0.8952 0.0888
vn 0.1355 -0.1678 0.9765
vn 0.6722 -0.7345 -0.0926
vn 0.6690 -0.7365 -0.1004
vn 0.6672 -0.7384 -0.0976
vn -0.1185 0.9764 0.1807
vn 0.5700 -0.8207 0.0390
vn -0.6895 -0.7202 -0.0766
vn -0.8640 0.4885 -0.1218
vn -0.7793 0.5941 0.1992
vn -0.8892 -0.3114 -0.3353
vn 0.4239 -0.8354 -0.3499
vn 0.0064 0.9490 -0.3151
vn -0.6086 -0.2511 -0.7527
vn -0.7008 -0.2800 -0.6561
vn -0.6552 -0.2658 -0.7072
vn 0.7052 -0.3905 0.5918
vn -0.0422 0.0137 0.9990
vn -0.0132 0.7122 0.7019
vn -0.0355 0.9391 -0.3419
vn 0.0925 0.9554 -0.2805
vn 0.0222 0.9481 -0.3171
vn -0.1006 -0.6208 -0.7775
vn 0.4951 -0.6987 0.5164
vn -0.1673 -0.6661 0.7268
vn 0.1692 -0.9727 0.1589
vn 0.5498 -0.1345 0.8244
vn -0.6672 0.2317 -0.7079
vn 0.1208 -0.4385 -0.8906
vn -0.8979 0.1636 0.4086
vn -0.9028 0.1612 0.3988
vn -0.9338 0.1440 0.3276
vn -0.0032 0.1626 -0.9867
vn 0.0082 0.1446 -0.9894
vn 0.0078 0.1531 -0.9882
vn 0.1233 -0.9852 0.1192
vn -0.3049 0.1155 0.9454
vn -0.0493 0.2711 0.9613
vn -0.9218 0.1700 0.3484
vn 0.0309 0.9761 -0.2153
vn 0.6276 -0.0310 0.7779
vn -0.8799 -0.3419 0.3299
vn -0.8761 -0.3298 0.3516
vn -0.8734 -0.3219 0.3655
vn 0.2812 -0.9046 0.3205
vn 0.9929 0.0458 0.1102
vn 0.4883 0.2567 -0.8341
vn 0.3480 0.2446 -0.9050
vn 0.5167 0.2584 -0.8163
vn -0.4851 -0.0756 0.8712
vn -0.8692 -0.3108 0.3846
vn -0.1620 -0.1638 0.9731
vn 0.3405 0.9291 -0.1444
vn -0.9838 0.0035 0.1791
vn 0.3205 0.2416 -0.9159
vn 0.0182 0.9371 -0.3485
vn 0.0125 0.6811 -0.7321
vn 0.0328 -0.4970 -0.8671
vn -0.0377 -0.4910 -0.8703
vn 0.0406 -0.4975 -0.8665
vn -0.5073 0.2968 -0.8090
vn -0.8738 -0.0407 0.4845
vn -0.1945 -0.4193 0.8868
vn -0.9408 0.1395 0.3090
vn 0.4107 0.1082 0.9053
vn -0.0826 -0.8223 0.5630
vn -0.0529 -0.8429 0.5355
vn 0.0161 -0.9043 0.4266
vn -0.0439 0.2690 0.9621
vn -0.2994 0.0407 -0.9533
vn 0.0007 -0.0441 -0.9990
vn 0.0260 -0.9997 -0.0018
vn 0.0219 -0.9634 0.2670
vn -0.2699 0.4993 -0.8233
vn 0.5488 -0.6288 -0.5508
vn 0.5468 -0.5949 -0.5891
vn 0.5478 -0.6093 -0.5733
vn 0.0921 -0.5797 -0.8096
vn -0.4646 -0.6164 -0.6358
vn -0.9866 0.1611 -0.0269
vn -0.9870 0.1570 -0.0344
vn -0.9868 0.1588 -0.0311
vn -0.4908 -0.0707 -0.8684
vn 0.0069 -0.7658 -0.6431
vn 0.9575 0.2195 0.1874
vn 0.9459 0.2388 0.2195
vn 0.9533 0.2269 0.1996
vn -0.3559 0.3932 -0.8478
vn 0.3560 -0.3259 0.8758
vn -0.8041 0.0054 -0.5944
vn -0.8019 0.0414 -0.5960
vn -0.7992 0.0299 -0.6004
vn -0.6010 -0.1954 -0.7750
vn 0.2490 0.0167 -0.9684
vn 0.2296 0.0307 -0.9728
vn 0.2716 0.0004 -0.9624
vn 0.0187 0.0673 -0.9976
vn -0.0032 0.7232 0.6906
vn 0.1110 -0.5008 -0.8584
vn -0.9575 -0.1878 -0.2190
vn 0.1992 -0.9694 -0.1434
vn 0.0926 -0.9874 -0.1280
vn 0.1053 -0.9836 -0.1466
vn -0.0009 -0.9967 -0.0808
vn -0.1853 -0.9801 -0.0714
vn -0.8812 0.0974 -0.4625
vn -0.8709 0.0921 -0.4828
vn -0.3576 0.0555 -0.9322
vn -0.3392 0.0423 -0.9397
vn -0.3451 0.0465 -0.9374
vn 0.2079 0.0461 -0.9771
vn 0.0384 0.7327 0.6794
vn 0.0166 0.9810 0.1931
vn 0.0045 0.3411 -0.9400
vn 0.0216 -0.8665 -0.4986
vn -0.0154 -0.9985 -0.0524
vn 0.6258 -0.6833 0.3761
vn -0.9864 0.1627 -0.0240
vn 0.1631 0.9247 -0.3441
vn 0.0127 -0.4992 -0.8664
vn 0.5491 -0.6413 -0.5359
vn -0.3565 -0.9343 -0.0053
vn -0.3855 -0.9215 0.0476
vn -0.3185 -0.9453 -0.0712
vn -0.4252 -0.8965 0.1245
vn -0.0473 0.1475 -0.9879
vn -0.0391 0.1507 -0.9878
vn 0.9365 0.2529 0.2430
vn -0.2639 0.9374 0.2274
vn -0.0982 0.9928 -0.0680
vn 0.0240 -0.9997 0.0073
vn 0.0333 0.2652 0.9636
vn 0.0337 0.1620 0.9862
vn 0.0509 0.2319 0.9714
vn 0.3394 0.1429 -0.9297
vn 0.9208 -0.3860 0.0561
vn -0.0991 -0.4835 -0.8697
vn -0.3640 0.0601 -0.9295
vn -0.0172 0.1509 0.9884
vn -0.0124 0.1601 0.9870
vn -0.2684 0.0680 -0.9609
vn 0.0093 -0.0247 -0.9997
vn -0.5537 -0.0937 -0.8274
vn -0.7358 0.1047 -0.6690
vn 0.3935 -0.6658 -0.6339
vn 0.0025 0.8729 0.4879
vn 0.0314 0.9224 -0.3850
vn 0.0140 -0.5133 -0.8581
vn 0.0197 -0.8639 -0.5033
vn 0.0040 -0.9253 0.3793
vn 0.8921 0.0890 -0.4430
vn -0.5809 -0.4304 -0.6909
vn -0.1090 0.6972 -0.7085
vn -0.0057 0.1740 0.9847
vn -0.0021 -0.1316 -0.9913
vn -0.0031 -0.1328 -0.9911
vn -0.0037 -0.1335 -0.9910
vn -0.0049 -0.1349 -0.9908
vn -0.3026 0.7105 -0.6353
vn -0.0095 0.6291 0.7773
vn -0.0244 0.5912 0.8062
vn -0.0003 0.6371 0.7708
vn 0.0177 0.7396 -0.6728
vn 0.3364 -0.2192 -0.9159
vn 0.3396 -0.2190 -0.9147
vn 0.3406 -0.2190 -0.9144
vn 0.3417 -0.2189 -0.9140
vn 0.0352 0.9197 -0.3911
vn 0.0134 0.6682 -0.7438
vn 0.0991 -0.3815 -0.9190
vn 0.0681 -0.4111 -0.9091
vn -0.0000 -0.4211 -0.9070
vn -0.0637 -0.4098 -0.9100
vn 0.0210 0.9165 0.3994
vn -0.3093 -0.5159 -0.7989
vn -0.4218 0.8409 -0.3391
vn 0.0254 0.9802 0.1963
vn -0.0246 -0.9326 0.3601
vn 0.0008 -0.7662 0.6426
vn -0.0190 -0.6605 0.7506
vn -0.0128 -0.6924 0.7214
vn -0.0513 0.1274 0.9905
vn -0.0256 0.5876 0.8087
vn 0.0067 -0.8856 -0.4643
vn -0.5921 -0.3180 -0.7405
vn 0.0186 0.9971 -0.0733
vn 0.0126 0.9960 -0.0885
vn 0.0133 0.9962 -0.0866
vn -0.0006 0.2994 -0.9541
vn 0.0258 -0.9877 0.1542
vn 0.0340 -0.8072 0.5892
vn -0.1012 -0.3764 -0.9209
vn -0.4235 0.1066 -0.8996
vn 0.0032 0.9791 0.2035
vn -0.0439 -0.5226 0.8514
vn 0.0100 -0.9811 0.1931
vn 0.0040 -0.7844 0.6203
vn 0.1340 -0.9861 -0.0987
vn 0.0075 0.6516 0.7586
vn 0.0281 -0.9210 -0.3885
vn -0.0071 -0.3353 -0.9421
vn 0.0231 0.1479 0.9887
vn 0.0062 0.7550 -0.6557
vn 0.0194 0.4763 0.8791
vn 0.0117 -0.0208 -0.9997
vn 0.0222 -0.8157 0.5781
vn 0.6724 -0.7346 -0.0905
vn -0.5684 -0.2381 -0.7876
vn -0.0451 0.8838 0.4657
vn -0.0633 0.8963 0.4388
vn -0.1280 0.9273 0.3518
vn 0.5011 -0.7236 -0.4747
vn 0.1253 -0.5650 -0.8155
vn 0.0268 0.9901 0.1374
vn 0.0227 0.1461 0.9890
vn 0.6827 -0.7259 -0.0835
vn 0.9752 0.0483 0.2160
vn 0.0573 -0.1665 -0.9844
vn -0.1047 -0.7984 -0.5929
vn -0.0777 -0.8145 -0.5749
vn -0.1919 -0.7695 -0.6091
vn -0.4099 -0.7029 -0.5812
vn -0.8177 0.2625 0.5123
vn -0.8020 0.2803 0.5275
vn -0.7814 0.3542 0.5138
vn -0.1139 0.3485 0.9304
vn 0.4390 -0.6705 -0.5981
vn 0.9547 0.2969 -0.0202
vn -0.0123 -0.8146 -0.5799
vn 0.6619 -0.4677 0.5859
vn -0.6931 0.6948 0.1921
vn 0.0586 0.5113 -0.8574
vn 0.5871 -0.3083 -0.7485
vn 0.0194 0.9973 -0.0714
vn -0.5960 -0.1434 0.7900
vn 0.5577 -0.5599 0.6128
vn 0.0244 -0.3636 0.9312
vn 0.0783 -0.1237 0.9892
vn 0.0129 -0.3847 0.9230
vn -0.1572 -0.9719 0.1750
vn -0.6036 0.2910 -0.7422
vn 0.0534 0.7349 0.6761
vn 0.0458 0.7219 0.6905
vn 0.0284 -0.9874 0.1554
vn 0.0277 -0.3988 0.9166
vn -0.0033 0.9319 -0.3626
vn 0.3990 -0.5561 -0.7291
vn -0.8050 0.1675 -0.5692
vn -0.8136 0.1800 -0.5529
vn -0.8144 0.2730 -0.5121
vn -0.7730 0.3322 -0.5405
vn 0.9166 0.1473 -0.3717
vn 0.0468 0.4672 -0.8829
vn 0.0442 0.4626 -0.8855
vn 0.0378 0.4512 -0.8916
vn -0.5148 -0.8056 0.2933
vn -0.7355 0.4577 0.4996
vn 0.4827 -0.6345 0.6037
vn 0.3908 -0.8112 0.4350
vn 0.3584 -0.8265 0.4341
vn 0.3054 -0.8891 0.3408
vn -0.0958 0.4002 0.9114
vn 0.0167 0.8769 -0.4803
vn 0.0233 0.8620 -0.5063
vn -0.1940 -0.4030 -0.8944
vn -0.2674 -0.4558 -0.8489
vn -0.2460 -0.2442 -0.9380
vn 0.6471 0.1746 -0.7422
vn 0.6255 0.0748 -0.7766
vn 0.6254 0.0743 -0.7767
vn -0.5825 -0.7294 -0.3587
vn 0.5071 -0.5433 0.6691
vn -0.4672 0.6640 0.5838
vn 0.2373 -0.6841 -0.6897
vn 0.1009 -0.0897 0.9908
vn 0.0109 -0.1397 -0.9901
vn -0.2315 -0.7326 -0.6400
vn -0.6455 0.6016 -0.4704
vn -0.3729 -0.0425 -0.9269
vn -0.3325 -0.0479 -0.9419
vn -0.3724 -0.0377 -0.9273
vn 0.4237 -0.6602 0.6202
vn -0.2231 0.7951 0.5639
vn -0.3724 0.7156 0.5909
vn -0.2909 0.7487 0.5957
vn -0.0565 0.4578 0.8873
vn 0.0092 0.9990 -0.0430
vn 0.0030 -0.9185 -0.3955
vn 0.0351 0.4462 -0.8942
vn -0.2299 -0.4571 -0.8592
vn -0.6978 0.1037 -0.7088
vn 0.6996 -0.6080 0.3754
vn 0.7312 -0.5770 0.3638
vn 0.6924 -0.6157 0.3762
vn 0.7204 -0.5893 0.3657
vn -0.1656 -0.3572 -0.9192
vn 0.2581 -0.0903 -0.9619
vn 0.2285 -0.1112 -0.9672
vn 0.3172 -0.0475 -0.9472
vn 0.6664 0.1504 0.7302
vn 0.0169 0.2527 -0.9674
vn -0.6207 -0.3253 -0.7134
vn 0.5715 -0.7119 0.4083
vn 0.0973 -0.9411 -0.3237
vn -0.6455 0.5825 0.4940
vn -0.5578 0.6515 0.5141
vn -0.0446 0.9543 -0.2954
vn -0.0372 0.6142 -0.7883
vn 0.0149 0.0204 -0.9997
vn 0.0097 0.0095 -0.9999
vn 0.0264 -0.7644 -0.6443
vn 0.5062 -0.7506 0.4248
vn 0.5832 -0.7415 -0.3317
vn 0.5570 -0.7521 -0.3522
vn 0.5448 -0.7566 -0.3615
vn 0.0325 -0.5715 0.8200
vn 0.0427 -0.5476 0.8356
vn -0.0024 -0.6431 0.7658
vn -0.1666 0.8929 0.4183
vn -0.0171 0.9602 -0.2787
vn 0.2757 -0.9101 -0.3094
vn -0.0578 0.1028 0.9930
vn 0.5337 -0.7605 -0.3698
vn 0.9335 0.0085 -0.3586
vn -0.0195 -0.6921 0.7215
vn 0.4788 -0.0256 0.8776
vn 0.4912 -0.0307 0.8705
vn 0.6230 -0.0578 -0.7801
vn 0.6308 -0.0637 -0.7733
vn 0.6232 -0.0612 -0.7797
vn 0.0231 -0.2163 -0.9761
vn -0.7097 -0.6353 -0.3046
vn -0.7190 -0.6690 -0.1881
vn -0.7342 -0.5954 -0.3262
vn -0.1729 -0.2456 -0.9538
vn 0.3518 0.2690 -0.8966
vn -0.5143 0.7110 0.4796
vn -0.7650 -0.5443 -0.3443
vn 0.6587 -0.0704 -0.7491
vn -0.0315 -0.7847 0.6190
vn -0.2483 -0.1786 0.9521
vn -0.1606 -0.1993 0.9667
vn -0.2606 -0.1515 0.9535
vn 0.0039 0.9973 -0.0733
vn 0.0105 0.7665 -0.6421
vn -0.0008 -0.4773 0.8787
vn -0.0038 -0.4673 0.8841
vn -0.3975 -0.7081 -0.5836
vn -0.0056 0.4086 0.9127
vn 0.9820 -0.1140 0.1506
vn 0.0147 -0.9879 -0.1541
vn -0.0306 -0.1617 -0.9864
vn 0.9271 -0.3631 -0.0927
vn 0.8995 -0.4169 0.1305
vn 0.9071 -0.4210 -0.0015
vn 0.9336 -0.3187 -0.1638
vn 0.3780 0.7386 -0.5582
vn -0.0602 0.6455 -0.7614
vn -0.1959 0.4144 0.8887
vn -0.5828 -0.0280 0.8121
vn -0.0896 0.4572 -0.8849
vn -0.7810 0.5934 -0.1949
vn -0.0365 -0.8283 0.5591
vn -0.1704 0.8856 0.4320
vn 0.3387 -0.0316 -0.9403
vn -0.3519 -0.0680 0.9336
vn 0.9852 -0.1209 0.1216
vn 0.0005 -0.2412 -0.9705
vn 0.0181 -0.8602 0.5097
vn 0.5958 -0.0286 -0.8026
vn 0.4245 -0.2902 -0.8576
vn 0.4254 -0.2923 -0.8565
vn 0.4269 -0.2959 -0.8545
vn -0.7248 0.3801 -0.5747
vn -0.7755 0.1464 0.6141
vn -0.8009 0.1859 0.5693
vn -0.7389 0.0956 0.6670
vn -0.9909 0.0614 0.1196
vn 0.9683 -0.0551 -0.2436
vn 0.0169 -0.4580 -0.8888
vn 0.0455 -0.9769 -0.2087
vn 0.0100 0.5162 0.8564
vn 0.0066 0.5167 -0.8561
vn 0.0045 0.5237 -0.8519
vn 0.0307 0.4087 -0.9122
vn 0.0172 -0.8641 0.5030
vn -0.1499 -0.2504 -0.9565
vn -0.2337 -0.2335 -0.9438
vn -0.2968 -0.2194 -0.9294
vn -0.0482 0.3072 -0.9504
vn -0.0408 0.2476 -0.9680
vn 0.0288 0.2118 -0.9769
vn -0.7165 0.0672 0.6943
vn 0.0194 0.2465 -0.9690
vn -0.7982 -0.4958 -0.3422
vn -0.7616 0.2378 -0.6028
vn -0.5887 0.7210 -0.3656
vn -0.5576 0.7988 -0.2259
vn -0.5749 0.7628 -0.2960
vn -0.3591 -0.8759 0.3222
vn -0.5959 -0.6490 0.4730
vn -0.3616 -0.0227 0.9321
vn 0.0947 0.8159 0.5703
vn 0.0922 0.2946 -0.9511
vn -0.7871 0.0550 -0.6143
vn -0.1405 -0.0264 -0.9897
vn 0.0345 -0.7646 -0.6436
vn 0.9798 -0.1631 0.1158
vn 0.9800 -0.1560 0.1240
vn 0.9798 -0.1616 0.1176
vn -0.3848 -0.1975 -0.9016
vn 0.0078 0.7545 -0.6563
vn 0.4668 -0.3826 -0.7973
vn 0.4121 -0.4403 -0.7977
vn 0.5063 -0.3549 -0.7860
vn -0.7718 -0.2458 0.5864
vn -0.9042 -0.3924 0.1689
vn -0.9297 -0.2735 0.2469
vn -0.9132 -0.3598 0.1912
vn -0.2901 0.0308 -0.9565
vn 0.9800 -0.1538 0.1264
vn -0.5946 0.6954 -0.4036
vn -0.5124 0.1558 -0.8445
vn -0.8797 -0.4601 0.1202
vn 0.6917 -0.0927 -0.7162
vn 0.6761 -0.0859 -0.7318
vn 0.0703 -0.9870 -0.1448
vn 0.9331 -0.2623 -0.2460
vn -0.5233 0.4186 -0.7422
vn -0.4864 0.5708 -0.6615
vn -0.5060 0.4998 -0.7029
vn -0.9884 0.0530 0.1426
vn 0.0073 0.3703 -0.9289
vn -0.1302 -0.3978 -0.9082
vn -0.1322 -0.3981 -0.9078
vn -0.1298 -0.3978 -0.9083
vn 0.4277 -0.2978 -0.8534
vn -0.5345 0.3473 -0.7705
vn -0.9359 0.3403 -0.0913
vn -0.0609 0.5040 0.8616
vn -0.1157 0.4705 0.8748
vn -0.0046 -0.0063 -1.0000
vn -0.1264 -0.3972 -0.9090
vn -0.9976 -0.0119 0.0680
vn -0.9661 0.1241 0.2265
vn -0.9972 0.0747 0.0038
vn -0.4206 -0.8814 -0.2150
vn -0.1611 -0.9284 -0.3348
vn -0.0931 0.3796 -0.9205
vn -0.7859 0.0542 -0.6160
vn 0.0746 -0.9888 -0.1292
vn 0.9252 -0.2556 -0.2807
vn -0.9371 0.2509 0.2428
vn -0.0321 0.0788 -0.9964
vn -0.0563 0.1054 -0.9928
vn -0.0481 0.0964 -0.9942
vn -0.9608 -0.2442 -0.1310
vn -0.9636 -0.2393 -0.1191
vn -0.9505 -0.2598 -0.1703
vn 0.1577 0.9114 0.3801
vn 0.1554 0.9149 0.3726
vn 0.1471 0.9267 0.3458
vn -0.9748 -0.2149 -0.0599
vn -0.7296 -0.4688 -0.4979
vn -0.7927 0.4070 -0.4538
vn 0.1089 0.5374 -0.8363
vn 0.1082 0.5383 -0.8358
vn 0.1079 0.5387 -0.8355
vn 0.0371 0.2023 -0.9786
vn 0.1438 0.9313 0.3348
vn 0.0669 0.9758 -0.2083
vn 0.0918 0.9831 -0.1583
vn 0.1335 0.9884 -0.0719
vn 0.1614 0.9868 -0.0126
vn -0.4349 0.0339 0.8998
vn 0.2715 0.8897 0.3671
vn -0.0819 0.1334 -0.9877
vn -0.1706 -0.0337 -0.9848
vn -0.8778 0.0884 0.4708
vn -0.6237 0.1795 -0.7608
vn 0.1175 -0.5648 -0.8168
vn 0.0452 -0.7199 -0.6926
vn 0.0471 -0.7106 -0.7020
vn -0.5046 -0.5266 -0.6842
vn -0.9988 -0.0206 -0.0451
vn 0.0392 0.9690 -0.2438
vn 0.0421 0.9677 -0.2487
vn 0.9402 -0.0830 0.3303
vn 0.9346 -0.0901 0.3440
vn 0.9376 -0.0877 0.3366
vn 0.0994 0.7818 -0.6156
vn 0.3478 0.9077 -0.2349
vn 0.3583 0.8997 -0.2493
vn 0.3706 0.8898 -0.2664
vn -0.1369 0.0143 -0.9905
vn -0.0704 0.0017 -0.9975
vn -0.7255 -0.0030 0.6882
vn 0.3408 0.9127 -0.2254
vn 0.1093 0.5368 -0.8366
vn 0.8146 -0.0725 0.5754
vn 0.0897 0.7640 -0.6389
vn 0.0908 0.7721 -0.6289
vn 0.0876 0.7474 -0.6586
vn 0.5737 -0.3446 -0.7431
vn -0.5278 -0.2088 -0.8233
vn -0.5804 -0.2037 -0.7884
vn -0.5816 -0.1395 -0.8014
vn -0.2899 -0.3069 -0.9065
vn -0.2834 0.2080 -0.9362
vn -0.2769 0.1954 -0.9408
vn -0.2854 0.2118 -0.9347
vn 0.0385 -0.2663 -0.9631
vn 0.5874 -0.3589 -0.7253
vn -0.4278 -0.2294 -0.8743
vn -0.5754 -0.1158 -0.8096
vn -0.9892 0.0908 0.1149
vn -0.9898 0.0595 0.1296
vn -0.9906 0.0747 0.1146
vn 0.1939 0.9666 -0.1678
vn -0.0092 0.4607 -0.8875
vn -0.2959 0.2323 -0.9265
vn 0.0855 0.7318 -0.6761
vn 0.0578 -0.1882 -0.9804
vn -0.9807 0.0402 -0.1915
vn 0.9791 -0.1036 -0.1747
vn 0.9770 -0.1112 -0.1820
vn 0.9760 -0.1127 -0.1862
vn 0.1334 -0.2069 -0.9692
vn 0.1106 -0.1705 -0.9791
vn -0.0112 0.4776 -0.8785
vn -0.6103 -0.0421 -0.7910
vn -0.8643 0.0436 -0.5010
vn -0.8732 0.0419 -0.4856
vn -0.8653 0.0425 -0.4994
vn -0.0327 0.0026 0.9995
vn -0.1061 -0.0090 0.9943
vn -0.0912 -0.0067 0.9958
vn -0.6295 0.0890 0.7719
vn -0.5970 0.0436 0.8010
vn -0.6051 -0.0089 0.7961
vn -0.0241 0.0039 0.9997
vn 0.4256 -0.0347 0.9043
vn 0.4065 -0.0298 0.9131
vn 0.4105 -0.0296 0.9114
vn 0.6555 -0.0200 0.7550
vn 0.7288 -0.0597 0.6821
vn 0.6598 -0.0211 0.7512
vn 0.5450 -0.0506 -0.8369
vn 0.5382 -0.0525 -0.8412
vn 0.5671 -0.0598 -0.8215
vn -0.9012 0.0673 -0.4281
vn 0.6062 0.6382 -0.4746
vn 0.9972 0.0485 -0.0577
vn -0.0312 -0.0552 0.9980
vn 0.0531 0.0147 0.9985
vn 0.1481 0.0898 0.9849
vn -0.6462 0.0086 -0.7631
vn 0.5954 -0.0435 0.8022
vn -0.6254 0.1057 0.7731
vn -0.7042 0.0688 0.7067
vn 0.0476 -0.1776 0.9830
vn -0.1586 0.0360 0.9867
vn 0.9660 0.0630 0.2507
vn -0.7031 0.1811 -0.6876
vn -0.0065 0.3771 -0.9261
vn 0.5445 0.3547 -0.7600
vn 0.5482 0.3509 -0.7592
vn 0.5488 0.3503 -0.7590
vn 0.0555 -0.0416 0.9976
vn 0.2870 0.0908 0.9536
vn 0.9533 -0.0878 0.2890
vn 0.9497 -0.0784 -0.3032
vn -0.9963 0.0756 0.0401
vn -0.0968 -0.1910 -0.9768
vn -0.5417 -0.8246 0.1630
vn 0.5516 0.3473 -0.7584
vn 0.9290 0.2731 -0.2497
vn 0.9298 0.2705 -0.2496
vn 0.9301 0.2700 -0.2489
vn 0.1369 0.0159 -0.9905
vn 0.8160 -0.4267 0.3900
vn 0.0932 0.3342 0.9379
vn -0.6820 -0.2400 -0.6909
vn -0.7562 -0.3621 -0.5450
vn -0.7224 -0.2767 -0.6337
vn 0.9790 -0.0697 0.1914
vn 0.9912 -0.0204 0.1305
vn 0.9879 -0.0371 0.1507
vn 0.7161 0.2264 0.6602
vn 0.7887 0.0976 0.6069
vn 0.7578 0.1408 0.6372
vn -0.1999 0.2039 0.9584
vn -0.1204 0.1543 0.9807
vn -0.1624 0.1508 0.9751
vn -0.0482 0.7052 0.7074
vn 0.3499 -0.9130 0.2096
vn -0.6622 -0.7302 -0.1681
vn -0.6796 -0.1739 -0.7127
vn -0.6799 -0.1713 -0.7130
vn -0.6791 -0.1779 -0.7122
vn 0.9305 0.2666 -0.2511
vn 0.8945 0.3163 -0.3160
vn 0.9963 -0.0478 0.0712
vn 0.9949 -0.0712 0.0711
vn 0.9940 -0.0282 0.1059
vn 0.9911 -0.0089 0.1330
vn -0.3022 0.2518 0.9194
vn -0.1779 0.0970 0.9792
vn -0.0833 0.0367 0.9958
vn 0.6962 0.6539 0.2962
vn -0.1840 0.1331 0.9739
vn -0.2586 0.0155 0.9659
vn 0.8469 -0.5310 0.0280
vn 0.7506 -0.6165 -0.2376
vn 0.9579 -0.0824 0.2750
vn 0.5851 -0.0477 -0.8096
vn 0.0081 0.9186 -0.3951
vn 0.0267 0.9308 -0.3645
vn 0.0604 0.9496 -0.3077
vn 0.1540 -0.8959 0.4167
vn 0.9659 -0.0922 -0.2419
vn 0.9405 -0.1294 -0.3142
vn 0.9917 -0.0323 -0.1247
vn 0.9930 -0.0244 0.1154
vn 0.0060 -0.1304 0.9914
vn -0.0000 -0.1230 0.9924
vn -0.1946 0.1486 0.9696
vn -0.1885 0.1172 0.9750
vn -0.2176 0.1519 0.9642
vn -0.0000 0.2749 0.9615
vn 0.3139 0.5375 0.7827
vn -0.4666 0.0172 0.8843
vn 0.9506 0.0915 0.2967
vn -0.3201 -0.0068 -0.9474
vn 0.3312 -0.7846 -0.5241
vn 0.2726 -0.7846 -0.5568
vn 0.2425 -0.7833 -0.5724
vn -0.2151 0.7038 0.6771
vn -0.2193 0.6988 0.6808
vn -0.2180 0.7004 0.6796
vn -0.0170 -0.4545 -0.8906
vn 0.0747 0.9562 -0.2829
vn -0.7675 -0.3690 -0.5242
vn -0.7570 -0.4069 -0.5113
vn -0.5108 0.0686 -0.8570
vn -0.6921 0.0250 -0.7213
vn -0.0507 -0.0061 -0.9987
vn -0.3003 0.0238 -0.9535
vn -0.2810 -0.9514 0.1260
vn 0.8720 0.0716 0.4842
vn 0.8615 0.0647 0.5036
vn -0.9882 0.0759 0.1330
vn -0.5656 -0.5782 -0.5880
vn -0.6787 -0.1807 -0.7118
vn 0.1277 0.0411 -0.9910
vn 0.8601 -0.3937 -0.3245
vn -0.4728 0.0591 -0.8792
vn -0.8789 0.0697 -0.4719
vn 0.3639 -0.7830 -0.5045
vn -0.1386 -0.9029 -0.4069
vn 0.3480 0.1206 0.9297
vn -0.5634 -0.2069 -0.7998
vn 0.6030 -0.0200 -0.7975
vn 0.6723 -0.1475 -0.7254
vn 0.6592 -0.0896 -0.7466
vn 0.5788 0.0041 -0.8154
vn 0.6902 -0.3426 -0.6374
vn 0.6552 -0.3817 -0.6519
vn 0.6939 -0.2946 -0.6570
vn -0.5644 -0.0445 0.8243
vn -0.0218 -0.4189 -0.9078
vn -0.2224 0.6952 0.6836
vn -0.6351 0.6599 0.4015
vn -0.2116 0.0563 0.9757
vn 0.4253 0.2056 0.8814
vn -0.6835 0.6201 -0.3852
vn 0.5084 0.0892 -0.8565
vn 0.0147 0.0009 0.9999
vn -0.5202 -0.0509 0.8525
vn -0.1287 -0.0040 -0.9917
vn -0.7229 0.6698 0.1695
vn -0.7327 0.6693 0.1231
vn -0.7255 0.6698 0.1582
vn -0.3042 -0.5919 -0.7464
vn -0.2801 -0.5655 -0.7758
vn -0.2647 -0.5484 -0.7932
vn 0.1124 0.0799 -0.9904
vn 0.0132 0.1068 -0.9942
vn 0.0444 0.0984 -0.9942
vn 0.6156 -0.0537 0.7862
vn 0.9332 -0.0916 -0.3476
vn -0.6956 0.3125 0.6469
vn -0.7595 0.2640 0.5946
vn -0.6356 0.3618 0.6820
vn 0.0051 0.0284 0.9996
vn 0.9868 0.1613 0.0143
vn 0.6559 -0.0558 0.7528
vn -0.9818 0.0169 0.1894
vn -0.6900 0.1636 -0.7051
vn -0.6840 0.1565 -0.7125
vn -0.6866 0.1596 -0.7093
vn -0.6675 0.1374 -0.7319
vn -0.7360 0.6688 0.1053
vn 0.7568 -0.0105 -0.6535
vn -0.5304 0.0087 -0.8477
vn -0.4850 0.0705 -0.8717
vn -0.5154 0.0297 -0.8565
vn -0.4656 0.0957 -0.8798
vn 0.9961 -0.0134 -0.0873
vn 0.6886 -0.0479 -0.7236
vn 0.6984 -0.0491 -0.7140
vn -0.8680 0.0509 -0.4940
vn 0.1563 0.0676 -0.9854
vn -0.8488 0.2132 0.4838
vn 0.5102 -0.5126 0.6906
vn 0.2058 0.1638 -0.9648
vn 0.2231 0.0676 -0.9725
vn 0.2113 0.1343 -0.9681
vn -0.2417 -0.5225 -0.8177
vn -0.2861 0.9562 -0.0624
vn -0.2909 0.9551 -0.0553
vn -0.3632 0.9311 -0.0331
vn -0.9406 0.1294 0.3138
vn -0.9496 0.1186 0.2902
vn -0.8933 0.1685 0.4166
vn -0.0107 0.0212 0.9997
vn 0.7619 0.1843 -0.6209
vn 0.7478 0.2242 -0.6249
vn 0.1934 0.2262 -0.9547
vn -0.3649 0.9303 -0.0366
vn 0.1232 -0.1128 0.9859
vn 0.2104 -0.1475 0.9664
vn 0.1427 -0.1206 0.9824
vn -0.9625 0.0636 0.2638
vn -0.9749 -0.0336 0.2199
vn -0.1850 -0.2686 0.9453
vn -0.1488 -0.3117 0.9385
vn -0.0609 -0.3120 0.9481
vn 0.1098 0.0650 -0.9918
vn -0.4754 0.8796 0.0151
vn 0.0926 -0.1005 0.9906
vn -0.0817 0.1032 0.9913
vn -0.1049 0.0555 0.9929
vn -0.1641 -0.0697 0.9840
vn -0.1262 0.7312 -0.6704
vn -0.1120 0.7434 -0.6594
vn -0.1225 0.7344 -0.6676
vn -0.5448 -0.0915 0.8336
vn 0.6703 -0.0289 0.7416
vn 0.7112 0.1023 -0.6956
vn -0.1374 0.7213 -0.6788
vn 0.2414 -0.6942 0.6781
vn -0.3094 -0.1303 0.9420
vn -0.8193 0.0131 -0.5732
vn -0.8136 -0.0132 -0.5813
vn -0.8179 0.1170 -0.5633
vn 0.9058 -0.0362 0.4222
vn 0.9111 -0.0608 0.4077
vn -0.0459 -0.0141 -0.9988
vn -0.9795 0.1146 -0.1657
vn -0.9975 0.0683 0.0155
vn -0.9966 0.0777 -0.0261
vn -0.8836 0.4667 0.0373
vn 0.5824 -0.0105 0.8129
vn 0.3003 -0.0194 -0.9537
vn 0.3099 -0.0066 -0.9507
vn 0.2648 -0.0301 -0.9638
vn -0.4191 -0.7370 0.5303
vn 0.7196 0.2679 -0.6406
vn -0.3454 0.0044 -0.9384
vn -0.0998 0.4117 -0.9058
vn -0.1041 0.4062 -0.9078
vn -0.1023 0.4085 -0.9070
vn -0.9086 0.3409 -0.2412
vn 0.0195 0.0308 0.9993
vn 0.2747 0.1620 0.9478
vn 0.8321 -0.0840 -0.5483
vn 0.8366 -0.0805 -0.5419
vn 0.8067 -0.0804 -0.5855
vn -0.8255 0.0481 -0.5623
vn -0.5849 0.6143 -0.5297
vn -0.9744 0.1985 -0.1058
vn -0.9618 0.2274 -0.1523
vn -0.9864 0.1588 -0.0432
vn -0.6707 -0.7311 -0.1253
vn -0.6699 -0.7313 -0.1282
vn -0.6703 -0.7312 -0.1267
vn -0.3661 -0.0289 0.9301
vn -0.3789 0.2832 0.8810
vn -0.3027 0.2704 0.9139
vn -0.2762 0.2656 0.9237
vn -0.2657 0.2636 0.9273
vn 0.0548 -0.7830 0.6196
vn 0.8703 -0.3921 0.2979
vn 0.8689 -0.4215 0.2595
vn 0.8671 -0.4381 0.2370
vn -0.1005 -0.5051 0.8572
vn -0.0466 -0.5018 0.8638
vn -0.1554 -0.5069 0.8479
vn 0.8699 -0.3662 0.3304
vn 0.9879 -0.0683 -0.1396
vn 0.9749 -0.0254 -0.2210
vn -0.1232 0.0270 -0.9920
vn -0.1021 -0.0109 -0.9947
vn -0.1126 0.0080 -0.9936
vn -0.0898 -0.0329 -0.9954
vn 0.1086 -0.9388 0.3270
vn -0.6716 -0.7309 -0.1216
vn 0.8425 0.4640 0.2738
vn 0.7796 -0.0181 -0.6260
vn -0.0975 0.4147 -0.9047
vn -0.5558 0.0563 0.8294
vn -0.5136 0.0722 0.8550
vn -0.3871 0.0453 0.9209
vn -0.9932 0.1133 0.0273
vn 0.0427 0.0210 0.9989
vn -0.1916 -0.1297 0.9729
vn -0.2256 -0.5070 0.8319
vn 0.0940 0.0728 -0.9929
vn 0.5538 0.0021 0.8327
vn 0.9020 -0.0184 0.4313
vn 0.9029 -0.0179 0.4295
vn 0.4271 0.0533 0.9026
vn 0.1618 -0.9845 -0.0682
vn -0.2784 -0.1047 0.9547
vn -0.2707 -0.1276 0.9542
vn -0.2818 -0.0999 0.9543
vn 0.6855 -0.4206 -0.5943
vn -0.1887 -0.9798 -0.0659
vn -0.1501 -0.9880 -0.0379
vn -0.2221 -0.9708 -0.0904
vn -0.3482 0.0084 -0.9374
vn -0.9971 0.0676 0.0354
vn -0.9975 0.0660 0.0249
vn -0.9977 -0.0313 -0.0600
vn -0.9989 -0.0265 -0.0381
vn -0.9937 -0.0393 0.1047
vn -0.0841 0.3061 0.9483
vn 0.1907 0.0137 0.9815
vn 0.1942 0.0163 0.9808
vn 0.1463 0.0176 0.9891
vn 0.5296 0.8453 0.0714
vn 0.5493 0.8233 0.1434
vn 0.5562 0.8299 0.0433
vn 0.1646 -0.3434 -0.9247
vn 0.2709 -0.4812 -0.8337
vn 0.1796 -0.4059 -0.8961
vn -0.8394 -0.1061 -0.5331
vn 0.7838 0.0479 -0.6191
vn 0.5842 -0.0074 0.8116
vn -0.8325 0.0860 0.5473
vn -0.8982 0.0698 0.4340
vn -0.8291 0.0792 0.5535
vn -0.3101 0.0188 0.9505
vn -0.0502 -0.8624 -0.5038
vn -0.1824 -0.7954 -0.5780
vn -0.1044 -0.8378 -0.5358
vn -0.9186 0.3834 0.0961
vn -0.9215 0.3780 0.0890
vn -0.9011 0.4124 0.1341
vn -0.2844 -0.9489 -0.1364
vn 0.8976 0.4395 -0.0339
vn -0.2327 -0.7633 -0.6027
vn -0.0000 1.0000 -0.0000
vn 0.6850 -0.0000 -0.7286
vn 0.6873 -0.0000 -0.7264
vn 0.6869 -0.0000 -0.7268
vn 0.6889 -0.0000 -0.7248
vn 0.7964 0.1759 0.5786
vn 0.9645 0.1609 0.2095
vn 0.7504 0.6573 -0.0693
vn 0.1687 0.0094 0.9856
vn -0.8836 -0.0957 -0.4584
vn 0.8921 -0.0143 0.4516
vn -0.9040 0.0674 0.4221
vn -0.4312 -0.0010 0.9023
vn -0.1729 0.0132 0.9848
vn -0.9888 -0.0820 0.1246
vn -0.0327 0.0389 0.9987
vn 0.2272 -0.1763 0.9578
vn -0.0034 -0.0000 1.0000
vn -0.1136 0.0827 0.9901
vn -0.1496 0.1062 0.9830
vn -0.1137 0.0827 0.9901
vn -0.1532 0.1079 0.9823
vn -0.9333 0.3543 0.0589
vn -0.2462 -0.0621 0.9672
vn 0.0535 0.0154 0.9985
vn 0.5001 0.8199 0.2786
vn 0.5285 0.8370 -0.1417
vn 0.4833 0.2486 -0.8394
vn 0.0938 0.0727 -0.9929
vn -0.5378 -0.2412 -0.8078
vn 0.9650 -0.0305 -0.2604
vn 0.6888 -0.0535 -0.7229
vn -0.8150 0.0497 -0.5773
vn -0.4343 0.0215 0.9005
vn 0.7896 0.0862 -0.6075
vn -0.4937 0.0258 -0.8692
vn -0.4785 0.0266 -0.8777
vn 0.3849 0.2466 0.8894
vn 0.0553 -0.0633 0.9965
vn 0.6074 0.5398 0.5829
vn -0.2820 0.3227 0.9035
vn -0.2976 -0.0497 0.9534
vn -0.6823 -0.1833 0.7077
vn -0.5608 -0.2277 0.7960
vn -0.6691 -0.1874 0.7192
vn 0.4533 0.4259 -0.7830
vn 0.1050 -0.1973 -0.9747
vn 0.9981 -0.0097 -0.0603
vn 0.9978 -0.0116 -0.0654
vn 0.8384 0.4892 -0.2404
vn -0.1494 -0.0765 0.9858
vn -0.1184 -0.0601 0.9911
vn -0.1065 -0.1135 0.9878
vn -0.0756 -0.0477 0.9960
vn -0.1374 -0.1223 0.9829
vn -0.5425 -0.2337 0.8069
vn -0.6178 -0.2048 0.7592
vn 0.9984 -0.0282 0.0487
vn -0.9965 0.0658 -0.0507
vn -0.2110 0.0834 -0.9739
vn -0.2671 0.1128 -0.9571
vn -0.3051 0.1039 -0.9467
vn -0.1562 0.1087 0.9817
vn -0.3339 0.1154 -0.9355
vn -0.2265 -0.2100 0.9511
vn -0.1844 -0.1721 0.9677
vn -0.2085 -0.1938 0.9586
vn -0.9832 -0.1571 0.0928
vn -0.9835 -0.1431 0.1112
vn -0.2397 -0.2219 0.9451
vn 0.2674 0.1528 0.9514
vn 0.7813 0.1078 -0.6147
vn 0.5880 -0.0062 0.8088
vn 0.9978 -0.0272 0.0602
vn 0.6668 -0.0632 -0.7425
vn -0.2664 -0.0843 -0.9602
vn -0.2823 -0.0653 -0.9571
vn -0.2502 -0.1034 -0.9627
vn 0.8866 -0.4626 0.0034
vn 0.9028 -0.4241 0.0719
vn 0.8893 -0.4571 0.0134
vn 0.9583 -0.2537 0.1318
vn 0.6166 -0.0322 -0.7866
vn -0.3352 0.3176 -0.8870
vn -0.3946 -0.5683 -0.7220
vn -0.3481 -0.6107 -0.7112
vn -0.3628 -0.6096 -0.7048
vn 0.1036 -0.1331 -0.9857
vn -0.2047 0.0290 -0.9784
vn -0.2328 -0.1236 -0.9646
vn -0.0735 0.4784 -0.8751
vn -0.9482 -0.2238 0.2253
vn -0.9306 -0.2418 0.2750
vn -0.9687 -0.1964 0.1520
vn -0.3464 0.0794 -0.9347
vn -0.0956 -0.2649 -0.9595
vn -0.1506 -0.2300 -0.9615
vn -0.1591 -0.2879 -0.9444
vn 0.2113 -0.1389 0.9675
vn 0.1945 -0.1565 0.9683
vn 0.1353 -0.1696 0.9762
vn -0.2484 -0.2132 0.9449
vn -0.2454 -0.2122 0.9459
vn -0.2628 -0.2004 0.9438
vn -0.4015 -0.5018 -0.7662
vn 0.9143 -0.0055 0.4051
vn 0.0766 0.0125 -0.9970
vn 0.0683 0.0154 -0.9975
vn -0.9787 -0.1775 0.1027
vn 0.1680 0.0808 0.9825
vn -0.5427 0.0109 0.8399
vn 0.8584 -0.5064 -0.0819
vn -0.9658 0.2592 -0.0061
vn -0.9621 0.2713 -0.0268
vn -0.9672 0.2542 0.0025
vn 0.1598 -0.1982 0.9671
vn 0.9448 -0.0587 -0.3222
vn 0.9638 -0.0214 -0.2659
vn 0.9693 -0.0073 -0.2457
vn 0.6146 -0.0222 0.7885
vn 0.7644 -0.0309 -0.6440
vn 0.7181 0.0013 -0.6959
vn -0.9945 0.0357 -0.0990
vn -0.8632 0.2729 -0.4247
vn -0.7637 0.1836 0.6189
vn -0.7668 0.1959 0.6113
vn -0.7622 0.1916 0.6183
vn 0.6430 -0.0124 -0.7657
vn -0.9693 0.2452 0.0177
vn 0.0509 -0.0864 0.9950
vn -0.7138 -0.1455 -0.6851
vn -0.6412 -0.1943 -0.7424
vn -0.7276 -0.1409 -0.6714
vn 0.2707 0.2455 -0.9308
vn 0.6046 -0.0123 0.7964
vn 0.9129 -0.0029 -0.4082
vn 0.9145 -0.0045 -0.4046
vn 0.9253 -0.0134 -0.3790
vn -0.8589 0.0217 0.5117
vn -0.8783 0.0110 0.4781
vn -0.8496 0.2015 -0.4874
vn -0.8688 0.1662 -0.4664
vn -0.8415 0.2155 -0.4955
vn -0.7231 0.0501 -0.6889
vn -0.6014 0.0670 0.7961
vn -0.6220 0.0995 0.7767
vn -0.5547 -0.0014 0.8321
vn -0.6758 -0.1611 -0.7193
vn -0.6839 -0.5959 0.4208
vn 0.0471 -0.5941 0.8030
vn 0.6960 0.4834 0.5310
vn 0.6727 0.4901 0.5543
vn 0.7567 0.4618 0.4627
vn 0.9367 -0.0676 -0.3437
vn -0.9035 0.0131 0.4285
vn -0.6226 -0.2072 -0.7546
vn 0.8598 -0.2941 -0.4173
vn -0.7170 -0.6941 0.0647
vn -0.7424 -0.6686 0.0435
vn -0.7618 -0.6473 0.0265
vn -0.2169 -0.9762 0.0073
vn -0.2099 -0.9776 0.0137
vn -0.1987 -0.9798 0.0238
vn 0.7467 0.6587 0.0928
vn -0.3989 -0.4565 -0.7953
vn -0.0431 -0.2490 -0.9676
vn 0.3033 -0.9517 0.0466
vn 0.2345 -0.9721 0.0064
vn 0.1907 -0.9815 -0.0186
vn -0.2343 -0.9721 -0.0085
vn 0.1738 0.0438 0.9838
vn 0.6264 -0.0097 -0.7794
vn -0.9828 0.0336 -0.1817
vn -0.5488 -0.1207 0.8272
vn 0.7464 0.5229 -0.4116
vn 0.7468 0.5228 -0.4110
vn 0.7478 0.5227 -0.4094
vn 0.2216 -0.0196 -0.9749
vn -0.5341 -0.0296 0.8449
vn 0.0188 -0.1715 -0.9850
vn 0.1372 -0.9893 -0.0488
vn -0.8027 -0.5962 -0.0123
vn 0.2383 -0.0204 -0.9710
vn -0.7191 0.0391 -0.6938
vn -0.2537 -0.7707 -0.5845
vn -0.7520 -0.3354 -0.5674
vn -0.4997 -0.3206 0.8047
vn 0.2863 -0.2813 0.9159
vn 0.3055 -0.2826 0.9093
vn 0.4349 -0.2106 0.8755
vn -0.8404 0.1655 0.5161
vn -0.1701 -0.0524 0.9840
vn 0.1621 0.0331 0.9862
vn 0.7824 0.4505 0.4300
vn -0.8207 0.2487 -0.5143
vn -0.9404 -0.2773 -0.1970
vn 0.2560 -0.0067 -0.9667
vn -0.2208 -0.1292 0.9667
vn 0.1751 0.0913 0.9803
vn 0.9361 -0.0661 -0.3455
vn 0.9436 -0.0137 -0.3309
vn 0.0617 -0.4446 -0.8936
vn 0.1788 -0.4845 -0.8563
vn 0.1838 -0.4861 -0.8544
vn 0.4409 -0.1423 0.8862
vn 0.0943 -0.0048 0.9955
vn 0.0143 -0.9941 0.1074
vn -0.1810 -0.9713 -0.1544
vn -0.7727 0.0066 -0.6347
vn -0.9713 0.0199 -0.2372
vn 0.0051 -0.1226 -0.9924
vn -0.9113 0.4116 0.0148
vn -0.9262 0.3758 -0.0315
vn -0.9266 0.3745 -0.0331
vn -0.9356 0.3465 -0.0680
vn -0.5955 0.2143 0.7743
vn 0.6446 -0.1185 0.7553
vn 0.4859 0.3660 0.7937
vn 0.4823 0.3597 0.7987
vn 0.4544 0.2564 0.8531
vn 0.2322 -0.0115 -0.9726
vn -0.2075 0.0144 -0.9781
vn -0.2081 0.0324 -0.9776
vn -0.2100 0.0164 -0.9776
vn -0.4964 0.0196 -0.8679
vn -0.0768 -0.6217 -0.7795
vn -0.0620 -0.2728 0.9601
vn -0.0734 -0.1302 0.9888
vn -0.0276 -0.1995 0.9795
vn -0.8199 0.0754 0.5675
vn 0.6726 -0.7395 0.0269
vn 0.6354 -0.7713 -0.0361
vn 0.6481 -0.7614 -0.0154
vn -0.3103 0.1834 -0.9328
vn -0.4194 0.1525 -0.8949
vn -0.3175 0.1815 -0.9307
vn 0.7482 0.5226 -0.4088
vn 0.9850 -0.0680 0.1587
vn 0.6192 -0.0260 0.7848
vn 0.6087 -0.0075 -0.7934
vn -0.8559 0.0747 0.5117
vn -0.8683 0.0694 0.4911
vn -0.8915 -0.1840 0.4140
vn -0.8870 -0.1745 0.4275
vn -0.9268 -0.0566 0.3713
vn 0.0407 -0.4367 -0.8987
vn -0.0147 -0.1381 -0.9903
vn 0.0100 -0.1335 -0.9910
vn -0.0166 -0.2461 -0.9691
vn -0.2649 -0.4170 0.8695
vn -0.1120 -0.3990 0.9101
vn -0.2176 -0.4098 0.8859
vn -0.0725 -0.3942 0.9162
vn 0.1529 -0.1629 0.9747
vn 0.6128 -0.7870 -0.0713
vn 0.4330 0.1816 -0.8829
vn 0.3018 -0.0933 -0.9488
vn -0.6448 -0.0771 -0.7604
vn -0.2270 0.4107 0.8831
vn -0.2326 0.4138 0.8801
vn -0.2373 0.4165 0.8776
vn 0.7483 0.6612 0.0524
vn 0.7675 0.6309 0.1133
vn 0.7581 0.6470 0.0819
vn 0.1402 -0.2681 -0.9531
vn 0.9978 -0.0264 0.0615
vn 0.9494 -0.0184 -0.3135
vn -0.2609 0.1961 -0.9452
vn -0.1127 -0.0994 0.9886
vn -0.0676 -0.0522 0.9963
vn -0.1625 -0.4938 -0.8543
vn -0.1916 -0.4969 -0.8464
vn -0.3105 -0.4725 -0.8248
vn -0.2620 0.0053 -0.9651
vn -0.2167 -0.0106 -0.9762
vn -0.7710 0.0037 -0.6368
vn -0.0468 -0.0501 0.9976
vn 0.1797 0.0069 0.9837
vn -0.0264 -0.0110 0.9996
vn -0.9300 0.0290 -0.3664
vn -0.1370 -0.0246 -0.9903
vn -0.6304 0.1091 -0.7685
vn -0.0697 -0.0935 -0.9932
vn 0.0260 -0.0865 -0.9959
vn -0.4512 0.8895 -0.0718
vn -0.4405 0.8962 -0.0521
vn -0.4321 0.9011 -0.0368
vn -0.4225 0.9061 -0.0199
vn -0.2419 0.4191 0.8751
vn 0.7205 0.3187 -0.6159
vn 0.4492 0.2472 0.8586
vn 0.2453 0.2320 0.9413
vn 0.2525 0.2176 0.9428
vn 0.2640 0.2020 0.9431
vn 0.5809 -0.0109 -0.8139
vn -0.8742 -0.1243 0.4694
vn -0.1617 -0.0691 0.9844
vn -0.4099 -0.4400 0.7990
vn 0.8625 0.0061 -0.5060
vn -0.2053 0.5058 -0.8379
vn -0.4361 -0.3878 0.8121
vn -0.3358 -0.4649 -0.8192
vn 0.7365 0.6762 0.0196
vn 0.9333 -0.0101 0.3591
vn -0.9044 0.0055 0.4267
vn -0.4956 0.1649 -0.8528
vn -0.4885 0.2540 -0.8348
vn -0.4817 0.1856 -0.8564
vn 0.3074 0.1835 0.9337
vn 0.3053 0.1803 0.9350
vn 0.0799 -0.1365 0.9874
vn 0.0753 -0.1880 0.9793
vn 0.2215 -0.0284 0.9747
vn 0.8887 0.0936 0.4489
vn 0.0630 -0.0567 -0.9964
vn 0.0146 0.0136 0.9998
vn 0.0736 0.0044 -0.9973
vn 0.4253 -0.0560 0.9033
vn 0.7046 -0.7087 -0.0369
vn 0.6369 -0.7708 0.0141
vn 0.7172 -0.6952 -0.0471
vn 0.8871 -0.1852 -0.4229
vn -0.0491 -0.0184 0.9986
vn 0.9662 -0.2558 0.0325
vn 0.9847 -0.1710 0.0343
vn 0.9450 -0.3133 0.0935
vn 0.6700 -0.0043 0.7424
vn 0.6909 0.0030 0.7229
vn 0.6252 -0.0113 0.7804
vn 0.6485 0.0160 0.7611
vn 0.9872 0.0150 0.1587
vn 0.8552 0.0205 -0.5180
vn -0.8012 0.0261 0.5978
vn -0.9919 -0.0351 -0.1219
vn -0.0143 -0.1831 0.9830
vn -0.0337 -0.3321 0.9427
vn 0.7580 -0.6471 -0.0817
vn 0.2958 0.1895 -0.9362
vn 0.2768 0.2391 -0.9307
vn 0.2888 0.2081 -0.9345
vn 0.2697 0.2568 -0.9281
vn -0.3483 -0.4252 -0.8354
vn 0.9950 -0.0725 0.0685
vn 0.9914 0.0217 0.1291
vn 0.9932 0.0226 -0.1140
vn 0.9954 0.0272 -0.0921
vn 0.7989 0.0238 -0.6010
vn -0.8921 -0.0078 -0.4518
vn -0.1786 -0.0033 -0.9839
vn 0.9893 -0.0036 0.1457
vn 0.4196 0.0175 -0.9075
vn -0.9257 0.0045 0.3782
vn -0.9870 0.0427 -0.1549
vn -0.4829 0.3026 -0.8218
vn -0.8661 0.4739 0.1587
vn -0.9000 0.4263 0.0908
vn -0.9137 0.4022 0.0578
vn -0.2131 -0.0124 -0.9769
vn -0.6023 0.0136 -0.7982
vn -0.9422 0.3336 -0.0313
vn 0.8315 -0.5297 0.1675
vn 0.9204 -0.3812 0.0873
vn 0.9398 -0.3284 0.0949
vn 0.1594 0.0228 -0.9870
vn 0.2774 -0.8807 0.3838
vn -0.0123 -0.9998 -0.0152
vn 0.4234 -0.2072 -0.8819
vn 0.3988 -0.1709 -0.9010
vn 0.2347 -0.0810 -0.9687
vn 0.8270 0.1997 -0.5256
vn 0.7855 0.3048 -0.5385
vn 0.8188 0.2162 -0.5317
vn -0.5555 0.0047 -0.8315
vn -0.7263 -0.0370 -0.6863
vn -0.7260 -0.0322 -0.6870
vn -0.7243 -0.0135 -0.6893
vn -0.4712 -0.8716 -0.1352
vn 0.0947 0.0062 0.9955
vn 0.1943 0.2840 0.9389
vn 0.2443 -0.1581 -0.9567
vn -0.9807 -0.0076 0.1952
vn -0.4405 0.2211 0.8701
vn 0.2143 -0.0528 0.9753
vn 0.3627 0.0245 0.9316
vn 0.5548 0.0300 0.8314
vn 0.5339 0.0255 0.8452
vn 0.0504 -0.0028 -0.9987
vn -0.8437 0.5283 0.0955
vn -0.8596 0.4912 0.1408
vn -0.8729 0.4874 0.0233
vn 0.4680 0.2183 0.8563
vn 0.5218 0.8502 0.0694
vn 0.5173 0.8534 0.0644
vn 0.5224 0.8498 0.0700
vn 0.5272 0.8464 0.0753
vn 0.9638 -0.2602 0.0581
vn 0.7948 0.0299 -0.6061
vn -0.9611 0.0062 -0.2761
vn -0.9449 -0.0113 -0.3272
vn -0.9062 0.4225 0.0181
vn 0.0675 0.0527 0.9963
vn 0.0283 -0.4537 0.8907
vn 0.1084 0.1662 -0.9801
vn 0.1095 0.0733 -0.9913
vn 0.1113 0.0664 -0.9916
vn 0.6201 -0.7178 0.3165
vn 0.0856 -0.0483 0.9952
vn 0.0962 -0.0530 0.9940
vn 0.0954 -0.0534 0.9940
vn -0.0652 -0.1677 0.9837
vn 0.7186 0.1245 -0.6842
vn 0.7103 0.1247 -0.6928
vn 0.6400 0.0101 0.7683
vn 0.8797 0.0524 0.4726
vn 0.8867 0.0242 0.4617
vn 0.8848 0.0364 0.4645
vn 0.1002 0.0174 0.9948
vn 0.0830 0.2961 0.9515
vn 0.0922 0.3220 0.9422
vn 0.1376 0.1446 0.9799
vn 0.9789 -0.1962 0.0561
vn 0.9794 -0.1949 0.0537
vn 0.1267 0.0465 -0.9908
vn 0.4303 -0.2216 -0.8751
vn 0.1144 -0.0787 -0.9903
vn 0.6053 -0.7176 -0.3445
vn -0.7840 0.0576 0.6180
vn -0.5054 0.8628 -0.0133
vn -0.5207 0.8533 -0.0293
vn -0.5518 0.8316 -0.0627
vn 0.8134 -0.5485 0.1937
vn -0.0933 0.0084 -0.9956
vn 0.6296 0.1412 -0.7640
vn 0.1033 0.0922 -0.9904
vn 0.1306 -0.8458 0.5172
vn 0.2743 -0.8324 0.4816
vn 0.1773 -0.8024 0.5698
vn 0.3283 -0.0091 -0.9445
vn -0.8396 0.1338 -0.5264
vn 0.0612 -0.0347 -0.9975
vn 0.0460 -0.0917 -0.9947
vn 0.0538 -0.0378 -0.9978
vn -0.9693 0.2433 0.0353
vn -0.0412 -0.0045 0.9991
vn -0.4168 0.0971 0.9038
vn -0.4368 0.0582 0.8977
vn -0.4584 0.0257 0.8884
vn -0.4696 0.8826 0.0229
vn 0.5510 0.8265 -0.1155
vn 0.5169 0.8536 -0.0648
vn 0.5042 0.8623 -0.0466
vn -0.0927 -0.9895 -0.1113
vn -0.0975 -0.9952 -0.0122
vn -0.0938 -0.9914 -0.0913
vn 0.4016 -0.7718 0.4930
vn 0.9207 -0.0015 0.3904
vn 0.9123 0.0017 0.4096
vn 0.3121 -0.0065 -0.9500
vn -0.9206 0.0053 0.3904
vn -0.2380 -0.0104 -0.9712
vn -0.2399 0.0052 -0.9708
vn -0.2048 -0.0205 -0.9786
vn -0.3552 0.0441 -0.9338
vn 0.0883 -0.0100 -0.9960
vn 0.0920 -0.0925 0.9915
vn 0.1116 0.0550 0.9922
vn 0.1048 0.0538 0.9930
vn 0.3182 0.0702 0.9454
vn -0.2400 0.0146 0.9707
vn -0.4488 0.0148 0.8935
vn -0.3413 -0.0101 0.9399
vn -0.4454 -0.3353 0.8302
vn 0.0933 -0.3279 0.9401
vn 0.0707 -0.1050 0.9920
vn -0.2337 -0.9608 0.1493
vn -0.3179 -0.9393 0.1288
vn -0.2954 -0.9459 0.1344
vn 0.7296 -0.3253 -0.6015
vn 0.6559 -0.4577 -0.6003
vn 0.7051 -0.2727 -0.6545
vn 0.0681 0.1175 0.9907
vn 0.0604 0.0124 0.9981
vn 0.4552 0.8902 0.0201
vn 0.0884 0.0221 -0.9958
vn 0.6369 0.0031 0.7710
vn 0.1685 -0.9183 -0.3582
vn 0.9890 0.0079 -0.1476
vn -0.5603 0.0008 -0.8283
vn -0.0884 0.0443 0.9951
vn 0.0137 0.0720 0.9973
vn -0.1806 0.9630 0.1999
vn 0.0307 0.3046 -0.9520
vn -0.0377 0.3466 -0.9373
vn -0.0382 0.3272 -0.9442
vn -0.2112 0.0085 0.9774
vn -0.4948 0.5218 0.6949
vn -0.1662 -0.0886 0.9821
vn -0.1620 -0.0877 0.9829
vn -0.2090 -0.0037 0.9779
vn 0.3299 0.1607 0.9303
vn 0.0249 0.3000 -0.9536
vn -0.7819 -0.0068 0.6233
vn -0.6792 0.0463 0.7325
vn -0.7867 -0.0145 0.6172
vn -0.0433 -0.7148 0.6980
vn -0.9149 0.0124 -0.4036
vn -0.9981 0.0233 0.0570
vn -0.9902 0.0187 0.1386
vn -0.7277 -0.0561 -0.6836
vn -0.3809 0.9246 -0.0004
vn 0.2951 0.1072 0.9494
vn 0.0994 -0.0066 -0.9950
vn -0.1149 -0.1635 0.9798
vn 0.3068 0.1502 0.9399
vn -0.2060 -0.0242 -0.9782
vn 0.0635 0.1185 -0.9909
vn -0.6272 0.0215 -0.7786
vn -0.6429 0.0146 -0.7658
vn -0.6279 0.0269 -0.7778
vn 0.0728 -0.0932 0.9930
vn -0.6689 0.0497 0.7417
vn -0.1549 -0.0490 -0.9867
vn -0.1622 -0.0391 -0.9860
vn -0.3350 0.0276 -0.9418
vn 0.1985 0.1324 0.9711
vn -0.0155 0.0385 0.9991
vn -0.9918 0.1257 -0.0243
vn -0.2145 0.0247 0.9764
vn -0.2014 0.0031 0.9795
vn -0.0566 0.1662 0.9845
vn -0.5021 0.0014 0.8648
vn 0.0889 0.9907 -0.1029
vn 0.0195 0.9841 -0.1763
vn 0.0763 0.9903 -0.1165
vn 0.1053 0.1718 -0.9795
vn -0.0067 0.1523 0.9883
vn -0.0556 -0.0094 0.9984
vn -0.3516 -0.4803 0.8036
vn 0.1590 0.9869 -0.0267
vn 0.1170 0.2921 -0.9492
vn 0.8052 0.5196 0.2858
vn 0.3353 0.5626 -0.7557
vn 0.3471 0.5537 -0.7569
vn 0.3305 0.5662 -0.7551
vn -0.9947 0.0857 0.0568
vn -0.9886 0.1467 0.0330
vn -0.5401 0.0457 -0.8404
vn -0.5526 0.0361 -0.8326
vn 0.0917 0.1727 0.9807
vn 0.3195 0.5743 -0.7537
vn -0.5486 0.0277 -0.8356
vn 0.7042 0.7078 0.0553
vn 0.3169 0.1042 -0.9427
vn -0.5079 0.0042 0.8614
vn -0.2462 0.1184 0.9620
vn 0.1968 0.2309 0.9529
vn 0.1333 0.1119 0.9847
vn 0.1319 0.1121 0.9849
vn 0.1517 0.1093 0.9824
vn -0.1567 -0.0111 0.9876
vn -0.9582 0.2382 0.1588
vn 0.4597 0.2242 0.8593
vn -0.7361 0.1716 -0.6548
vn -0.0329 0.1726 -0.9844
vn -0.0540 0.1956 -0.9792
vn -0.0811 0.2339 -0.9689
vn -0.3425 0.1946 0.9192
vn 0.8317 0.5429 -0.1163
vn 0.1550 0.1088 0.9819
vn -0.9448 0.2594 0.2002
vn -0.3650 0.2255 0.9033
vn 0.9587 0.2843 0.0090
vn 0.9320 0.3575 0.0599
vn 0.9652 0.2614 -0.0067
vn -0.8987 0.4041 -0.1706
vn -0.5008 0.3109 -0.8078
vn -0.1729 0.2760 -0.9455
vn -0.1840 0.2791 -0.9425
vn 0.9820 0.1781 -0.0623
vn 0.9917 -0.0810 0.0999
vn -0.3567 0.2351 0.9041
vn -0.7430 0.4671 0.4793
vn 0.7662 0.2215 0.6032
vn -0.4419 -0.7257 0.5273
vn -0.2722 -0.8428 0.4644
vn -0.3629 -0.7645 0.5327
vn -0.5084 0.0063 -0.8611
vn -0.4707 0.0219 0.8820
vn -0.1014 -0.9787 0.1783
vn 0.3722 -0.4492 0.8122
vn 0.4788 -0.5826 0.6568
vn 0.5356 -0.4349 0.7238
vn 0.9046 -0.3577 -0.2318
vn 0.8721 -0.4625 -0.1598
vn 0.8996 -0.3783 -0.2183
vn -0.0865 -0.9720 -0.2183
vn 0.9734 -0.0049 -0.2290
vn 0.6867 0.0074 -0.7269
vn -0.6929 -0.7123 0.1119
vn -0.6941 -0.7114 0.1103
vn -0.6922 -0.7128 0.1129
vn 0.3857 -0.3244 0.8637
vn -0.9062 0.0107 -0.4228
vn -0.1039 -0.5789 0.8088
vn 0.6235 0.0102 -0.7817
vn -0.0895 0.0130 -0.9959
vn -0.5695 -0.5895 0.5729
vn 0.8770 -0.2518 0.4092
vn 0.8810 -0.2424 0.4062
vn 0.8811 -0.2422 0.4061
vn -0.4809 -0.0050 -0.8768
vn -1.0000 -0.0012 0.0026
vn -0.7839 -0.0306 0.6201
vn -0.7930 -0.5347 -0.2921
vn -0.7241 -0.6687 -0.1688
vn -0.7315 -0.6633 -0.1579
vn 0.8865 -0.2291 0.4019
vn 0.9178 -0.2831 -0.2784
vn 0.6460 -0.0069 -0.7633
vn -0.2624 -0.8252 -0.5002
vn -0.4424 -0.7512 -0.4899
vn -0.3709 -0.7038 -0.6059
vn 0.9916 0.1273 -0.0216
vn 0.9964 0.0345 -0.0770
vn 0.9922 0.0154 -0.1241
vn 0.3086 -0.0032 -0.9512
vn -0.5717 -0.7312 -0.3721
vn -0.4718 -0.6665 -0.5773
vn 0.9930 0.1180 -0.0053
vn 0.7392 -0.1693 -0.6519
vn -0.0493 -0.0129 -0.9987
vn -0.6911 -0.7136 0.1145
vn 0.2090 -0.3580 0.9100
vn -0.9246 -0.0071 -0.3809
vn -0.8034 -0.5476 -0.2338
vn 0.1671 -0.2340 0.9578
vn 0.9746 -0.0113 -0.2239
vn -0.6208 -0.5526 0.5560
vn -0.1893 -0.4858 0.8533
vn -0.0591 -0.0015 -0.9982
vn 0.6493 -0.2885 0.7036
vn 0.6600 -0.0878 -0.7461
vn 0.5894 -0.0540 -0.8060
vn -0.9317 0.0205 0.3626
vn 0.1789 -0.1473 0.9728
vn 0.6461 -0.0118 -0.7632
vn -0.9936 -0.0020 -0.1128
vn -0.1881 -0.4095 0.8927
vn 0.9621 0.2626 0.0732
vn 0.9080 0.0089 -0.4190
vn 0.8896 -0.0198 -0.4563
vn 0.9217 -0.0060 -0.3878
vn -0.4332 -0.4833 -0.7608
vn -0.8235 -0.3927 -0.4094
vn 0.8524 0.2675 0.4494
vn 0.8823 0.3434 0.3220
vn 0.8134 0.2804 0.5096
vn 0.8183 0.3418 -0.4620
vn 0.8712 0.1976 -0.4495
vn 0.8037 0.3511 -0.4803
vn -0.4767 -0.0070 -0.8790
vn 0.9212 0.0104 -0.3890
vn 0.3277 0.0078 -0.9447
vn 0.3804 -0.0027 -0.9248
vn 0.3246 0.0084 -0.9458
vn 0.4402 0.0683 0.8953
vn 0.5166 0.0637 0.8539
vn 0.4964 0.0650 0.8657
vn 0.7697 0.2295 0.5957
vn 0.9546 0.0197 0.2971
vn 0.0353 -0.0345 -0.9988
vn 0.3477 -0.1573 -0.9243
vn 0.8841 0.0179 -0.4670
vn 0.0186 -0.0945 -0.9953
vn -0.8924 -0.0616 -0.4471
vn -0.1236 -0.0071 -0.9923
vn -0.4039 -0.4021 -0.8217
vn 0.2735 -0.4258 -0.8625
vn 0.6712 -0.5819 -0.4593
vn -0.7711 -0.2199 0.5975
vn -0.7774 -0.2271 0.5866
vn -0.8153 -0.2083 0.5402
vn -0.9274 -0.0097 -0.3739
vn -0.9919 -0.0057 -0.1266
vn -0.6687 -0.4531 0.5895
vn 0.6905 0.2431 0.6812
vn 0.2171 0.0858 -0.9724
vn 0.0008 0.2534 -0.9673
vn 0.2591 -0.1136 -0.9591
vn -0.7594 0.5218 -0.3886
vn -0.4204 0.5280 -0.7379
vn -0.6215 -0.6899 -0.3712
vn -0.0615 0.0065 -0.9981
vn 0.5632 0.0605 0.8241
vn 0.7050 -0.0215 0.7089
vn 0.3621 -0.1480 -0.9203
vn -0.3226 0.5313 -0.7834
vn 0.7744 0.4606 -0.4338
vn -0.7605 0.3199 -0.5651
vn -0.1809 -0.1072 0.9776
vn -0.2424 -0.0857 0.9664
vn 0.5294 0.0225 -0.8481
vn 0.9415 0.0301 -0.3356
vn -0.7345 -0.0019 -0.6786
vn -0.7286 0.0042 -0.6849
vn -0.7308 0.0173 -0.6824
vn 0.5118 0.3900 -0.7655
vn 0.7488 0.0073 0.6627
vn 0.7126 -0.0377 0.7006
vn 0.3475 -0.9376 -0.0066
vn 0.3449 -0.9386 -0.0093
vn 0.4371 -0.8952 0.0865
vn 0.2626 -0.9608 -0.0892
vn -0.6759 -0.7265 0.1240
vn -0.5981 -0.7996 0.0545
vn -0.6256 -0.7763 0.0782
vn 0.9823 0.1861 -0.0212
vn 0.9797 0.2002 0.0099
vn 0.9841 0.1627 -0.0715
vn 0.9362 0.0305 -0.3501
vn 0.9273 0.0201 -0.3739
vn -0.9603 -0.2298 0.1583
vn -0.9155 -0.2627 0.3046
vn -0.9704 -0.1583 0.1822
vn 0.1302 0.0470 -0.9904
vn 0.1407 0.2111 -0.9673
vn 0.1290 0.0727 -0.9890
vn 0.9979 -0.0056 0.0640
vn 0.9928 0.0939 0.0747
vn 0.9827 0.1661 0.0820
vn 0.9689 0.2310 0.0883
vn 0.9815 -0.0052 0.1912
vn 0.4052 0.2537 -0.8784
vn -0.5000 0.0634 -0.8637
vn -0.8576 -0.5065 -0.0891
vn -0.0320 -0.0075 -0.9995
vn 0.5360 0.0287 -0.8437
vn 0.3830 -0.0032 -0.9238
vn 0.0008 -0.0006 -1.0000
vn -0.8056 -0.3657 -0.4660
vn -0.4596 -0.1545 0.8746
vn -0.4527 -0.1896 0.8713
vn -0.4588 -0.1589 0.8742
vn 0.9369 -0.0002 0.3496
vn -0.5682 -0.8224 0.0297
vn 0.6190 0.7827 0.0653
vn 0.4022 -0.8457 0.3507
vn 0.8600 0.4473 -0.2457
vn 0.6748 -0.7380 -0.0033
vn 0.9914 0.0424 0.1236
vn 0.8461 0.4943 -0.1994
vn -0.0550 0.4298 -0.9013
vn 0.6466 -0.2672 -0.7145
vn 0.3992 -0.0967 0.9117
vn 0.3992 -0.0574 0.9151
vn 0.3864 -0.0311 0.9218
vn -0.3252 0.2904 0.9000
vn -0.2279 0.1565 0.9610
vn -0.0989 0.1702 0.9804
vn 0.7829 0.6107 -0.1187
vn 0.8150 0.5553 -0.1657
vn 0.7729 0.6257 -0.1052
vn 0.1147 -0.0164 -0.9933
vn 0.1598 -0.0714 -0.9846
vn 0.1428 -0.0616 -0.9878
vn 0.1474 -0.2055 -0.9675
vn 0.9836 0.1476 -0.1032
vn 0.5585 -0.8276 -0.0571
vn 0.1969 -0.1005 -0.9753
vn 0.1658 -0.1062 -0.9804
vn -0.1643 -0.0172 0.9863
vn -0.2495 -0.0596 0.9665
vn -0.2587 -0.0571 0.9643
vn -0.2181 -0.0681 0.9735
vn -0.9977 -0.0647 -0.0205
vn 0.7326 0.4523 -0.5086
vn 0.3655 -0.9262 -0.0925
vn 0.5765 -0.8067 0.1303
vn 0.0275 -0.1744 0.9843
vn 0.0469 -0.1528 0.9871
vn 0.0741 -0.0707 0.9947
vn 0.1045 0.2038 0.9734
vn 0.1096 0.2043 0.9727
vn 0.1842 0.2403 0.9530
vn 0.1119 0.0396 0.9929
vn -0.9392 -0.3396 0.0510
vn -0.4419 -0.2799 -0.8523
vn -0.8626 -0.2553 0.4368
vn -0.4653 -0.1231 0.8766
vn -0.1862 -0.0112 0.9825
vn -0.8274 -0.2015 0.5242
vn -0.4462 0.8947 0.0225
vn -0.5583 -0.0140 -0.8295
vn -0.6017 0.0002 -0.7987
vn -0.1173 -0.0500 -0.9918
vn 0.6421 0.0042 0.7666
vn 0.5910 0.7881 0.1719
vn 0.4890 -0.8342 0.2549
vn 0.4882 0.0645 0.8703
vn 0.6642 -0.2626 -0.6999
vn 0.8951 -0.1895 0.4035
vn 0.1842 0.9785 0.0925
vn 0.1499 0.9761 0.1575
vn 0.1042 0.9650 0.2405
vn 0.2256 0.9742 0.0107
vn -0.9542 -0.2321 -0.1890
vn -0.9745 -0.0411 0.2204
vn -0.0395 -0.0069 -0.9992
vn -0.8105 -0.3126 -0.4953
vn -0.3947 0.2186 0.8924
vn 0.1662 0.4369 0.8840
vn 0.2173 0.4326 0.8750
vn 0.1568 0.4375 0.8854
vn 0.0708 -0.0175 0.9973
vn 0.0961 -0.0173 0.9952
vn 0.3278 0.9192 0.2183
vn 0.3168 -0.1401 0.9381
vn -0.6125 -0.0710 0.7872
vn -0.6460 -0.0784 0.7593
vn -0.7321 -0.0688 0.6777
vn -0.9940 -0.0151 -0.1080
vn -0.7939 0.1305 0.5939
vn -0.7892 0.0405 0.6129
vn -0.7825 0.1525 0.6037
vn 0.6958 0.4667 -0.5460
vn 0.9168 -0.3919 0.0771
vn 0.9342 -0.3412 -0.1038
vn 0.9359 -0.3429 -0.0809
vn -0.5764 0.4242 0.6984
vn -0.5810 0.4179 0.6984
vn -0.6426 0.3255 0.6936
vn -0.5748 -0.0252 -0.8179
vn 0.5981 0.0127 -0.8013
vn 0.6343 0.0272 -0.7726
vn 0.6388 0.0293 -0.7688
vn 0.1144 0.4400 0.8907
vn 0.4782 0.5305 0.6999
vn 0.4793 0.5301 0.6995
vn 0.5053 0.5197 0.6889
vn 0.7138 0.6352 0.2951
vn 0.7108 0.6370 0.2982
vn 0.7140 0.6351 0.2949
vn 0.1240 -0.0201 -0.9921
vn 0.2349 -0.2823 0.9301
vn 0.1493 -0.3359 0.9300
vn 0.2551 -0.2608 0.9311
vn 0.4377 0.8840 0.1645
vn 0.9355 -0.3507 -0.0417
vn -0.5040 0.5147 0.6936
vn -0.9731 -0.1262 -0.1927
vn -0.9879 -0.1066 -0.1122
vn -0.9864 -0.1092 -0.1228
vn -0.9607 0.1796 -0.2118
vn -0.9616 0.1790 -0.2081
vn -0.9593 0.1805 -0.2172
vn 0.5670 0.0199 -0.8235
vn 0.5638 0.0231 -0.8256
vn -0.9987 0.0086 -0.0501
vn 0.9593 -0.0121 0.2821
vn 0.9605 -0.0128 0.2778
vn 0.5548 -0.0191 0.8318
vn 0.6810 0.0027 0.7323
vn 0.5301 -0.0225 0.8476
vn 0.0529 -0.1416 0.9885
vn 0.1387 0.2217 0.9652
vn 0.2105 0.0241 0.9773
vn 0.5283 -0.8062 0.2663
vn 0.2819 0.3106 0.9078
vn -0.0893 0.6132 -0.7849
vn -0.0304 0.5245 -0.8509
vn -0.1259 0.6443 -0.7544
vn -0.2944 -0.0495 -0.9544
vn -0.2776 -0.0606 -0.9588
vn -0.2634 -0.1542 -0.9523
vn 0.9193 0.3930 -0.0201
vn 0.8805 0.1922 -0.4334
vn 0.8911 0.1928 -0.4107
vn 0.3542 -0.2974 0.8866
vn 0.3438 -0.2920 0.8925
vn 0.3640 -0.3023 0.8810
vn -0.1672 -0.0418 0.9850
vn -0.3078 -0.1421 -0.9408
vn -0.9696 -0.1298 -0.2075
vn -0.9583 0.1811 -0.2211
vn -0.5017 0.7661 -0.4017
vn -0.6340 0.0357 -0.7725
vn -0.6868 -0.1339 -0.7145
vn -0.6897 -0.0447 -0.7227
vn -0.9855 0.0507 -0.1622
vn -0.5222 0.4968 0.6932
vn -0.0133 -0.2924 -0.9562
vn -0.0527 -0.2826 -0.9578
vn -0.0661 -0.2909 -0.9545
vn 0.0479 0.9984 0.0301
vn -0.1502 0.6839 -0.7139
vn -0.2180 0.6983 -0.6818
vn 0.1167 0.6376 0.7614
vn -0.2531 -0.0408 0.9666
vn -0.0850 0.7334 -0.6744
vn -0.2055 -0.0715 0.9760
vn 0.7177 0.6327 0.2909
vn -0.5031 -0.8635 0.0352
vn -0.5087 -0.8598 0.0438
vn -0.5099 -0.8590 0.0456
vn 0.6548 -0.6056 -0.4522
vn -0.1077 0.0815 0.9908
vn -0.9058 0.3856 0.1756
vn -0.9421 0.2493 0.2242
vn -0.8346 0.4752 0.2784
vn -0.7773 0.2156 0.5910
vn 0.4548 0.5392 0.7088
vn 0.2650 0.9619 -0.0664
vn 0.9067 -0.4041 0.1207
vn -0.0578 -0.0528 0.9969
vn -0.0868 0.4035 0.9109
vn -0.4044 -0.0696 0.9120
vn -0.8951 -0.0263 -0.4450
vn -0.4948 -0.0051 -0.8690
vn 0.7337 0.6771 -0.0563
vn -0.5146 -0.8558 0.0529
vn 0.0871 0.3786 0.9214
vn -0.7846 -0.0136 0.6198
vn -0.9206 0.0061 -0.3903
vn -0.9209 -0.0010 -0.3897
vn -0.9219 0.0103 -0.3874
vn -0.6133 0.2807 -0.7383
vn 0.0015 0.0039 1.0000
vn -0.0162 0.0091 0.9998
vn 0.0800 -0.0404 0.9960
vn 0.3225 -0.3515 0.8789
vn 0.3287 -0.3549 0.8752
vn 0.3272 -0.3541 0.8761
vn -0.7405 -0.1249 -0.6604
vn -0.8689 -0.1808 0.4609
vn -0.7515 0.2567 0.6077
vn 0.0273 -0.0931 0.9953
vn -0.0441 -0.3065 -0.9508
vn 0.1326 -0.1302 0.9826
vn -0.2247 0.9340 0.2777
vn 0.2993 -0.1439 0.9432
vn 0.0025 -0.1503 0.9886
vn -0.3626 0.6333 -0.6837
vn -0.5851 -0.0271 -0.8105
vn -0.4880 0.3610 -0.7947
vn -0.8968 -0.2235 0.3817
vn -0.3556 -0.0819 -0.9310
vn -0.2885 -0.1016 -0.9521
vn -0.8934 0.2575 -0.3680
vn -0.8979 0.3339 -0.2867
vn -0.8638 0.2637 -0.4293
vn -0.9093 0.3222 -0.2634
vn -0.1842 -0.3969 0.8992
vn -0.0539 -0.2897 0.9556
vn 0.1557 -0.5503 0.8203
vn 0.0610 0.1325 0.9893
vn 0.0699 0.2258 0.9717
vn 0.9873 -0.1405 -0.0737
vn 0.5746 -0.3180 0.7541
vn -0.3193 0.0819 -0.9441
vn -0.9446 -0.0241 -0.3274
vn -0.4379 0.5780 0.6886
vn -0.1812 0.3906 0.9026
vn -0.1775 0.4055 0.8967
vn -0.1836 0.3808 0.9063
vn -0.0349 -0.0636 0.9974
vn 0.4512 0.4198 0.7875
vn -0.0101 0.0053 -0.9999
vn 0.0069 0.0029 -1.0000
vn -0.1321 0.7622 0.6338
vn -0.0718 0.6149 0.7853
vn -0.0578 0.7139 0.6978
vn -0.3662 0.0025 0.9305
vn -0.0058 -0.1191 0.9929
vn 0.1464 -0.9892 -0.0088
vn 0.1651 -0.9862 0.0140
vn 0.1450 -0.9894 -0.0105
vn 0.2911 -0.1932 0.9370
vn -0.1872 0.3659 0.9116
vn 0.7815 -0.6107 -0.1276
vn -0.7363 0.6582 0.1572
vn 0.0709 -0.2805 -0.9572
vn 0.1221 -0.9918 -0.0381
vn 0.2805 -0.2146 0.9355
vn 0.0715 -0.2542 0.9645
vn 0.1816 -0.2728 0.9448
vn 0.2322 0.0078 0.9726
vn 0.2046 -0.0139 0.9788
vn 0.1331 -0.0582 0.9894
vn 0.6122 -0.7848 0.0963
vn -0.4778 -0.0092 -0.8784
vn 0.2264 -0.1306 0.9653
vn -0.0675 -0.1254 0.9898
vn -0.9467 -0.0259 -0.3210
vn -0.9628 -0.0244 0.2690
vn -0.9553 -0.0164 0.2952
vn -0.9576 -0.0159 0.2876
vn -0.9578 -0.0192 0.2866
vn 0.4519 0.7434 -0.4931
vn -0.6748 -0.0127 0.7379
vn -0.6914 -0.0249 0.7221
vn -0.7045 -0.0187 0.7095
vn 0.6763 -0.4427 -0.5887
vn -0.4722 0.4223 0.7738
vn -0.4721 0.4547 0.7552
vn -0.4712 0.3733 0.7991
vn 0.6631 -0.5075 0.5502
vn 0.7196 -0.5500 0.4239
vn 0.7102 -0.5439 0.4470
vn -0.9863 0.1619 0.0317
vn -0.8285 -0.0176 0.5597
vn -0.6481 0.6671 0.3673
vn -0.1356 0.9203 0.3669
vn -0.6733 -0.0123 0.7393
vn 0.3574 -0.2139 0.9091
vn 0.0408 -0.0151 0.9991
vn -0.0300 -0.1601 0.9866
vn -0.8189 -0.0047 -0.5740
vn -0.8142 -0.0020 -0.5805
vn -0.8596 -0.0277 -0.5101
vn -0.9944 -0.0169 -0.1040
vn -0.9582 -0.0195 0.2855
vn 0.4605 0.8782 -0.1291
vn 0.4254 0.8882 -0.1737
vn 0.3281 0.9248 -0.1925
vn -0.5719 0.5669 -0.5929
vn -0.8825 0.4379 -0.1717
vn 0.2819 0.8808 0.3804
vn 0.3388 0.8935 0.2947
vn 0.3032 0.8978 0.3195
vn 0.2599 0.9347 -0.2425
vn -0.3924 0.5105 -0.7651
vn 0.2659 0.8818 0.3895
vn 0.2346 0.8472 0.4767
vn -0.6667 0.5807 -0.4672
vn 0.1446 0.9553 -0.2578
vn -0.2699 0.8828 0.3844
vn 0.0206 0.9917 0.1270
vn -0.0507 0.9894 0.1361
vn -0.3293 0.7296 -0.5994
vn -0.3523 0.7688 -0.5337
vn -0.3092 0.8284 -0.4672
vn 0.0898 0.9469 -0.3088
vn -0.6362 0.6781 -0.3680
vn -0.1920 0.9560 0.2220
vn -0.6206 0.7822 0.0555
vn -0.6185 0.7815 -0.0822
vn -0.2776 0.8700 -0.4074
vn -0.2246 0.9136 -0.3389
vn -0.6138 0.7050 -0.3553
vn -0.3785 0.0147 -0.9255
vn -0.2146 0.9040 -0.3698
vn -0.3899 -0.2910 0.8737
vn -0.4380 -0.3770 0.8161
vn -0.4155 -0.3343 0.8459
vn 0.9088 0.2812 -0.3082
vn 0.9990 -0.0452 -0.0036
vn 0.9952 0.0962 0.0159
vn 0.9969 -0.0751 0.0213
vn -0.2214 -0.3427 -0.9130
vn -0.2608 -0.3346 -0.9056
vn -0.3206 -0.3074 -0.8959
vn -0.3773 -0.2685 0.8863
vn -0.7244 -0.3662 -0.5840
vn -0.3766 -0.2710 0.8859
vn -0.2343 -0.2401 -0.9421
vn 0.9757 -0.2093 0.0648
vn 0.6750 -0.7237 0.1435
vn -0.0770 0.1885 0.9790
vn -0.0572 0.1749 0.9829
vn -0.1105 0.1021 0.9886
vn 0.5509 -0.6653 0.5038
vn 0.8641 -0.4902 -0.1142
vn 0.9695 -0.2276 0.0911
vn -0.9542 -0.2103 -0.2127
vn -0.9517 -0.2316 -0.2013
vn -0.9555 -0.1963 -0.2200
vn -0.0221 -0.0974 0.9950
vn 0.0003 -0.1327 0.9912
vn 0.0009 -0.1109 0.9938
vn 0.2030 0.0998 0.9741
vn 0.1144 0.0641 0.9914
vn -0.1390 -0.2874 -0.9477
vn -0.9916 -0.0934 -0.0899
vn -0.9785 -0.0309 -0.2038
vn -0.9908 -0.0807 -0.1088
vn -0.0472 -0.0293 0.9985
vn -0.7825 -0.0062 0.6227
vn -0.6861 -0.2646 -0.6777
vn -0.4175 0.8019 0.4273
vn -0.8852 -0.3665 0.2865
vn -0.5069 -0.0214 -0.8618
vn 0.4933 -0.2650 -0.8285
vn 0.4978 -0.2204 -0.8388
vn 0.5295 -0.1732 -0.8304
vn -0.2173 -0.2283 -0.9490
vn 0.4116 -0.1202 0.9034
vn 0.2094 -0.0630 0.9758
vn 0.1271 -0.1332 0.9829
vn 0.1279 -0.1335 0.9828
vn 0.6218 -0.3895 0.6795
vn 0.6262 -0.3942 0.6727
vn 0.3212 -0.3508 0.8796
vn -0.0000 0.1381 0.9904
vn -0.2537 0.5066 0.8240
vn -0.5053 -0.0953 0.8577
vn -0.4876 -0.1433 0.8612
vn -0.4966 -0.0720 0.8650
vn -0.1488 0.1797 0.9724
vn -0.1481 0.1703 0.9742
vn -0.1479 0.1671 0.9748
vn 0.2225 -0.0456 0.9739
vn -0.5891 0.1169 0.7996
vn -0.5824 0.1134 0.8050
vn -0.6854 0.1697 0.7081
vn 0.1589 0.0002 0.9873
vn -0.9064 -0.0471 -0.4198
vn 0.4785 -0.3449 -0.8075
vn 0.0332 -0.1210 -0.9921
vn 0.0524 -0.1532 -0.9868
vn 0.0124 -0.1170 -0.9931
vn -0.6067 -0.1246 0.7851
vn -0.6110 -0.2322 0.7568
vn -0.5940 -0.1406 0.7921
vn -0.9912 -0.0905 -0.0962
vn 0.4840 -0.3688 -0.7935
vn 0.2205 -0.0454 0.9743
vn -0.8819 -0.0284 -0.4705
vn 0.2211 -0.5935 -0.7739
vn -0.4697 0.3393 0.8150
vn -0.6911 0.1730 0.7017
vn -0.8976 -0.1095 -0.4270
vn -0.9571 -0.1750 -0.2310
vn 0.2634 -0.0981 0.9597
vn -0.1490 0.1819 0.9720
vn -0.7140 -0.0131 0.7000
vn -0.8126 -0.0083 0.5828
vn 0.1145 -0.0285 0.9930
vn -0.1648 -0.1047 0.9807
vn -0.5607 -0.0450 0.8268
vn -0.4408 0.0094 0.8976
vn -0.1288 -0.0381 -0.9909
vn -0.0716 -0.0883 -0.9935
vn -0.2106 0.2770 0.9375
vn -0.9638 -0.0261 0.2654
vn -0.4183 0.0052 0.9083
vn -0.0160 0.0257 0.9995
vn -0.1196 0.0507 0.9915
vn 0.0208 0.0209 0.9996
vn -0.9841 -0.0484 0.1707
vn -0.9816 -0.0602 0.1811
vn -0.9898 -0.0280 0.1394
vn -0.8685 -0.0332 0.4947
vn -0.6945 -0.0841 -0.7145
vn -0.6499 -0.0298 -0.7595
vn -0.6760 -0.0655 -0.7340
vn 0.6339 -0.3709 0.6787
vn -0.1469 0.1057 0.9835
vn 0.0073 0.1268 0.9919
vn 0.0386 0.0231 0.9990
vn -0.6614 0.0596 0.7477
vn -0.9995 -0.0293 -0.0090
vn -0.9994 -0.0148 -0.0319
vn -0.9992 -0.0005 -0.0408
vn 0.0852 -0.0811 0.9931
vn -0.2426 0.1347 0.9607
vn -0.2176 0.1621 0.9625
vn -0.2180 0.1635 0.9622
vn -0.2179 0.1619 0.9624
vn 0.0969 -0.0727 0.9926
vn 0.4059 -0.0878 0.9097
vn -0.9658 0.1972 0.1685
vn -0.9660 0.2118 0.1484
vn -0.9658 0.2226 0.1332
vn -0.4247 0.0203 0.9051
vn -0.1712 -0.0058 -0.9852
vn -0.5207 0.2957 0.8009
vn -0.2179 0.1612 0.9626
vn 0.0166 0.0191 0.9997
vn -0.5820 -0.0050 -0.8132
vn -0.9973 -0.0571 0.0459
vn -0.9974 -0.0566 0.0450
vn -0.9968 -0.0785 0.0147
vn -0.6270 0.1510 -0.7642
vn -0.6370 0.1795 -0.7497
vn -0.6443 0.2018 -0.7377
vn -0.6523 0.2279 -0.7229
vn -0.8690 -0.0315 0.4938
vn -0.2721 0.0159 -0.9621
vn -0.0918 0.1546 0.9837
vn -0.1275 0.0646 0.9897
vn -0.2342 0.0714 0.9696
vn -0.2133 0.1032 0.9715
vn -0.2218 0.0904 0.9709
vn 0.3975 -0.3194 0.8602
vn -0.7533 0.5945 -0.2814
vn -0.9652 0.1860 0.1839
vn -0.1531 0.4102 -0.8990
vn -0.1830 0.5058 -0.8430
vn -0.0855 0.3499 -0.9329
vn 0.7636 0.6128 0.2037
vn -0.1618 0.0308 -0.9863
vn 0.7132 0.1287 0.6891
vn -0.2407 0.0613 0.9687
vn -0.0835 -0.0373 0.9958
vn -0.1806 0.4313 0.8839
vn -0.9519 0.2798 0.1249
vn -0.9858 -0.1409 -0.0917
vn -0.2198 0.0580 -0.9738
vn -0.5978 -0.0222 -0.8013
vn 0.8328 0.3609 -0.4198
vn -0.7310 0.0205 -0.6821
vn -0.8222 0.0764 -0.5640
vn -0.8090 0.0676 -0.5838
vn -0.9762 -0.1672 -0.1381
vn 0.0970 0.0477 0.9941
vn -0.1482 0.0429 -0.9880
vn -0.5789 -0.1030 0.8089
vn 0.1337 0.1537 0.9790
vn -0.0024 0.2443 -0.9697
vn -0.8834 -0.0334 0.4675
vn -0.8844 -0.0327 0.4655
vn -0.4947 -0.0180 0.8689
vn 0.1680 -0.1139 -0.9792
vn 0.1828 0.0126 0.9831
vn 0.2129 0.0023 0.9771
vn 0.1037 0.0453 0.9936
vn -0.1526 0.2122 -0.9652
vn -0.0619 0.1141 -0.9915
vn -0.6359 0.0969 0.7657
vn 0.0528 -0.0395 0.9978
vn 0.0858 -0.0410 0.9955
vn -0.0314 0.0160 0.9994
vn -0.9911 -0.0605 0.1187
vn -0.8536 -0.0295 -0.5201
vn -0.6575 -0.1372 -0.7409
vn 0.0699 0.2110 0.9750
vn -0.0201 0.2138 0.9767
vn -0.7191 0.0139 -0.6948
vn 0.4043 0.0255 0.9143
vn 0.3986 0.0886 0.9129
vn 0.3981 0.0928 0.9126
vn 0.1810 0.2022 0.9625
vn -0.8971 -0.4362 0.0707
vn -0.8937 -0.4457 0.0513
vn -0.8844 -0.4667 0.0066
vn -0.8778 -0.4786 -0.0201
vn -0.9700 -0.2325 0.0706
vn -0.9525 -0.3038 -0.0235
vn -0.9510 -0.3077 -0.0289
vn -0.3934 0.9193 0.0128
vn -0.9260 -0.3625 -0.1055
vn -0.6862 -0.1119 -0.7188
vn -0.6686 -0.1220 -0.7336
vn -0.6223 -0.1469 -0.7689
vn 0.3489 0.1320 -0.9278
vn 0.4018 0.1032 -0.9099
vn 0.3888 0.1104 -0.9147
vn -0.1219 0.9744 -0.1888
vn -0.8561 -0.3571 0.3737
vn -0.9157 -0.2125 -0.3411
vn 0.0503 -0.0006 -0.9987
vn 0.0889 0.0583 0.9943
vn -0.6625 -0.1649 0.7307
vn 0.3376 0.1381 -0.9311
vn 0.0931 0.0710 0.9931
vn -0.0727 -0.0350 0.9967
vn 0.3906 0.1565 0.9072
vn -0.4799 -0.2768 -0.8325
vn 0.5565 0.7263 0.4035
vn -0.5992 -0.1588 -0.7847
vn -0.5267 -0.2305 0.8182
vn -0.0590 0.9969 -0.0519
vn -0.0802 0.9947 -0.0639
vn -0.0272 0.9991 -0.0338
vn 0.4555 0.8418 -0.2898
vn 0.2684 0.9629 0.0283
vn -0.2003 -0.0511 -0.9784
vn 0.6530 0.6240 0.4292
vn -0.9394 -0.3368 0.0631
vn -0.9372 -0.3484 0.0164
vn -0.9409 -0.3340 0.0554
vn 0.1131 0.7217 0.6829
vn -0.1140 0.9900 -0.0831
vn -0.9243 -0.3748 -0.0715
vn -0.9376 -0.3457 0.0380
vn -0.5171 -0.2208 0.8269
vn -0.4969 -0.3570 -0.7910
vn -0.3731 -0.2776 -0.8853
vn -0.0111 0.2189 0.9757
vn 0.0032 0.2106 0.9776
vn 0.0002 0.2133 -0.9770
vn 0.0276 0.1771 -0.9838
vn -0.0120 0.1626 -0.9866
vn -0.2887 0.8475 -0.4454
vn 0.0711 0.1263 -0.9894
vn -0.0467 0.3582 0.9325
vn -0.0548 0.1886 -0.9805
vn -0.5895 -0.7864 -0.1846
vn -0.5386 -0.2979 -0.7882
vn -0.4611 -0.3568 0.8125
vn -0.5356 0.7179 0.4446
vn -0.6656 0.6023 -0.4407
vn -0.6463 0.6049 -0.4651
vn -0.6102 0.6082 -0.5076
vn -0.1418 0.1554 -0.9776
vn -0.4658 0.5530 0.6908
vn -0.2135 -0.4000 0.8913
vn -0.2097 -0.4248 0.8806
vn -0.2196 -0.3567 0.9081
vn -0.6966 0.5965 -0.3987
vn -0.2028 -0.4669 0.8607
vn -0.2429 -0.5468 -0.8013
vn -0.1755 -0.4913 -0.8531
vn -0.2099 -0.5201 -0.8279
vn -0.4171 -0.9026 -0.1063
vn -0.4288 -0.8931 -0.1359
vn -0.3872 -0.9213 -0.0348
vn -0.6719 0.0542 0.7387
vn -0.2824 -0.5776 -0.7659
vn -0.3738 -0.9275 -0.0046
vn -0.9229 0.2701 -0.2746
vn -0.9496 -0.0088 0.3133
vt 0.252993 0.966931
vt 0.239824 0.963575
vt 0.244038 0.955303
vt 0.254346 0.953913
vt 0.262415 0.958343
vt 0.892504 0.822231
vt 0.885808 0.808979
vt 0.896677 0.813631
vt 0.902789 0.820733
vt 0.252785 0.939817
vt 0.262614 0.942979
vt 0.229644 0.955983
vt 0.232445 0.967680
vt 0.243451 0.945214
vt 0.892670 0.800193
vt 0.879906 0.794043
vt 0.271241 0.951617
vt 0.233046 0.946727
vt 0.218080 0.960216
vt 0.257081 0.936848
vt 0.220569 0.966398
vt 0.916401 0.822703
vt 0.914198 0.815560
vt 0.904193 0.808417
vt 0.881436 0.782742
vt 0.271349 0.929111
vt 0.216438 0.952545
vt 0.234117 0.938045
vt 0.223973 0.947900
vt 0.241003 0.929743
vt 0.906710 0.798999
vt 0.261768 0.923659
vt 0.932746 0.815297
vt 0.899302 0.790121
vt 0.888993 0.780302
vt 0.884146 0.763226
vt 0.254540 0.921644
vt 0.204940 0.962741
vt 0.925752 0.810402
vt 0.223406 0.938923
vt 0.920381 0.803353
vt 0.245355 0.925030
vt 0.204963 0.949237
vt 0.214340 0.943811
vt 0.269709 0.922251
vt 0.931316 0.800355
vt 0.214522 0.932749
vt 0.896974 0.771586
vt 0.225219 0.929230
vt 0.946672 0.801073
vt 0.940291 0.798853
vt 0.917005 0.792909
vt 0.262159 0.908591
vt 0.947153 0.812468
vt 0.910586 0.777259
vt 0.895926 0.761967
vt 0.238461 0.917097
vt 0.887961 0.757962
vt 0.203461 0.935992
vt 0.212243 0.920540
vt 0.920657 0.781468
vt 0.245982 0.905455
vt 0.954419 0.800249
vt 0.930645 0.790198
vt 0.902191 0.748881
vt 0.225819 0.914802
vt 0.905237 0.765622
vt 0.909943 0.757462
vt 0.912563 0.748753
vt 0.922076 0.733011
vt 0.230434 0.904566
vt 0.954001 0.786907
vt 0.920548 0.767578
vt 0.930621 0.779348
vt 0.213214 0.914197
vt 0.199756 0.923700
vt 0.946396 0.783199
vt 0.924494 0.756768
vt 0.928720 0.747227
vt 0.939891 0.746003
vt 0.940288 0.777200
vt 0.929417 0.768035
vt 0.217408 0.902732
vt 0.204052 0.910874
vt 0.951621 0.773213
vt 0.937742 0.760630
vt 0.946801 0.758080
vt 0.544490 0.969400
vt 0.550503 0.956928
vt 0.555320 0.968750
vt 0.559491 0.958092
vt 0.556096 0.967618
vt 0.556114 0.968168
vt 0.555783 0.968399
vt 0.556361 0.968196
vt 0.559409 0.968421
vt 0.842097 0.675317
vt 0.847877 0.685777
vt 0.837802 0.691564
vt 0.849169 0.698820
vt 0.828369 0.680772
vt 0.831034 0.688773
vt 0.858668 0.676457
vt 0.726518 0.027855
vt 0.717561 0.038501
vt 0.718480 0.022597
vt 0.902911 0.321474
vt 0.906626 0.311957
vt 0.909452 0.318883
vt 0.904207 0.335319
vt 0.908957 0.325619
vt 0.914354 0.311825
vt 0.892696 0.321827
vt 0.894855 0.332167
vt 0.896029 0.338986
vt 0.914914 0.338255
vt 0.890670 0.328918
vt 0.240021 0.061076
vt 0.252046 0.061607
vt 0.245521 0.067448
vt 0.228092 0.057371
vt 0.238031 0.053072
vt 0.229980 0.038998
vt 0.693305 0.034659
vt 0.692061 0.060406
vt 0.685397 0.058064
vt 0.702131 0.052689
vt 0.701112 0.033155
vt 0.224450 0.026860
vt 0.231539 0.014200
vt 0.838056 0.216533
vt 0.843943 0.210284
vt 0.844369 0.220960
vt 0.935031 0.595798
vt 0.938376 0.600578
vt 0.929119 0.603163
vt 0.849883 0.204024
vt 0.925467 0.597578
vt 0.843002 0.203416
vt 0.934569 0.610073
vt 0.947381 0.611927
vt 0.939925 0.610162
vt 0.834442 0.211330
vt 0.923184 0.603979
vt 0.851969 0.187290
vt 0.846979 0.193588
vt 0.843358 0.177453
vt 0.830099 0.208912
vt 0.833144 0.198788
vt 0.922016 0.612571
vt 0.943524 0.626390
vt 0.928095 0.612368
vt 0.847306 0.176152
vt 0.853494 0.170592
vt 0.837390 0.179012
vt 0.828262 0.200046
vt 0.942617 0.641272
vt 0.938161 0.646473
vt 0.923081 0.631701
vt 0.704986 0.075875
vt 0.687729 0.083984
vt 0.697857 0.072543
vt 0.680647 0.025203
vt 0.261604 0.012136
vt 0.248217 0.019153
vt 0.983767 0.582091
vt 0.990439 0.591965
vt 0.986312 0.597874
vt 0.249072 0.055990
vt 0.235515 0.041398
vt 0.866258 0.144111
vt 0.707634 0.030397
vt 0.712818 0.056460
vt 0.221141 0.015475
vt 0.222144 0.040406
vt 0.261866 0.060904
vt 0.257836 0.056822
vt 0.266199 0.014580
vt 0.833279 0.173031
vt 0.236195 0.073662
vt 0.257528 0.064678
vt 0.947958 0.676934
vt 0.875345 0.133292
vt 0.702072 0.065025
vt 0.706128 0.069445
vt 0.931497 0.636004
vt 0.922788 0.327555
vt 0.900768 0.347924
vt 0.911936 0.015117
vt 0.919766 0.020263
vt 0.912661 0.027008
vt 0.867598 0.130969
vt 0.920966 0.634600
vt 0.914793 0.329494
vt 0.200608 0.013371
vt 0.205407 0.014720
vt 0.212316 0.030585
vt 0.889876 0.351710
vt 0.218020 0.052026
vt 0.908060 0.350538
vt 0.217043 0.029405
vt 0.258203 0.048923
vt 0.724426 0.046166
vt 0.885457 0.328081
vt 0.248214 0.031683
vt 0.676707 0.091569
vt 0.200173 0.021507
vt 0.199270 0.016186
vt 0.201935 0.022445
vt 0.210828 0.019657
vt 0.683506 0.018716
vt 0.248799 0.072212
vt 0.715673 0.049610
vt 0.715450 0.049844
vt 0.715083 0.049786
vt 0.715438 0.050321
vt 0.715822 0.049897
vt 0.716250 0.049976
vt 0.214024 0.042153
vt 0.264881 0.053231
vt 0.840896 0.154655
vt 0.922253 0.311934
vt 0.681214 0.064352
vt 0.732199 0.030057
vt 0.731869 0.016035
vt 0.200139 0.026087
vt 0.201845 0.024737
vt 0.202164 0.024721
vt 0.202469 0.024345
vt 0.202182 0.024193
vt 0.202216 0.023322
vt 0.202982 0.024579
vt 0.258859 0.025915
vt 0.984805 0.607382
vt 0.695621 0.136200
vt 0.687979 0.112024
vt 0.701738 0.140646
vt 0.861984 0.134799
vt 0.712475 0.066893
vt 0.733431 0.046637
vt 0.932639 0.019731
vt 0.931991 0.034301
vt 0.915959 0.033861
vt 0.921876 0.046185
vt 0.918989 0.045012
vt 0.920943 0.040829
vt 0.100497 0.304025
vt 0.094869 0.309812
vt 0.093351 0.299792
vt 0.091615 0.300911
vt 0.102474 0.318200
vt 0.103470 0.314561
vt 0.115268 0.313694
vt 0.104694 0.308572
vt 0.116926 0.304153
vt 0.121880 0.318622
vt 0.110526 0.297952
vt 0.903004 0.886555
vt 0.918727 0.874198
vt 0.918565 0.883775
vt 0.907494 0.871937
vt 0.942610 0.872434
vt 0.940409 0.865746
vt 0.915588 0.866119
vt 0.903905 0.879012
vt 0.896254 0.882750
vt 0.901695 0.895371
vt 0.039384 0.069858
vt 0.041548 0.064505
vt 0.050610 0.078072
vt 0.923583 0.853466
vt 0.940384 0.861477
vt 0.932567 0.874224
vt 0.951416 0.862352
vt 0.932097 0.854573
vt 0.672138 0.127364
vt 0.665950 0.143271
vt 0.667741 0.127639
vt 0.897000 0.898754
vt 0.912795 0.899903
vt 0.933996 0.877261
vt 0.041801 0.080094
vt 0.066398 0.094244
vt 0.054980 0.082439
vt 0.055477 0.081336
vt 0.055568 0.082125
vt 0.055957 0.081582
vt 0.678887 0.117545
vt 0.679971 0.119652
vt 0.055802 0.082388
vt 0.055794 0.082030
vt 0.680225 0.109604
vt 0.948425 0.853730
vt 0.898710 0.871706
vt 0.912467 0.906456
vt 0.920890 0.894341
vt 0.890316 0.039770
vt 0.885784 0.038925
vt 0.864601 0.018893
vt 0.924621 0.891372
vt 0.048050 0.095100
vt 0.915866 0.848119
vt 0.905560 0.864968
vt 0.950874 0.540117
vt 0.962951 0.531217
vt 0.962599 0.545169
vt 0.949741 0.529115
vt 0.029258 0.074988
vt 0.885772 0.051681
vt 0.925696 0.898758
vt 0.895827 0.041158
vt 0.912922 0.837271
vt 0.907778 0.848218
vt 0.975442 0.529078
vt 0.120831 0.305524
vt 0.656027 0.156816
vt 0.654154 0.149837
vt 0.973483 0.543130
vt 0.642869 0.145706
vt 0.656572 0.125673
vt 0.650044 0.148854
vt 0.908704 0.857142
vt 0.899295 0.865851
vt 0.012439 0.065748
vt 0.015841 0.074752
vt 0.007098 0.067899
vt 0.088326 0.311298
vt 0.076802 0.111457
vt 0.670102 0.147074
vt 0.945224 0.840331
vt 0.012581 0.074739
vt 0.024688 0.096043
vt 0.029587 0.089491
vt 0.044537 0.106566
vt 0.960823 0.520280
vt 0.057579 0.111612
vt 0.900994 0.857623
vt 0.127972 0.308772
vt 0.903481 0.836899
vt 0.072762 0.117121
vt 0.889363 0.056798
vt 0.829111 0.862747
vt 0.809880 0.863180
vt 0.848523 0.856656
vt 0.977565 0.547233
vt 0.979238 0.537014
vt 0.072025 0.123799
vt 0.921185 0.037499
vt 0.909671 0.041956
vt 0.852361 0.859206
vt 0.918756 0.827441
vt 0.985119 0.547560
vt 0.961357 0.516043
vt 0.970102 0.509861
vt 0.042365 0.120024
vt 0.089521 0.111794
vt 0.086467 0.093255
vt 0.900104 0.839668
vt 0.902669 0.850438
vt 0.983387 0.518123
vt 0.665208 0.164192
vt 0.073751 0.312354
vt 0.071578 0.125565
vt 0.405625 0.073219
vt 0.404174 0.083438
vt 0.397902 0.089745
vt 0.095967 0.109602
vt 0.906004 0.050668
vt 0.825753 0.864562
vt 0.896333 0.829904
vt 0.902977 0.848267
vt 0.987884 0.557461
vt 0.988356 0.583235
vt 0.983656 0.569160
vt 0.915847 0.056438
vt 0.619778 0.141829
vt 0.624919 0.142345
vt 0.623224 0.146996
vt 0.625060 0.131636
vt 0.992410 0.550038
vt 0.842755 0.867690
vt 0.845994 0.866047
vt 0.874162 0.876293
vt 0.873211 0.870545
vt 0.882752 0.876544
vt 0.882070 0.886992
vt 0.856435 0.876009
vt 0.876543 0.867137
vt 0.399869 0.067114
vt 0.396302 0.076898
vt 0.396227 0.085443
vt 0.981384 0.512479
vt 0.989561 0.566790
vt 0.677556 0.156626
vt 0.675108 0.160979
vt 0.687442 0.170423
vt 0.987018 0.520825
vt 0.617219 0.147916
vt 0.629520 0.151095
vt 0.013071 0.092610
vt 0.106243 0.104794
vt 0.099692 0.089376
vt 0.932653 0.048013
vt 0.613983 0.138013
vt 0.883426 0.869830
vt 0.906117 0.827881
vt 0.032609 0.124730
vt 0.034904 0.135292
vt 0.329396 0.597704
vt 0.329292 0.596500
vt 0.329647 0.597707
vt 0.616071 0.871170
vt 0.611097 0.879997
vt 0.603503 0.867499
vt 0.562242 0.412047
vt 0.562198 0.412406
vt 0.562027 0.412168
vt 0.559069 0.417808
vt 0.671935 0.884585
vt 0.671863 0.883675
vt 0.672040 0.883756
vt 0.673016 0.881199
vt 0.671267 0.884650
vt 0.664824 0.890952
vt 0.674650 0.886753
vt 0.671937 0.884981
vt 0.033176 0.196191
vt 0.040627 0.193109
vt 0.037571 0.203950
vt 0.634004 0.592480
vt 0.633561 0.592573
vt 0.633705 0.592289
vt 0.683832 0.562125
vt 0.689073 0.557646
vt 0.691139 0.563221
vt 0.689983 0.567654
vt 0.682046 0.567095
vt 0.675349 0.553279
vt 0.987257 0.361003
vt 0.982837 0.357035
vt 0.990648 0.357860
vt 0.993503 0.369166
vt 0.982186 0.371046
vt 0.366748 0.052460
vt 0.365039 0.049909
vt 0.373151 0.045886
vt 0.988019 0.370691
vt 0.378763 0.039668
vt 0.374873 0.051453
vt 0.373797 0.037515
vt 0.383174 0.029331
vt 0.376674 0.028946
vt 0.380783 0.022401
vt 0.387037 0.041698
vt 0.386324 0.046777
vt 0.391988 0.032186
vt 0.389974 0.052098
vt 0.395322 0.026387
vt 0.399181 0.048084
vt 0.397537 0.039545
vt 0.404288 0.034379
vt 0.406439 0.042497
vt 0.401435 0.053257
vt 0.412149 0.038514
vt 0.406793 0.028850
vt 0.413869 0.052617
vt 0.421024 0.035516
vt 0.417216 0.031609
vt 0.419082 0.027745
vt 0.425063 0.049720
vt 0.423864 0.042851
vt 0.432886 0.033504
vt 0.434111 0.027346
vt 0.440966 0.057949
vt 0.441366 0.052013
vt 0.444133 0.023827
vt 0.441648 0.044429
vt 0.451205 0.026878
vt 0.454901 0.035517
vt 0.446566 0.033208
vt 0.125085 0.191350
vt 0.123266 0.198727
vt 0.118423 0.198379
vt 0.120672 0.205738
vt 0.136262 0.216837
vt 0.129452 0.196769
vt 0.119962 0.190451
vt 0.878809 0.389240
vt 0.874883 0.397983
vt 0.862560 0.361575
vt 0.865132 0.475536
vt 0.889825 0.478019
vt 0.877252 0.489156
vt 0.165772 0.253441
vt 0.163665 0.249530
vt 0.172753 0.250730
vt 0.170969 0.258422
vt 0.175019 0.254992
vt 0.172525 0.246559
vt 0.155677 0.244043
vt 0.156546 0.251097
vt 0.860609 0.491416
vt 0.835539 0.477359
vt 0.849789 0.481249
vt 0.088965 0.896712
vt 0.082334 0.907926
vt 0.077689 0.907930
vt 0.096638 0.897548
vt 0.084425 0.895505
vt 0.113229 0.893002
vt 0.098902 0.901403
vt 0.085053 0.918081
vt 0.102245 0.885804
vt 0.072101 0.918689
vt 0.206500 0.982412
vt 0.199062 0.984245
vt 0.200808 0.977715
vt 0.194386 0.974488
vt 0.194078 0.985575
vt 0.190726 0.979288
vt 0.201200 0.988340
vt 0.215265 0.981423
vt 0.214578 0.969979
vt 0.204893 0.966153
vt 0.205047 0.990251
vt 0.184422 0.985353
vt 0.195137 0.994989
vt 0.190892 0.965889
vt 0.185955 0.972893
vt 0.216001 0.993749
vt 0.197251 0.962151
vt 0.097953 0.875444
vt 0.095221 0.878819
vt 0.105941 0.870309
vt 0.098443 0.860936
vt 0.592943 0.564474
vt 0.605053 0.562728
vt 0.603396 0.575566
vt 0.066915 0.902469
vt 0.610504 0.547541
vt 0.614822 0.541718
vt 0.623551 0.546888
vt 0.120548 0.893278
vt 0.092810 0.884527
vt 0.611216 0.571496
vt 0.614518 0.580369
vt 0.620240 0.552011
vt 0.837372 0.315295
vt 0.842817 0.312752
vt 0.850109 0.320730
vt 0.364058 0.974191
vt 0.372307 0.969866
vt 0.371206 0.978483
vt 0.165363 0.240172
vt 0.153596 0.257910
vt 0.850097 0.345676
vt 0.841594 0.341397
vt 0.836403 0.333103
vt 0.099754 0.853596
vt 0.600319 0.576912
vt 0.635247 0.543620
vt 0.623700 0.535275
vt 0.123318 0.882655
vt 0.164886 0.273308
vt 0.624436 0.554296
vt 0.172962 0.266495
vt 0.609985 0.552112
vt 0.853618 0.336271
vt 0.170184 0.282386
vt 0.382522 0.990201
vt 0.376532 0.995000
vt 0.385327 0.968583
vt 0.370637 0.993474
vt 0.062498 0.918307
vt 0.186049 0.246017
vt 0.918278 0.967348
vt 0.897983 0.957629
vt 0.930072 0.961380
vt 0.916428 0.970464
vt 0.903725 0.969216
vt 0.844685 0.332604
vt 0.838218 0.320046
vt 0.851830 0.328526
vt 0.630589 0.577674
vt 0.618646 0.561921
vt 0.625983 0.560435
vt 0.634316 0.556886
vt 0.169895 0.237008
vt 0.859501 0.345126
vt 0.142518 0.898834
vt 0.614590 0.583738
vt 0.648189 0.547871
vt 0.628947 0.535715
vt 0.190609 0.250715
vt 0.911443 0.975710
vt 0.155983 0.224567
vt 0.896045 0.964621
vt 0.888687 0.391308
vt 0.644428 0.559528
vt 0.130913 0.897042
vt 0.130378 0.896881
vt 0.130529 0.896796
vt 0.129127 0.896500
vt 0.130537 0.897033
vt 0.130843 0.897394
vt 0.131180 0.899141
vt 0.131680 0.896641
vt 0.187826 0.241971
vt 0.142706 0.215578
vt 0.879776 0.388068
vt 0.865597 0.344218
vt 0.861376 0.321062
vt 0.663265 0.555783
vt 0.661555 0.561573
vt 0.134373 0.897844
vt 0.134911 0.897814
vt 0.134034 0.897785
vt 0.133707 0.897619
vt 0.610968 0.585706
vt 0.600462 0.589174
vt 0.661271 0.548588
vt 0.648179 0.541620
vt 0.646919 0.538697
vt 0.873290 0.374127
vt 0.865335 0.334209
vt 0.648917 0.582124
vt 0.161482 0.225425
vt 0.894988 0.482083
vt 0.870730 0.358279
vt 0.650793 0.560002
vt 0.885155 0.373091
vt 0.876087 0.338763
vt 0.882584 0.323834
vt 0.879126 0.497464
vt 0.631909 0.564623
vt 0.126388 0.215893
vt 0.880574 0.977210
vt 0.869779 0.497125
vt 0.882756 0.314153
vt 0.892087 0.968235
vt 0.474371 0.021902
vt 0.465811 0.024096
vt 0.876903 0.511533
vt 0.889579 0.542120
vt 0.644152 0.565722
vt 0.671702 0.560388
vt 0.166906 0.904465
vt 0.209152 0.252337
vt 0.140423 0.206108
vt 0.867588 0.324323
vt 0.650482 0.564930
vt 0.659951 0.564890
vt 0.633942 0.589559
vt 0.666880 0.549237
vt 0.116357 0.203413
vt 0.211339 0.248994
vt 0.191876 0.234052
vt 0.165235 0.218647
vt 0.125472 0.186493
vt 0.458058 0.030924
vt 0.877205 0.503045
vt 0.878939 0.521747
vt 0.887385 0.545933
vt 0.886093 0.317574
vt 0.173503 0.218553
vt 0.143519 0.203984
vt 0.467473 0.027489
vt 0.608833 0.624796
vt 0.616329 0.607312
vt 0.621361 0.610075
vt 0.628172 0.618505
vt 0.617731 0.618856
vt 0.627028 0.613581
vt 0.670201 0.543804
vt 0.207404 0.246473
vt 0.604292 0.628934
vt 0.627493 0.613435
vt 0.627176 0.613349
vt 0.634925 0.606303
vt 0.654322 0.583586
vt 0.668232 0.572519
vt 0.179538 0.219553
vt 0.600936 0.643261
vt 0.627804 0.612778
vt 0.625497 0.603169
vt 0.625691 0.603064
vt 0.626751 0.603321
vt 0.624209 0.603436
vt 0.616455 0.603788
vt 0.199051 0.242915
vt 0.198315 0.242222
vt 0.115150 0.188575
vt 0.627431 0.601118
vt 0.626148 0.602861
vt 0.625281 0.602976
vt 0.694543 0.568972
vt 0.201443 0.243455
vt 0.200139 0.242936
vt 0.200190 0.242079
vt 0.199749 0.242716
vt 0.200294 0.239463
vt 0.112405 0.196126
vt 0.606036 0.596341
vt 0.635296 0.593742
vt 0.186125 0.220685
vt 0.204305 0.236137
vt 0.142984 0.192963
vt 0.141497 0.185920
vt 0.148983 0.189463
vt 0.116790 0.215215
vt 0.632540 0.592856
vt 0.633251 0.592191
vt 0.674034 0.575781
vt 0.689611 0.574194
vt 0.703625 0.571982
vt 0.699715 0.559619
vt 0.207001 0.241232
vt 0.120551 0.180625
vt 0.109364 0.209134
vt 0.876080 0.976833
vt 0.456865 0.043821
vt 0.461432 0.038007
vt 0.693716 0.544337
vt 0.152251 0.182880
vt 0.134308 0.189927
vt 0.887847 0.965876
vt 0.663365 0.590662
vt 0.604096 0.646691
vt 0.645428 0.603174
vt 0.633490 0.621607
vt 0.755083 0.275522
vt 0.755041 0.268769
vt 0.757741 0.272730
vt 0.758511 0.267252
vt 0.757995 0.279864
vt 0.751457 0.287337
vt 0.754436 0.257865
vt 0.760144 0.288406
vt 0.770283 0.284931
vt 0.761134 0.258810
vt 0.753367 0.246676
vt 0.691488 0.316877
vt 0.683281 0.323795
vt 0.689249 0.310105
vt 0.700797 0.324346
vt 0.709676 0.315823
vt 0.709373 0.327490
vt 0.694478 0.326444
vt 0.701457 0.337733
vt 0.720652 0.312971
vt 0.703747 0.308194
vt 0.723778 0.341655
vt 0.728101 0.314467
vt 0.675228 0.330744
vt 0.682507 0.331570
vt 0.708212 0.343403
vt 0.707407 0.901892
vt 0.704844 0.914323
vt 0.698110 0.903419
vt 0.724215 0.665359
vt 0.720973 0.660142
vt 0.725918 0.659395
vt 0.730079 0.663918
vt 0.712762 0.671891
vt 0.729200 0.673362
vt 0.703413 0.634651
vt 0.702711 0.622819
vt 0.706426 0.617442
vt 0.221038 0.091822
vt 0.238864 0.092616
vt 0.244525 0.107679
vt 0.238293 0.108823
vt 0.260815 0.077576
vt 0.242093 0.084624
vt 0.696989 0.590222
vt 0.732513 0.936176
vt 0.709589 0.926375
vt 0.714206 0.923742
vt 0.719891 0.923433
vt 0.710928 0.648045
vt 0.495696 0.898955
vt 0.506716 0.902980
vt 0.498644 0.910411
vt 0.496797 0.922308
vt 0.484689 0.906671
vt 0.482159 0.915860
vt 0.511893 0.897127
vt 0.508754 0.915074
vt 0.500915 0.885421
vt 0.491746 0.932017
vt 0.508722 0.927345
vt 0.517372 0.922936
vt 0.489185 0.893391
vt 0.520619 0.905350
vt 0.520891 0.894541
vt 0.515846 0.882848
vt 0.515799 0.931967
vt 0.879315 0.436697
vt 0.873721 0.450043
vt 0.866960 0.441684
vt 0.501146 0.930616
vt 0.518102 0.915337
vt 0.529847 0.901892
vt 0.530897 0.890130
vt 0.883000 0.443651
vt 0.886214 0.443853
vt 0.503403 0.933178
vt 0.520879 0.927326
vt 0.535894 0.882361
vt 0.883988 0.446255
vt 0.254230 0.834818
vt 0.260796 0.840053
vt 0.264986 0.852380
vt 0.250685 0.845126
vt 0.356695 0.899251
vt 0.356237 0.899291
vt 0.355803 0.899190
vt 0.802704 0.595740
vt 0.796601 0.602932
vt 0.796178 0.596979
vt 0.968060 0.875239
vt 0.975202 0.863196
vt 0.969882 0.879477
vt 0.562027 0.607907
vt 0.549800 0.602277
vt 0.560914 0.563729
vt 0.111921 0.117919
vt 0.111530 0.117690
vt 0.112067 0.117576
vt 0.549459 0.619157
vt 0.546457 0.627892
vt 0.544353 0.618800
vt 0.548980 0.163320
vt 0.551169 0.149498
vt 0.551619 0.172583
vt 0.545015 0.127400
vt 0.530114 0.126752
vt 0.534120 0.137241
vt 0.544026 0.120043
vt 0.534017 0.123254
vt 0.541767 0.149542
vt 0.551071 0.139822
vt 0.558656 0.129294
vt 0.547102 0.113185
vt 0.530455 0.108559
vt 0.517612 0.128700
vt 0.526790 0.128855
vt 0.527372 0.140763
vt 0.553452 0.642489
vt 0.553321 0.642822
vt 0.552768 0.642874
vt 0.545231 0.646402
vt 0.553353 0.643087
vt 0.554237 0.642414
vt 0.562482 0.641409
vt 0.553021 0.640527
vt 0.560200 0.650310
vt 0.553558 0.642692
vt 0.545162 0.642474
vt 0.527929 0.116687
vt 0.560208 0.115963
vt 0.548997 0.109679
vt 0.526911 0.124062
vt 0.533523 0.151510
vt 0.543673 0.633528
vt 0.563146 0.635596
vt 0.517600 0.120620
vt 0.539574 0.167032
vt 0.564560 0.139721
vt 0.536508 0.104668
vt 0.539609 0.626878
vt 0.528096 0.657931
vt 0.539200 0.101444
vt 0.527944 0.102271
vt 0.516941 0.135163
vt 0.523067 0.150033
vt 0.574340 0.641968
vt 0.553723 0.104414
vt 0.524060 0.109074
vt 0.573485 0.633952
vt 0.562503 0.623506
vt 0.548603 0.613906
vt 0.550106 0.182230
vt 0.587945 0.655930
vt 0.961524 0.958361
vt 0.964609 0.967197
vt 0.960522 0.968717
vt 0.959234 0.973240
vt 0.964618 0.973980
vt 0.944481 0.212772
vt 0.942152 0.232548
vt 0.932409 0.222978
vt 0.159311 0.142519
vt 0.172749 0.126256
vt 0.184767 0.120434
vt 0.530860 0.499181
vt 0.544850 0.488530
vt 0.536918 0.503645
vt 0.526115 0.494696
vt 0.523882 0.500367
vt 0.520002 0.497116
vt 0.523593 0.489373
vt 0.518984 0.491118
vt 0.556647 0.471182
vt 0.547393 0.477787
vt 0.552386 0.460503
vt 0.574379 0.471962
vt 0.558623 0.452498
vt 0.547279 0.464388
vt 0.530651 0.480997
vt 0.515910 0.497242
vt 0.528911 0.504307
vt 0.520365 0.505472
vt 0.561903 0.443787
vt 0.573345 0.457920
vt 0.389230 0.930922
vt 0.372677 0.916599
vt 0.389302 0.922496
vt 0.569158 0.479323
vt 0.549951 0.489058
vt 0.062125 0.238930
vt 0.055445 0.235808
vt 0.064512 0.232474
vt 0.593033 0.476716
vt 0.556080 0.444137
vt 0.536698 0.469651
vt 0.383419 0.939466
vt 0.514050 0.487430
vt 0.967914 0.963300
vt 0.926493 0.214526
vt 0.510748 0.498643
vt 0.532530 0.512873
vt 0.954065 0.209690
vt 0.954335 0.223902
vt 0.967506 0.950803
vt 0.980083 0.948434
vt 0.125483 0.244381
vt 0.149941 0.253266
vt 0.126578 0.251387
vt 0.373917 0.936584
vt 0.379139 0.950074
vt 0.370387 0.947744
vt 0.520541 0.467056
vt 0.524296 0.478693
vt 0.160267 0.129234
vt 0.166869 0.122055
vt 0.167899 0.146700
vt 0.368133 0.913559
vt 0.955499 0.965750
vt 0.142769 0.246186
vt 0.125819 0.240413
vt 0.146570 0.130648
vt 0.955876 0.230648
vt 0.949395 0.237535
vt 0.962748 0.238412
vt 0.063656 0.213520
vt 0.059204 0.220468
vt 0.054107 0.214537
vt 0.057404 0.209645
vt 0.512924 0.472032
vt 0.513045 0.465236
vt 0.106578 0.252727
vt 0.091158 0.237127
vt 0.105131 0.243644
vt 0.066950 0.225022
vt 0.052473 0.227179
vt 0.022465 0.225766
vt 0.145937 0.142374
vt 0.959344 0.218674
vt 0.963641 0.194966
vt 0.956194 0.980937
vt 0.951088 0.972567
vt 0.966199 0.976725
vt 0.363406 0.934920
vt 0.399216 0.943226
vt 0.404255 0.930843
vt 0.362712 0.955487
vt 0.420039 0.935628
vt 0.411794 0.943457
vt 0.958724 0.199825
vt 0.958764 0.942425
vt 0.967149 0.936832
vt 0.964735 0.946146
vt 0.153556 0.247221
vt 0.091345 0.232568
vt 0.082200 0.228931
vt 0.051557 0.209072
vt 0.169443 0.113027
vt 0.363251 0.943205
vt 0.361627 0.943980
vt 0.545841 0.446535
vt 0.409184 0.927517
vt 0.049122 0.231721
vt 0.553291 0.423547
vt 0.373561 0.814897
vt 0.383759 0.817709
vt 0.381493 0.821633
vt 0.394925 0.951082
vt 0.102394 0.234334
vt 0.055822 0.203655
vt 0.385709 0.840640
vt 0.360262 0.816281
vt 0.958759 0.243568
vt 0.390656 0.951658
vt 0.410874 0.949940
vt 0.957051 0.949319
vt 0.147211 0.241485
vt 0.533402 0.440729
vt 0.538663 0.820579
vt 0.548882 0.807589
vt 0.552715 0.820652
vt 0.517856 0.481045
vt 0.934732 0.961618
vt 0.079450 0.222235
vt 0.064833 0.207151
vt 0.046616 0.231462
vt 0.520804 0.448628
vt 0.530386 0.438889
vt 0.517670 0.517076
vt 0.953467 0.985119
vt 0.943522 0.980067
vt 0.938137 0.956692
vt 0.943953 0.952292
vt 0.945376 0.947659
vt 0.363223 0.828687
vt 0.963517 0.244303
vt 0.935617 0.971912
vt 0.142023 0.139178
vt 0.396656 0.835696
vt 0.964556 0.222835
vt 0.363475 0.968312
vt 0.383841 0.959844
vt 0.375663 0.841844
vt 0.966478 0.237346
vt 0.961567 0.227706
vt 0.535370 0.633151
vt 0.577571 0.129418
vt 0.493756 0.124880
vt 0.511179 0.120843
vt 0.385995 0.963995
vt 0.474340 0.113823
vt 0.489130 0.115525
vt 0.475010 0.122145
vt 0.479571 0.108380
vt 0.550342 0.193079
vt 0.534798 0.169981
vt 0.930362 0.955372
vt 0.102909 0.164184
vt 0.110669 0.166019
vt 0.105273 0.171007
vt 0.559145 0.614672
vt 0.537529 0.618796
vt 0.473060 0.102218
vt 0.404863 0.848979
vt 0.974066 0.235834
vt 0.588085 0.644068
vt 0.541032 0.614081
vt 0.536301 0.641191
vt 0.487774 0.107453
vt 0.572083 0.116773
vt 0.503537 0.115968
vt 0.395060 0.816963
vt 0.398627 0.820256
vt 0.348127 0.972216
vt 0.481850 0.098748
vt 0.462822 0.102391
vt 0.398374 0.825203
vt 0.391130 0.811965
vt 0.972519 0.243703
vt 0.522549 0.655471
vt 0.579642 0.112084
vt 0.560363 0.103387
vt 0.524357 0.097519
vt 0.514448 0.109942
vt 0.463204 0.112368
vt 0.569856 0.621741
vt 0.540416 0.605213
vt 0.532850 0.626979
vt 0.502578 0.108707
vt 0.484117 0.137064
vt 0.357943 0.832150
vt 0.366645 0.846824
vt 0.465339 0.123071
vt 0.505796 0.139958
vt 0.396822 0.814654
vt 0.125292 0.125745
vt 0.117167 0.129758
vt 0.124299 0.137197
vt 0.107437 0.156373
vt 0.529805 0.636997
vt 0.524753 0.642687
vt 0.536890 0.091460
vt 0.405998 0.830545
vt 0.108392 0.116369
vt 0.116464 0.115386
vt 0.494778 0.102561
vt 0.479411 0.092009
vt 0.432698 0.850300
vt 0.111699 0.118278
vt 0.111764 0.118085
vt 0.112150 0.118355
vt 0.113953 0.121299
vt 0.112387 0.149981
vt 0.527953 0.629561
vt 0.570081 0.102679
vt 0.548693 0.096817
vt 0.514620 0.658555
vt 0.556988 0.099046
vt 0.473190 0.091511
vt 0.449441 0.837291
vt 0.453720 0.849318
vt 0.420514 0.838925
vt 0.362621 0.848269
vt 0.084626 0.158728
vt 0.079015 0.164775
vt 0.406149 0.823051
vt 0.566848 0.580550
vt 0.433614 0.833961
vt 0.102277 0.118015
vt 0.069583 0.161610
vt 0.534036 0.614157
vt 0.581218 0.101480
vt 0.513547 0.105975
vt 0.505291 0.102107
vt 0.552748 0.569526
vt 0.521104 0.640689
vt 0.520962 0.095074
vt 0.492402 0.093245
vt 0.453857 0.977892
vt 0.448184 0.982028
vt 0.455566 0.963559
vt 0.416785 0.832183
vt 0.414587 0.829902
vt 0.536373 0.089983
vt 0.529204 0.086176
vt 0.451783 0.986887
vt 0.444454 0.967245
vt 0.503006 0.974647
vt 0.502129 0.981705
vt 0.492885 0.974956
vt 0.503642 0.967812
vt 0.706492 0.975669
vt 0.714072 0.962281
vt 0.712952 0.974087
vt 0.704113 0.971313
vt 0.705920 0.957487
vt 0.513341 0.969084
vt 0.699755 0.966028
vt 0.504760 0.960612
vt 0.692464 0.956618
vt 0.512278 0.985142
vt 0.517497 0.972563
vt 0.662861 0.976161
vt 0.649972 0.989132
vt 0.659874 0.971720
vt 0.512116 0.960622
vt 0.692684 0.986149
vt 0.644717 0.985209
vt 0.689711 0.980545
vt 0.838507 0.773198
vt 0.831040 0.781613
vt 0.823412 0.766822
vt 0.560387 0.755668
vt 0.564410 0.758212
vt 0.540305 0.773847
vt 0.544886 0.775541
vt 0.958476 0.152705
vt 0.960266 0.148945
vt 0.968295 0.149643
vt 0.967782 0.140210
vt 0.951483 0.150422
vt 0.943165 0.153164
vt 0.956414 0.157452
vt 0.966797 0.155477
vt 0.953181 0.143483
vt 0.977897 0.151750
vt 0.979636 0.132304
vt 0.966034 0.132559
vt 0.960352 0.136488
vt 0.950554 0.163261
vt 0.965240 0.164504
vt 0.840650 0.827543
vt 0.840523 0.827656
vt 0.840266 0.827476
vt 0.840591 0.828053
vt 0.841522 0.838538
vt 0.839979 0.825317
vt 0.840823 0.827610
vt 0.840669 0.827709
vt 0.962429 0.266666
vt 0.952695 0.261963
vt 0.966442 0.257974
vt 0.941660 0.256459
vt 0.791651 0.840092
vt 0.809043 0.827254
vt 0.808552 0.836453
vt 0.933258 0.266878
vt 0.957379 0.271284
vt 0.758500 0.012561
vt 0.766043 0.008005
vt 0.767540 0.014483
vt 0.818640 0.812133
vt 0.824870 0.806408
vt 0.819673 0.828182
vt 0.831642 0.816323
vt 0.969523 0.265853
vt 0.950783 0.277426
vt 0.962556 0.273528
vt 0.792718 0.845321
vt 0.742917 0.010253
vt 0.756168 0.020598
vt 0.809654 0.805610
vt 0.966848 0.271796
vt 0.829602 0.831915
vt 0.950574 0.140302
vt 0.847954 0.829483
vt 0.840851 0.816151
vt 0.911033 0.281174
vt 0.937702 0.280499
vt 0.821426 0.835469
vt 0.946132 0.137193
vt 0.943776 0.143804
vt 0.684873 0.973971
vt 0.926310 0.293271
vt 0.956242 0.278568
vt 0.803042 0.846163
vt 0.945794 0.147778
vt 0.832405 0.802730
vt 0.830690 0.789957
vt 0.824429 0.780286
vt 0.972170 0.275831
vt 0.746412 0.022554
vt 0.968694 0.125137
vt 0.973383 0.166662
vt 0.558107 0.748989
vt 0.530550 0.776073
vt 0.979095 0.270769
vt 0.857678 0.852914
vt 0.530824 0.958121
vt 0.817184 0.785707
vt 0.665098 0.958592
vt 0.937537 0.291246
vt 0.811069 0.840773
vt 0.824843 0.838679
vt 0.561047 0.559741
vt 0.490386 0.141810
vt 0.572772 0.559069
vt 0.837383 0.796975
vt 0.961196 0.281819
vt 0.966039 0.278438
vt 0.959733 0.127112
vt 0.963684 0.169232
vt 0.519405 0.632579
vt 0.513621 0.092750
vt 0.639361 0.975267
vt 0.520457 0.805679
vt 0.525580 0.793602
vt 0.796735 0.849430
vt 0.550463 0.552070
vt 0.545555 0.093178
vt 0.471761 0.088597
vt 0.493767 0.149611
vt 0.579655 0.547626
vt 0.945433 0.158432
vt 0.456219 0.988703
vt 0.571849 0.607940
vt 0.844466 0.804733
vt 0.686387 0.959042
vt 0.945301 0.290249
vt 0.782715 0.854520
vt 0.960956 0.175334
vt 0.585600 0.101862
vt 0.552796 0.092555
vt 0.524093 0.085260
vt 0.481606 0.082386
vt 0.459760 0.965128
vt 0.404385 0.812449
vt 0.097771 0.116562
vt 0.089761 0.147713
vt 0.067558 0.153849
vt 0.673920 0.986051
vt 0.523285 0.778208
vt 0.572266 0.935030
vt 0.564519 0.906928
vt 0.576865 0.918163
vt 0.813781 0.770829
vt 0.793271 0.854331
vt 0.803832 0.849197
vt 0.546222 0.569803
vt 0.536953 0.593758
vt 0.068334 0.150742
vt 0.576925 0.603322
vt 0.597395 0.616291
vt 0.850232 0.786603
vt 0.577170 0.901150
vt 0.758386 0.035800
vt 0.978545 0.169403
vt 0.461682 0.950595
vt 0.419326 0.822922
vt 0.587690 0.607917
vt 0.576275 0.570885
vt 0.842179 0.798479
vt 0.675630 0.973289
vt 0.674283 0.978973
vt 0.540182 0.753652
vt 0.966329 0.286683
vt 0.461605 0.984176
vt 0.421749 0.830211
vt 0.407628 0.815551
vt 0.407882 0.815580
vt 0.407546 0.815835
vt 0.408302 0.815527
vt 0.931739 0.309205
vt 0.980134 0.285911
vt 0.521910 0.617597
vt 0.535522 0.579474
vt 0.556202 0.088601
vt 0.540081 0.083588
vt 0.509065 0.095566
vt 0.441168 0.824233
vt 0.433953 0.827674
vt 0.419201 0.829326
vt 0.418496 0.829379
vt 0.407641 0.816587
vt 0.407845 0.815844
vt 0.410250 0.814950
vt 0.097344 0.123357
vt 0.840300 0.805307
vt 0.839792 0.805554
vt 0.839852 0.805070
vt 0.839725 0.804720
vt 0.839703 0.805426
vt 0.839337 0.805597
vt 0.802805 0.852866
vt 0.806135 0.856541
vt 0.952310 0.126587
vt 0.525301 0.595406
vt 0.517642 0.648986
vt 0.584248 0.091219
vt 0.420103 0.829422
vt 0.419342 0.829158
vt 0.418991 0.828602
vt 0.418831 0.829157
vt 0.413099 0.819745
vt 0.573034 0.617312
vt 0.808457 0.781065
vt 0.495500 0.085687
vt 0.470019 0.981367
vt 0.464938 0.966773
vt 0.420276 0.824200
vt 0.092900 0.127509
vt 0.965970 0.922361
vt 0.963173 0.921266
vt 0.963895 0.907253
vt 0.582526 0.912245
vt 0.582160 0.928198
vt 0.937873 0.298674
vt 0.819048 0.841632
vt 0.823613 0.841998
vt 0.093066 0.113826
vt 0.093031 0.138611
vt 0.582136 0.552814
vt 0.599933 0.918909
vt 0.586257 0.927815
vt 0.591944 0.916595
vt 0.756548 0.042606
vt 0.506767 0.086730
vt 0.434310 0.822898
vt 0.512942 0.798708
vt 0.933261 0.309676
vt 0.498077 0.077715
vt 0.847276 0.794133
vt 0.849963 0.787549
vt 0.857743 0.781971
vt 0.807120 0.778204
vt 0.819755 0.844741
vt 0.581395 0.572789
vt 0.954006 0.906596
vt 0.960056 0.934573
vt 0.810381 0.852449
vt 0.500962 0.598481
vt 0.512424 0.563336
vt 0.507786 0.600217
vt 0.510852 0.781622
vt 0.967770 0.899278
vt 0.952763 0.294243
vt 0.736113 0.031506
vt 0.750026 0.037475
vt 0.591792 0.907833
vt 0.588023 0.918466
vt 0.587514 0.918647
vt 0.587611 0.918347
vt 0.587616 0.918028
vt 0.587479 0.918182
vt 0.587174 0.917706
vt 0.578897 0.890935
vt 0.509876 0.685128
vt 0.511908 0.655236
vt 0.513338 0.702639
vt 0.523979 0.762289
vt 0.531123 0.759340
vt 0.941403 0.307519
vt 0.964141 0.300152
vt 0.518140 0.592678
vt 0.975118 0.921384
vt 0.970292 0.860014
vt 0.345496 0.907493
vt 0.327268 0.919450
vt 0.332826 0.911839
vt 0.947288 0.301889
vt 0.963130 0.180702
vt 0.851442 0.806223
vt 0.851726 0.796009
vt 0.509059 0.809219
vt 0.530193 0.566509
vt 0.972378 0.894736
vt 0.740733 0.040459
vt 0.543133 0.548539
vt 0.516273 0.540251
vt 0.520997 0.755400
vt 0.950594 0.892730
vt 0.916670 0.309761
vt 0.898663 0.305702
vt 0.900736 0.299994
vt 0.889808 0.290432
vt 0.358358 0.895796
vt 0.326670 0.911162
vt 0.952865 0.877346
vt 0.535252 0.533458
vt 0.858842 0.793997
vt 0.345143 0.898137
vt 0.308421 0.895215
vt 0.315280 0.897701
vt 0.308956 0.900373
vt 0.329896 0.899708
vt 0.315903 0.908210
vt 0.955440 0.304766
vt 0.518723 0.699390
vt 0.513270 0.722626
vt 0.600861 0.543670
vt 0.523664 0.737493
vt 0.598003 0.906467
vt 0.520368 0.743963
vt 0.503161 0.802133
vt 0.807054 0.609432
vt 0.608811 0.929647
vt 0.617486 0.923115
vt 0.511070 0.771484
vt 0.310841 0.889380
vt 0.910528 0.302410
vt 0.607491 0.914351
vt 0.583686 0.884957
vt 0.594879 0.542683
vt 0.501520 0.826049
vt 0.812396 0.601352
vt 0.810737 0.637888
vt 0.809204 0.646410
vt 0.322540 0.888466
vt 0.304121 0.890161
vt 0.303605 0.900829
vt 0.820110 0.858770
vt 0.825689 0.851490
vt 0.503632 0.721549
vt 0.503484 0.704543
vt 0.805733 0.590976
vt 0.794569 0.591425
vt 0.947264 0.904384
vt 0.892513 0.282762
vt 0.881705 0.281647
vt 0.876618 0.290834
vt 0.878917 0.310619
vt 0.618368 0.915497
vt 0.626906 0.922493
vt 0.949043 0.308171
vt 0.967600 0.310694
vt 0.518707 0.733715
vt 0.509007 0.763013
vt 0.499585 0.817695
vt 0.799830 0.639286
vt 0.799258 0.628267
vt 0.900076 0.293069
vt 0.609131 0.910163
vt 0.591517 0.884795
vt 0.589950 0.877378
vt 0.968928 0.318485
vt 0.958401 0.317940
vt 0.522675 0.537527
vt 0.295344 0.893246
vt 0.873571 0.305188
vt 0.501387 0.787581
vt 0.494270 0.813584
vt 0.356096 0.899568
vt 0.356557 0.899607
vt 0.357938 0.899134
vt 0.306933 0.882402
vt 0.317840 0.915260
vt 0.941870 0.891891
vt 0.597064 0.895226
vt 0.792404 0.602433
vt 0.795131 0.639267
vt 0.804088 0.651478
vt 0.375944 0.888220
vt 0.932155 0.887699
vt 0.742516 0.502069
vt 0.740667 0.489930
vt 0.747472 0.477446
vt 0.314523 0.911472
vt 0.320973 0.919408
vt 0.867347 0.291600
vt 0.861213 0.311633
vt 0.619791 0.912004
vt 0.789806 0.597932
vt 0.820745 0.634159
vt 0.824371 0.659180
vt 0.305520 0.909870
vt 0.796042 0.616632
vt 0.812739 0.661438
vt 0.865078 0.744144
vt 0.870293 0.734138
vt 0.871221 0.749825
vt 0.787249 0.593850
vt 0.792440 0.585726
vt 0.750326 0.488609
vt 0.602263 0.901098
vt 0.878018 0.726620
vt 0.497890 0.777789
vt 0.495006 0.800674
vt 0.733602 0.501457
vt 0.590519 0.867486
vt 0.602323 0.885722
vt 0.501413 0.763113
vt 0.790495 0.611534
vt 0.755897 0.478503
vt 0.761871 0.477561
vt 0.757740 0.469366
vt 0.310156 0.917532
vt 0.528228 0.954613
vt 0.509080 0.958349
vt 0.512292 0.951894
vt 0.866034 0.763513
vt 0.792631 0.659214
vt 0.784517 0.654357
vt 0.795875 0.651900
vt 0.298132 0.912225
vt 0.500826 0.754365
vt 0.492273 0.799564
vt 0.790987 0.623183
vt 0.317618 0.930348
vt 0.610237 0.899796
vt 0.528408 0.523673
vt 0.483767 0.808296
vt 0.740577 0.518017
vt 0.876444 0.750611
vt 0.881266 0.745265
vt 0.784172 0.609971
vt 0.726114 0.521888
vt 0.711307 0.523415
vt 0.769918 0.477427
vt 0.762998 0.465309
vt 0.502832 0.949579
vt 0.503762 0.957141
vt 0.857713 0.297969
vt 0.498636 0.748832
vt 0.790041 0.662933
vt 0.757579 0.493269
vt 0.755757 0.488737
vt 0.760307 0.493155
vt 0.491902 0.788207
vt 0.785757 0.627450
vt 0.780719 0.634221
vt 0.754746 0.501846
vt 0.763052 0.484478
vt 0.314118 0.923298
vt 0.943253 0.895564
vt 0.909914 0.296647
vt 0.714981 0.523268
vt 0.711864 0.527835
vt 0.850919 0.307089
vt 0.779825 0.624420
vt 0.921621 0.305378
vt 0.780229 0.643128
vt 0.781890 0.661167
vt 0.768426 0.664278
vt 0.795423 0.673131
vt 0.755296 0.549173
vt 0.311255 0.932008
vt 0.929310 0.895592
vt 0.775638 0.633814
vt 0.766135 0.668473
vt 0.787508 0.669353
vt 0.743133 0.530866
vt 0.487330 0.750624
vt 0.481891 0.794407
vt 0.481584 0.806493
vt 0.781672 0.618154
vt 0.774723 0.646967
vt 0.756015 0.524050
vt 0.776058 0.462539
vt 0.779730 0.450633
vt 0.782736 0.462188
vt 0.487154 0.949381
vt 0.497606 0.960672
vt 0.486878 0.955530
vt 0.624771 0.904995
vt 0.623095 0.901428
vt 0.761699 0.543551
vt 0.763431 0.562055
vt 0.261405 0.853700
vt 0.267419 0.850813
vt 0.731135 0.528830
vt 0.237444 0.833385
vt 0.267855 0.826005
vt 0.308398 0.924852
vt 0.908679 0.292727
vt 0.785413 0.590385
vt 0.783793 0.591022
vt 0.785129 0.591024
vt 0.778268 0.602500
vt 0.767939 0.659621
vt 0.261402 0.857526
vt 0.764821 0.502758
vt 0.477695 0.793435
vt 0.485858 0.814716
vt 0.782695 0.584830
vt 0.783199 0.593546
vt 0.784192 0.591449
vt 0.767852 0.684433
vt 0.786577 0.458343
vt 0.872296 0.778570
vt 0.498434 0.490776
vt 0.480961 0.465891
vt 0.485917 0.517034
vt 0.479488 0.510262
vt 0.482051 0.814138
vt 0.475338 0.819951
vt 0.772047 0.625616
vt 0.481838 0.951188
vt 0.469967 0.971682
vt 0.802554 0.984535
vt 0.782970 0.979274
vt 0.823301 0.977874
vt 0.491311 0.752698
vt 0.186306 0.835674
vt 0.181432 0.837224
vt 0.175653 0.832191
vt 0.263262 0.824833
vt 0.769502 0.550557
vt 0.629753 0.898873
vt 0.769642 0.521438
vt 0.755844 0.684191
vt 0.179650 0.845207
vt 0.774065 0.617959
vt 0.766972 0.620698
vt 0.756335 0.660336
vt 0.790812 0.581724
vt 0.775539 0.552561
vt 0.785374 0.559726
vt 0.777554 0.482777
vt 0.770933 0.638625
vt 0.172110 0.843208
vt 0.198416 0.830786
vt 0.205634 0.840145
vt 0.238988 0.854266
vt 0.470886 0.963374
vt 0.633168 0.894719
vt 0.619484 0.884241
vt 0.765581 0.629019
vt 0.763294 0.650998
vt 0.220905 0.833131
vt 0.209166 0.830062
vt 0.229637 0.841902
vt 0.779951 0.543463
vt 0.774993 0.507525
vt 0.482870 0.935290
vt 0.878538 0.779709
vt 0.787443 0.467930
vt 0.791148 0.442719
vt 0.748277 0.682280
vt 0.186103 0.846449
vt 0.195372 0.840519
vt 0.783986 0.473683
vt 0.795484 0.460607
vt 0.468640 0.798398
vt 0.754545 0.667743
vt 0.836838 0.986204
vt 0.481394 0.550153
vt 0.749987 0.677391
vt 0.750350 0.676687
vt 0.749906 0.677850
vt 0.193768 0.843894
vt 0.474289 0.781101
vt 0.749508 0.676880
vt 0.749897 0.677134
vt 0.749656 0.677810
vt 0.758444 0.624567
vt 0.739585 0.682174
vt 0.214685 0.840351
vt 0.430746 0.261214
vt 0.424883 0.266780
vt 0.416554 0.268285
vt 0.474081 0.938427
vt 0.467175 0.963209
vt 0.773332 0.613745
vt 0.739735 0.677317
vt 0.781430 0.502799
vt 0.464235 0.829113
vt 0.425072 0.254922
vt 0.217753 0.849753
vt 0.473594 0.525228
vt 0.488700 0.573825
vt 0.201708 0.847835
vt 0.792053 0.476733
vt 0.792510 0.541448
vt 0.476022 0.566662
vt 0.766894 0.612524
vt 0.418288 0.253870
vt 0.781721 0.511148
vt 0.650970 0.892298
vt 0.174860 0.857751
vt 0.204238 0.854737
vt 0.873587 0.818191
vt 0.460983 0.229502
vt 0.472484 0.229843
vt 0.436297 0.238230
vt 0.398238 0.257518
vt 0.403571 0.254907
vt 0.478938 0.918553
vt 0.435524 0.245023
vt 0.460782 0.795841
vt 0.789353 0.500584
vt 0.474032 0.919034
vt 0.409249 0.253418
vt 0.408219 0.253051
vt 0.406970 0.253236
vt 0.402624 0.251276
vt 0.409020 0.252752
vt 0.408466 0.252939
vt 0.407885 0.252994
vt 0.790125 0.532571
vt 0.798277 0.478600
vt 0.483917 0.587251
vt 0.456099 0.225251
vt 0.424170 0.232495
vt 0.471208 0.564739
vt 0.465824 0.940704
vt 0.787385 0.520156
vt 0.396290 0.244577
vt 0.212242 0.854959
vt 0.793841 0.522208
vt 0.393295 0.234118
vt 0.389512 0.264653
vt 0.378031 0.254983
vt 0.484520 0.644312
vt 0.382051 0.237768
vt 0.344143 0.251792
vt 0.478220 0.631431
vt 0.408479 0.228327
vt 0.469964 0.633288
vt 0.465710 0.588672
vt 0.474027 0.603473
vt 0.465755 0.626510
vt 0.373455 0.262860
vt 0.386612 0.276718
vt 0.489149 0.620456
vt 0.373775 0.241980
vt 0.366326 0.246026
vt 0.344660 0.244405
vt 0.851286 0.379652
vt 0.863310 0.388717
vt 0.848044 0.391109
vt 0.863514 0.407012
vt 0.871828 0.399400
vt 0.879949 0.409783
vt 0.871467 0.423196
vt 0.878182 0.420794
vt 0.528757 0.912464
vt 0.880778 0.459717
vt 0.838452 0.386121
vt 0.367078 0.266831
vt 0.847982 0.398866
vt 0.860895 0.454147
vt 0.541254 0.900250
vt 0.825073 0.379987
vt 0.866957 0.461377
vt 0.541757 0.911408
vt 0.854576 0.436331
vt 0.851041 0.444777
vt 0.532131 0.923926
vt 0.860191 0.416288
vt 0.822087 0.393680
vt 0.849183 0.410152
vt 0.857994 0.425659
vt 0.381176 0.277787
vt 0.336563 0.260059
vt 0.371329 0.223488
vt 0.337935 0.233954
vt 0.491271 0.655192
vt 0.811347 0.390803
vt 0.833585 0.397042
vt 0.846646 0.450052
vt 0.342169 0.268986
vt 0.354228 0.232192
vt 0.549184 0.902657
vt 0.547098 0.880241
vt 0.378972 0.284776
vt 0.367793 0.284200
vt 0.849723 0.462398
vt 0.866231 0.472878
vt 0.847200 0.422723
vt 0.836008 0.408217
vt 0.544952 0.920640
vt 0.554345 0.893359
vt 0.839326 0.454469
vt 0.840495 0.434632
vt 0.165385 0.388497
vt 0.172523 0.357542
vt 0.170192 0.406518
vt 0.813583 0.398916
vt 0.176817 0.368614
vt 0.359064 0.225048
vt 0.837551 0.441996
vt 0.840151 0.460106
vt 0.175314 0.408846
vt 0.326317 0.224964
vt 0.555236 0.911748
vt 0.804468 0.398548
vt 0.179675 0.379737
vt 0.840057 0.414653
vt 0.831763 0.452203
vt 0.323363 0.219795
vt 0.559344 0.901351
vt 0.816999 0.406660
vt 0.162821 0.449220
vt 0.808776 0.409422
vt 0.812836 0.454466
vt 0.826659 0.442753
vt 0.837596 0.424888
vt 0.034263 0.350511
vt 0.033168 0.342107
vt 0.044096 0.357092
vt 0.825821 0.406443
vt 0.087602 0.406961
vt 0.072445 0.367259
vt 0.096395 0.398759
vt 0.091251 0.384060
vt 0.168130 0.446695
vt 0.172794 0.461502
vt 0.177811 0.438746
vt 0.182725 0.413736
vt 0.056214 0.377684
vt 0.056363 0.365525
vt 0.066710 0.367758
vt 0.803690 0.405022
vt 0.812979 0.414913
vt 0.830039 0.434106
vt 0.829904 0.416815
vt 0.820143 0.415928
vt 0.814552 0.420861
vt 0.819462 0.425119
vt 0.829487 0.427266
vt 0.824199 0.424218
vt 0.827672 0.429959
vt 0.827196 0.424053
vt 0.167153 0.063331
vt 0.175877 0.068870
vt 0.163396 0.068662
vt 0.161187 0.065695
vt 0.194377 0.075093
vt 0.181698 0.078903
vt 0.709754 0.558793
vt 0.720949 0.553777
vt 0.714909 0.580306
vt 0.165600 0.071456
vt 0.206069 0.081934
vt 0.246945 0.117713
vt 0.163634 0.072255
vt 0.234049 0.110979
vt 0.707751 0.603303
vt 0.172796 0.080242
vt 0.226040 0.103119
vt 0.229477 0.116120
vt 0.714158 0.626299
vt 0.707339 0.576525
vt 0.700177 0.917478
vt 0.711666 0.934367
vt 0.280756 0.061049
vt 0.236474 0.118791
vt 0.236231 0.120228
vt 0.236462 0.119693
vt 0.236711 0.120345
vt 0.236736 0.119104
vt 0.237039 0.118664
vt 0.691675 0.931036
vt 0.723559 0.584960
vt 0.192261 0.096043
vt 0.237572 0.131411
vt 0.232305 0.145115
vt 0.700590 0.653521
vt 0.723505 0.650576
vt 0.716616 0.652139
vt 0.719938 0.642030
vt 0.716390 0.619322
vt 0.208309 0.093983
vt 0.242069 0.128599
vt 0.688787 0.920181
vt 0.703685 0.658778
vt 0.719093 0.636753
vt 0.733778 0.573532
vt 0.235056 0.126539
vt 0.984977 0.625179
vt 0.984817 0.624622
vt 0.987868 0.626797
vt 0.729308 0.655706
vt 0.719863 0.627781
vt 0.994531 0.563798
vt 0.994374 0.552933
vt 0.994732 0.553439
vt 0.994689 0.552613
vt 0.994802 0.553208
vt 0.984361 0.625450
vt 0.984618 0.625239
vt 0.847014 0.288662
vt 0.859339 0.292614
vt 0.842989 0.291687
vt 0.723394 0.631138
vt 0.724530 0.616520
vt 0.212220 0.107158
vt 0.216802 0.125552
vt 0.218979 0.131415
vt 0.987651 0.635225
vt 0.248070 0.132006
vt 0.201421 0.109173
vt 0.832507 0.293692
vt 0.838722 0.300646
vt 0.734600 0.660498
vt 0.242505 0.139436
vt 0.243871 0.137666
vt 0.730130 0.619194
vt 0.213448 0.116976
vt 0.220416 0.139044
vt 0.215764 0.139130
vt 0.839046 0.307368
vt 0.106331 0.966262
vt 0.127079 0.969176
vt 0.114849 0.974034
vt 0.742016 0.666123
vt 0.741340 0.649875
vt 0.729148 0.641574
vt 0.740890 0.588390
vt 0.209521 0.133923
vt 0.252041 0.132462
vt 0.728197 0.634039
vt 0.823012 0.294362
vt 0.140526 0.966113
vt 0.132168 0.974425
vt 0.202401 0.119228
vt 0.207987 0.124641
vt 0.211209 0.129293
vt 0.676864 0.926003
vt 0.733025 0.610110
vt 0.219341 0.150462
vt 0.249143 0.145307
vt 0.124827 0.977715
vt 0.218726 0.152115
vt 0.698521 0.897938
vt 0.686913 0.911382
vt 0.138809 0.976783
vt 0.191311 0.109556
vt 0.833612 0.314624
vt 0.821730 0.320367
vt 0.735994 0.642242
vt 0.736694 0.605860
vt 0.827449 0.326075
vt 0.252998 0.138805
vt 0.690238 0.902696
vt 0.691980 0.908014
vt 0.817117 0.305538
vt 0.825567 0.287990
vt 0.817871 0.326451
vt 0.818873 0.460540
vt 0.703499 0.890810
vt 0.682008 0.914767
vt 0.672770 0.916319
vt 0.673483 0.911522
vt 0.093968 0.407159
vt 0.073958 0.401055
vt 0.187348 0.131017
vt 0.709478 0.892029
vt 0.667092 0.915677
vt 0.832343 0.283918
vt 0.812352 0.309581
vt 0.691214 0.889170
vt 0.089108 0.418611
vt 0.129541 0.985904
vt 0.745288 0.603367
vt 0.715794 0.875319
vt 0.662435 0.912727
vt 0.820071 0.333083
vt 0.744038 0.635136
vt 0.060406 0.364318
vt 0.746636 0.580811
vt 0.066191 0.405787
vt 0.063580 0.408457
vt 0.811821 0.327447
vt 0.831976 0.337021
vt 0.141361 0.991027
vt 0.079737 0.433285
vt 0.703823 0.866175
vt 0.708309 0.855437
vt 0.661385 0.926965
vt 0.680836 0.901634
vt 0.753340 0.619938
vt 0.664151 0.921225
vt 0.810869 0.336372
vt 0.828335 0.340593
vt 0.750699 0.623341
vt 0.164957 0.483617
vt 0.684493 0.900599
vt 0.799034 0.279312
vt 0.802397 0.293612
vt 0.790057 0.281417
vt 0.806179 0.317502
vt 0.805710 0.317310
vt 0.805718 0.317495
vt 0.748761 0.635851
vt 0.115668 0.397101
vt 0.795379 0.473317
vt 0.177052 0.493057
vt 0.182413 0.465816
vt 0.672846 0.897080
vt 0.805256 0.317454
vt 0.805229 0.317909
vt 0.800533 0.323286
vt 0.800238 0.334330
vt 0.168301 0.513418
vt 0.651315 0.753957
vt 0.636766 0.777797
vt 0.648138 0.755331
vt 0.808921 0.306460
vt 0.802463 0.311568
vt 0.804989 0.317528
vt 0.754764 0.592324
vt 0.791390 0.287940
vt 0.754325 0.657195
vt 0.653008 0.917501
vt 0.637592 0.717680
vt 0.620975 0.714460
vt 0.627832 0.711055
vt 0.157408 0.485284
vt 0.695760 0.878725
vt 0.686969 0.889207
vt 0.753285 0.650131
vt 0.753813 0.641408
vt 0.077738 0.446351
vt 0.844173 0.350802
vt 0.087366 0.449908
vt 0.685794 0.884818
vt 0.837230 0.266696
vt 0.155573 0.517063
vt 0.151852 0.511834
vt 0.090559 0.430745
vt 0.658989 0.755004
vt 0.653523 0.768289
vt 0.651019 0.730872
vt 0.652695 0.737827
vt 0.617992 0.704608
vt 0.811511 0.344112
vt 0.658908 0.901886
vt 0.636283 0.723499
vt 0.091849 0.446509
vt 0.654076 0.729700
vt 0.794811 0.343796
vt 0.805826 0.354473
vt 0.802329 0.349282
vt 0.627365 0.721356
vt 0.803535 0.306454
vt 0.844324 0.354889
vt 0.856789 0.366232
vt 0.651954 0.799534
vt 0.646556 0.800682
vt 0.654899 0.777580
vt 0.638154 0.713986
vt 0.793419 0.293580
vt 0.818417 0.351007
vt 0.646198 0.720145
vt 0.836410 0.353288
vt 0.146717 0.530090
vt 0.147536 0.514280
vt 0.161839 0.513971
vt 0.626898 0.727286
vt 0.090924 0.493521
vt 0.670027 0.895143
vt 0.656762 0.891702
vt 0.654346 0.720213
vt 0.635636 0.708302
vt 0.819869 0.357285
vt 0.184190 0.504266
vt 0.630131 0.728333
vt 0.092364 0.457697
vt 0.662973 0.731631
vt 0.798381 0.307661
vt 0.138700 0.555062
vt 0.143894 0.541218
vt 0.148020 0.550172
vt 0.176108 0.520125
vt 0.663247 0.776124
vt 0.662125 0.713778
vt 0.650109 0.715974
vt 0.096338 0.481295
vt 0.100329 0.486359
vt 0.101248 0.506479
vt 0.666492 0.723021
vt 0.631189 0.702000
vt 0.619747 0.693293
vt 0.620660 0.688563
vt 0.625788 0.692589
vt 0.786172 0.292945
vt 0.156188 0.543808
vt 0.096705 0.500540
vt 0.658041 0.792363
vt 0.648224 0.819573
vt 0.659919 0.796901
vt 0.181750 0.543359
vt 0.188457 0.539285
vt 0.146222 0.577121
vt 0.138434 0.575546
vt 0.660061 0.802030
vt 0.677733 0.753544
vt 0.679228 0.743209
vt 0.675521 0.731361
vt 0.646481 0.710132
vt 0.668625 0.727976
vt 0.668427 0.728153
vt 0.657508 0.708113
vt 0.651373 0.706245
vt 0.639149 0.704145
vt 0.142189 0.583045
vt 0.172007 0.559633
vt 0.668555 0.728306
vt 0.669246 0.728262
vt 0.906499 0.931777
vt 0.902333 0.942794
vt 0.888914 0.939347
vt 0.160132 0.555984
vt 0.658843 0.812494
vt 0.681221 0.714998
vt 0.674372 0.706246
vt 0.185585 0.565745
vt 0.680016 0.775938
vt 0.658559 0.698206
vt 0.150545 0.584495
vt 0.674676 0.788200
vt 0.914753 0.944778
vt 0.177467 0.564219
vt 0.936149 0.925437
vt 0.942986 0.927244
vt 0.933238 0.934281
vt 0.938089 0.918984
vt 0.936687 0.920586
vt 0.936193 0.919828
vt 0.936327 0.920332
vt 0.936106 0.920551
vt 0.936089 0.921096
vt 0.932752 0.918533
vt 0.928522 0.926144
vt 0.946256 0.921123
vt 0.935792 0.920098
vt 0.933929 0.911663
vt 0.920307 0.937797
vt 0.923496 0.920425
vt 0.914762 0.925733
vt 0.141665 0.588148
vt 0.692026 0.738299
vt 0.930743 0.939089
vt 0.653665 0.701052
vt 0.164833 0.567554
vt 0.097671 0.541588
vt 0.953260 0.934648
vt 0.696843 0.720881
vt 0.931335 0.948169
vt 0.940709 0.909740
vt 0.191866 0.580984
vt 0.686606 0.724703
vt 0.157981 0.593463
vt 0.700357 0.698996
vt 0.904364 0.955319
vt 0.892084 0.951451
vt 0.691227 0.788222
vt 0.954308 0.921320
vt 0.147080 0.608052
vt 0.958679 0.420337
vt 0.970835 0.417925
vt 0.965919 0.427145
vt 0.970436 0.426875
vt 0.729430 0.898263
vt 0.723921 0.908157
vt 0.722824 0.894030
vt 0.976039 0.426341
vt 0.734958 0.902259
vt 0.970663 0.437064
vt 0.736270 0.910370
vt 0.956657 0.427839
vt 0.964539 0.438219
vt 0.969677 0.456484
vt 0.744886 0.894976
vt 0.740315 0.891334
vt 0.963406 0.451419
vt 0.732761 0.887979
vt 0.696306 0.794893
vt 0.688992 0.779405
vt 0.691213 0.750707
vt 0.706212 0.733750
vt 0.961228 0.475682
vt 0.652655 0.693062
vt 0.931141 0.898243
vt 0.913424 0.914817
vt 0.183388 0.587110
vt 0.701914 0.749435
vt 0.977018 0.454997
vt 0.956762 0.455778
vt 0.187842 0.598940
vt 0.701556 0.757149
vt 0.772228 0.888086
vt 0.774875 0.857668
vt 0.764911 0.871657
vt 0.779901 0.837632
vt 0.214612 0.872309
vt 0.224088 0.862009
vt 0.226721 0.884169
vt 0.700501 0.769050
vt 0.780045 0.851689
vt 0.768642 0.878775
vt 0.703260 0.703782
vt 0.178626 0.899286
vt 0.201492 0.883642
vt 0.211837 0.890024
vt 0.206517 0.866631
vt 0.708155 0.736133
vt 0.774378 0.895584
vt 0.694090 0.718706
vt 0.906242 0.923223
vt 0.202537 0.899973
vt 0.190375 0.906312
vt 0.219794 0.885111
vt 0.228901 0.866357
vt 0.141863 0.617373
vt 0.234883 0.880350
vt 0.241852 0.870338
vt 0.703292 0.715247
vt 0.719089 0.689134
vt 0.906967 0.915716
vt 0.172446 0.596504
vt 0.155340 0.618350
vt 0.205511 0.906036
vt 0.212200 0.901659
vt 0.700475 0.780281
vt 0.145988 0.623890
vt 0.165588 0.618270
vt 0.249406 0.876335
vt 0.181536 0.614158
vt 0.827291 0.904430
vt 0.822342 0.907642
vt 0.809375 0.897304
vt 0.807586 0.902849
vt 0.798920 0.900346
vt 0.791209 0.894379
vt 0.775728 0.877822
vt 0.780242 0.866150
vt 0.778096 0.884797
vt 0.147503 0.632064
vt 0.175482 0.610376
vt 0.027641 0.017121
vt 0.022438 0.016272
vt 0.019783 0.009593
vt 0.087692 0.959221
vt 0.094434 0.958590
vt 0.089339 0.965831
vt 0.099073 0.962311
vt 0.094378 0.965716
vt 0.248587 0.896178
vt 0.237930 0.892891
vt 0.218984 0.898264
vt 0.231617 0.892143
vt 0.234303 0.897139
vt 0.227045 0.892249
vt 0.231566 0.894976
vt 0.223010 0.896017
vt 0.009919 0.023222
vt 0.019630 0.027549
vt 0.006394 0.024585
vt 0.018299 0.044780
vt 0.005589 0.029248
vt 0.016165 0.021276
vt 0.009478 0.020784
vt 0.009683 0.045943
vt 0.023920 0.039843
vt 0.082055 0.957784
vt 0.079835 0.961565
vt 0.077757 0.951589
vt 0.025709 0.055698
vt 0.028894 0.049833
vt 0.038317 0.058058
vt 0.032170 0.058880
vt 0.083731 0.949470
vt 0.016745 0.061784
vt 0.081811 0.941252
vt 0.192475 0.625101
vt 0.130146 0.965127
vt 0.123477 0.956779
vt 0.140278 0.960448
vt 0.034153 0.067284
vt 0.031804 0.031233
vt 0.160052 0.629842
vt 0.135832 0.954795
vt 0.036128 0.038736
vt 0.032090 0.025410
vt 0.029584 0.013088
vt 0.245660 0.886926
vt 0.095379 0.950457
vt 0.718699 0.775799
vt 0.129769 0.951874
vt 0.112778 0.964381
vt 0.103810 0.954583
vt 0.111539 0.954549
vt 0.078630 0.930224
vt 0.079176 0.928195
vt 0.085391 0.929639
vt 0.037520 0.024936
vt 0.135747 0.951138
vt 0.186803 0.629875
vt 0.788717 0.886461
vt 0.084479 0.935313
vt 0.043961 0.041984
vt 0.042202 0.053904
vt 0.796455 0.889100
vt 0.258555 0.904805
vt 0.788264 0.877350
vt 0.117187 0.946238
vt 0.044932 0.027638
vt 0.155099 0.653243
vt 0.050556 0.032532
vt 0.263317 0.900314
vt 0.096035 0.941288
vt 0.124531 0.941754
vt 0.169162 0.647692
vt 0.063820 0.025879
vt 0.176892 0.638180
vt 0.095510 0.932583
vt 0.092904 0.924619
vt 0.046780 0.021889
vt 0.795934 0.878365
vt 0.127364 0.079590
vt 0.121695 0.080256
vt 0.116975 0.078859
vt 0.122409 0.042755
vt 0.120994 0.050575
vt 0.104075 0.045552
vt 0.136011 0.051814
vt 0.093874 0.046919
vt 0.108568 0.051800
vt 0.107986 0.037086
vt 0.092795 0.034701
vt 0.096263 0.054881
vt 0.111983 0.061848
vt 0.124917 0.061707
vt 0.116550 0.069622
vt 0.130310 0.040962
vt 0.122812 0.035835
vt 0.105820 0.068285
vt 0.143941 0.042855
vt 0.106556 0.031816
vt 0.098496 0.023666
vt 0.134319 0.062598
vt 0.084645 0.047638
vt 0.102572 0.077543
vt 0.133790 0.071858
vt 0.119695 0.031833
vt 0.092633 0.060512
vt 0.099933 0.064859
vt 0.103690 0.026111
vt 0.141962 0.036916
vt 0.139739 0.033950
vt 0.082317 0.038801
vt 0.106017 0.022853
vt 0.078864 0.059057
vt 0.113951 0.024688
vt 0.100590 0.072458
vt 0.099869 0.081338
vt 0.579054 0.275990
vt 0.567534 0.265763
vt 0.582683 0.272401
vt 0.140770 0.031282
vt 0.128818 0.028923
vt 0.079473 0.046308
vt 0.567830 0.274270
vt 0.147043 0.065916
vt 0.121230 0.081058
vt 0.122766 0.080326
vt 0.151227 0.053412
vt 0.147472 0.028391
vt 0.120494 0.083067
vt 0.120784 0.081524
vt 0.121705 0.081010
vt 0.122124 0.080529
vt 0.080904 0.028056
vt 0.121881 0.022598
vt 0.108033 0.016460
vt 0.155305 0.041449
vt 0.075218 0.041499
vt 0.092557 0.078486
vt 0.079499 0.073580
vt 0.153131 0.065069
vt 0.953082 0.399767
vt 0.948438 0.394788
vt 0.956306 0.384611
vt 0.169180 0.055590
vt 0.178208 0.051541
vt 0.169008 0.059133
vt 0.168597 0.053322
vt 0.943016 0.387890
vt 0.939606 0.392904
vt 0.943784 0.396459
vt 0.161778 0.056550
vt 0.947342 0.383605
vt 0.936079 0.405788
vt 0.172861 0.049300
vt 0.937063 0.399163
vt 0.163341 0.051377
vt 0.096145 0.018059
vt 0.065700 0.029204
vt 0.111354 0.936070
vt 0.141564 0.078988
vt 0.180539 0.650609
vt 0.560041 0.266225
vt 0.149303 0.078269
vt 0.121451 0.016123
vt 0.186547 0.651462
vt 0.106762 0.942971
vt 0.140750 0.091265
vt 0.154783 0.034881
vt 0.144655 0.022218
vt 0.080306 0.018695
vt 0.161775 0.656931
vt 0.107408 0.942790
vt 0.106907 0.942748
vt 0.106552 0.942562
vt 0.105677 0.942356
vt 0.074768 0.054358
vt 0.570946 0.283848
vt 0.106857 0.942465
vt 0.551831 0.275527
vt 0.927023 0.378518
vt 0.071847 0.067822
vt 0.546269 0.284832
vt 0.157630 0.074150
vt 0.937923 0.362886
vt 0.931432 0.364884
vt 0.653649 0.328260
vt 0.659381 0.340665
vt 0.644106 0.328144
vt 0.192956 0.642730
vt 0.722650 0.353782
vt 0.725948 0.358986
vt 0.717245 0.363593
vt 0.161190 0.043904
vt 0.098868 0.927344
vt 0.071369 0.054482
vt 0.106671 0.011943
vt 0.123422 0.932169
vt 0.107502 0.929055
vt 0.684882 0.306890
vt 0.922052 0.381423
vt 0.919284 0.384912
vt 0.158573 0.042197
vt 0.173422 0.661087
vt 0.098184 0.915437
vt 0.065406 0.034101
vt 0.719024 0.304556
vt 0.926055 0.370867
vt 0.694296 0.337987
vt 0.714030 0.355769
vt 0.158405 0.079853
vt 0.160633 0.030496
vt 0.687847 0.334463
vt 0.929200 0.359760
vt 0.149489 0.091742
vt 0.679393 0.341180
vt 0.922526 0.360465
vt 0.171046 0.039941
vt 0.164061 0.035566
vt 0.138591 0.096114
vt 0.668160 0.334338
vt 0.667919 0.349375
vt 0.775065 0.285293
vt 0.777905 0.283084
vt 0.778861 0.293756
vt 0.783894 0.278552
vt 0.926422 0.356442
vt 0.681492 0.343161
vt 0.686369 0.341656
vt 0.171828 0.030228
vt 0.137719 0.107680
vt 0.159009 0.109322
vt 0.904213 0.373359
vt 0.676820 0.345981
vt 0.913217 0.370120
vt 0.928350 0.345544
vt 0.912482 0.354560
vt 0.779263 0.304165
vt 0.899612 0.355204
vt 0.690662 0.347806
vt 0.776489 0.310253
vt 0.784030 0.318434
vt 0.770688 0.298837
vt 0.773823 0.306615
vt 0.789223 0.327156
vt 0.787475 0.343887
vt 0.779631 0.339284
vt 0.893837 0.359626
vt 0.681482 0.359420
vt 0.915401 0.345090
vt 0.181734 0.017216
vt 0.807318 0.377668
vt 0.805414 0.372780
vt 0.813427 0.374728
vt 0.790936 0.366666
vt 0.806215 0.371156
vt 0.769528 0.193328
vt 0.772164 0.192858
vt 0.770769 0.215778
vt 0.781240 0.366980
vt 0.788901 0.355733
vt 0.781859 0.355433
vt 0.766402 0.221030
vt 0.807067 0.357701
vt 0.761663 0.219651
vt 0.776256 0.363685
vt 0.746923 0.242233
vt 0.754777 0.229762
vt 0.761542 0.352908
vt 0.771967 0.305328
vt 0.780766 0.211265
vt 0.776011 0.224395
vt 0.793342 0.219976
vt 0.777528 0.233060
vt 0.684719 0.353881
vt 0.780313 0.219769
vt 0.747667 0.261930
vt 0.762519 0.239915
vt 0.790111 0.235521
vt 0.950353 0.415019
vt 0.947194 0.423918
vt 0.946676 0.416769
vt 0.146410 0.176377
vt 0.474798 0.029964
vt 0.752671 0.300867
vt 0.759962 0.297476
vt 0.161219 0.192743
vt 0.108420 0.184402
vt 0.613414 0.635605
vt 0.172146 0.205587
vt 0.765066 0.307702
vt 0.772626 0.316862
vt 0.768925 0.330942
vt 0.744052 0.281912
vt 0.154042 0.178122
vt 0.622680 0.633905
vt 0.775646 0.234377
vt 0.987609 0.409260
vt 0.989781 0.414597
vt 0.983375 0.410521
vt 0.059951 0.981557
vt 0.056110 0.978402
vt 0.064052 0.967077
vt 0.068278 0.972343
vt 0.994815 0.403832
vt 0.059880 0.965851
vt 0.989015 0.402085
vt 0.982337 0.399583
vt 0.992036 0.394046
vt 0.072954 0.960991
vt 0.070590 0.950893
vt 0.986558 0.389603
vt 0.060914 0.951096
vt 0.056372 0.957424
vt 0.063309 0.943778
vt 0.994835 0.385211
vt 0.992414 0.381379
vt 0.320633 0.952041
vt 0.327677 0.949734
vt 0.321932 0.958701
vt 0.333623 0.960450
vt 0.328012 0.969770
vt 0.324041 0.971234
vt 0.331138 0.957448
vt 0.316438 0.967830
vt 0.308008 0.942883
vt 0.314475 0.952854
vt 0.318709 0.978797
vt 0.320655 0.985513
vt 0.056150 0.935440
vt 0.945027 0.350812
vt 0.933441 0.354778
vt 0.952903 0.334512
vt 0.411261 0.188491
vt 0.400896 0.185413
vt 0.402787 0.185254
vt 0.942221 0.342626
vt 0.938559 0.337625
vt 0.933533 0.338520
vt 0.947767 0.356610
vt 0.958673 0.342586
vt 0.423624 0.190645
vt 0.411725 0.184865
vt 0.958335 0.336721
vt 0.950959 0.324390
vt 0.445139 0.195652
vt 0.456338 0.205800
vt 0.435197 0.187566
vt 0.465863 0.204517
vt 0.465876 0.195488
vt 0.758142 0.941289
vt 0.760081 0.942446
vt 0.751037 0.966180
vt 0.977498 0.334360
vt 0.755398 0.965753
vt 0.747032 0.956817
vt 0.759216 0.952985
vt 0.475155 0.220767
vt 0.464647 0.218101
vt 0.478537 0.205373
vt 0.482574 0.215961
vt 0.747566 0.978057
vt 0.491746 0.233202
vt 0.415950 0.542144
vt 0.417465 0.547275
vt 0.412810 0.547446
vt 0.943075 0.034850
vt 0.943102 0.034551
vt 0.943417 0.034197
vt 0.599757 0.703396
vt 0.602576 0.714989
vt 0.598210 0.715351
vt 0.606073 0.707532
vt 0.610039 0.700741
vt 0.611275 0.692445
vt 0.963110 0.809537
vt 0.975204 0.808431
vt 0.968958 0.814952
vt 0.974817 0.818863
vt 0.604424 0.746292
vt 0.612222 0.714120
vt 0.608853 0.717834
vt 0.611579 0.752244
vt 0.616425 0.710078
vt 0.964283 0.826125
vt 0.599138 0.749213
vt 0.960316 0.817836
vt 0.594535 0.728329
vt 0.614297 0.731037
vt 0.950354 0.821752
vt 0.925635 0.822177
vt 0.937189 0.821535
vt 0.930151 0.824726
vt 0.950641 0.814476
vt 0.951895 0.835043
vt 0.925354 0.825333
vt 0.602816 0.756994
vt 0.887842 0.103970
vt 0.898878 0.104477
vt 0.897999 0.107063
vt 0.907605 0.097013
vt 0.914928 0.103550
vt 0.938160 0.099991
vt 0.926384 0.105905
vt 0.927485 0.097011
vt 0.916482 0.112614
vt 0.976842 0.698706
vt 0.969372 0.693736
vt 0.978047 0.695436
vt 0.957003 0.040195
vt 0.956451 0.047462
vt 0.950040 0.044563
vt 0.960076 0.044228
vt 0.965872 0.040552
vt 0.964183 0.047099
vt 0.950370 0.034757
vt 0.956769 0.053589
vt 0.939170 0.050667
vt 0.965563 0.681575
vt 0.950246 0.689250
vt 0.956876 0.678743
vt 0.950174 0.061990
vt 0.974722 0.032973
vt 0.939111 0.068401
vt 0.967490 0.054931
vt 0.975943 0.052638
vt 0.309441 0.052645
vt 0.308068 0.041727
vt 0.316375 0.048901
vt 0.533900 0.219740
vt 0.529664 0.208166
vt 0.541055 0.216254
vt 0.535436 0.206375
vt 0.763428 0.033654
vt 0.763803 0.020161
vt 0.777065 0.024947
vt 0.537963 0.226115
vt 0.543172 0.229319
vt 0.526515 0.234009
vt 0.761819 0.038612
vt 0.777813 0.035391
vt 0.549046 0.221230
vt 0.553130 0.211589
vt 0.784319 0.010470
vt 0.778524 0.041133
vt 0.789305 0.034992
vt 0.594647 0.472272
vt 0.589561 0.461854
vt 0.601426 0.460662
vt 0.553149 0.207816
vt 0.559506 0.211526
vt 0.593169 0.459656
vt 0.549916 0.226859
vt 0.791833 0.024004
vt 0.595880 0.476330
vt 0.607210 0.460897
vt 0.590007 0.457683
vt 0.553826 0.230405
vt 0.568575 0.213627
vt 0.549038 0.200440
vt 0.789398 0.031350
vt 0.593104 0.454694
vt 0.567111 0.231619
vt 0.601323 0.477607
vt 0.613649 0.454779
vt 0.569142 0.205696
vt 0.570906 0.240493
vt 0.789549 0.013338
vt 0.962205 0.634922
vt 0.956602 0.639049
vt 0.967990 0.624853
vt 0.590156 0.454378
vt 0.255721 0.986598
vt 0.248309 0.985487
vt 0.252454 0.979922
vt 0.268823 0.975839
vt 0.266002 0.970945
vt 0.268362 0.964478
vt 0.261839 0.973713
vt 0.562677 0.160421
vt 0.572522 0.154941
vt 0.570061 0.163423
vt 0.581731 0.158613
vt 0.574578 0.161331
vt 0.258820 0.967708
vt 0.579667 0.166206
vt 0.585477 0.151264
vt 0.567768 0.171424
vt 0.574433 0.172063
vt 0.580400 0.177549
vt 0.246767 0.972216
vt 0.616210 0.461762
vt 0.561378 0.200670
vt 0.249952 0.988408
vt 0.268018 0.987286
vt 0.795887 0.035362
vt 0.950407 0.619215
vt 0.945230 0.641060
vt 0.946953 0.645712
vt 0.956475 0.643615
vt 0.964737 0.644714
vt 0.572535 0.214855
vt 0.978560 0.652158
vt 0.969271 0.657517
vt 0.958980 0.659396
vt 0.592445 0.164220
vt 0.605752 0.480027
vt 0.641332 0.452389
vt 0.649209 0.472175
vt 0.645370 0.473087
vt 0.647906 0.459239
vt 0.632993 0.468704
vt 0.632298 0.452920
vt 0.638171 0.472941
vt 0.629071 0.471977
vt 0.636712 0.440066
vt 0.623823 0.471882
vt 0.638302 0.491207
vt 0.638937 0.431849
vt 0.650934 0.450990
vt 0.656373 0.452068
vt 0.666835 0.467069
vt 0.675761 0.464424
vt 0.671776 0.458009
vt 0.622032 0.460348
vt 0.655272 0.481618
vt 0.646803 0.500369
vt 0.111898 0.908310
vt 0.107393 0.901081
vt 0.111695 0.907818
vt 0.129817 0.919985
vt 0.112759 0.902818
vt 0.125183 0.913080
vt 0.628828 0.487082
vt 0.662789 0.481818
vt 0.654505 0.443627
vt 0.645537 0.438597
vt 0.117576 0.921501
vt 0.112271 0.909424
vt 0.112072 0.908025
vt 0.550046 0.236464
vt 0.574206 0.243260
vt 0.260545 0.994645
vt 0.584102 0.175534
vt 0.587015 0.170953
vt 0.791648 0.012568
vt 0.666176 0.493072
vt 0.690474 0.451853
vt 0.667237 0.433862
vt 0.682708 0.439906
vt 0.129173 0.930950
vt 0.112819 0.909515
vt 0.112569 0.908855
vt 0.580583 0.235842
vt 0.247171 0.992290
vt 0.802631 0.034386
vt 0.619558 0.478249
vt 0.795684 0.011939
vt 0.624393 0.483522
vt 0.145446 0.904944
vt 0.144269 0.915535
vt 0.583944 0.224718
vt 0.586162 0.255733
vt 0.576587 0.211723
vt 0.607075 0.491283
vt 0.693167 0.460236
vt 0.701162 0.449409
vt 0.640354 0.505628
vt 0.138680 0.918223
vt 0.153464 0.913307
vt 0.148739 0.904029
vt 0.026313 0.877933
vt 0.032785 0.880067
vt 0.037617 0.887581
vt 0.565459 0.190129
vt 0.574197 0.191706
vt 0.624990 0.499250
vt 0.686320 0.466890
vt 0.681872 0.425272
vt 0.128272 0.932393
vt 0.664275 0.499560
vt 0.674088 0.492412
vt 0.689327 0.432724
vt 0.026589 0.899029
vt 0.019417 0.897146
vt 0.027638 0.892237
vt 0.151927 0.926728
vt 0.694093 0.480711
vt 0.703560 0.458322
vt 0.694795 0.438688
vt 0.310587 0.039344
vt 0.970817 0.685297
vt 0.955417 0.662766
vt 0.156720 0.924516
vt 0.962849 0.664361
vt 0.593880 0.240692
vt 0.596458 0.252403
vt 0.602835 0.252025
vt 0.593215 0.259449
vt 0.592213 0.232518
vt 0.694689 0.432744
vt 0.145176 0.930183
vt 0.154570 0.932873
vt 0.583422 0.201195
vt 0.591094 0.185974
vt 0.620032 0.498374
vt 0.650561 0.512408
vt 0.660597 0.515727
vt 0.706214 0.453891
vt 0.934983 0.075958
vt 0.934848 0.082165
vt 0.157861 0.905394
vt 0.972115 0.669812
vt 0.631433 0.508481
vt 0.036419 0.903740
vt 0.027170 0.908867
vt 0.965440 0.702547
vt 0.038635 0.921689
vt 0.152295 0.937652
vt 0.167165 0.915062
vt 0.588426 0.501646
vt 0.696160 0.477106
vt 0.691740 0.419821
vt 0.963777 0.676057
vt 0.945171 0.700721
vt 0.977321 0.702209
vt 0.606874 0.257635
vt 0.588265 0.506492
vt 0.615658 0.487814
vt 0.696793 0.468950
vt 0.944140 0.710252
vt 0.946495 0.705133
vt 0.954995 0.706436
vt 0.158404 0.936586
vt 0.594620 0.266113
vt 0.707129 0.447219
vt 0.979649 0.705747
vt 0.027810 0.921423
vt 0.040065 0.883768
vt 0.166238 0.933964
vt 0.606799 0.243454
vt 0.603745 0.238568
vt 0.656362 0.521810
vt 0.691546 0.493496
vt 0.604445 0.261670
vt 0.602996 0.261540
vt 0.593197 0.218500
vt 0.698213 0.487041
vt 0.708303 0.434547
vt 0.142355 0.944551
vt 0.604413 0.261489
vt 0.603818 0.261249
vt 0.603995 0.261222
vt 0.603896 0.261004
vt 0.586140 0.193221
vt 0.604592 0.501807
vt 0.672572 0.498237
vt 0.672611 0.497691
vt 0.954252 0.675819
vt 0.949312 0.664548
vt 0.592232 0.274318
vt 0.610608 0.260864
vt 0.604090 0.261003
vt 0.592458 0.212289
vt 0.673428 0.498554
vt 0.673676 0.497767
vt 0.031484 0.935834
vt 0.026823 0.934156
vt 0.046358 0.918515
vt 0.041871 0.902652
vt 0.601451 0.215548
vt 0.673701 0.498909
vt 0.681167 0.501402
vt 0.601056 0.269977
vt 0.599591 0.228225
vt 0.605701 0.227438
vt 0.676405 0.511163
vt 0.694368 0.499045
vt 0.703156 0.476367
vt 0.588371 0.192662
vt 0.708923 0.463170
vt 0.712873 0.443568
vt 0.017039 0.934976
vt 0.011714 0.947084
vt 0.051600 0.931895
vt 0.075552 0.948753
vt 0.058658 0.933125
vt 0.062367 0.933407
vt 0.051390 0.902677
vt 0.055715 0.891744
vt 0.040085 0.880878
vt 0.595079 0.278114
vt 0.053055 0.894393
vt 0.362630 0.081599
vt 0.349286 0.086831
vt 0.321322 0.080509
vt 0.158711 0.942932
vt 0.056151 0.912810
vt 0.946906 0.079556
vt 0.332741 0.087475
vt 0.177429 0.902443
vt 0.182807 0.937808
vt 0.963867 0.066421
vt 0.970454 0.709315
vt 0.327336 0.071428
vt 0.334365 0.093631
vt 0.952503 0.077063
vt 0.948059 0.713342
vt 0.343153 0.099328
vt 0.960192 0.078993
vt 0.960209 0.715143
vt 0.061678 0.923545
vt 0.322163 0.095459
vt 0.319634 0.091366
vt 0.315717 0.093866
vt 0.967407 0.719748
vt 0.967948 0.089994
vt 0.961750 0.083155
vt 0.312900 0.090016
vt 0.950118 0.722866
vt 0.957253 0.719959
vt 0.319274 0.099329
vt 0.330894 0.103906
vt 0.353675 0.111193
vt 0.968977 0.077056
vt 0.967767 0.722932
vt 0.067577 0.920925
vt 0.976091 0.085408
vt 0.952998 0.725136
vt 0.305830 0.084557
vt 0.316176 0.051214
vt 0.322398 0.059869
vt 0.315018 0.065423
vt 0.311410 0.077981
vt 0.315399 0.121079
vt 0.313264 0.126955
vt 0.302755 0.122417
vt 0.305220 0.095291
vt 0.323679 0.115867
vt 0.949260 0.733457
vt 0.307115 0.037246
vt 0.974678 0.043802
vt 0.304669 0.112239
vt 0.304926 0.051291
vt 0.307786 0.059787
vt 0.306260 0.103859
vt 0.288344 0.089548
vt 0.290477 0.083782
vt 0.306125 0.073396
vt 0.936639 0.107415
vt 0.913298 0.091179
vt 0.908441 0.120272
vt 0.608842 0.799596
vt 0.606700 0.830064
vt 0.598592 0.806750
vt 0.300451 0.124569
vt 0.292360 0.123948
vt 0.291696 0.128737
vt 0.293166 0.136023
vt 0.284933 0.138254
vt 0.297703 0.116897
vt 0.290544 0.095389
vt 0.299770 0.051125
vt 0.953403 0.080360
vt 0.939212 0.117003
vt 0.295774 0.061998
vt 0.286195 0.126897
vt 0.618299 0.797708
vt 0.618888 0.811937
vt 0.607083 0.790786
vt 0.925147 0.117298
vt 0.295924 0.105354
vt 0.672314 0.022567
vt 0.669327 0.023323
vt 0.669472 0.018703
vt 0.286770 0.118335
vt 0.667448 0.022025
vt 0.590753 0.798306
vt 0.671996 0.028360
vt 0.677667 0.029574
vt 0.643361 0.816551
vt 0.924091 0.122372
vt 0.610533 0.774563
vt 0.626920 0.799385
vt 0.596245 0.758291
vt 0.614607 0.751955
vt 0.614068 0.761501
vt 0.668222 0.059334
vt 0.668215 0.069478
vt 0.661330 0.068413
vt 0.598366 0.792904
vt 0.663133 0.027209
vt 0.944032 0.134231
vt 0.651353 0.080790
vt 0.942316 0.827024
vt 0.958560 0.843922
vt 0.655140 0.090373
vt 0.668622 0.075840
vt 0.663042 0.020023
vt 0.662144 0.024598
vt 0.673556 0.029268
vt 0.673659 0.029594
vt 0.673993 0.029608
vt 0.665695 0.090367
vt 0.572162 0.807516
vt 0.565823 0.812571
vt 0.554828 0.818150
vt 0.672808 0.030361
vt 0.673366 0.029675
vt 0.673478 0.029811
vt 0.668303 0.035805
vt 0.640929 0.100630
vt 0.641725 0.087886
vt 0.631117 0.095902
vt 0.935536 0.139742
vt 0.586535 0.797959
vt 0.663563 0.015139
vt 0.655916 0.061688
vt 0.673442 0.051330
vt 0.630196 0.111459
vt 0.641958 0.109236
vt 0.659178 0.036461
vt 0.648699 0.085089
vt 0.627095 0.093493
vt 0.623660 0.103098
vt 0.659361 0.098897
vt 0.657489 0.027202
vt 0.658842 0.030908
vt 0.650152 0.076112
vt 0.648117 0.084552
vt 0.647691 0.084485
vt 0.647646 0.084755
vt 0.647961 0.084947
vt 0.947282 0.836799
vt 0.679608 0.035628
vt 0.657374 0.052069
vt 0.647554 0.084196
vt 0.591437 0.754392
vt 0.591358 0.764679
vt 0.607185 0.108588
vt 0.615561 0.108645
vt 0.614260 0.114246
vt 0.949395 0.843069
vt 0.645249 0.067989
vt 0.624639 0.097522
vt 0.589817 0.776846
vt 0.656118 0.023124
vt 0.624236 0.096881
vt 0.623302 0.097474
vt 0.623916 0.097694
vt 0.626094 0.116509
vt 0.674834 0.096535
vt 0.961183 0.028062
vt 0.949754 0.029841
vt 0.948163 0.027722
vt 0.589407 0.760435
vt 0.635800 0.081451
vt 0.623711 0.096907
vt 0.622576 0.096839
vt 0.621494 0.096806
vt 0.941267 0.040591
vt 0.935421 0.050402
vt 0.938055 0.042756
vt 0.937522 0.043857
vt 0.937544 0.043657
vt 0.937349 0.043864
vt 0.937409 0.044323
vt 0.618420 0.082333
vt 0.620400 0.087808
vt 0.618355 0.093811
vt 0.644731 0.112262
vt 0.944404 0.036177
vt 0.937110 0.043776
vt 0.460103 0.769846
vt 0.452922 0.784017
vt 0.447239 0.783107
vt 0.656876 0.019772
vt 0.658321 0.040612
vt 0.609237 0.120010
vt 0.664066 0.106453
vt 0.937804 0.036393
vt 0.935593 0.036917
vt 0.942805 0.034497
vt 0.941776 0.034630
vt 0.942777 0.034570
vt 0.652278 0.032862
vt 0.632839 0.071283
vt 0.625440 0.075254
vt 0.611943 0.092611
vt 0.649465 0.029334
vt 0.940823 0.025034
vt 0.654121 0.026456
vt 0.652056 0.029201
vt 0.652777 0.028756
vt 0.648863 0.041483
vt 0.605455 0.097217
vt 0.600348 0.100195
vt 0.639245 0.029483
vt 0.651502 0.029358
vt 0.653099 0.027618
vt 0.652326 0.028720
vt 0.643111 0.122966
vt 0.453022 0.756335
vt 0.644616 0.045403
vt 0.447680 0.768812
vt 0.634318 0.063580
vt 0.670340 0.107744
vt 0.940245 0.015161
vt 0.597894 0.105323
vt 0.669200 0.112559
vt 0.645759 0.036744
vt 0.466976 0.739815
vt 0.471817 0.746570
vt 0.462795 0.756646
vt 0.595606 0.088739
vt 0.446511 0.756322
vt 0.600093 0.084988
vt 0.614514 0.070565
vt 0.614218 0.079448
vt 0.610757 0.125670
vt 0.491208 0.722097
vt 0.486754 0.715574
vt 0.485754 0.704523
vt 0.489916 0.733556
vt 0.483787 0.730626
vt 0.472923 0.728873
vt 0.589310 0.093508
vt 0.935558 0.012104
vt 0.630080 0.052920
vt 0.475881 0.733681
vt 0.458569 0.742371
vt 0.630893 0.046049
vt 0.484431 0.714627
vt 0.460923 0.734988
vt 0.591518 0.124264
vt 0.479964 0.735349
vt 0.477199 0.693758
vt 0.481827 0.702289
vt 0.477430 0.717796
vt 0.449835 0.749230
vt 0.636345 0.041481
vt 0.609407 0.063070
vt 0.603074 0.071273
vt 0.587741 0.102159
vt 0.800913 0.950123
vt 0.804917 0.943553
vt 0.808631 0.947706
vt 0.806303 0.953696
vt 0.817323 0.938972
vt 0.795144 0.944357
vt 0.814266 0.951493
vt 0.799688 0.957897
vt 0.790462 0.952665
vt 0.805609 0.963157
vt 0.806884 0.922395
vt 0.801693 0.936008
vt 0.793067 0.929727
vt 0.404814 0.966984
vt 0.402037 0.990541
vt 0.397057 0.970283
vt 0.394261 0.988358
vt 0.788413 0.944417
vt 0.410099 0.991087
vt 0.771840 0.971309
vt 0.359108 0.689610
vt 0.344581 0.697332
vt 0.357331 0.682441
vt 0.392173 0.970633
vt 0.352585 0.681415
vt 0.772141 0.962179
vt 0.410009 0.967984
vt 0.376447 0.686631
vt 0.370995 0.686706
vt 0.378050 0.671563
vt 0.399038 0.960106
vt 0.389042 0.653027
vt 0.392491 0.668928
vt 0.381011 0.658664
vt 0.922945 0.255601
vt 0.922053 0.249170
vt 0.931142 0.249582
vt 0.921794 0.223221
vt 0.935021 0.233791
vt 0.923380 0.237292
vt 0.916578 0.253837
vt 0.910378 0.261176
vt 0.911230 0.252382
vt 0.918444 0.261902
vt 0.730854 0.938725
vt 0.710249 0.946579
vt 0.714731 0.938739
vt 0.721379 0.953592
vt 0.927943 0.257073
vt 0.685650 0.933632
vt 0.692062 0.940968
vt 0.685801 0.943779
vt 0.674188 0.931439
vt 0.371472 0.706759
vt 0.364869 0.704243
vt 0.371190 0.701175
vt 0.902295 0.234261
vt 0.904039 0.251319
vt 0.946836 0.240779
vt 0.669495 0.933627
vt 0.679823 0.947099
vt 0.711278 0.954474
vt 0.910917 0.266256
vt 0.695432 0.947706
vt 0.376842 0.692374
vt 0.366084 0.696001
vt 0.890860 0.224004
vt 0.888767 0.231080
vt 0.898983 0.243495
vt 0.374783 0.703434
vt 0.396810 0.653451
vt 0.368503 0.662659
vt 0.920350 0.268043
vt 0.946609 0.248803
vt 0.193906 0.875745
vt 0.196161 0.883417
vt 0.179231 0.872064
vt 0.373377 0.705150
vt 0.373140 0.705987
vt 0.373657 0.704897
vt 0.391570 0.680369
vt 0.392681 0.631394
vt 0.299405 0.944710
vt 0.293163 0.955691
vt 0.289685 0.956513
vt 0.177616 0.874351
vt 0.374227 0.711067
vt 0.373431 0.705450
vt 0.373863 0.705625
vt 0.373487 0.705364
vt 0.880151 0.219219
vt 0.873127 0.224678
vt 0.680586 0.951535
vt 0.381570 0.641991
vt 0.687994 0.953703
vt 0.174488 0.863821
vt 0.400572 0.661551
vt 0.901818 0.270979
vt 0.683531 0.955042
vt 0.133621 0.845257
vt 0.138408 0.842671
vt 0.142553 0.849813
vt 0.149573 0.840031
vt 0.131406 0.832371
vt 0.683075 0.957661
vt 0.670468 0.967222
vt 0.670192 0.962966
vt 0.134747 0.853419
vt 0.124659 0.848550
vt 0.143061 0.858028
vt 0.140489 0.856267
vt 0.676429 0.960846
vt 0.151455 0.853968
vt 0.154909 0.846077
vt 0.160156 0.841795
vt 0.678375 0.957209
vt 0.164441 0.860766
vt 0.286224 0.948380
vt 0.385553 0.695457
vt 0.387236 0.619926
vt 0.137254 0.863835
vt 0.156449 0.867339
vt 0.402138 0.627674
vt 0.837150 0.654823
vt 0.835119 0.646013
vt 0.843127 0.644439
vt 0.125121 0.862170
vt 0.119656 0.853580
vt 0.147126 0.861386
vt 0.394290 0.694586
vt 0.867718 0.219738
vt 0.891693 0.240289
vt 0.699514 0.954389
vt 0.113810 0.853594
vt 0.119833 0.868152
vt 0.378611 0.702366
vt 0.379162 0.705412
vt 0.377687 0.701921
vt 0.377607 0.628672
vt 0.300695 0.939389
vt 0.124199 0.867418
vt 0.143966 0.866690
vt 0.379214 0.702139
vt 0.378494 0.701035
vt 0.128639 0.861717
vt 0.168269 0.881169
vt 0.381968 0.715628
vt 0.386676 0.707508
vt 0.839674 0.634089
vt 0.830927 0.629163
vt 0.844683 0.629192
vt 0.168881 0.853537
vt 0.391939 0.618848
vt 0.358966 0.703660
vt 0.283435 0.958382
vt 0.115505 0.867947
vt 0.400626 0.688233
vt 0.409780 0.631084
vt 0.416820 0.587701
vt 0.396689 0.601891
vt 0.290781 0.898669
vt 0.286519 0.908533
vt 0.276177 0.899118
vt 0.305902 0.922314
vt 0.291301 0.929652
vt 0.391545 0.723757
vt 0.299026 0.916602
vt 0.848341 0.638983
vt 0.289651 0.919837
vt 0.282739 0.913920
vt 0.291114 0.912285
vt 0.276744 0.961831
vt 0.274934 0.953293
vt 0.155381 0.881871
vt 0.408576 0.592896
vt 0.369579 0.639519
vt 0.360989 0.647684
vt 0.412091 0.643945
vt 0.393775 0.597402
vt 0.348948 0.677224
vt 0.345527 0.674411
vt 0.835152 0.640007
vt 0.134361 0.871544
vt 0.841976 0.621916
vt 0.277443 0.909178
vt 0.279261 0.938966
vt 0.116799 0.873810
vt 0.282691 0.923523
vt 0.448377 0.644498
vt 0.441779 0.618335
vt 0.454207 0.643423
vt 0.142495 0.873210
vt 0.407822 0.685361
vt 0.410992 0.567156
vt 0.393145 0.706377
vt 0.405474 0.577481
vt 0.855610 0.646658
vt 0.852541 0.632633
vt 0.151689 0.883320
vt 0.376049 0.612277
vt 0.470570 0.667500
vt 0.473442 0.678799
vt 0.464916 0.668475
vt 0.478055 0.703668
vt 0.615855 0.045317
vt 0.394213 0.721953
vt 0.414238 0.670189
vt 0.421599 0.595618
vt 0.401971 0.591326
vt 0.388137 0.597205
vt 0.826627 0.597977
vt 0.809796 0.589841
vt 0.843391 0.585176
vt 0.595754 0.068751
vt 0.475599 0.657729
vt 0.423710 0.630717
vt 0.074314 0.720794
vt 0.076484 0.694439
vt 0.089629 0.676804
vt 0.369275 0.622758
vt 0.434056 0.636588
vt 0.435664 0.620805
vt 0.444323 0.653418
vt 0.482450 0.668926
vt 0.085607 0.669961
vt 0.405373 0.555911
vt 0.397939 0.567804
vt 0.381941 0.603313
vt 0.280334 0.917864
vt 0.456014 0.663469
vt 0.461582 0.653540
vt 0.472325 0.684198
vt 0.445491 0.737450
vt 0.440145 0.743002
vt 0.635684 0.034407
vt 0.593399 0.075714
vt 0.404839 0.723014
vt 0.621518 0.038127
vt 0.602401 0.049717
vt 0.595811 0.051972
vt 0.412366 0.719534
vt 0.629387 0.036225
vt 0.600324 0.063206
vt 0.419046 0.687222
vt 0.417411 0.716839
vt 0.466375 0.682447
vt 0.473174 0.708684
vt 0.469009 0.719698
vt 0.461524 0.723769
vt 0.481813 0.646151
vt 0.465207 0.701544
vt 0.629165 0.026590
vt 0.605713 0.034132
vt 0.594676 0.041829
vt 0.488807 0.668376
vt 0.457294 0.682022
vt 0.592001 0.056367
vt 0.411561 0.749736
vt 0.438034 0.733947
vt 0.632318 0.025243
vt 0.625235 0.030491
vt 0.611613 0.031571
vt 0.613314 0.027442
vt 0.414282 0.744972
vt 0.444659 0.675222
vt 0.429687 0.642425
vt 0.596796 0.034284
vt 0.440344 0.726165
vt 0.585745 0.040952
vt 0.462107 0.711658
vt 0.679060 0.822148
vt 0.689229 0.823116
vt 0.677752 0.829173
vt 0.611153 0.022200
vt 0.588873 0.070069
vt 0.441706 0.721804
vt 0.679053 0.818496
vt 0.690997 0.816138
vt 0.585013 0.055456
vt 0.421178 0.751284
vt 0.618493 0.020601
vt 0.601792 0.028350
vt 0.434231 0.667623
vt 0.590138 0.030503
vt 0.454234 0.700787
vt 0.447887 0.719042
vt 0.579760 0.057528
vt 0.580234 0.066531
vt 0.697730 0.828996
vt 0.566549 0.058381
vt 0.571861 0.057534
vt 0.289572 0.190305
vt 0.325097 0.174792
vt 0.323170 0.182507
vt 0.289204 0.180182
vt 0.325555 0.168988
vt 0.296561 0.200073
vt 0.292744 0.195503
vt 0.323587 0.189021
vt 0.310280 0.147814
vt 0.284702 0.158745
vt 0.294376 0.149299
vt 0.282369 0.169482
vt 0.306719 0.161689
vt 0.301422 0.169385
vt 0.291402 0.162171
vt 0.313381 0.198322
vt 0.323591 0.152124
vt 0.347967 0.170865
vt 0.332947 0.162716
vt 0.333864 0.156084
vt 0.355295 0.174561
vt 0.353166 0.182160
vt 0.357653 0.186524
vt 0.329582 0.196497
vt 0.375498 0.157581
vt 0.343127 0.200090
vt 0.377719 0.163003
vt 0.370884 0.151846
vt 0.380902 0.191292
vt 0.353478 0.203334
vt 0.200969 0.433903
vt 0.211608 0.399115
vt 0.205688 0.444690
vt 0.211927 0.428392
vt 0.392375 0.181381
vt 0.392835 0.173142
vt 0.381607 0.170301
vt 0.015726 0.689838
vt 0.007634 0.691179
vt 0.009418 0.660085
vt 0.005108 0.661341
vt 0.187004 0.436013
vt 0.193345 0.435961
vt 0.189338 0.466659
vt 0.197869 0.473774
vt 0.208769 0.472268
vt 0.014094 0.661281
vt 0.020934 0.680233
vt 0.213485 0.469027
vt 0.217014 0.442032
vt 0.016771 0.627374
vt 0.223305 0.445344
vt 0.220214 0.478579
vt 0.192589 0.502108
vt 0.204672 0.485702
vt 0.023540 0.647730
vt 0.005278 0.623046
vt 0.188404 0.506083
vt 0.202746 0.508889
vt 0.218186 0.502910
vt 0.013126 0.617735
vt 0.010475 0.629578
vt 0.199870 0.534421
vt 0.213750 0.498164
vt 0.208575 0.517507
vt 0.195891 0.558017
vt 0.024888 0.624031
vt 0.008075 0.596066
vt 0.213031 0.538001
vt 0.471720 0.025664
vt 0.521110 0.025042
vt 0.509576 0.029070
vt 0.205566 0.542827
vt 0.014340 0.567426
vt 0.497138 0.032740
vt 0.029237 0.589878
vt 0.024054 0.589068
vt 0.203137 0.597253
vt 0.543284 0.030958
vt 0.010579 0.567624
vt 0.533129 0.037089
vt 0.198789 0.622781
vt 0.208667 0.570153
vt 0.582140 0.025371
vt 0.523417 0.041428
vt 0.223237 0.750354
vt 0.216067 0.740417
vt 0.219667 0.712950
vt 0.217095 0.692134
vt 0.947638 0.607005
vt 0.942662 0.568103
vt 0.949494 0.562354
vt 0.208691 0.628218
vt 0.022940 0.547987
vt 0.202619 0.671617
vt 0.206120 0.649669
vt 0.027763 0.552994
vt 0.033010 0.558666
vt 0.031641 0.502387
vt 0.017521 0.522908
vt 0.009461 0.507811
vt 0.223023 0.682136
vt 0.025630 0.509868
vt 0.947256 0.530928
vt 0.013205 0.494004
vt 0.208278 0.693277
vt 0.022169 0.511270
vt 0.229336 0.760106
vt 0.197437 0.662192
vt 0.228312 0.696915
vt 0.210488 0.667549
vt 0.220932 0.643655
vt 0.496327 0.293174
vt 0.518808 0.308883
vt 0.444102 0.278733
vt 0.018098 0.473655
vt 0.010510 0.447020
vt 0.007570 0.458355
vt 0.030721 0.464502
vt 0.226139 0.644706
vt 0.550101 0.322253
vt 0.024198 0.461068
vt 0.194960 0.700657
vt 0.555651 0.320161
vt 0.574018 0.285664
vt 0.567599 0.307939
vt 0.016658 0.408687
vt 0.021269 0.445506
vt 0.572666 0.322292
vt 0.589431 0.281965
vt 0.596943 0.280757
vt 0.568370 0.345940
vt 0.557297 0.347896
vt 0.586181 0.317214
vt 0.023673 0.413819
vt 0.011019 0.393625
vt 0.220543 0.603308
vt 0.600366 0.316305
vt 0.566793 0.370650
vt 0.576745 0.369746
vt 0.007367 0.392031
vt 0.224748 0.574669
vt 0.573485 0.385912
vt 0.110274 0.321376
vt 0.142847 0.323380
vt 0.114975 0.327906
vt 0.818974 0.765603
vt 0.813236 0.760527
vt 0.816951 0.728597
vt 0.571527 0.406199
vt 0.088895 0.327153
vt 0.821665 0.750557
vt 0.220059 0.560562
vt 0.579595 0.427047
vt 0.227574 0.782515
vt 0.263527 0.784561
vt 0.267278 0.793260
vt 0.078258 0.322038
vt 0.813906 0.702235
vt 0.823290 0.724507
vt 0.231933 0.786364
vt 0.234445 0.778283
vt 0.014596 0.349124
vt 0.221776 0.533306
vt 0.251090 0.765225
vt 0.223751 0.773973
vt 0.818608 0.690645
vt 0.007886 0.346149
vt 0.048061 0.327642
vt 0.224800 0.526088
vt 0.824366 0.683672
vt 0.227793 0.763444
vt 0.198563 0.771054
vt 0.197005 0.778571
vt 0.040220 0.321571
vt 0.189152 0.785433
vt 0.184653 0.775247
vt 0.813426 0.665365
vt 0.819296 0.660266
vt 0.808050 0.238119
vt 0.795196 0.274493
vt 0.803201 0.224379
vt 0.788278 0.273241
vt 0.222878 0.477936
vt 0.169968 0.768487
vt 0.816045 0.212187
vt 0.833259 0.240693
vt 0.814892 0.227178
vt 0.798653 0.225519
vt 0.144374 0.784612
vt 0.149498 0.788678
vt 0.005000 0.324467
vt 0.804549 0.191899
vt 0.151892 0.778311
vt 0.820960 0.208040
vt 0.810965 0.198915
vt 0.140174 0.775015
vt 0.822697 0.181880
vt 0.128065 0.771041
vt 0.829792 0.175265
vt 0.788016 0.185130
vt 0.784573 0.190773
vt 0.788028 0.174571
vt 0.348985 0.052556
vt 0.358498 0.065180
vt 0.335270 0.049143
vt 0.349629 0.072696
vt 0.104206 0.788682
vt 0.382479 0.018058
vt 0.340872 0.038180
vt 0.337070 0.033360
vt 0.121090 0.767355
vt 0.107533 0.770712
vt 0.108516 0.781840
vt 0.310187 0.029720
vt 0.311950 0.028224
vt 0.327459 0.055308
vt 0.080198 0.780722
vt 0.083446 0.769162
vt 0.309901 0.023000
vt 0.445562 0.700603
vt 0.600405 0.021739
vt 0.082000 0.776113
vt 0.567814 0.067904
vt 0.436549 0.696121
vt 0.604767 0.016075
vt 0.706559 0.823569
vt 0.719598 0.820467
vt 0.574400 0.050260
vt 0.553181 0.033182
vt 0.574057 0.041152
vt 0.107538 0.765150
vt 0.578614 0.032628
vt 0.311580 0.019980
vt 0.704767 0.812216
vt 0.723739 0.815409
vt 0.079912 0.764839
vt 0.591940 0.021236
vt 0.080843 0.787371
vt 0.420299 0.715674
vt 0.420328 0.705431
vt 0.709337 0.835678
vt 0.293752 0.018651
vt 0.708627 0.806179
vt 0.693938 0.839676
vt 0.733724 0.830049
vt 0.127594 0.757280
vt 0.118717 0.757291
vt 0.121993 0.731517
vt 0.731165 0.808933
vt 0.705946 0.797594
vt 0.131724 0.762722
vt 0.134558 0.735866
vt 0.128553 0.730153
vt 0.706518 0.792040
vt 0.729256 0.799110
vt 0.722160 0.843034
vt 0.690269 0.851392
vt 0.719002 0.850922
vt 0.066418 0.773622
vt 0.735727 0.837692
vt 0.746945 0.824768
vt 0.113085 0.738801
vt 0.769244 0.820714
vt 0.120160 0.712173
vt 0.133845 0.708203
vt 0.772377 0.811331
vt 0.769295 0.815691
vt 0.615185 0.508938
vt 0.619227 0.513425
vt 0.703228 0.487471
vt 0.702934 0.470139
vt 0.717055 0.453811
vt 0.713580 0.433169
vt 0.624460 0.514219
vt 0.929540 0.142319
vt 0.939337 0.153087
vt 0.945216 0.175551
vt 0.943281 0.161955
vt 0.772081 0.824771
vt 0.011499 0.951345
vt 0.601395 0.210366
vt 0.751010 0.847167
vt 0.618654 0.266765
vt 0.930409 0.161214
vt 0.680110 0.520344
vt 0.686608 0.510401
vt 0.918717 0.144620
vt 0.779439 0.831943
vt 0.615224 0.245301
vt 0.608436 0.217862
vt 0.602388 0.194693
vt 0.686515 0.518155
vt 0.701333 0.500180
vt 0.708573 0.487154
vt 0.759203 0.837071
vt 0.635315 0.281447
vt 0.630018 0.271760
vt 0.613060 0.229635
vt 0.603200 0.509607
vt 0.684465 0.526668
vt 0.692451 0.507280
vt 0.116418 0.682584
vt 0.108387 0.706394
vt 0.626674 0.263568
vt 0.615223 0.238853
vt 0.708844 0.471050
vt 0.140999 0.690782
vt 0.126037 0.698199
vt 0.776214 0.836577
vt 0.627560 0.251247
vt 0.597190 0.945135
vt 0.603473 0.939713
vt 0.600338 0.956943
vt 0.915691 0.158250
vt 0.922859 0.170339
vt 0.712271 0.466918
vt 0.598593 0.504252
vt 0.622168 0.519639
vt 0.675775 0.527669
vt 0.693940 0.519914
vt 0.131059 0.696937
vt 0.702826 0.506010
vt 0.122012 0.671973
vt 0.599572 0.183640
vt 0.591608 0.185765
vt 0.918190 0.167510
vt 0.950922 0.173824
vt 0.637648 0.272009
vt 0.625675 0.244040
vt 0.596306 0.961956
vt 0.729434 0.949318
vt 0.742034 0.956109
vt 0.730959 0.960806
vt 0.744010 0.955018
vt 0.744678 0.977365
vt 0.721493 0.974850
vt 0.726356 0.983109
vt 0.715973 0.978330
vt 0.940285 0.192518
vt 0.941137 0.185026
vt 0.946956 0.191734
vt 0.941798 0.198718
vt 0.139835 0.667536
vt 0.141533 0.681132
vt 0.613138 0.203733
vt 0.607866 0.195633
vt 0.733898 0.991468
vt 0.695036 0.526103
vt 0.700401 0.510814
vt 0.711237 0.494095
vt 0.715451 0.478529
vt 0.621207 0.216975
vt 0.618308 0.209021
vt 0.617310 0.977880
vt 0.932353 0.189905
vt 0.934226 0.197886
vt 0.947011 0.200920
vt 0.671657 0.534522
vt 0.129451 0.664158
vt 0.681940 0.533020
vt 0.143499 0.675519
vt 0.621441 0.203955
vt 0.135285 0.658847
vt 0.628722 0.259564
vt 0.622303 0.211926
vt 0.606123 0.982889
vt 0.578132 0.959167
vt 0.701949 0.515105
vt 0.774257 0.842714
vt 0.624086 0.238059
vt 0.628593 0.229241
vt 0.929067 0.191694
vt 0.994422 0.358879
vt 0.994830 0.359810
vt 0.993612 0.358909
vt 0.482702 0.234629
vt 0.482793 0.237247
vt 0.486948 0.248704
vt 0.953510 0.194652
vt 0.719878 0.960770
vt 0.758628 0.982878
vt 0.757818 0.982789
vt 0.758489 0.983638
vt 0.758182 0.983565
vt 0.757763 0.983235
vt 0.993905 0.358359
vt 0.757198 0.983453
vt 0.577419 0.964238
vt 0.589388 0.980028
vt 0.497325 0.206974
vt 0.921210 0.184681
vt 0.915588 0.176456
vt 0.720147 0.500877
vt 0.752227 0.980859
vt 0.687899 0.535425
vt 0.931408 0.206141
vt 0.953831 0.185270
vt 0.681681 0.539007
vt 0.713363 0.514536
vt 0.952785 0.205337
vt 0.711092 0.510243
vt 0.586238 0.976570
vt 0.585730 0.976689
vt 0.585745 0.977193
vt 0.583171 0.978417
vt 0.580094 0.984718
vt 0.101992 0.683066
vt 0.109412 0.666071
vt 0.633812 0.236587
vt 0.625489 0.198156
vt 0.585043 0.976452
vt 0.584551 0.976693
vt 0.585558 0.977031
vt 0.497943 0.213551
vt 0.497873 0.230983
vt 0.649432 0.275115
vt 0.643232 0.272938
vt 0.646222 0.245316
vt 0.639924 0.230854
vt 0.141834 0.644683
vt 0.144283 0.650086
vt 0.140558 0.654366
vt 0.123576 0.636174
vt 0.630340 0.203710
vt 0.921183 0.193799
vt 0.102628 0.655895
vt 0.704050 0.532828
vt 0.707277 0.523991
vt 0.630397 0.215285
vt 0.701808 0.536423
vt 0.515961 0.250209
vt 0.537704 0.183695
vt 0.541256 0.187626
vt 0.535380 0.202835
vt 0.639932 0.207838
vt 0.140761 0.639033
vt 0.118021 0.613630
vt 0.508116 0.192315
vt 0.133838 0.617423
vt 0.127825 0.629754
vt 0.106032 0.816869
vt 0.108317 0.810815
vt 0.121879 0.810699
vt 0.509089 0.230068
vt 0.527534 0.183492
vt 0.509856 0.211175
vt 0.110045 0.631572
vt 0.522675 0.203809
vt 0.138731 0.609854
vt 0.717419 0.549611
vt 0.140711 0.814342
vt 0.709741 0.541121
vt 0.085550 0.827658
vt 0.118218 0.821871
vt 0.098466 0.642434
vt 0.107267 0.608847
vt 0.515672 0.227948
vt 0.114165 0.801874
vt 0.132349 0.802224
vt 0.136413 0.824979
vt 0.118136 0.830053
vt 0.150801 0.819499
vt 0.146286 0.808067
vt 0.117177 0.795280
vt 0.106451 0.797247
vt 0.128978 0.591274
vt 0.124299 0.583913
vt 0.116672 0.582186
vt 0.161620 0.802396
vt 0.135457 0.583238
vt 0.156812 0.796207
vt 0.127503 0.537668
vt 0.187104 0.812658
vt 0.120205 0.557715
vt 0.184288 0.819436
vt 0.206968 0.805539
vt 0.132003 0.553255
vt 0.179852 0.828811
vt 0.198767 0.823855
vt 0.142993 0.791023
vt 0.111752 0.545935
vt 0.198904 0.796224
vt 0.136187 0.541987
vt 0.233676 0.811522
vt 0.183477 0.791185
vt 0.218341 0.815630
vt 0.220621 0.799451
vt 0.217294 0.820063
vt 0.121977 0.522283
vt 0.117314 0.514240
vt 0.132378 0.507677
vt 0.110631 0.491221
vt 0.233487 0.825400
vt 0.136459 0.495015
vt 0.248782 0.806872
vt 0.229309 0.788600
vt 0.127888 0.496008
vt 0.116341 0.486948
vt 0.614336 0.645395
vt 0.650891 0.610122
vt 0.642119 0.624418
vt 0.667553 0.581567
vt 0.775843 0.263376
vt 0.939312 0.420102
vt 0.772849 0.336487
vt 0.235000 0.246682
vt 0.216964 0.239070
vt 0.134768 0.177259
vt 0.597073 0.653931
vt 0.591052 0.656373
vt 0.948503 0.410609
vt 0.744949 0.310721
vt 0.236703 0.248544
vt 0.139416 0.177095
vt 0.242649 0.818719
vt 0.649019 0.605604
vt 0.784775 0.243938
vt 0.106025 0.202947
vt 0.257280 0.807505
vt 0.692033 0.582656
vt 0.741884 0.266729
vt 0.186315 0.191636
vt 0.173304 0.192597
vt 0.771059 0.255864
vt 0.630628 0.641746
vt 0.635955 0.634035
vt 0.249168 0.246274
vt 0.234443 0.240609
vt 0.198727 0.215803
vt 0.177598 0.185367
vt 0.167143 0.186671
vt 0.269335 0.815386
vt 0.936695 0.419956
vt 0.936403 0.416828
vt 0.929632 0.417166
vt 0.766784 0.318427
vt 0.243781 0.794359
vt 0.650045 0.605806
vt 0.650406 0.605302
vt 0.657580 0.602370
vt 0.981429 0.738591
vt 0.979953 0.754474
vt 0.973212 0.737256
vt 0.939947 0.410413
vt 0.220803 0.237124
vt 0.207571 0.220789
vt 0.203377 0.208377
vt 0.122782 0.477544
vt 0.650784 0.606390
vt 0.650501 0.605876
vt 0.650921 0.605811
vt 0.651091 0.605330
vt 0.155037 0.172062
vt 0.265998 0.811290
vt 0.623624 0.645090
vt 0.659491 0.599261
vt 0.930756 0.415593
vt 0.929079 0.423539
vt 0.186383 0.182406
vt 0.147518 0.168250
vt 0.137351 0.174412
vt 0.136385 0.174876
vt 0.136317 0.174751
vt 0.136029 0.174873
vt 0.585361 0.670437
vt 0.241871 0.800159
vt 0.132204 0.456733
vt 0.639138 0.631096
vt 0.639190 0.631248
vt 0.787011 0.248936
vt 0.138536 0.167465
vt 0.136840 0.174200
vt 0.136674 0.174211
vt 0.639704 0.631405
vt 0.639450 0.630987
vt 0.640332 0.628697
vt 0.639409 0.630841
vt 0.673937 0.597443
vt 0.734062 0.243905
vt 0.737800 0.281837
vt 0.738262 0.294671
vt 0.166245 0.174320
vt 0.642452 0.636851
vt 0.652420 0.621513
vt 0.687113 0.589391
vt 0.926572 0.413057
vt 0.593921 0.954451
vt 0.589353 0.955330
vt 0.570998 0.942347
vt 0.197923 0.191168
vt 0.145329 0.159684
vt 0.123497 0.440282
vt 0.269400 0.821777
vt 0.973651 0.761415
vt 0.980864 0.769168
vt 0.759920 0.323118
vt 0.917169 0.421572
vt 0.923146 0.429925
vt 0.924768 0.436870
vt 0.213108 0.211444
vt 0.204043 0.193522
vt 0.130131 0.163949
vt 0.919370 0.418066
vt 0.909402 0.424555
vt 0.898951 0.437180
vt 0.135661 0.165805
vt 0.900651 0.430592
vt 0.890620 0.438896
vt 0.581968 0.945433
vt 0.128004 0.445428
vt 0.669154 0.605966
vt 0.966012 0.736942
vt 0.967102 0.751472
vt 0.788225 0.259509
vt 0.208382 0.194084
vt 0.183008 0.176787
vt 0.171358 0.182086
vt 0.126226 0.158788
vt 0.933384 0.409965
vt 0.723657 0.290414
vt 0.511838 0.948561
vt 0.514807 0.940947
vt 0.524900 0.943306
vt 0.113752 0.457116
vt 0.653208 0.638661
vt 0.661418 0.620686
vt 0.892560 0.430899
vt 0.194170 0.182930
vt 0.162474 0.170001
vt 0.630999 0.655103
vt 0.960236 0.735545
vt 0.118419 0.435451
vt 0.909138 0.417667
vt 0.956198 0.746844
vt 0.946944 0.751646
vt 0.944590 0.747004
vt 0.566330 0.954388
vt 0.555130 0.943974
vt 0.215541 0.190589
vt 0.176882 0.174020
vt 0.137078 0.460661
vt 0.658537 0.638901
vt 0.961946 0.752153
vt 0.730073 0.281627
vt 0.958190 0.756515
vt 0.964085 0.770354
vt 0.970339 0.769558
vt 0.526087 0.929992
vt 0.898295 0.419148
vt 0.912412 0.411958
vt 0.889852 0.420657
vt 0.887014 0.435270
vt 0.881781 0.432896
vt 0.924747 0.404783
vt 0.916660 0.408210
vt 0.906412 0.415149
vt 0.901615 0.395887
vt 0.881007 0.420295
vt 0.896872 0.386252
vt 0.891963 0.392244
vt 0.903064 0.386895
vt 0.920604 0.399606
vt 0.890260 0.380892
vt 0.893342 0.403629
vt 0.888435 0.406249
vt 0.884259 0.406180
vt 0.901993 0.376408
vt 0.909665 0.387696
vt 0.913393 0.385117
vt 0.887046 0.397861
vt 0.050749 0.964314
vt 0.048691 0.970156
vt 0.038807 0.961794
vt 0.039888 0.969651
vt 0.048937 0.975800
vt 0.533301 0.952624
vt 0.971693 0.776219
vt 0.968502 0.782999
vt 0.041643 0.958758
vt 0.541554 0.938253
vt 0.882864 0.399749
vt 0.053176 0.956118
vt 0.037208 0.984246
vt 0.022177 0.962912
vt 0.537164 0.928697
vt 0.958426 0.763127
vt 0.045998 0.939194
vt 0.051616 0.943512
vt 0.045234 0.947428
vt 0.025743 0.979074
vt 0.014104 0.969418
vt 0.193128 0.176080
vt 0.107202 0.454909
vt 0.666202 0.619968
vt 0.679878 0.602534
vt 0.036010 0.943207
vt 0.119848 0.150357
vt 0.684721 0.599545
vt 0.950061 0.743048
vt 0.238936 0.218715
vt 0.186040 0.172866
vt 0.565513 0.924678
vt 0.201218 0.182803
vt 0.550106 0.927428
vt 0.161651 0.159282
vt 0.103924 0.429184
vt 0.227914 0.206571
vt 0.214301 0.180615
vt 0.664134 0.635058
vt 0.014756 0.967979
vt 0.167917 0.162273
vt 0.156775 0.147964
vt 0.029718 0.948143
vt 0.023141 0.957584
vt 0.204908 0.180429
vt 0.630825 0.657642
vt 0.679308 0.649499
vt 0.662749 0.657315
vt 0.681286 0.643133
vt 0.666000 0.630326
vt 0.670004 0.623327
vt 0.019648 0.950911
vt 0.239835 0.216861
vt 0.181235 0.166390
vt 0.560951 0.908143
vt 0.177062 0.158876
vt 0.224008 0.186473
vt 0.196273 0.173067
vt 0.672895 0.637720
vt 0.220047 0.181245
vt 0.218290 0.173411
vt 0.245668 0.206164
vt 0.237128 0.194616
vt 0.252879 0.200632
vt 0.209499 0.174293
vt 0.203611 0.170686
vt 0.686328 0.620429
vt 0.942855 0.737451
vt 0.694058 0.622176
vt 0.238909 0.188177
vt 0.226109 0.177111
vt 0.231313 0.193446
vt 0.196174 0.165497
vt 0.682748 0.637764
vt 0.137107 0.415922
vt 0.692500 0.664761
vt 0.209623 0.167462
vt 0.124265 0.395827
vt 0.692088 0.669515
vt 0.662660 0.668181
vt 0.699712 0.629281
vt 0.690445 0.638303
vt 0.243268 0.174064
vt 0.235226 0.182836
vt 0.130068 0.393491
vt 0.133322 0.404773
vt 0.117934 0.394227
vt 0.207564 0.159890
vt 0.227777 0.160292
vt 0.706247 0.671544
vt 0.226947 0.168418
vt 0.688464 0.642635
vt 0.706491 0.264161
vt 0.724605 0.239390
vt 0.706925 0.274540
vt 0.233939 0.170416
vt 0.726605 0.246451
vt 0.715311 0.268444
vt 0.137856 0.381514
vt 0.709743 0.245461
vt 0.697105 0.265361
vt 0.239147 0.147846
vt 0.458763 0.260445
vt 0.434394 0.255971
vt 0.443348 0.252971
vt 0.706114 0.239676
vt 0.670785 0.317247
vt 0.089290 0.014123
vt 0.081971 0.079683
vt 0.549634 0.265131
vt 0.701535 0.304845
vt 0.472461 0.267756
vt 0.133691 0.358215
vt 0.692664 0.285569
vt 0.119395 0.931857
vt 0.159296 0.690227
vt 0.063486 0.056711
vt 0.067056 0.065587
vt 0.712379 0.307202
vt 0.433117 0.262421
vt 0.688399 0.265613
vt 0.662977 0.315002
vt 0.523781 0.285593
vt 0.516560 0.296795
vt 0.703290 0.233157
vt 0.682576 0.262362
vt 0.679788 0.301819
vt 0.706328 0.283448
vt 0.461323 0.270426
vt 0.130724 0.365316
vt 0.166373 0.691184
vt 0.540344 0.278521
vt 0.512733 0.288203
vt 0.506007 0.294033
vt 0.638143 0.314515
vt 0.194046 0.646809
vt 0.480596 0.259798
vt 0.459067 0.252874
vt 0.124858 0.356737
vt 0.102381 0.909536
vt 0.075989 0.081091
vt 0.507656 0.282485
vt 0.676608 0.294975
vt 0.069501 0.078816
vt 0.540063 0.271307
vt 0.498677 0.276755
vt 0.708997 0.299981
vt 0.490008 0.265526
vt 0.645519 0.311781
vt 0.516206 0.280300
vt 0.543491 0.262117
vt 0.526372 0.277750
vt 0.138591 0.337215
vt 0.676455 0.287050
vt 0.173401 0.680156
vt 0.536520 0.264518
vt 0.186544 0.677238
vt 0.496575 0.283159
vt 0.501782 0.274250
vt 0.181098 0.675865
vt 0.194274 0.678000
vt 0.545117 0.257236
vt 0.538486 0.259794
vt 0.506255 0.261904
vt 0.526579 0.271212
vt 0.514542 0.269443
vt 0.644416 0.299049
vt 0.539564 0.256179
vt 0.127292 0.335895
vt 0.510473 0.269201
vt 0.125314 0.328625
vt 0.663621 0.283849
vt 0.516462 0.262554
vt 0.641393 0.288983
vt 0.655344 0.283954
vt 0.528943 0.262212
vt 0.529257 0.261844
vt 0.520343 0.258419
vt 0.529253 0.261538
vt 0.528036 0.263009
vt 0.132119 0.338772
vt 0.536175 0.253331
vt 0.528686 0.261892
vt 0.528048 0.262251
vt 0.422039 0.334171
vt 0.428887 0.330645
vt 0.431938 0.345498
vt 0.649056 0.277789
vt 0.427499 0.368340
vt 0.435988 0.333445
vt 0.410124 0.337665
vt 0.417389 0.337542
vt 0.414660 0.360151
vt 0.421512 0.366965
vt 0.449765 0.333452
vt 0.458196 0.335773
vt 0.457012 0.362842
vt 0.448894 0.363205
vt 0.443325 0.334568
vt 0.433238 0.375859
vt 0.442322 0.359662
vt 0.408246 0.364745
vt 0.438666 0.380365
vt 0.424614 0.392781
vt 0.432133 0.411161
vt 0.421093 0.398949
vt 0.445829 0.387124
vt 0.414882 0.389160
vt 0.458149 0.390583
vt 0.452483 0.392053
vt 0.409911 0.392596
vt 0.438104 0.411721
vt 0.418280 0.421775
vt 0.443409 0.424484
vt 0.427583 0.428122
vt 0.456717 0.433021
vt 0.423353 0.428745
vt 0.413899 0.430325
vt 0.448830 0.421340
vt 0.408542 0.435194
vt 0.426973 0.464844
vt 0.423262 0.465691
vt 0.434497 0.444045
vt 0.438843 0.444344
vt 0.419374 0.468786
vt 0.452373 0.455111
vt 0.431836 0.482278
vt 0.447108 0.468978
vt 0.414148 0.459883
vt 0.437661 0.478772
vt 0.442795 0.469423
vt 0.414497 0.481347
vt 0.429541 0.512008
vt 0.423484 0.498998
vt 0.023324 0.705652
vt 0.037370 0.658839
vt 0.033002 0.692265
vt 0.404378 0.457363
vt 0.416889 0.503073
vt 0.436675 0.515537
vt 0.025117 0.676191
vt 0.037996 0.633808
vt 0.044158 0.623842
vt 0.445937 0.509989
vt 0.428787 0.542725
vt 0.440684 0.528844
vt 0.031680 0.646549
vt 0.046243 0.637488
vt 0.027164 0.650586
vt 0.040753 0.594640
vt 0.036361 0.593925
vt 0.040257 0.607867
vt 0.436153 0.560484
vt 0.060437 0.609101
vt 0.061117 0.599295
vt 0.353439 0.534362
vt 0.364442 0.566211
vt 0.366900 0.600140
vt 0.052394 0.606224
vt 0.360197 0.507013
vt 0.085111 0.563405
vt 0.109200 0.549917
vt 0.054114 0.565064
vt 0.035004 0.569001
vt 0.042955 0.525025
vt 0.048951 0.575521
vt 0.036915 0.495915
vt 0.351572 0.515884
vt 0.346367 0.552093
vt 0.358006 0.448984
vt 0.077309 0.549830
vt 0.046160 0.538830
vt 0.064426 0.567230
vt 0.062362 0.553846
vt 0.049539 0.535509
vt 0.354060 0.459742
vt 0.053964 0.498137
vt 0.348840 0.486215
vt 0.066075 0.520937
vt 0.063982 0.472407
vt 0.044319 0.470779
vt 0.038609 0.447270
vt 0.363759 0.432114
vt 0.049871 0.495060
vt 0.043214 0.421724
vt 0.058041 0.490870
vt 0.032994 0.424378
vt 0.027406 0.405626
vt 0.350737 0.444918
vt 0.038701 0.412444
vt 0.355419 0.416028
vt 0.033562 0.402781
vt 0.053946 0.440275
vt 0.043657 0.390056
vt 0.345306 0.459732
vt 0.351022 0.414279
vt 0.361658 0.399124
vt 0.345636 0.428150
vt 0.341783 0.414570
vt 0.037645 0.373590
vt 0.031413 0.365449
vt 0.024454 0.363734
vt 0.025163 0.343074
vt 0.348163 0.389614
vt 0.362592 0.375172
vt 0.033389 0.355499
vt 0.367980 0.397295
vt 0.353443 0.378924
vt 0.373953 0.365410
vt 0.357768 0.383753
vt 0.341248 0.359977
vt 0.333889 0.400278
vt 0.353512 0.336296
vt 0.029755 0.273068
vt 0.012903 0.262921
vt 0.046791 0.268146
vt 0.324825 0.385207
vt 0.339606 0.355129
vt 0.329226 0.385086
vt 0.376614 0.329149
vt 0.061085 0.277853
vt 0.010654 0.278900
vt 0.061674 0.283747
vt 0.354974 0.350783
vt 0.365318 0.347801
vt 0.360646 0.332169
vt 0.460019 0.787135
vt 0.426729 0.789318
vt 0.414404 0.783125
vt 0.395378 0.805055
vt 0.434273 0.805179
vt 0.453811 0.813890
vt 0.093416 0.277039
vt 0.446187 0.795754
vt 0.408436 0.790456
vt 0.096523 0.271808
vt 0.429948 0.798565
vt 0.405225 0.810134
vt 0.056575 0.293190
vt 0.099213 0.283767
vt 0.099084 0.280101
vt 0.385274 0.796726
vt 0.396297 0.793084
vt 0.359428 0.781704
vt 0.133264 0.274669
vt 0.139248 0.281584
vt 0.357007 0.776010
vt 0.377691 0.776284
vt 0.362141 0.786636
vt 0.353900 0.799529
vt 0.130210 0.270981
vt 0.364857 0.806509
vt 0.349821 0.788970
vt 0.336874 0.790740
vt 0.365266 0.812995
vt 0.325896 0.806886
vt 0.335697 0.802476
vt 0.341485 0.811913
vt 0.307834 0.789246
vt 0.160425 0.267144
vt 0.349710 0.768855
vt 0.306623 0.794321
vt 0.316975 0.768894
vt 0.314053 0.780116
vt 0.321085 0.778329
vt 0.305515 0.783235
vt 0.315752 0.761624
vt 0.312474 0.771397
vt 0.308668 0.802626
vt 0.087183 0.139477
vt 0.078709 0.133667
vt 0.063459 0.143272
vt 0.505406 0.630732
vt 0.064488 0.160642
vt 0.521393 0.078013
vt 0.990681 0.644048
vt 0.985751 0.646600
vt 0.983874 0.637531
vt 0.308801 0.811302
vt 0.505742 0.644619
vt 0.296089 0.783062
vt 0.298564 0.792189
vt 0.059465 0.147261
vt 0.560390 0.081439
vt 0.286686 0.774179
vt 0.290771 0.770851
vt 0.495925 0.630077
vt 0.511756 0.075586
vt 0.504471 0.080108
vt 0.991815 0.637598
vt 0.423500 0.817258
vt 0.088851 0.117763
vt 0.273548 0.759099
vt 0.418978 0.814642
vt 0.089348 0.123966
vt 0.500860 0.075302
vt 0.285299 0.802240
vt 0.277033 0.757869
vt 0.519825 0.068036
vt 0.600526 0.611592
vt 0.533087 0.074985
vt 0.432908 0.819421
vt 0.440019 0.817979
vt 0.549181 0.078436
vt 0.279189 0.807164
vt 0.288020 0.804184
vt 0.491553 0.621123
vt 0.292586 0.766319
vt 0.290957 0.751919
vt 0.290634 0.758713
vt 0.277740 0.756534
vt 0.287101 0.733671
vt 0.279898 0.720872
vt 0.290525 0.696628
vt 0.307140 0.739745
vt 0.299630 0.739417
vt 0.303008 0.723377
vt 0.559485 0.068909
vt 0.293855 0.738222
vt 0.312757 0.741755
vt 0.309623 0.722724
vt 0.935265 0.696516
vt 0.943518 0.731949
vt 0.934029 0.727872
vt 0.286570 0.807472
vt 0.930372 0.704511
vt 0.929231 0.726462
vt 0.313926 0.721444
vt 0.534021 0.064688
vt 0.280337 0.685295
vt 0.939934 0.685625
vt 0.280893 0.817671
vt 0.344451 0.745506
vt 0.339098 0.749882
vt 0.337903 0.726022
vt 0.111021 0.237888
vt 0.090625 0.227566
vt 0.031864 0.226883
vt 0.046579 0.231143
vt 0.046441 0.231623
vt 0.290627 0.689417
vt 0.074422 0.211075
vt 0.043940 0.208289
vt 0.044203 0.220448
vt 0.046079 0.231245
vt 0.045601 0.231347
vt 0.044571 0.231234
vt 0.518131 0.428607
vt 0.745024 0.947727
vt 0.754907 0.935185
vt 0.759047 0.936481
vt 0.561068 0.823055
vt 0.559545 0.827200
vt 0.571523 0.826848
vt 0.520631 0.526734
vt 0.399599 0.954976
vt 0.966517 0.930321
vt 0.974325 0.986181
vt 0.535792 0.419372
vt 0.512342 0.425687
vt 0.761231 0.923786
vt 0.751696 0.920084
vt 0.341169 0.759077
vt 0.323326 0.747834
vt 0.317913 0.723561
vt 0.300948 0.685754
vt 0.127837 0.234505
vt 0.541642 0.425469
vt 0.766170 0.922024
vt 0.749049 0.924804
vt 0.545771 0.822060
vt 0.552803 0.826488
vt 0.408925 0.951399
vt 0.331094 0.715989
vt 0.114250 0.232051
vt 0.772612 0.916014
vt 0.771765 0.911224
vt 0.095866 0.225758
vt 0.026484 0.221004
vt 0.522742 0.418782
vt 0.764294 0.913218
vt 0.562320 0.833670
vt 0.782489 0.917811
vt 0.782479 0.911146
vt 0.541611 0.829448
vt 0.533406 0.822679
vt 0.513914 0.484833
vt 0.404197 0.955188
vt 0.403753 0.955071
vt 0.404656 0.955150
vt 0.404007 0.954919
vt 0.540401 0.430344
vt 0.541125 0.430568
vt 0.541286 0.429690
vt 0.540865 0.430138
vt 0.540325 0.429965
vt 0.778121 0.930134
vt 0.548282 0.830669
vt 0.403446 0.954936
vt 0.416764 0.967837
vt 0.052533 0.195908
vt 0.541861 0.430405
vt 0.542034 0.428532
vt 0.543068 0.427799
vt 0.542748 0.427994
vt 0.543099 0.427172
vt 0.545310 0.422393
vt 0.532403 0.416304
vt 0.778141 0.950936
vt 0.332079 0.026480
vt 0.324813 0.023320
vt 0.355274 0.012374
vt 0.391929 0.962467
vt 0.157071 0.238271
vt 0.139162 0.233529
vt 0.102543 0.224188
vt 0.084747 0.209936
vt 0.062857 0.193559
vt 0.543472 0.428141
vt 0.543213 0.427912
vt 0.543339 0.427694
vt 0.570297 0.837642
vt 0.958859 0.191381
vt 0.920958 0.730899
vt 0.923356 0.698047
vt 0.339107 0.718943
vt 0.321153 0.687247
vt 0.516625 0.413935
vt 0.528115 0.415224
vt 0.779431 0.941086
vt 0.541887 0.839284
vt 0.549513 0.835301
vt 0.784645 0.934821
vt 0.520902 0.841268
vt 0.528124 0.823117
vt 0.553819 0.839237
vt 0.929257 0.677402
vt 0.298383 0.674239
vt 0.038468 0.210296
vt 0.773507 0.899156
vt 0.356784 0.022742
vt 0.339717 0.029192
vt 0.304998 0.683179
vt 0.093078 0.217555
vt 0.549127 0.407791
vt 0.331354 0.012805
vt 0.342484 0.685958
vt 0.335029 0.690429
vt 0.078078 0.201458
vt 0.076603 0.298510
vt 0.070274 0.308167
vt 0.054878 0.306279
vt 0.791154 0.924240
vt 0.522360 0.848041
vt 0.361798 0.016856
vt 0.349788 0.006056
vt 0.335960 0.007480
vt 0.116929 0.222042
vt 0.798031 0.912451
vt 0.576090 0.841698
vt 0.561546 0.851568
vt 0.047736 0.193244
vt 0.071592 0.313469
vt 0.054050 0.309457
vt 0.530274 0.410350
vt 0.565001 0.859395
vt 0.309333 0.691068
vt 0.036885 0.186838
vt 0.656931 0.873214
vt 0.514264 0.844233
vt 0.510094 0.822307
vt 0.534584 0.852223
vt 0.543254 0.850579
vt 0.392193 0.968117
vt 0.942455 0.669291
vt 0.937149 0.662194
vt 0.026428 0.202628
vt 0.545483 0.414297
vt 0.544901 0.414908
vt 0.328022 0.675284
vt 0.088307 0.198205
vt 0.653734 0.878012
vt 0.061091 0.315089
vt 0.055707 0.311738
vt 0.055747 0.312327
vt 0.055733 0.312544
vt 0.562579 0.412035
vt 0.561568 0.409660
vt 0.545550 0.413990
vt 0.545305 0.413591
vt 0.544241 0.413526
vt 0.544992 0.414062
vt 0.542352 0.402287
vt 0.066075 0.181943
vt 0.027157 0.200064
vt 0.558015 0.395468
vt 0.514737 0.409170
vt 0.296769 0.654490
vt 0.052380 0.186811
vt 0.031892 0.204555
vt 0.031923 0.203772
vt 0.032299 0.204775
vt 0.030752 0.204055
vt 0.031249 0.205214
vt 0.031473 0.204709
vt 0.515256 0.402374
vt 0.517569 0.398573
vt 0.529032 0.399161
vt 0.513939 0.393601
vt 0.302824 0.646419
vt 0.077397 0.187893
vt 0.658022 0.866714
vt 0.062797 0.300246
vt 0.049776 0.309015
vt 0.050678 0.309218
vt 0.040059 0.309603
vt 0.105088 0.212883
vt 0.048921 0.183501
vt 0.050883 0.308990
vt 0.049957 0.308725
vt 0.049049 0.308750
vt 0.526813 0.393112
vt 0.801531 0.916214
vt 0.932933 0.655277
vt 0.927708 0.650308
vt 0.922427 0.659958
vt 0.049658 0.308563
vt 0.049051 0.308523
vt 0.517230 0.852381
vt 0.521311 0.858988
vt 0.553941 0.863338
vt 0.501703 0.830766
vt 0.561915 0.867076
vt 0.337681 0.660210
vt 0.314339 0.673075
vt 0.506585 0.861515
vt 0.310930 0.662352
vt 0.024782 0.305611
vt 0.817448 0.924428
vt 0.356664 0.006924
vt 0.344008 0.647815
vt 0.308853 0.633043
vt 0.991468 0.376518
vt 0.990224 0.374688
vt 0.990562 0.373278
vt 0.989798 0.374387
vt 0.989682 0.374622
vt 0.989982 0.374760
vt 0.989966 0.374975
vt 0.986099 0.374182
vt 0.988801 0.374384
vt 0.606724 0.863019
vt 0.589772 0.860346
vt 0.590844 0.857272
vt 0.982244 0.381312
vt 0.982535 0.388999
vt 0.528207 0.857868
vt 0.641251 0.874139
vt 0.012030 0.200333
vt 0.541065 0.389416
vt 0.539049 0.861493
vt 0.552722 0.369810
vt 0.550843 0.370742
vt 0.502233 0.846938
vt 0.326689 0.619915
vt 0.078233 0.183488
vt 0.609752 0.858089
vt 0.590597 0.855501
vt 0.599430 0.869906
vt 0.549638 0.868154
vt 0.049932 0.299294
vt 0.535081 0.381473
vt 0.514442 0.861450
vt 0.569730 0.878226
vt 0.577212 0.887880
vt 0.553550 0.873886
vt 0.343371 0.615387
vt 0.538714 0.352675
vt 0.542406 0.345067
vt 0.541376 0.358829
vt 0.548274 0.363483
vt 0.543581 0.356752
vt 0.549473 0.362384
vt 0.303385 0.629524
vt 0.621324 0.869652
vt 0.303094 0.615694
vt 0.494865 0.860006
vt 0.334896 0.638933
vt 0.319903 0.633148
vt 0.636072 0.865874
vt 0.541269 0.365021
vt 0.984640 0.621241
vt 0.984640 0.613120
vt 0.992038 0.624361
vt 0.615060 0.862477
vt 0.545116 0.378527
vt 0.314706 0.633799
vt 0.637595 0.861208
vt 0.666288 0.859035
vt 0.990800 0.604759
vt 0.520083 0.867084
vt 0.671445 0.851103
vt 0.546975 0.876830
vt 0.311668 0.596792
vt 0.055242 0.154665
vt 0.496292 0.864141
vt 0.805382 0.172492
vt 0.791719 0.139412
vt 0.792911 0.128100
vt 0.538730 0.373767
vt 0.331510 0.612222
vt 0.306071 0.584502
vt 0.484798 0.876519
vt 0.488329 0.866512
vt 0.534386 0.372275
vt 0.777521 0.103283
vt 0.789630 0.079624
vt 0.795800 0.082595
vt 0.516167 0.873119
vt 0.627356 0.857012
vt 0.488370 0.878155
vt 0.606354 0.852659
vt 0.789080 0.114456
vt 0.770463 0.427240
vt 0.756868 0.421644
vt 0.762970 0.415599
vt 0.774390 0.409629
vt 0.755803 0.434335
vt 0.766213 0.438375
vt 0.758476 0.405888
vt 0.747269 0.422964
vt 0.741551 0.413170
vt 0.778597 0.433054
vt 0.781094 0.417412
vt 0.752527 0.440883
vt 0.766907 0.393471
vt 0.740184 0.428792
vt 0.787071 0.402308
vt 0.789637 0.421204
vt 0.743011 0.397675
vt 0.786255 0.430349
vt 0.778528 0.393764
vt 0.764130 0.449217
vt 0.752854 0.388921
vt 0.779082 0.444700
vt 0.731079 0.428610
vt 0.740656 0.439736
vt 0.730263 0.405398
vt 0.729407 0.416724
vt 0.748043 0.449559
vt 0.784828 0.390756
vt 0.769092 0.379044
vt 0.725709 0.397527
vt 0.799553 0.403217
vt 0.758368 0.458737
vt 0.799263 0.426011
vt 0.716497 0.415538
vt 0.726363 0.437257
vt 0.734968 0.387504
vt 0.892650 0.250299
vt 0.891252 0.264339
vt 0.878816 0.257473
vt 0.792194 0.386528
vt 0.753219 0.377504
vt 0.878691 0.274984
vt 0.740322 0.453727
vt 0.779342 0.373782
vt 0.865990 0.266456
vt 0.761350 0.368755
vt 0.887622 0.241053
vt 0.874180 0.245454
vt 0.736281 0.377046
vt 0.713942 0.424286
vt 0.713575 0.401644
vt 0.339841 0.608037
vt 0.798968 0.140852
vt 0.718181 0.436745
vt 0.721102 0.389376
vt 0.316706 0.598636
vt 0.708419 0.412717
vt 0.862400 0.252072
vt 0.869124 0.286349
vt 0.799748 0.378185
vt 0.750153 0.369202
vt 0.785716 0.073791
vt 0.321966 0.592976
vt 0.780861 0.122876
vt 0.795048 0.118858
vt 0.873476 0.233136
vt 0.854215 0.274667
vt 0.482085 0.885511
vt 0.798450 0.099930
vt 0.505053 0.881346
vt 0.847256 0.269853
vt 0.844617 0.284138
vt 0.766689 0.362157
vt 0.771994 0.101215
vt 0.800495 0.108079
vt 0.883518 0.231972
vt 0.347893 0.571842
vt 0.339865 0.563774
vt 0.842307 0.277823
vt 0.702829 0.392222
vt 0.329729 0.560991
vt 0.754163 0.360992
vt 0.770378 0.088860
vt 0.328524 0.596133
vt 0.329060 0.596780
vt 0.329231 0.597922
vt 0.310674 0.555330
vt 0.010494 0.182171
vt 0.025375 0.143847
vt 0.805948 0.079213
vt 0.011547 0.183406
vt 0.316246 0.561720
vt 0.860545 0.235008
vt 0.739185 0.367256
vt 0.783141 0.063612
vt 0.847346 0.259345
vt 0.035769 0.136086
vt 0.782275 0.054053
vt 0.005128 0.188802
vt 0.815393 0.072988
vt 0.720067 0.383012
vt 0.746091 0.091467
vt 0.771428 0.074583
vt 0.754224 0.344554
vt 0.576957 0.787925
vt 0.569698 0.781626
vt 0.567853 0.750885
vt 0.984060 0.352048
vt 0.982873 0.345700
vt 0.991306 0.354628
vt 0.611552 0.128166
vt 0.868176 0.857630
vt 0.025106 0.112559
vt 0.338978 0.531339
vt 0.852367 0.247981
vt 0.624505 0.153653
vt 0.686869 0.173970
vt 0.855985 0.886709
vt 0.861206 0.881105
vt 0.893956 0.876950
vt 0.993431 0.514097
vt 0.994808 0.548396
vt 0.986389 0.502654
vt 0.736009 0.360845
vt 0.862434 0.221140
vt 0.862507 0.219980
vt 0.862711 0.219228
vt 0.862420 0.223011
vt 0.870216 0.196287
vt 0.120269 0.106751
vt 0.106392 0.093298
vt 0.901699 0.066427
vt 0.640354 0.158409
vt 0.406305 0.128709
vt 0.399505 0.115859
vt 0.988379 0.509664
vt 0.860773 0.214182
vt 0.862444 0.219821
vt 0.862145 0.219745
vt 0.982406 0.354416
vt 0.907717 0.824200
vt 0.320164 0.551340
vt 0.576549 0.763779
vt 0.645851 0.162089
vt 0.311916 0.538694
vt 0.857407 0.239344
vt 0.919945 0.057171
vt 0.719735 0.718314
vt 0.725063 0.743660
vt 0.714855 0.724701
vt 0.729256 0.726163
vt 0.729839 0.741565
vt 0.387503 0.079747
vt 0.389650 0.089514
vt 0.581234 0.797871
vt 0.609509 0.136342
vt 0.658700 0.173623
vt 0.852951 0.892023
vt 0.723854 0.719273
vt 0.724348 0.718793
vt 0.723723 0.718250
vt 0.721656 0.713202
vt 0.708446 0.707941
vt 0.330841 0.527429
vt 0.668752 0.177821
vt 0.706303 0.169784
vt 0.724678 0.719343
vt 0.724458 0.718488
vt 0.714859 0.705804
vt 0.878620 0.856874
vt 0.943174 0.503768
vt 0.950596 0.523761
vt 0.940799 0.532189
vt 0.761524 0.337326
vt 0.694514 0.393158
vt 0.647039 0.174308
vt 0.725240 0.718798
vt 0.869447 0.849891
vt 0.391213 0.109928
vt 0.894780 0.082298
vt 0.729245 0.718065
vt 0.018090 0.103025
vt 0.635223 0.166311
vt 0.736460 0.732359
vt 0.569102 0.742788
vt 0.984065 0.550237
vt 0.757197 0.332342
vt 0.740541 0.349886
vt 0.852082 0.239103
vt 0.124925 0.088481
vt 0.861918 0.850142
vt 0.951387 0.493095
vt 0.863746 0.192946
vt 0.583773 0.765594
vt 0.675822 0.190510
vt 0.765892 0.702218
vt 0.771747 0.686929
vt 0.770340 0.706263
vt 0.735359 0.750691
vt 0.736834 0.714128
vt 0.374045 0.117493
vt 0.397934 0.126127
vt 0.855460 0.216462
vt 0.602146 0.148453
vt 0.775623 0.703582
vt 0.710542 0.730798
vt 0.711563 0.744161
vt 0.742044 0.711868
vt 0.884616 0.860751
vt 0.868270 0.842239
vt 0.338152 0.485407
vt 0.572523 0.724882
vt 0.578218 0.737893
vt 0.618358 0.159735
vt 0.639390 0.175711
vt 0.643016 0.181986
vt 0.743980 0.746951
vt 0.874533 0.834795
vt 0.319376 0.535213
vt 0.652371 0.188231
vt 0.951059 0.486647
vt 0.817611 0.256453
vt 0.894903 0.096641
vt 0.918651 0.083192
vt 0.923028 0.072198
vt 0.586825 0.138840
vt 0.627203 0.168546
vt 0.785258 0.711395
vt 0.725776 0.776049
vt 0.723558 0.705391
vt 0.385854 0.117046
vt 0.332156 0.490669
vt 0.609764 0.160325
vt 0.661681 0.190937
vt 0.711752 0.767820
vt 0.881422 0.817119
vt 0.879267 0.810880
vt 0.950969 0.479791
vt 0.840714 0.239089
vt 0.756000 0.708355
vt 0.731113 0.769765
vt 0.876815 0.837225
vt 0.946339 0.473728
vt 0.757788 0.312955
vt 0.743530 0.327123
vt 0.584101 0.729981
vt 0.668433 0.198024
vt 0.938791 0.487575
vt 0.621928 0.843717
vt 0.609322 0.840276
vt 0.644508 0.836110
vt 0.760215 0.715767
vt 0.771003 0.710966
vt 0.784152 0.700326
vt 0.828539 0.543967
vt 0.830380 0.531295
vt 0.833405 0.537935
vt 0.840174 0.551894
vt 0.840394 0.539742
vt 0.817683 0.545913
vt 0.823907 0.554901
vt 0.842128 0.547372
vt 0.846605 0.543328
vt 0.852073 0.541316
vt 0.849903 0.552913
vt 0.847677 0.546232
vt 0.821332 0.521503
vt 0.815143 0.526300
vt 0.810449 0.566456
vt 0.799235 0.570728
vt 0.799248 0.560048
vt 0.792887 0.573603
vt 0.789919 0.566796
vt 0.811053 0.576498
vt 0.810856 0.554927
vt 0.799295 0.580360
vt 0.850900 0.530815
vt 0.838670 0.527126
vt 0.918360 0.196175
vt 0.910061 0.215009
vt 0.911954 0.198836
vt 0.902974 0.205841
vt 0.899655 0.214853
vt 0.858764 0.538891
vt 0.806990 0.535053
vt 0.834294 0.557457
vt 0.858397 0.551408
vt 0.842215 0.110668
vt 0.837039 0.118835
vt 0.835200 0.110672
vt 0.803520 0.521126
vt 0.822391 0.565038
vt 0.839588 0.519307
vt 0.819864 0.117168
vt 0.829862 0.116974
vt 0.817177 0.118152
vt 0.828453 0.520947
vt 0.917310 0.184906
vt 0.909777 0.184802
vt 0.840919 0.560264
vt 0.798385 0.502105
vt 0.813219 0.121183
vt 0.818009 0.114708
vt 0.814532 0.116482
vt 0.888970 0.205293
vt 0.855402 0.566854
vt 0.807610 0.545303
vt 0.751689 0.732196
vt 0.941210 0.460040
vt 0.729736 0.351296
vt 0.568887 0.727186
vt 0.634355 0.179319
vt 0.670244 0.209163
vt 0.787494 0.705196
vt 0.855708 0.106991
vt 0.853485 0.103039
vt 0.909879 0.141015
vt 0.911777 0.146254
vt 0.906372 0.160036
vt 0.903016 0.168544
vt 0.906680 0.193653
vt 0.814049 0.585315
vt 0.821688 0.573190
vt 0.868900 0.114248
vt 0.987249 0.461503
vt 0.987883 0.416866
vt 0.994865 0.427859
vt 0.589797 0.850939
vt 0.667554 0.225345
vt 0.892362 0.121920
vt 0.894921 0.130781
vt 0.884399 0.113358
vt 0.864716 0.557297
vt 0.815876 0.507068
vt 0.866659 0.535052
vt 0.855353 0.523989
vt 0.595038 0.159040
vt 0.605233 0.165899
vt 0.646491 0.191216
vt 0.862547 0.563529
vt 0.845360 0.523155
vt 0.918726 0.125026
vt 0.820405 0.128539
vt 0.677353 0.206107
vt 0.884518 0.813434
vt 0.576902 0.134045
vt 0.675198 0.212847
vt 0.679385 0.222637
vt 0.897569 0.193362
vt 0.867191 0.547150
vt 0.628578 0.849630
vt 0.622663 0.175825
vt 0.647956 0.198622
vt 0.654724 0.205917
vt 0.658726 0.221662
vt 0.871513 0.111146
vt 0.761624 0.722516
vt 0.678626 0.203779
vt 0.682121 0.200501
vt 0.371511 0.124744
vt 0.566530 0.702787
vt 0.640950 0.190280
vt 0.884234 0.074470
vt 0.879171 0.077178
vt 0.884374 0.066401
vt 0.854793 0.100531
vt 0.841004 0.105080
vt 0.837330 0.107146
vt 0.813976 0.113660
vt 0.905182 0.145719
vt 0.361366 0.868561
vt 0.373663 0.877224
vt 0.354694 0.875936
vt 0.372736 0.881917
vt 0.871285 0.542600
vt 0.369962 0.884946
vt 0.359929 0.878973
vt 0.898526 0.121311
vt 0.889232 0.112473
vt 0.829073 0.568686
vt 0.840541 0.568731
vt 0.847256 0.570923
vt 0.861537 0.570453
vt 0.869671 0.555764
vt 0.829036 0.508776
vt 0.820829 0.500291
vt 0.735238 0.782008
vt 0.876159 0.100307
vt 0.899368 0.154688
vt 0.898810 0.144753
vt 0.897466 0.171031
vt 0.309197 0.813838
vt 0.312648 0.828437
vt 0.297704 0.843635
vt 0.346195 0.880870
vt 0.352635 0.887923
vt 0.351307 0.889431
vt 0.822232 0.107998
vt 0.729592 0.795437
vt 0.738935 0.776474
vt 0.357188 0.887422
vt 0.862464 0.099828
vt 0.362241 0.889709
vt 0.366091 0.888416
vt 0.673394 0.222618
vt 0.794218 0.706787
vt 0.993488 0.461873
vt 0.884676 0.081147
vt 0.892428 0.063401
vt 0.876508 0.073856
vt 0.883876 0.103909
vt 0.769472 0.717167
vt 0.884337 0.823052
vt 0.674457 0.230755
vt 0.666115 0.232591
vt 0.878837 0.066626
vt 0.757668 0.700883
vt 0.392826 0.154658
vt 0.368913 0.130175
vt 0.400653 0.154971
vt 0.423023 0.881158
vt 0.389185 0.878358
vt 0.414398 0.875166
vt 0.604547 0.168804
vt 0.615252 0.169327
vt 0.608914 0.179436
vt 0.741811 0.696079
vt 0.678506 0.836174
vt 0.576986 0.698445
vt 0.570774 0.685053
vt 0.633599 0.187135
vt 0.807154 0.048467
vt 0.795706 0.048976
vt 0.795293 0.043280
vt 0.751927 0.700364
vt 0.613029 0.176855
vt 0.873671 0.066183
vt 0.801197 0.039949
vt 0.789442 0.040014
vt 0.768408 0.720782
vt 0.890105 0.826281
vt 0.367275 0.116323
vt 0.648306 0.208135
vt 0.652233 0.223888
vt 0.880793 0.060063
vt 0.864815 0.089904
vt 0.812280 0.043140
vt 0.355895 0.122966
vt 0.690443 0.841475
vt 0.649706 0.851429
vt 0.682702 0.209424
vt 0.658420 0.235883
vt 0.869250 0.059033
vt 0.861973 0.088578
vt 0.888982 0.087829
vt 0.807834 0.055260
vt 0.812191 0.049934
vt 0.816871 0.037810
vt 0.811802 0.028998
vt 0.822367 0.029999
vt 0.880576 0.056612
vt 0.810222 0.022357
vt 0.809381 0.014017
vt 0.631128 0.194069
vt 0.637437 0.200664
vt 0.340302 0.123982
vt 0.357867 0.138507
vt 0.581536 0.697492
vt 0.588162 0.696027
vt 0.863540 0.071177
vt 0.821849 0.050142
vt 0.832994 0.051309
vt 0.820967 0.052864
vt 0.836384 0.033943
vt 0.482780 0.880088
vt 0.326951 0.134290
vt 0.327216 0.137829
vt 0.591873 0.413423
vt 0.586782 0.404712
vt 0.591835 0.396819
vt 0.582615 0.392979
vt 0.318060 0.132391
vt 0.577987 0.387652
vt 0.587416 0.384873
vt 0.597480 0.419739
vt 0.600372 0.412386
vt 0.806835 0.006700
vt 0.581146 0.662504
vt 0.579845 0.382770
vt 0.456286 0.873287
vt 0.572392 0.644849
vt 0.598650 0.440530
vt 0.584490 0.382621
vt 0.297116 0.133576
vt 0.592887 0.380033
vt 0.605648 0.400992
vt 0.849450 0.092060
vt 0.849963 0.085156
vt 0.629548 0.429877
vt 0.625088 0.438744
vt 0.623483 0.391532
vt 0.597707 0.368231
vt 0.876220 0.553643
vt 0.844405 0.040628
vt 0.849883 0.015640
vt 0.848481 0.100622
vt 0.894310 0.158018
vt 0.877774 0.193100
vt 0.828952 0.577784
vt 0.859767 0.513646
vt 0.800345 0.493348
vt 0.342576 0.891121
vt 0.849676 0.513766
vt 0.812209 0.496948
vt 0.340136 0.892534
vt 0.331312 0.892262
vt 0.331473 0.886477
vt 0.858206 0.005000
vt 0.837539 0.088532
vt 0.207244 0.342089
vt 0.196806 0.335541
vt 0.205338 0.335542
vt 0.852934 0.077880
vt 0.583272 0.346379
vt 0.891647 0.173463
vt 0.208242 0.329317
vt 0.211888 0.338599
vt 0.869538 0.515165
vt 0.302600 0.854457
vt 0.840330 0.504438
vt 0.826981 0.496123
vt 0.314789 0.851151
vt 0.850197 0.041827
vt 0.282777 0.146822
vt 0.886854 0.169562
vt 0.835949 0.567488
vt 0.897060 0.147102
vt 0.879909 0.177197
vt 0.836209 0.568543
vt 0.877835 0.540783
vt 0.829162 0.493275
vt 0.287968 0.868634
vt 0.615155 0.413891
vt 0.605756 0.382620
vt 0.867881 0.186329
vt 0.873578 0.183437
vt 0.835945 0.568260
vt 0.866964 0.186928
vt 0.866521 0.187053
vt 0.865819 0.184901
vt 0.860179 0.187576
vt 0.222411 0.336806
vt 0.322131 0.882433
vt 0.859529 0.089277
vt 0.632860 0.407428
vt 0.835751 0.568123
vt 0.867395 0.186807
vt 0.204119 0.352224
vt 0.848899 0.501231
vt 0.298503 0.874639
vt 0.328300 0.855700
vt 0.334053 0.860801
vt 0.325115 0.868968
vt 0.609160 0.364824
vt 0.864997 0.179644
vt 0.820616 0.491242
vt 0.295104 0.870690
vt 0.271339 0.164205
vt 0.854803 0.182691
vt 0.225944 0.350231
vt 0.242737 0.369159
vt 0.228662 0.356696
vt 0.262252 0.156442
vt 0.214127 0.346894
vt 0.222956 0.351421
vt 0.841591 0.494708
vt 0.209577 0.355770
vt 0.234699 0.366301
vt 0.841160 0.487614
vt 0.835129 0.480757
vt 0.858132 0.074404
vt 0.584988 0.325648
vt 0.576030 0.329919
vt 0.812545 0.486956
vt 0.277871 0.150225
vt 0.271393 0.168121
vt 0.219481 0.351997
vt 0.857025 0.502437
vt 0.280031 0.394532
vt 0.276180 0.389150
vt 0.291129 0.382429
vt 0.259583 0.149807
vt 0.615332 0.367841
vt 0.237706 0.375995
vt 0.264655 0.177085
vt 0.263841 0.173606
vt 0.267541 0.179632
vt 0.276583 0.204115
vt 0.601904 0.347374
vt 0.633067 0.373662
vt 0.624198 0.350411
vt 0.591935 0.324630
vt 0.224514 0.361998
vt 0.309463 0.878908
vt 0.214868 0.358702
vt 0.846136 0.490226
vt 0.267138 0.392372
vt 0.269964 0.398306
vt 0.283943 0.398330
vt 0.281242 0.876896
vt 0.261482 0.164976
vt 0.270488 0.197681
vt 0.878561 0.170517
vt 0.633527 0.346042
vt 0.627490 0.340748
vt 0.858942 0.175026
vt 0.277709 0.402382
vt 0.249520 0.384242
vt 0.259900 0.394657
vt 0.247112 0.388537
vt 0.208271 0.364294
vt 0.287802 0.403535
vt 0.201435 0.358396
vt 0.236223 0.383993
vt 0.258107 0.401961
vt 0.267375 0.188228
vt 0.597490 0.322218
vt 0.871847 0.169735
vt 0.250012 0.183555
vt 0.223321 0.372173
vt 0.317796 0.370313
vt 0.268543 0.406748
vt 0.276398 0.408171
vt 0.291376 0.883290
vt 0.250619 0.168687
vt 0.248303 0.166449
vt 0.253653 0.184553
vt 0.254929 0.186068
vt 0.257588 0.891716
vt 0.249810 0.170841
vt 0.602752 0.318974
vt 0.284719 0.882519
vt 0.225775 0.434962
vt 0.220911 0.423353
vt 0.224626 0.421894
vt 0.274033 0.887454
vt 0.620377 0.306463
vt 0.608664 0.303932
vt 0.261763 0.411393
vt 0.223138 0.434189
vt 0.272413 0.417043
vt 0.265994 0.415745
vt 0.867821 0.165016
vt 0.219298 0.377936
vt 0.251617 0.411365
vt 0.234261 0.439106
vt 0.227174 0.414829
vt 0.200816 0.370437
vt 0.630655 0.313908
vt 0.240655 0.403760
vt 0.286854 0.449378
vt 0.284568 0.413623
vt 0.301806 0.447312
vt 0.784953 0.042928
vt 0.790370 0.044170
vt 0.240561 0.475132
vt 0.224785 0.441415
vt 0.232051 0.404327
vt 0.240296 0.439174
vt 0.254907 0.434056
vt 0.926335 0.324722
vt 0.694410 0.136379
vt 0.693856 0.136823
vt 0.695742 0.137092
vt 0.748620 0.047209
vt 0.269386 0.435247
vt 0.695705 0.021155
vt 0.214844 0.021822
vt 0.904842 0.032137
vt 0.263492 0.067740
vt 0.680826 0.127672
vt 0.701513 0.158713
vt 0.241741 0.467774
vt 0.932688 0.322651
vt 0.215343 0.014384
vt 0.271373 0.054060
vt 0.886998 0.341377
vt 0.206858 0.030916
vt 0.266262 0.051442
vt 0.265852 0.051397
vt 0.272901 0.021169
vt 0.203543 0.044335
vt 0.267790 0.050599
vt 0.266664 0.050803
vt 0.266030 0.050068
vt 0.265943 0.051086
vt 0.286545 0.012239
vt 0.276908 0.287877
vt 0.286933 0.284362
vt 0.283999 0.287076
vt 0.284577 0.287935
vt 0.286585 0.289640
vt 0.298482 0.289315
vt 0.723680 0.058207
vt 0.925625 0.308475
vt 0.261646 0.032711
vt 0.283865 0.287688
vt 0.283973 0.287886
vt 0.284493 0.288203
vt 0.284383 0.287970
vt 0.317420 0.283426
vt 0.713044 0.138699
vt 0.709406 0.166995
vt 0.625403 0.291516
vt 0.927510 0.336253
vt 0.751660 0.049458
vt 0.935102 0.316318
vt 0.203853 0.035713
vt 0.901452 0.006172
vt 0.837566 0.156645
vt 0.245641 0.430383
vt 0.944955 0.312606
vt 0.944346 0.318072
vt 0.270888 0.452313
vt 0.198795 0.029261
vt 0.729665 0.154619
vt 0.720140 0.134719
vt 0.725436 0.112169
vt 0.713358 0.069899
vt 0.926374 0.341170
vt 0.938861 0.323236
vt 0.829931 0.146421
vt 0.832469 0.161227
vt 0.729177 0.065772
vt 0.279898 0.453907
vt 0.934564 0.332399
vt 0.264899 0.029732
vt 0.292659 0.294582
vt 0.333773 0.280848
vt 0.323506 0.272331
vt 0.892701 0.013032
vt 0.896527 0.033576
vt 0.889935 0.032463
vt 0.310499 0.293897
vt 0.321923 0.288426
vt 0.731233 0.121448
vt 0.951340 0.319941
vt 0.248796 0.471611
vt 0.359091 0.944177
vt 0.350348 0.942642
vt 0.359053 0.933267
vt 0.714347 0.173709
vt 0.732933 0.068241
vt 0.942476 0.326931
vt 0.887691 0.018294
vt 0.739079 0.127324
vt 0.821850 0.138201
vt 0.881936 0.021710
vt 0.820535 0.169409
vt 0.253739 0.471140
vt 0.267315 0.461819
vt 0.346685 0.953478
vt 0.312055 0.296371
vt 0.307124 0.303007
vt 0.300277 0.300177
vt 0.825881 0.160327
vt 0.263343 0.035050
vt 0.326222 0.293210
vt 0.720898 0.168145
vt 0.362124 0.923074
vt 0.356560 0.927048
vt 0.279880 0.463011
vt 0.338527 0.953205
vt 0.312725 0.308553
vt 0.302996 0.308613
vt 0.350696 0.929115
vt 0.340789 0.288704
vt 0.883021 0.010807
vt 0.731505 0.073474
vt 0.819947 0.145817
vt 0.354099 0.918584
vt 0.301500 0.321218
vt 0.735068 0.154460
vt 0.737252 0.070311
vt 0.262219 0.472156
vt 0.284526 0.473572
vt 0.340457 0.941527
vt 0.744474 0.088251
vt 0.297648 0.310884
vt 0.721548 0.187845
vt 0.259899 0.514623
vt 0.885240 0.005141
vt 0.334744 0.296133
vt 0.346921 0.281551
vt 0.745276 0.121256
vt 0.746430 0.142887
vt 0.285615 0.493867
vt 0.293736 0.321941
vt 0.957165 0.394784
vt 0.959785 0.382307
vt 0.967579 0.388327
vt 0.965076 0.380213
vt 0.962358 0.371966
vt 0.328975 0.304321
vt 0.716272 0.196190
vt 0.713289 0.198397
vt 0.711150 0.189993
vt 0.717192 0.204707
vt 0.707745 0.198875
vt 0.714030 0.204940
vt 0.258945 0.500883
vt 0.184312 0.039839
vt 0.184066 0.048159
vt 0.293117 0.315487
vt 0.705445 0.197309
vt 0.337049 0.932846
vt 0.333160 0.948798
vt 0.349089 0.286322
vt 0.730466 0.175878
vt 0.805754 0.136306
vt 0.778837 0.109272
vt 0.759866 0.134379
vt 0.753859 0.134587
vt 0.293457 0.302455
vt 0.720677 0.202601
vt 0.719415 0.192526
vt 0.362764 0.900579
vt 0.356629 0.911645
vt 0.351034 0.908108
vt 0.957409 0.401866
vt 0.974470 0.400523
vt 0.706720 0.207860
vt 0.714640 0.212222
vt 0.742034 0.164607
vt 0.336793 0.927139
vt 0.290265 0.307604
vt 0.965621 0.369880
vt 0.970363 0.385512
vt 0.970679 0.385488
vt 0.971343 0.385954
vt 0.977213 0.386591
vt 0.970588 0.384078
vt 0.970206 0.383763
vt 0.972488 0.373106
vt 0.733821 0.167486
vt 0.747976 0.177669
vt 0.328020 0.943781
vt 0.979971 0.395389
vt 0.345841 0.301740
vt 0.352268 0.293316
vt 0.723667 0.212350
vt 0.731568 0.193254
vt 0.733987 0.181037
vt 0.270041 0.520710
vt 0.283495 0.501733
vt 0.277382 0.501958
vt 0.347674 0.289127
vt 0.348460 0.289072
vt 0.348856 0.289371
vt 0.347983 0.288829
vt 0.346913 0.288615
vt 0.727573 0.196440
vt 0.759792 0.148221
vt 0.979468 0.377257
vt 0.461116 0.928965
vt 0.468206 0.922658
vt 0.461958 0.931156
vt 0.359975 0.288499
vt 0.348139 0.288504
vt 0.282682 0.557033
vt 0.963999 0.413711
vt 0.971543 0.409457
vt 0.443063 0.950754
vt 0.451939 0.952937
vt 0.450738 0.961966
vt 0.446560 0.944841
vt 0.431578 0.952904
vt 0.752783 0.183655
vt 0.269121 0.502638
vt 0.281307 0.312565
vt 0.452228 0.927282
vt 0.462784 0.937236
vt 0.452666 0.933302
vt 0.460011 0.943846
vt 0.454642 0.949534
vt 0.959589 0.417232
vt 0.734000 0.205722
vt 0.976398 0.368149
vt 0.463595 0.920556
vt 0.436952 0.965859
vt 0.697399 0.214599
vt 0.739270 0.198374
vt 0.319485 0.946329
vt 0.433378 0.948643
vt 0.431723 0.966354
vt 0.736416 0.190272
vt 0.284262 0.541314
vt 0.325943 0.926225
vt 0.965499 0.362153
vt 0.294611 0.577951
vt 0.437391 0.939637
vt 0.359785 0.308868
vt 0.364735 0.299735
vt 0.444437 0.919702
vt 0.461629 0.916306
vt 0.761972 0.172205
vt 0.312478 0.941972
vt 0.440075 0.936527
vt 0.296952 0.529851
vt 0.974265 0.360741
vt 0.614599 0.953351
vt 0.620628 0.957866
vt 0.617681 0.963152
vt 0.623330 0.967528
vt 0.616250 0.971173
vt 0.710090 0.218998
vt 0.979411 0.358921
vt 0.438067 0.921623
vt 0.628818 0.972113
vt 0.633966 0.964543
vt 0.629052 0.963321
vt 0.718912 0.219441
vt 0.635424 0.973763
vt 0.641584 0.965800
vt 0.302927 0.593530
vt 0.465728 0.909129
vt 0.288789 0.540099
vt 0.293422 0.536211
vt 0.625756 0.955252
vt 0.620703 0.950906
vt 0.606694 0.952856
vt 0.366647 0.314884
vt 0.362877 0.311309
vt 0.376038 0.305869
vt 0.374205 0.302766
vt 0.376936 0.290273
vt 0.707980 0.226903
vt 0.649790 0.952424
vt 0.644921 0.967674
vt 0.692381 0.216308
vt 0.689132 0.230884
vt 0.752268 0.211947
vt 0.645494 0.957976
vt 0.374914 0.299783
vt 0.834179 0.907086
vt 0.830274 0.901933
vt 0.836222 0.902534
vt 0.832610 0.898509
vt 0.496750 0.329790
vt 0.495873 0.360777
vt 0.489852 0.332363
vt 0.501073 0.349822
vt 0.656693 0.959296
vt 0.621942 0.945574
vt 0.616085 0.946316
vt 0.817667 0.912630
vt 0.828006 0.917369
vt 0.824480 0.933003
vt 0.483090 0.386443
vt 0.477162 0.376834
vt 0.483484 0.332665
vt 0.637252 0.955636
vt 0.837703 0.910673
vt 0.840457 0.907719
vt 0.731332 0.221537
vt 0.733321 0.212945
vt 0.763128 0.190032
vt 0.437156 0.910709
vt 0.433068 0.915268
vt 0.830715 0.919714
vt 0.618096 0.934873
vt 0.842320 0.918841
vt 0.847854 0.897193
vt 0.746264 0.213382
vt 0.637273 0.944102
vt 0.373119 0.313742
vt 0.490005 0.367026
vt 0.468561 0.901580
vt 0.383417 0.320192
vt 0.383386 0.310045
vt 0.392794 0.288441
vt 0.499084 0.383338
vt 0.654853 0.941484
vt 0.648273 0.941843
vt 0.624933 0.936558
vt 0.610766 0.936959
vt 0.730082 0.226505
vt 0.826254 0.933924
vt 0.757130 0.220347
vt 0.827957 0.934877
vt 0.480382 0.169377
vt 0.506202 0.168860
vt 0.506886 0.176200
vt 0.845331 0.893809
vt 0.848442 0.910041
vt 0.660246 0.950724
vt 0.633384 0.935714
vt 0.392255 0.285167
vt 0.834790 0.935032
vt 0.848014 0.930356
vt 0.846764 0.920069
vt 0.854479 0.924341
vt 0.407285 0.288007
vt 0.478053 0.417583
vt 0.394149 0.293806
vt 0.735114 0.233241
vt 0.408365 0.293464
vt 0.852508 0.915720
vt 0.496329 0.157549
vt 0.526684 0.163045
vt 0.476802 0.161821
vt 0.473187 0.174260
vt 0.856093 0.897982
vt 0.855257 0.894504
vt 0.865177 0.920483
vt 0.446648 0.167730
vt 0.448453 0.162363
vt 0.491517 0.398285
vt 0.649078 0.920233
vt 0.862897 0.929359
vt 0.493922 0.180522
vt 0.665105 0.929947
vt 0.628893 0.925443
vt 0.486405 0.422822
vt 0.623890 0.925806
vt 0.864580 0.934802
vt 0.643018 0.926410
vt 0.010194 0.831438
vt 0.010029 0.819429
vt 0.012037 0.827748
vt 0.006097 0.827523
vt 0.863858 0.913979
vt 0.646809 0.919931
vt 0.015670 0.826525
vt 0.843779 0.942717
vt 0.666131 0.956183
vt 0.850888 0.935973
vt 0.662458 0.374094
vt 0.675942 0.405586
vt 0.664370 0.403005
vt 0.023161 0.823952
vt 0.819870 0.942903
vt 0.879828 0.925738
vt 0.885660 0.924351
vt 0.889217 0.934952
vt 0.876839 0.930384
vt 0.868617 0.921259
vt 0.447949 0.173668
vt 0.500489 0.422670
vt 0.492727 0.433818
vt 0.022110 0.834231
vt 0.409147 0.284460
vt 0.886227 0.915832
vt 0.857269 0.680550
vt 0.409181 0.308383
vt 0.407407 0.313115
vt 0.398541 0.308700
vt 0.148647 0.954638
vt 0.142597 0.946694
vt 0.152895 0.953775
vt 0.881825 0.898224
vt 0.883969 0.896533
vt 0.471954 0.152733
vt 0.451639 0.156663
vt 0.656802 0.403047
vt 0.654468 0.369515
vt 0.162220 0.949912
vt 0.175420 0.945126
vt 0.155650 0.959738
vt 0.836335 0.670616
vt 0.415873 0.298402
vt 0.892946 0.926435
vt 0.849618 0.663630
vt 0.481976 0.458003
vt 0.645587 0.904083
vt 0.861749 0.688802
vt 0.453469 0.179836
vt 0.639636 0.910808
vt 0.030591 0.833615
vt 0.892920 0.912725
vt 0.836983 0.707331
vt 0.682915 0.411639
vt 0.411694 0.159217
vt 0.636056 0.330446
vt 0.633411 0.306893
vt 0.643188 0.345618
vt 0.033887 0.865840
vt 0.006581 0.888926
vt 0.032446 0.859682
vt 0.651078 0.386924
vt 0.179281 0.946519
vt 0.851123 0.709134
vt 0.825202 0.672667
vt 0.159332 0.960583
vt 0.179556 0.966502
vt 0.182613 0.962554
vt 0.183398 0.972473
vt 0.831379 0.694921
vt 0.415838 0.301597
vt 0.172449 0.959048
vt 0.187639 0.959731
vt 0.173264 0.971242
vt 0.891122 0.901364
vt 0.647347 0.355327
vt 0.143174 0.968222
vt 0.145852 0.953784
vt 0.146590 0.981976
vt 0.646118 0.384862
vt 0.859371 0.701046
vt 0.498372 0.449138
vt 0.639034 0.360276
vt 0.176647 0.979458
vt 0.657125 0.354090
vt 0.038016 0.845664
vt 0.049981 0.856723
vt 0.026104 0.849871
vt 0.153066 0.968439
vt 0.427974 0.286574
vt 0.426774 0.281604
vt 0.164759 0.979494
vt 0.043854 0.868070
vt 0.447267 0.283537
vt 0.172291 0.984757
vt 0.894571 0.893879
vt 0.050646 0.871968
vt 0.045032 0.875808
vt 0.056689 0.848250
vt 0.065596 0.842010
vt 0.067116 0.853462
vt 0.060160 0.877432
vt 0.060503 0.868549
vt 0.073159 0.858837
vt 0.067949 0.888544
vt 0.059419 0.887909
vt 0.074288 0.872517
vt 0.075947 0.849926
vt 0.085378 0.879523
vt 0.084419 0.864165
vt 0.086742 0.849434
vt 0.094340 0.863267
vt 0.095306 0.853755
vt 0.093956 0.856592
vt 0.096277 0.858439
vt 0.095340 0.851843
vt 0.491609 0.462772
vt 0.649351 0.408060
vt 0.839221 0.710194
vt 0.386307 0.163054
vt 0.421267 0.170901
vt 0.856282 0.719106
vt 0.876429 0.681526
vt 0.867281 0.695377
vt 0.394936 0.170915
vt 0.486482 0.474975
vt 0.866293 0.708467
vt 0.873527 0.669718
vt 0.641678 0.392270
vt 0.839901 0.722268
vt 0.838435 0.711936
vt 0.754534 0.747007
vt 0.762588 0.726343
vt 0.765272 0.739261
vt 0.836106 0.657202
vt 0.828823 0.699530
vt 0.783300 0.738118
vt 0.785202 0.727931
vt 0.836568 0.713290
vt 0.436136 0.182346
vt 0.851249 0.723195
vt 0.496652 0.477201
vt 0.879338 0.700507
vt 0.396046 0.158862
vt 0.398643 0.179628
vt 0.796692 0.736087
vt 0.798247 0.720185
vt 0.803778 0.736574
vt 0.641058 0.420130
vt 0.829992 0.721616
vt 0.754065 0.770538
vt 0.745600 0.781305
vt 0.746518 0.759410
vt 0.041915 0.784021
vt 0.031959 0.790363
vt 0.053191 0.737608
vt 0.778818 0.746598
vt 0.059593 0.748552
vt 0.061195 0.722184
vt 0.836626 0.729793
vt 0.849050 0.731869
vt 0.769511 0.752959
vt 0.488195 0.512661
vt 0.069642 0.716273
vt 0.038586 0.763674
vt 0.759536 0.762075
vt 0.425068 0.531209
vt 0.022533 0.791933
vt 0.827223 0.732121
vt 0.401483 0.536685
vt 0.403104 0.530571
vt 0.401867 0.551360
vt 0.840186 0.612375
vt 0.860476 0.619201
vt 0.495407 0.514754
vt 0.631647 0.433152
vt 0.869549 0.718529
vt 0.400231 0.544487
vt 0.398826 0.576303
vt 0.392999 0.562859
vt 0.394877 0.582010
vt 0.042288 0.737505
vt 0.088096 0.693186
vt 0.389630 0.566800
vt 0.391708 0.571829
vt 0.856225 0.624385
vt 0.095242 0.599440
vt 0.096220 0.612821
vt 0.083743 0.628412
vt 0.802572 0.751137
vt 0.084816 0.708058
vt 0.081225 0.722539
vt 0.865103 0.952151
vt 0.858511 0.952034
vt 0.859913 0.948647
vt 0.861582 0.955069
vt 0.860967 0.959709
vt 0.843044 0.948563
vt 0.074905 0.680047
vt 0.866987 0.731262
vt 0.841678 0.986016
vt 0.821537 0.967352
vt 0.837532 0.948354
vt 0.412287 0.510067
vt 0.409765 0.513995
vt 0.400705 0.512908
vt 0.400153 0.523181
vt 0.390804 0.559389
vt 0.843442 0.604302
vt 0.830955 0.601598
vt 0.088059 0.601850
vt 0.087732 0.642564
vt 0.060759 0.702569
vt 0.871379 0.952531
vt 0.853455 0.942523
vt 0.856608 0.936432
vt 0.399737 0.510508
vt 0.397680 0.534995
vt 0.396838 0.539617
vt 0.385151 0.582702
vt 0.881237 0.643190
vt 0.876279 0.649007
vt 0.761515 0.781815
vt 0.794355 0.751948
vt 0.861022 0.594173
vt 0.869083 0.966271
vt 0.876848 0.960634
vt 0.393626 0.513056
vt 0.862899 0.614212
vt 0.859280 0.604321
vt 0.830657 0.740140
vt 0.879031 0.718634
vt 0.869334 0.628681
vt 0.877843 0.593542
vt 0.873048 0.602336
vt 0.868528 0.599425
vt 0.032652 0.748584
vt 0.824004 0.750331
vt 0.045753 0.794216
vt 0.078329 0.734486
vt 0.395946 0.527369
vt 0.387497 0.560901
vt 0.895522 0.658090
vt 0.883269 0.656743
vt 0.863527 0.583907
vt 0.070653 0.647231
vt 0.844350 0.737949
vt 0.756439 0.795763
vt 0.770471 0.770408
vt 0.385239 0.569229
vt 0.629947 0.442002
vt 0.881477 0.601409
vt 0.885447 0.587363
vt 0.077479 0.614536
vt 0.775624 0.760980
vt 0.783947 0.757769
vt 0.860037 0.983484
vt 0.390419 0.535962
vt 0.392539 0.549269
vt 0.372824 0.596279
vt 0.536876 0.958098
vt 0.542586 0.942821
vt 0.545697 0.946943
vt 0.881652 0.581423
vt 0.071839 0.667951
vt 0.862509 0.741824
vt 0.053640 0.784367
vt 0.070614 0.747959
vt 0.061330 0.781189
vt 0.887241 0.948200
vt 0.388719 0.551114
vt 0.538978 0.960952
vt 0.551006 0.977913
vt 0.555546 0.968617
vt 0.556431 0.968317
vt 0.875383 0.589134
vt 0.767606 0.792136
vt 0.870286 0.613918
vt 0.006366 0.797456
vt 0.020802 0.805550
vt 0.005481 0.799139
vt 0.016268 0.787591
vt 0.872331 0.974075
vt 0.876785 0.627974
vt 0.782984 0.806570
vt 0.766188 0.806598
vt 0.774282 0.799400
vt 0.380291 0.575219
vt 0.890387 0.640710
vt 0.010378 0.809235
vt 0.018025 0.810756
vt 0.429201 0.589815
vt 0.045921 0.713495
vt 0.882990 0.961439
vt 0.024859 0.751367
vt 0.787044 0.820252
vt 0.793544 0.818072
vt 0.796800 0.830076
vt 0.148194 0.396302
vt 0.141796 0.397890
vt 0.155487 0.354496
vt 0.883424 0.635481
vt 0.163631 0.343455
vt 0.881689 0.942113
vt 0.984643 0.480351
vt 0.992902 0.464018
vt 0.990743 0.503337
vt 0.064910 0.645037
vt 0.802608 0.822457
vt 0.874174 0.623747
vt 0.870594 0.585224
vt 0.789940 0.809353
vt 0.388923 0.501130
vt 0.382289 0.516826
vt 0.985855 0.495398
vt 0.033960 0.721823
vt 0.773061 0.782456
vt 0.387669 0.541032
vt 0.995000 0.479571
vt 0.057238 0.692093
vt 0.170178 0.336648
vt 0.155011 0.343905
vt 0.424937 0.916528
vt 0.420219 0.912425
vt 0.425282 0.903073
vt 0.385403 0.529251
vt 0.027389 0.810401
vt 0.023141 0.799112
vt 0.028341 0.803773
vt 0.878296 0.576420
vt 0.789457 0.802201
vt 0.875343 0.985039
vt 0.429003 0.910841
vt 0.410998 0.904592
vt 0.045869 0.693522
vt 0.025594 0.730978
vt 0.013014 0.769395
vt 0.801835 0.760579
vt 0.009120 0.762792
vt 0.024233 0.722042
vt 0.160855 0.338960
vt 0.383117 0.527923
vt 0.869789 0.579389
vt 0.782706 0.788521
vt 0.782883 0.775077
vt 0.420327 0.895662
vt 0.886463 0.632962
vt 0.023206 0.820703
vt 0.015518 0.780245
vt 0.790251 0.766311
vt 0.797851 0.810563
vt 0.802966 0.815533
vt 0.794845 0.773465
vt 0.805010 0.813940
vt 0.803793 0.768594
vt 0.795078 0.782879
vt 0.796323 0.787541
vt 0.799771 0.805371
vt 0.798533 0.780762
vt 0.100467 0.286021
vt 0.110611 0.292885
vt 0.112872 0.295710
vt 0.460537 0.884943
vt 0.469073 0.887010
vt 0.465925 0.889041
vt 0.458384 0.890518
vt 0.468600 0.890841
vt 0.460087 0.896770
vt 0.125030 0.301129
vt 0.120424 0.291954
vt 0.141908 0.303697
vt 0.441678 0.886728
vt 0.441430 0.894345
vt 0.438268 0.906795
vt 0.381749 0.549393
vt 0.030131 0.798667
vt 0.146120 0.296785
vt 0.872004 0.579209
vt 0.870300 0.569048
vt 0.039821 0.803306
vt 0.411198 0.899745
vt 0.405337 0.908332
vt 0.391030 0.920095
vt 0.056235 0.677602
vt 0.157413 0.326331
vt 0.151920 0.328197
vt 0.156058 0.313958
vt 0.400822 0.903936
vt 0.382989 0.534082
vt 0.381087 0.566516
vt 0.056477 0.829715
vt 0.047844 0.832595
vt 0.069534 0.817272
vt 0.050517 0.824601
vt 0.068506 0.810819
vt 0.277425 0.981688
vt 0.281157 0.967065
vt 0.301872 0.954757
vt 0.140508 0.290547
vt 0.043683 0.805927
vt 0.087322 0.809372
vt 0.299022 0.985500
vt 0.289690 0.987516
vt 0.301871 0.976808
vt 0.166230 0.305221
vt 0.994233 0.509875
vt 0.052810 0.667217
vt 0.285890 0.980520
vt 0.303171 0.962107
vt 0.029795 0.710167
vt 0.408066 0.893993
vt 0.184276 0.333531
vt 0.371646 0.509810
vt 0.041641 0.688523
vt 0.178670 0.294409
vt 0.402978 0.888554
vt 0.379053 0.537386
vt 0.380216 0.548324
vt 0.380159 0.560135
vt 0.311008 0.964086
vt 0.379952 0.548006
vt 0.379802 0.548522
vt 0.379947 0.548452
vt 0.380108 0.549271
vt 0.380046 0.548472
vt 0.309807 0.976981
vt 0.306123 0.987024
vt 0.189031 0.323777
vt 0.105296 0.800138
vt 0.193216 0.306636
vt 0.048349 0.662314
vt 0.037619 0.688554
vt 0.216473 0.323734
vt 0.395881 0.882559
vt 0.400946 0.881926
vt 0.061812 0.804069
vt 0.273933 0.298120
vt 0.275084 0.303574
vt 0.268432 0.301198
vt 0.196906 0.275081
vt 0.193840 0.271709
vt 0.219213 0.262790
vt 0.315273 0.982623
vt 0.273070 0.311503
vt 0.544608 0.973823
vt 0.201921 0.315339
vt 0.242222 0.265676
vt 0.270812 0.263919
vt 0.280680 0.283178
vt 0.274680 0.282523
vt 0.269062 0.290483
vt 0.222271 0.320827
vt 0.537806 0.984584
vt 0.216193 0.319833
vt 0.199369 0.295007
vt 0.216246 0.289987
vt 0.254231 0.270907
vt 0.261677 0.308620
vt 0.042041 0.670473
vt 0.194214 0.280447
vt 0.227836 0.314367
vt 0.249252 0.319137
vt 0.240707 0.319554
vt 0.314013 0.958777
vt 0.207940 0.275485
vt 0.231097 0.279436
vt 0.236661 0.273944
vt 0.215842 0.306023
vt 0.233404 0.316141
vt 0.211157 0.300885
vt 0.213137 0.296669
vt 0.263905 0.291664
vt 0.216601 0.299417
vt 0.259640 0.307744
vt 0.256193 0.277343
vt 0.231248 0.284965
vt 0.228179 0.309301
vt 0.257626 0.300117
vt 0.255073 0.289557
vt 0.221077 0.300327
vt 0.228197 0.296972
vt 0.252256 0.296513
vt 0.232366 0.303766
vt 0.243549 0.306778
vt 0.244253 0.290357
vt 0.251754 0.300556
vt 0.235051 0.289300
vt 0.246872 0.295248
vt 0.244607 0.300969
vt 0.240840 0.296295
vt 0.242031 0.298598
s 1
f 3/1/1 5/2/2 4/3/3
f 4/3/3 1/4/4 3/1/1
f 3/1/1 1/4/4 7/5/5
f 5/6/6 3/7/7 10/8/8
f 8/9/9 5/6/6 10/8/8
f 1/4/10 4/3/11 11/10/12
f 7/5/13 1/4/14 13/11/15
f 13/11/15 1/4/14 11/10/16
f 12/12/17 5/2/18 8/13/19
f 11/10/12 4/3/11 14/14/20
f 4/3/21 5/2/18 12/12/17
f 10/8/22 3/7/23 15/15/24
f 3/7/25 7/16/26 15/15/27
f 24/17/28 7/5/13 13/11/15
f 4/3/21 12/12/17 16/18/29
f 12/12/17 8/13/19 21/19/30
f 14/14/31 4/3/21 16/18/29
f 19/20/32 13/11/15 11/10/16
f 8/13/19 17/21/33 21/19/30
f 17/22/34 8/9/35 18/23/36
f 8/9/35 10/8/37 18/23/36
f 10/8/22 15/15/24 20/24/38
f 15/15/27 7/16/26 24/25/39
f 24/17/28 13/11/15 22/26/40
f 12/12/41 21/19/42 28/27/43
f 16/18/44 25/28/45 14/14/46
f 16/18/47 12/12/47 27/29/47
f 18/23/36 10/8/37 20/24/48
f 11/10/49 14/14/46 30/30/50
f 27/29/51 12/12/41 28/27/43
f 29/31/52 20/24/53 15/15/54
f 38/32/55 13/11/56 19/20/57
f 17/22/58 18/23/59 36/33/60
f 29/31/52 15/15/54 26/34/61
f 30/30/50 14/14/46 25/28/45
f 15/15/27 24/25/39 23/35/62
f 22/26/63 13/11/56 38/32/55
f 26/34/64 15/15/27 23/35/62
f 23/35/65 24/25/66 22/36/67
f 38/32/68 19/20/69 32/37/70
f 17/21/58 36/38/60 21/19/71
f 36/33/60 18/23/59 33/39/72
f 25/28/73 16/18/74 34/40/75
f 16/18/74 27/29/76 34/40/75
f 33/39/77 18/23/78 42/41/79
f 32/37/70 19/20/69 11/10/80
f 11/10/80 30/30/81 37/42/82
f 40/43/83 21/19/71 36/38/60
f 18/23/78 20/24/84 42/41/79
f 32/37/70 11/10/80 37/42/82
f 47/44/85 27/29/86 28/27/87
f 42/41/79 20/24/84 29/31/88
f 22/26/63 38/32/55 35/45/89
f 47/44/85 34/40/90 27/29/86
f 28/27/91 21/19/71 40/43/83
f 41/46/92 33/39/93 42/41/94
f 33/39/93 41/46/92 36/33/95
f 46/47/96 34/40/90 47/44/85
f 28/27/97 40/43/98 47/44/85
f 48/48/99 23/35/65 22/36/67
f 30/30/100 25/28/101 45/49/102
f 49/50/103 36/33/104 43/51/105
f 53/52/106 29/31/107 26/34/108
f 35/45/89 38/32/55 52/53/109
f 45/49/110 34/40/90 46/47/96
f 49/50/103 40/54/111 36/33/104
f 53/52/106 26/34/108 51/55/112
f 25/28/101 34/40/113 45/49/102
f 36/33/95 41/46/92 43/51/114
f 29/31/115 53/52/115 42/41/115
f 26/34/116 23/35/117 48/48/118
f 48/48/99 22/36/67 44/56/119
f 37/42/120 30/30/100 56/57/121
f 51/55/122 26/34/116 48/48/118
f 44/56/119 22/36/67 35/58/123
f 46/47/96 47/44/85 58/59/124
f 56/57/121 30/30/100 45/49/102
f 47/44/85 40/43/98 58/59/124
f 52/53/125 38/32/126 32/37/127
f 32/37/127 37/42/128 56/57/129
f 45/49/130 46/47/131 57/60/132
f 53/52/106 51/55/112 54/61/133
f 52/53/125 32/37/127 62/62/134
f 58/63/135 40/54/136 49/50/137
f 41/46/138 42/41/139 59/64/140
f 44/56/141 35/58/142 52/65/143
f 61/66/144 56/57/121 45/49/102
f 48/48/145 44/56/146 60/67/147
f 44/56/141 52/65/143 65/68/148
f 32/37/127 56/57/129 62/62/134
f 59/64/140 42/41/139 53/52/149
f 51/55/150 48/48/150 60/67/150
f 45/49/130 57/60/132 61/66/151
f 60/67/147 44/56/146 65/68/152
f 65/68/148 52/65/143 55/69/153
f 46/47/154 58/59/155 57/60/156
f 53/52/149 54/61/157 59/64/140
f 43/51/158 41/46/159 59/64/160
f 62/70/161 55/69/162 52/65/163
f 63/71/164 56/57/165 61/66/166
f 56/57/165 63/71/164 62/62/167
f 66/72/168 58/63/135 49/50/137
f 54/61/169 51/55/170 67/73/171
f 59/64/140 54/61/157 68/74/172
f 51/55/173 60/67/173 67/73/173
f 57/60/174 64/75/175 61/66/176
f 57/60/156 58/59/155 66/76/177
f 49/50/178 43/51/179 70/77/180
f 66/72/181 49/50/178 70/77/180
f 60/67/182 65/68/183 67/73/184
f 65/68/183 55/69/185 69/78/186
f 76/79/187 55/69/162 62/70/161
f 68/74/188 54/61/169 67/73/171
f 65/68/183 69/78/186 67/73/184
f 76/79/187 62/70/161 63/80/189
f 70/77/190 43/51/158 71/81/191
f 43/51/158 59/64/160 71/81/191
f 71/81/191 59/64/160 68/74/192
f 72/82/193 68/74/188 67/73/171
f 55/69/185 76/79/194 69/78/186
f 63/71/195 61/66/176 64/75/175
f 74/83/196 63/71/195 64/75/175
f 67/73/197 69/78/198 72/82/199
f 57/60/200 66/76/201 79/84/202
f 79/85/203 66/72/203 70/77/203
f 64/75/204 57/60/200 79/84/202
f 68/74/205 72/82/206 71/81/207
f 77/86/208 72/82/199 69/78/198
f 69/78/198 76/79/209 77/86/208
f 76/79/210 63/80/211 74/87/212
f 74/83/213 64/75/213 79/84/213
f 77/86/214 74/87/215 79/85/216
f 70/77/217 71/81/218 79/85/216
f 79/85/216 71/81/218 77/86/214
f 71/81/207 72/82/206 77/86/219
f 76/79/210 74/87/212 77/86/220
f 846/88/221 1939/89/222 82/90/223
f 82/90/224 2570/91/224 83/92/224
f 83/92/225 85/93/226 84/94/227
f 85/95/228 83/92/228 883/96/228
f 83/92/229 2570/91/230 883/96/231
f 2570/91/232 82/90/223 1939/89/222
f 4241/97/233 89/98/234 90/99/235
f 90/99/236 89/98/236 91/100/236
f 90/99/235 4235/101/237 4241/97/233
f 93/102/238 4235/101/237 90/99/235
f 4259/103/239 89/98/240 4241/97/241
f 103/104/242 174/105/243 104/106/244
f 106/107/245 109/108/246 107/109/247
f 111/110/248 106/107/248 110/111/248
f 106/107/245 107/109/247 110/111/249
f 113/112/250 107/109/250 109/108/250
f 109/108/251 106/107/251 166/113/251
f 106/107/252 111/110/252 166/113/252
f 166/113/253 111/110/253 105/114/253
f 105/114/254 111/110/254 112/115/254
f 111/110/255 110/111/255 162/116/255
f 166/113/256 105/114/256 170/117/256
f 115/118/257 116/119/257 157/120/257
f 115/118/258 118/121/259 117/122/260
f 117/122/260 118/121/259 114/123/261
f 120/124/262 119/125/263 123/126/264
f 119/125/265 120/124/266 121/127/267
f 122/128/268 121/127/267 120/124/266
f 114/123/269 125/129/269 124/130/269
f 128/131/270 126/132/270 127/133/270
f 128/134/271 127/135/271 129/136/271
f 127/133/272 126/132/272 130/137/272
f 131/138/273 128/134/274 129/136/275
f 132/139/276 130/137/277 126/132/278
f 129/136/279 127/135/279 133/140/279
f 127/135/280 130/141/280 134/142/280
f 126/132/281 128/131/282 132/139/283
f 132/139/283 128/131/282 131/143/284
f 131/138/273 129/136/275 136/144/285
f 133/140/286 127/135/286 134/142/286
f 137/145/287 130/137/288 135/146/289
f 130/137/277 132/139/276 135/146/290
f 135/146/291 132/139/292 138/147/293
f 131/143/294 136/148/294 140/149/294
f 142/150/295 136/144/296 129/136/297
f 134/142/298 130/141/298 137/151/298
f 142/150/295 129/136/297 141/152/299
f 141/152/300 129/136/300 133/140/300
f 131/143/301 140/149/302 132/139/303
f 148/153/304 135/146/291 138/147/293
f 143/154/305 137/145/306 148/153/307
f 137/145/287 135/146/289 148/153/308
f 134/142/309 137/151/310 133/140/311
f 132/139/303 140/149/302 147/155/312
f 140/149/313 136/148/314 142/156/315
f 137/151/316 143/157/317 144/158/318
f 185/159/319 142/150/320 141/152/321
f 138/147/322 132/139/303 147/155/312
f 151/160/323 146/161/323 145/162/323
f 123/126/324 124/163/324 120/124/324
f 124/130/325 123/164/326 154/165/327
f 119/125/328 145/162/328 146/161/328
f 151/166/329 144/167/330 146/168/331
f 160/169/332 116/119/332 115/118/332
f 117/122/333 114/123/333 150/170/333
f 114/123/334 124/130/325 154/165/327
f 143/154/305 148/153/307 159/171/335
f 121/127/336 171/172/337 149/173/338
f 171/172/339 121/127/340 122/128/341
f 124/130/342 125/129/342 167/174/342
f 152/175/343 125/129/344 114/123/345
f 158/176/346 116/119/347 153/177/348
f 153/177/349 116/119/349 160/169/349
f 154/165/327 123/164/326 173/178/350
f 140/149/313 142/156/315 184/179/351
f 133/140/311 137/151/310 144/158/352
f 145/162/353 119/125/353 121/127/353
f 152/175/343 114/123/345 118/121/354
f 118/121/355 115/118/356 156/180/357
f 157/120/358 116/119/358 163/181/358
f 144/158/318 143/157/317 194/182/359
f 143/154/360 159/171/360 194/183/360
f 145/162/361 155/184/362 161/185/363
f 149/173/364 171/172/365 174/105/366
f 104/106/367 174/105/366 171/172/365
f 156/180/357 115/118/356 157/120/368
f 115/118/369 117/122/369 160/169/369
f 141/152/370 133/140/371 151/186/372
f 151/160/373 145/162/373 161/185/373
f 155/184/374 145/162/374 121/127/374
f 107/109/375 113/112/376 165/187/377
f 112/115/378 111/110/379 104/188/367
f 168/189/380 118/190/380 156/191/380
f 163/181/381 116/119/347 158/176/346
f 114/123/334 154/165/327 150/170/382
f 178/192/383 159/171/335 148/153/307
f 147/155/384 140/149/385 184/179/386
f 184/193/387 142/150/320 185/159/319
f 133/140/371 144/158/388 151/186/372
f 162/116/389 110/111/389 164/194/389
f 110/111/390 107/109/390 164/194/390
f 109/195/391 166/196/391 182/197/391
f 112/115/378 104/188/367 171/198/365
f 152/175/392 118/121/393 168/199/394
f 123/126/264 119/125/263 146/161/395
f 111/110/396 103/200/396 104/188/396
f 166/196/397 193/201/397 182/197/397
f 153/177/398 160/169/398 172/202/398
f 185/159/319 141/152/321 151/186/399
f 174/105/243 103/104/242 179/203/400
f 103/200/401 111/110/401 162/116/401
f 107/109/375 165/187/377 164/194/402
f 166/113/403 170/117/403 177/204/403
f 150/170/404 154/165/405 180/205/406
f 123/126/407 146/161/408 4006/206/409
f 175/207/410 113/208/411 181/209/412
f 193/201/413 166/196/414 177/210/415
f 120/124/416 124/163/416 167/211/416
f 193/201/417 125/129/417 152/175/417
f 156/180/418 157/120/419 183/212/420
f 157/120/421 163/181/421 183/212/421
f 160/169/422 117/122/423 172/202/424
f 155/184/362 121/127/336 149/173/338
f 187/213/425 188/214/426 186/215/427
f 188/216/428 187/217/429 189/218/430
f 189/218/430 187/213/431 174/105/243
f 187/213/425 186/215/427 174/105/432
f 182/197/433 113/208/433 109/195/433
f 105/114/434 112/115/435 170/117/436
f 152/175/392 168/199/394 3992/219/437
f 158/176/438 153/177/438 191/220/438
f 117/122/423 150/170/404 180/205/406
f 192/221/439 138/147/322 147/155/312
f 174/105/440 186/215/440 149/173/440
f 186/215/441 188/216/441 149/173/441
f 188/216/428 189/218/430 149/173/442
f 149/173/442 189/218/430 179/203/400
f 179/203/400 189/218/430 174/105/243
f 165/187/443 113/112/411 175/222/410
f 181/209/412 113/208/411 182/197/444
f 167/174/445 125/129/446 193/201/447
f 182/197/448 193/201/449 152/175/392
f 172/202/424 117/122/423 180/205/406
f 173/223/450 123/126/407 4006/206/409
f 3987/224/451 103/104/452 162/225/453
f 177/226/454 196/227/455 195/228/456
f 195/229/457 196/230/457 197/231/457
f 196/227/455 177/226/454 197/231/458
f 177/226/459 181/209/459 197/231/459
f 197/231/460 181/209/460 182/197/460
f 177/226/461 195/228/461 198/232/461
f 195/229/462 197/231/462 198/232/462
f 197/231/463 182/197/463 198/232/463
f 177/226/464 198/232/464 182/197/464
f 180/205/406 154/165/405 199/233/465
f 146/168/331 144/167/330 4006/234/466
f 102/235/467 144/236/318 194/237/359
f 159/171/335 178/192/383 194/183/468
f 178/192/469 148/153/304 4041/238/470
f 151/160/471 161/185/471 185/239/471
f 161/185/363 155/184/362 149/173/338
f 149/173/442 179/203/400 185/239/472
f 3993/240/473 179/203/474 103/104/452
f 3993/240/473 103/104/452 3987/224/451
f 297/241/475 311/242/476 259/243/477
f 206/244/478 205/245/478 207/246/478
f 216/247/479 209/248/480 270/249/481
f 209/248/480 210/250/482 270/249/481
f 213/251/483 212/252/483 262/253/483
f 212/252/484 211/254/484 214/255/484
f 209/248/485 212/252/486 213/251/487
f 262/253/488 212/252/489 214/255/490
f 216/247/491 211/254/491 209/248/491
f 211/254/492 212/252/492 209/248/492
f 213/251/493 262/253/494 217/256/495
f 211/254/496 208/257/497 214/255/498
f 220/258/499 227/259/500 233/260/501
f 227/259/502 225/261/502 229/262/502
f 225/261/503 222/263/504 229/262/505
f 222/263/506 225/261/506 224/264/506
f 225/261/507 227/259/500 228/265/508
f 228/265/509 220/258/510 221/266/511
f 220/258/510 219/267/512 221/266/511
f 222/268/513 226/269/514 230/270/515
f 227/259/500 220/258/499 228/265/508
f 235/271/516 226/272/514 222/263/513
f 227/259/517 229/262/517 231/273/517
f 230/274/518 226/272/518 250/275/518
f 219/267/519 220/258/499 233/260/501
f 227/259/500 231/273/520 233/260/501
f 218/276/521 234/277/522 243/278/523
f 221/266/511 219/267/512 242/279/524
f 232/280/525 219/267/519 233/260/501
f 233/260/501 231/273/520 236/281/526
f 222/268/504 230/270/527 229/282/505
f 237/283/528 230/270/528 238/284/528
f 230/270/529 239/285/530 238/284/531
f 239/285/530 240/286/532 238/284/531
f 239/285/533 230/270/534 241/287/535
f 241/288/535 230/289/534 218/276/536
f 226/272/537 235/271/537 250/275/537
f 222/263/513 224/264/538 235/271/516
f 238/284/539 240/290/540 237/283/541
f 240/290/540 239/291/542 237/283/541
f 239/291/542 241/287/535 237/283/541
f 241/288/535 218/276/536 237/292/541
f 218/293/536 230/274/534 250/275/543
f 225/261/544 228/265/544 247/294/544
f 228/265/545 221/266/545 247/294/545
f 242/279/546 219/267/547 244/295/548
f 219/267/547 232/280/549 244/295/548
f 232/280/525 233/260/501 245/296/550
f 249/297/551 243/298/552 246/299/553
f 248/300/554 245/296/550 233/260/501
f 229/282/505 230/270/527 254/301/555
f 237/292/556 218/276/521 243/278/523
f 235/271/557 253/302/558 250/275/559
f 224/264/560 225/261/561 251/303/562
f 242/304/563 255/305/564 221/306/565
f 231/273/520 229/262/505 236/281/526
f 254/301/555 230/270/527 237/283/566
f 255/305/564 242/304/563 244/307/567
f 232/280/568 245/296/569 244/295/570
f 236/308/526 229/282/505 254/301/555
f 243/298/552 249/297/551 237/309/571
f 251/303/572 225/261/573 247/294/574
f 244/295/570 245/296/569 257/310/575
f 233/260/501 236/281/526 248/300/554
f 277/311/576 249/297/577 246/299/578
f 218/293/536 250/275/543 260/312/579
f 263/313/580 235/271/516 224/264/538
f 221/306/565 255/305/564 256/314/581
f 257/310/582 245/296/582 248/300/582
f 262/253/488 214/255/490 281/315/583
f 266/316/584 246/317/584 243/278/584
f 260/312/579 250/275/543 253/302/585
f 247/318/586 221/306/565 256/314/581
f 297/319/587 277/320/588 265/321/589
f 224/264/560 251/303/562 271/322/590
f 251/303/572 247/294/574 268/323/591
f 248/324/592 258/325/593 257/326/594
f 210/250/595 209/248/595 274/327/595
f 208/328/596 254/301/555 237/283/566
f 265/321/597 277/320/576 246/317/578
f 218/276/598 267/329/599 234/277/600
f 267/330/601 218/293/536 260/312/579
f 263/313/602 224/264/560 271/322/590
f 257/326/594 258/325/593 269/331/603
f 272/332/604 258/325/605 264/333/606
f 258/325/607 248/324/554 264/333/608
f 264/333/608 248/324/554 236/308/526
f 208/328/609 276/334/610 254/301/555
f 208/257/609 211/254/611 216/247/612
f 274/327/613 209/248/485 213/251/487
f 266/316/614 243/278/614 234/277/614
f 263/313/615 253/302/558 235/271/557
f 255/305/564 244/307/567 257/335/616
f 269/331/617 258/325/605 272/332/604
f 276/334/610 208/328/609 273/336/618
f 285/337/619 251/303/619 268/323/619
f 217/256/495 262/253/494 275/338/620
f 259/243/477 277/311/621 297/241/475
f 260/312/579 253/302/585 279/339/622
f 279/339/623 253/302/623 263/313/623
f 271/322/624 251/303/624 285/337/624
f 208/328/609 216/340/612 273/336/618
f 237/309/625 249/297/577 277/311/576
f 282/341/626 277/311/621 259/243/477
f 283/342/627 267/343/628 315/344/629
f 268/345/630 247/318/631 280/346/632
f 264/333/608 236/308/526 276/334/610
f 236/308/526 254/301/555 276/334/610
f 273/336/618 216/340/612 270/347/633
f 290/348/634 300/349/634 259/243/634
f 315/344/629 314/350/635 283/342/627
f 267/330/601 260/312/579 315/351/636
f 285/352/637 268/345/630 280/346/632
f 257/335/638 269/353/638 255/305/638
f 255/305/564 269/353/639 272/354/640
f 289/355/641 276/334/641 273/336/641
f 214/356/498 208/328/497 282/357/626
f 208/328/497 237/283/642 282/357/626
f 237/309/642 277/311/621 282/341/626
f 284/358/643 279/339/643 263/313/643
f 263/313/644 271/322/645 291/359/646
f 280/346/647 247/318/648 287/360/649
f 247/318/650 256/314/651 287/360/652
f 262/253/653 281/315/654 275/338/655
f 312/361/656 234/277/600 267/329/599
f 289/362/657 210/250/657 274/327/657
f 273/336/658 270/347/659 289/355/660
f 270/347/659 210/363/661 289/355/660
f 207/246/662 205/245/663 300/349/664
f 284/364/665 263/365/666 299/366/667
f 291/359/646 271/322/645 285/337/668
f 255/305/564 272/354/640 256/314/581
f 272/332/669 276/334/670 289/355/671
f 282/357/672 281/367/583 214/356/490
f 301/368/673 300/349/664 205/245/663
f 267/343/674 283/342/675 293/369/676
f 279/339/677 284/358/677 298/370/677
f 299/371/678 263/313/678 291/359/678
f 264/333/679 276/334/670 272/332/669
f 295/372/680 213/373/681 217/374/682
f 282/341/683 259/243/683 300/349/683
f 3622/375/684 205/245/685 206/244/686
f 207/246/687 300/349/687 290/348/687
f 296/376/688 203/377/688 204/378/688
f 203/377/689 311/379/689 297/319/689
f 266/316/690 234/277/691 312/361/692
f 291/380/693 285/352/637 280/346/632
f 282/341/694 300/349/664 301/368/673
f 301/368/695 205/245/685 3622/375/684
f 259/243/696 311/242/696 290/348/696
f 293/369/676 283/342/675 304/381/697
f 283/342/698 314/350/699 294/382/700
f 307/383/701 306/384/702 305/385/703
f 307/383/701 305/385/703 313/386/704
f 308/387/705 307/383/706 313/386/707
f 305/385/708 306/384/708 309/388/708
f 307/383/709 308/387/709 294/382/709
f 298/389/710 284/364/710 3646/390/710
f 284/364/665 299/366/667 310/391/711
f 287/360/652 256/314/651 288/392/712
f 256/314/581 272/354/640 288/392/713
f 274/393/714 213/373/714 295/372/714
f 311/379/715 203/377/716 296/376/717
f 267/329/718 293/394/719 321/395/720
f 293/394/719 304/396/721 321/395/720
f 307/383/722 294/382/700 306/384/723
f 3646/390/724 284/364/724 310/391/724
f 322/397/725 280/346/647 287/360/649
f 296/376/726 204/378/726 317/398/726
f 204/378/727 203/377/727 3628/399/727
f 304/381/697 283/342/675 294/382/728
f 291/380/693 280/346/632 322/397/729
f 288/400/713 272/332/640 289/355/730
f 275/401/655 281/367/654 316/402/731
f 206/244/732 207/246/732 303/403/732
f 320/404/733 311/379/715 296/376/717
f 3630/405/734 305/385/734 309/388/734
f 315/351/636 260/312/579 3631/406/735
f 3631/406/736 260/312/736 279/339/736
f 3625/407/737 289/355/738 3609/408/739
f 324/409/740 323/410/741 325/411/742
f 326/412/743 3455/413/744 3496/414/745
s 0
f 328/415/746 327/416/747 329/417/748
s 1
f 329/417/749 327/416/749 3361/418/749
s 0
f 331/419/750 332/420/750 333/421/750
s 1
f 333/421/751 332/420/751 334/422/752
f 332/420/751 331/423/753 334/422/752
f 331/423/753 335/424/754 334/422/755
f 330/425/756 335/424/756 336/426/756
f 335/424/757 331/423/757 336/426/757
f 336/426/758 331/419/758 334/422/758
f 331/419/759 333/421/759 334/422/759
f 330/425/760 336/426/761 334/422/762
f 335/427/763 330/428/764 3427/429/765
s 0
f 347/430/748 348/431/748 349/432/748
s 1
f 351/433/766 350/434/766 352/435/766
f 527/436/767 351/433/767 352/435/767
f 354/437/768 351/433/768 527/436/768
f 520/438/769 350/434/769 351/433/769
f 355/439/770 356/440/770 357/441/770
f 355/439/771 357/441/771 358/442/771
f 356/440/772 355/439/772 360/443/772
f 357/444/773 356/445/773 359/446/773
f 360/443/774 355/439/774 361/447/774
f 359/446/775 356/445/776 362/448/777
f 358/449/778 357/444/778 359/446/778
f 356/445/779 360/450/779 362/448/779
f 363/451/780 361/452/781 358/453/782
f 361/447/781 355/439/783 358/442/782
f 360/450/784 361/452/785 362/448/786
f 361/452/785 363/451/787 362/448/786
f 359/446/775 362/448/777 364/454/788
f 364/454/789 362/448/790 363/451/791
f 358/449/792 359/446/792 366/455/792
f 366/455/793 359/446/775 364/454/788
f 371/456/794 364/454/789 363/451/791
f 358/449/795 366/455/795 367/457/795
f 358/453/782 367/458/796 363/451/780
f 371/456/797 363/451/780 367/458/796
f 368/459/798 366/455/798 364/454/798
f 364/454/799 371/456/799 369/460/799
f 367/457/800 366/455/800 368/459/800
f 370/461/801 372/462/802 369/460/803
f 369/460/804 371/456/804 370/461/804
f 373/463/805 367/457/805 368/459/805
f 364/454/806 369/460/807 368/459/808
f 368/459/808 369/460/807 372/462/809
f 374/464/810 372/462/802 370/461/801
f 371/456/797 367/458/796 370/461/811
f 367/458/796 373/465/812 370/461/811
f 373/463/813 368/459/814 375/466/815
f 376/467/816 370/461/811 373/465/812
f 374/464/817 370/461/817 376/467/817
f 377/468/818 373/465/813 375/469/815
f 375/466/819 368/459/819 378/470/819
f 378/470/820 368/459/820 372/462/820
f 372/462/821 374/464/821 379/471/821
f 376/467/816 373/465/812 377/468/822
f 378/470/823 372/462/823 379/471/823
f 374/464/824 376/467/824 379/471/824
f 377/468/825 375/469/826 381/472/827
f 381/472/827 375/469/826 380/473/828
f 376/467/816 377/468/822 381/472/829
f 378/470/830 386/474/830 375/466/830
f 384/475/831 378/470/831 379/471/831
f 380/473/832 375/469/832 386/476/832
f 384/475/833 386/474/834 378/470/835
f 379/471/836 376/467/836 509/477/836
f 509/477/837 384/475/837 379/471/837
f 380/473/838 386/476/838 382/478/838
f 509/477/839 376/467/839 383/479/839
f 381/472/840 380/473/841 385/480/842
f 376/467/843 381/472/843 383/479/843
f 380/473/841 382/478/844 385/480/842
f 381/472/845 385/480/845 383/479/845
f 389/481/846 387/482/847 388/483/848
f 388/483/849 387/482/849 391/484/849
f 391/484/850 387/482/851 454/485/852
f 454/485/852 387/482/851 390/486/853
f 390/486/854 387/482/854 389/481/854
f 392/487/855 389/481/846 388/483/848
f 394/488/856 395/489/857 464/490/858
f 464/491/858 395/492/857 463/493/859
f 400/494/860 396/495/861 442/496/862
f 399/497/863 400/494/864 446/498/865
f 397/499/866 442/496/867 396/495/868
f 443/500/869 396/495/870 398/501/871
f 398/501/872 396/495/872 400/494/872
f 397/499/866 396/495/868 443/500/873
f 459/502/874 400/503/875 438/504/876
f 404/505/877 406/506/878 407/507/879
f 406/506/880 404/505/881 408/508/882
f 410/509/883 404/505/877 407/507/879
f 408/508/882 405/510/884 412/511/885
f 406/506/880 408/508/882 411/512/886
f 408/508/882 404/505/887 409/513/888
f 406/506/889 411/512/890 407/507/891
f 407/507/891 411/512/890 431/514/892
f 411/512/886 408/508/882 412/511/885
f 415/515/893 413/516/893 414/517/893
f 414/517/894 413/516/894 416/518/894
f 416/518/895 413/516/895 417/519/895
f 419/520/896 416/518/896 417/519/896
f 418/521/897 413/516/897 415/515/897
f 417/519/898 413/516/898 418/521/898
f 422/522/899 415/515/899 428/523/899
f 428/523/900 415/515/901 423/524/902
f 423/524/902 415/515/901 414/517/903
f 423/524/904 414/517/904 416/518/904
f 418/521/905 415/515/906 421/525/907
f 419/520/908 417/519/908 424/526/908
f 417/519/909 418/521/909 420/527/909
f 417/519/910 420/527/910 424/526/910
f 421/525/907 415/515/906 422/522/911
f 420/527/912 418/521/912 421/525/912
f 416/518/913 419/520/914 426/528/915
f 426/528/916 419/520/916 427/529/916
f 427/529/917 419/520/917 424/526/917
f 425/530/918 421/525/907 422/522/911
f 423/524/919 416/518/920 439/531/921
f 439/531/922 416/518/913 426/528/915
f 428/532/923 409/513/924 422/533/925
f 404/505/926 410/509/927 409/513/928
f 408/508/882 409/513/888 405/510/884
f 429/534/929 428/532/900 423/535/902
f 410/536/930 403/537/931 430/538/932
f 403/539/931 410/509/930 407/507/933
f 411/540/886 412/541/885 448/542/934
f 405/510/935 409/513/935 432/543/935
f 435/544/936 422/533/937 409/513/938
f 403/537/939 441/545/939 436/546/939
f 411/540/940 448/542/940 437/547/940
f 409/513/928 410/509/927 435/544/941
f 403/539/931 407/507/933 431/514/942
f 409/513/924 428/532/923 432/543/943
f 426/548/944 427/549/945 440/550/946
f 422/551/937 435/552/936 425/553/947
f 446/498/948 400/494/860 442/496/862
f 397/499/949 443/500/950 447/554/951
f 398/501/952 400/494/953 459/555/954
f 438/556/955 400/557/864 399/558/863
f 429/534/956 423/535/919 439/559/921
f 410/536/957 430/538/957 435/560/957
f 403/537/931 436/546/958 430/538/932
f 448/542/934 412/541/885 445/561/959
f 412/541/885 405/562/884 445/561/959
f 434/563/960 428/532/900 429/534/929
f 399/497/961 446/498/961 402/564/961
f 444/565/962 437/547/962 448/542/962
f 434/566/963 402/564/964 446/498/965
f 420/527/966 421/525/966 425/530/966
f 431/567/967 411/540/968 437/547/969
f 399/558/970 402/568/971 438/556/876
f 434/566/963 429/569/972 402/564/964
f 427/570/973 424/571/974 450/572/975
f 424/571/974 420/573/976 450/572/975
f 431/514/942 451/574/977 403/539/931
f 447/554/951 449/575/978 397/499/949
f 443/576/950 454/577/979 447/578/951
f 443/576/869 398/579/871 497/580/980
f 429/581/981 439/582/982 485/583/983
f 439/582/984 426/548/984 485/583/984
f 466/584/985 441/545/986 403/537/931
f 431/567/967 437/547/969 451/585/987
f 437/547/988 444/565/989 474/586/990
f 452/587/991 448/542/934 445/561/959
f 449/575/992 447/554/993 461/588/994
f 453/589/995 438/556/876 402/568/971
f 485/583/996 426/548/944 440/550/946
f 450/572/997 420/573/997 425/553/997
f 474/586/998 444/565/998 452/587/998
f 432/543/999 428/532/1000 487/590/1001
f 487/590/1002 428/532/900 434/563/960
f 402/568/1003 429/581/981 485/583/983
f 435/560/1004 430/538/1004 456/591/1004
f 444/565/1005 448/542/934 452/587/991
f 452/587/991 445/561/959 458/592/1006
f 405/562/884 432/593/1007 445/561/959
f 446/498/1008 442/496/1008 479/594/1008
f 497/580/1009 398/579/952 459/595/954
f 456/591/1010 430/538/1011 436/546/1012
f 403/537/931 451/585/977 466/584/985
f 451/585/1013 437/547/988 474/586/990
f 442/496/867 397/499/866 479/594/1014
f 461/588/994 447/554/993 462/596/1015
f 496/597/1016 443/576/869 497/580/980
f 463/493/859 459/502/874 438/504/876
f 482/598/1017 395/489/1017 394/488/1017
f 463/493/859 438/504/876 464/491/858
f 425/553/1018 435/552/1019 450/572/1020
f 452/587/991 458/592/1006 457/599/1021
s 0
f 468/600/748 469/601/748 470/602/748
s 1
f 470/602/1022 469/601/1023 471/603/1024
f 469/601/1023 468/604/1025 471/603/1024
f 468/604/1026 467/605/1027 471/603/1028
f 467/605/1027 445/606/959 471/603/1028
f 445/606/959 432/543/1007 471/603/1028
f 471/603/1029 432/543/1029 488/607/1029
f 472/608/1030 449/575/1031 461/588/1032
f 462/596/1015 447/554/993 480/609/1033
f 482/598/1034 394/488/1034 483/610/1034
f 438/556/876 453/589/995 464/490/858
f 455/611/1035 453/589/1036 402/568/1037
f 440/550/1038 427/549/973 450/612/975
f 436/546/1039 441/545/1040 466/584/1041
f 458/592/1042 460/613/1043 393/614/1044
f 445/606/1045 475/615/1046 476/616/1046
s 0
f 475/615/1047 477/617/1047 476/616/1047
f 476/616/748 477/617/748 478/618/748
s 1
f 478/618/1048 477/617/1049 445/606/1045
f 477/617/1049 475/615/1046 445/606/1045
f 445/606/1050 467/605/1051 488/607/1052
f 467/605/1051 468/600/1053 488/607/1052
f 468/600/1054 470/602/1054 488/607/1054
f 470/602/1055 471/603/1055 488/607/1055
f 447/554/1056 454/485/852 480/609/1057
f 435/560/1019 465/619/1058 450/620/1020
f 435/560/1059 456/591/1060 465/619/1061
f 458/592/1062 445/561/1062 486/621/1062
f 503/622/1063 445/561/1063 487/623/1063
f 445/606/1064 476/616/1064 487/590/1064
f 487/590/1001 476/616/1065 488/607/1066
f 476/616/1065 478/618/1067 488/607/1066
f 478/618/1048 445/606/1045 488/607/1068
f 397/499/949 449/575/978 479/594/1069
f 394/488/1070 484/624/1070 483/610/1070
f 394/488/1071 464/490/1072 484/624/1073
f 504/625/1074 455/611/1035 402/568/1037
f 402/568/1075 485/583/1075 504/625/1075
f 466/584/1041 494/626/1076 436/546/1039
f 488/607/1066 432/543/999 487/590/1001
f 491/627/1077 461/588/1078 462/596/1079
f 395/492/1080 482/628/1081 463/493/1082
f 453/589/1036 455/611/1035 464/490/1083
f 455/611/1035 493/629/1084 464/490/1083
f 457/599/1085 458/592/1085 495/630/1085
f 495/630/1086 458/592/1042 393/614/1044
f 445/561/1087 503/622/1088 486/621/1089
f 454/577/979 443/576/950 496/597/1090
f 464/490/1072 493/629/1091 484/624/1073
f 492/631/1092 489/632/1093 498/633/1094
f 451/585/977 474/586/1095 466/584/985
f 458/592/1096 486/621/1096 460/613/1096
f 472/608/1030 461/588/1032 491/627/1097
f 482/628/1081 492/634/1098 463/493/1082
f 493/629/1099 455/611/1100 489/632/1093
f 504/625/1101 489/632/1093 455/611/1100
f 456/591/1010 436/546/1012 494/626/1102
f 474/586/1103 452/587/1103 500/635/1103
f 452/587/1104 457/599/1105 500/635/1106
f 454/485/979 496/636/1090 391/484/1107
f 497/580/1009 459/595/954 386/637/834
f 481/638/1108 459/502/1108 463/493/1108
f 498/633/1094 489/632/1093 517/639/1109
f 517/639/1110 489/632/1093 504/625/1101
f 474/586/1111 500/635/1111 466/584/1111
f 496/597/1112 497/580/1113 505/640/1114
f 386/476/1115 459/641/1115 481/642/1115
f 482/598/1116 483/610/1117 484/624/1118
f 502/643/1119 492/634/1119 498/644/1119
f 500/635/1106 457/599/1105 501/645/1120
f 497/580/1009 386/637/834 505/640/1121
f 492/631/1092 482/598/1116 484/624/1118
f 457/599/1122 495/630/1123 501/645/1124
f 508/646/1125 393/614/1126 460/613/1127
f 487/590/1002 434/563/960 566/647/1128
f 566/648/1129 446/498/965 479/594/1130
f 507/649/1131 462/596/1015 480/609/1033
f 382/478/1132 386/476/1132 481/642/1132
f 485/583/996 518/650/1133 504/625/1134
f 518/650/1133 485/583/996 440/550/946
f 501/645/1124 495/630/1123 506/651/1135
f 506/651/1136 495/630/1137 526/652/1138
f 495/630/1137 393/614/1139 526/652/1138
f 434/566/963 446/498/965 566/648/1129
f 493/629/1099 489/632/1093 484/624/1118
f 465/619/1061 456/591/1060 512/653/1140
f 513/654/1141 508/646/1125 486/621/1142
f 508/646/1125 460/613/1127 486/621/1142
f 486/621/1089 503/622/1088 513/654/1143
f 513/654/1144 503/622/1144 487/623/1144
f 388/483/1145 391/484/1145 514/655/1145
f 481/638/1146 463/493/1082 492/634/1098
f 492/631/1092 484/624/1118 489/632/1093
f 517/639/1147 504/625/1148 518/650/1149
f 479/594/1069 449/575/978 548/656/1150
f 532/657/1151 472/608/1152 519/658/1153
f 389/481/1154 392/487/1154 534/659/1154
f 521/660/1155 385/480/1155 382/478/1155
f 522/661/1156 481/638/1146 492/634/1098
f 500/635/1157 501/645/1158 466/584/1041
f 472/608/1159 491/627/1160 519/658/1153
f 480/609/1057 454/485/852 390/486/853
f 382/478/1161 481/642/1162 521/660/1163
f 515/662/1164 502/643/1164 516/663/1164
f 502/643/1165 498/644/1166 516/663/1167
f 516/664/1167 498/633/1166 517/639/1168
f 508/646/1169 513/654/1169 520/438/1169
f 532/657/1151 519/658/1153 533/665/1170
f 462/596/1079 507/649/1171 491/627/1077
f 491/627/1077 507/649/1171 523/666/1172
f 521/660/1163 481/642/1162 522/667/1173
f 545/668/1174 516/669/1175 511/670/1176
f 535/671/1177 529/672/1178 524/673/1179
f 440/550/1180 450/612/1181 518/650/1182
f 487/623/1002 566/674/1128 513/654/1183
f 569/675/1184 548/656/1185 449/575/1186
f 569/675/1184 449/575/1186 472/608/1187
f 516/669/1188 545/668/1188 515/676/1188
f 535/671/1177 524/673/1179 530/677/1189
f 524/673/1190 529/672/1190 530/678/1190
f 529/672/1191 511/670/1192 525/679/1193
f 511/670/1176 516/669/1175 525/679/1194
f 512/653/1140 456/591/1060 531/680/1195
f 466/584/1041 501/645/1158 494/626/1076
f 526/652/1196 393/614/1197 574/681/1198
f 508/646/1199 520/438/1199 351/433/1199
f 533/665/1200 528/682/1200 532/657/1200
f 502/683/1201 515/676/1201 545/668/1201
f 535/671/1177 530/677/1189 536/684/1202
f 530/678/1203 529/672/1203 536/684/1203
f 529/672/1204 525/679/1204 536/684/1204
f 538/685/1205 539/686/1047 537/687/1206
f 538/685/1205 537/687/1206 540/688/1207
f 537/687/1208 525/679/1208 540/688/1208
f 525/679/1209 516/669/1210 540/688/1211
f 540/688/1211 516/669/1210 517/689/1212
f 465/619/1058 512/653/1213 450/620/1020
f 456/591/1010 494/626/1102 531/680/1214
f 501/645/1158 506/651/1215 494/626/1076
f 574/681/1198 393/614/1197 508/646/1216
f 542/690/1217 472/608/1152 543/691/1218
f 472/608/1152 532/657/1151 543/691/1218
f 392/487/1219 388/483/1219 556/692/1219
f 385/480/1220 521/660/1221 383/479/1222
f 545/668/1223 511/670/1192 529/672/1191
f 535/671/1177 536/684/1202 525/679/1224
f 525/679/1225 537/687/1225 546/693/1225
f 537/687/1226 539/694/1226 546/693/1226
f 539/694/1227 538/695/1227 546/693/1227
f 538/695/1228 540/688/1228 546/693/1228
f 540/688/1229 517/689/1229 546/693/1229
f 508/646/1230 351/433/1230 354/437/1230
f 560/696/1231 527/436/1231 352/435/1231
f 569/675/1232 472/608/1232 549/697/1232
f 472/608/1233 542/690/1233 549/697/1233
f 549/697/1234 542/698/1234 550/699/1234
f 542/700/1235 543/691/1236 550/699/1237
f 550/699/1237 543/691/1236 551/701/1238
f 543/691/1239 532/657/1239 551/701/1239
f 519/658/1153 491/627/1160 523/666/1240
f 388/483/1241 514/655/1241 544/702/1241
f 522/661/1242 492/634/1242 502/643/1242
f 546/693/1243 517/689/1147 518/703/1149
f 518/703/1182 450/620/1181 565/704/1244
f 569/675/1245 549/697/1246 551/701/1247
f 549/697/1248 550/699/1248 551/701/1248
f 532/657/1249 552/705/1249 561/706/1249
f 552/705/1250 532/657/1251 528/682/1252
f 553/707/1253 554/708/1253 1897/709/1253
f 388/483/1254 544/702/1254 556/692/1254
f 391/484/1255 496/636/1112 505/710/1114
f 450/620/1020 512/653/1213 558/711/1256
f 512/653/1257 348/712/1257 558/711/1257
f 558/711/1256 348/431/1258 565/704/1259
f 348/431/1258 347/430/1260 565/704/1259
f 565/704/1261 347/430/1262 512/653/1263
f 347/430/1262 349/432/1264 512/653/1263
f 349/432/1264 348/712/1265 512/653/1263
f 506/651/1215 526/652/1266 494/626/1076
f 354/437/1267 541/713/1267 508/646/1267
f 559/714/1268 354/437/1269 527/436/1270
f 560/696/1271 352/435/1272 1894/715/1273
f 1894/715/1273 352/435/1272 1900/716/1274
f 352/435/1275 350/434/1276 1900/716/1277
f 520/438/1278 513/654/1183 566/674/1128
f 1891/717/1279 551/701/1279 532/657/1279
f 534/659/1280 392/487/1281 562/718/1282
f 562/718/1282 392/487/1281 556/692/1283
f 514/655/1284 557/719/1284 544/702/1284
f 391/484/1255 505/710/1114 514/655/1285
f 505/640/1121 386/637/834 384/720/833
f 384/475/1286 509/477/1286 557/721/1286
f 563/722/1287 557/721/1288 509/477/1289
f 450/620/1020 558/711/1256 565/704/1259
f 541/713/1290 354/437/1269 559/714/1268
f 1900/716/1277 350/434/1276 568/723/1291
f 1891/717/1292 532/657/1293 561/706/1294
f 523/666/1240 553/707/1295 1897/709/1296
f 1897/709/1297 554/708/1297 1892/724/1297
f 570/725/1298 553/707/1299 523/666/1300
f 507/649/1131 480/609/1033 390/486/1301
f 554/708/1302 553/707/1299 570/725/1298
f 570/725/1298 523/666/1300 507/649/1303
f 384/720/1304 557/726/1304 505/640/1304
f 563/722/1287 509/477/1289 383/479/1305
f 565/704/1261 512/653/1263 571/727/1306
f 571/727/1307 512/653/1140 531/680/1195
f 350/434/1308 520/438/1308 566/674/1308
f 566/648/1129 479/594/1130 548/656/1309
f 390/486/1310 389/481/1311 570/725/1312
f 557/719/1313 514/655/1313 505/710/1313
f 521/660/1221 522/667/1314 383/479/1222
f 572/728/1315 502/683/1316 545/668/1317
f 545/668/1318 529/672/1318 572/728/1318
f 535/671/1319 567/729/1320 2913/730/1321
f 535/671/1322 525/679/1322 567/729/1322
f 565/704/1323 546/693/1243 518/703/1149
f 574/681/1324 508/646/1324 541/713/1324
f 559/714/1325 527/436/1326 560/696/1327
f 576/731/1328 577/732/1328 578/733/1328
f 578/733/1329 577/732/1329 579/734/1329
f 576/731/1330 580/735/1330 575/736/1330
f 580/735/1331 576/731/1331 578/733/1331
f 577/732/1332 581/737/1332 579/734/1332
f 580/735/1333 583/738/1333 575/736/1333
f 580/735/1334 578/733/1335 584/739/1336
f 1902/740/1337 581/737/1338 1885/741/1339
f 585/742/1340 586/743/1341 1844/744/1342
f 587/745/1343 591/746/1343 589/747/1343
f 591/746/1344 587/745/1345 590/748/1346
f 586/743/1347 585/742/1348 590/748/1349
f 590/748/1346 587/745/1345 593/749/1350
f 596/750/1351 589/747/1352 591/746/1353
f 594/751/1354 590/748/1349 585/742/1348
f 1833/752/1355 589/747/1356 3117/753/1357
f 589/747/1356 596/750/1358 3117/753/1357
f 587/745/1359 589/747/1359 593/749/1359
f 595/754/1360 586/743/1360 592/755/1360
f 593/749/1361 589/747/1361 597/756/1361
f 1454/757/1362 1433/758/1363 607/759/1364
f 610/760/1365 611/761/1365 612/762/1365
f 1427/763/1366 610/760/1366 612/762/1366
f 610/760/1367 613/764/1368 611/761/1369
f 1423/765/1370 610/760/1370 1427/763/1370
f 619/766/1371 618/767/1372 621/768/1373
f 622/769/1374 617/770/1375 620/771/1376
f 622/769/1377 620/771/1378 1401/772/1379
f 1409/773/1380 617/770/1375 618/774/1372
f 623/775/1381 621/768/1373 618/767/1372
f 618/774/1372 617/770/1375 622/769/1374
f 617/776/1382 1403/777/1383 1406/778/1384
f 617/776/1385 1406/778/1386 620/779/1387
f 615/780/1388 619/766/1388 621/768/1388
f 633/781/1389 632/782/1389 634/783/1389
f 636/784/1390 635/785/1391 634/783/1392
f 633/781/1393 634/783/1392 635/785/1391
f 638/786/1394 635/785/1391 636/784/1390
f 637/787/1395 632/782/1396 633/781/1397
f 639/788/1398 634/783/1398 632/782/1398
f 634/783/1399 639/788/1400 636/784/1401
f 637/787/1395 633/781/1397 643/789/1402
f 638/786/1394 636/784/1390 640/790/1403
f 636/784/1401 639/788/1400 641/791/1404
f 642/792/1405 641/791/1404 639/788/1400
f 644/793/1406 633/781/1393 635/785/1391
f 648/794/1407 632/782/1408 637/787/1409
f 633/781/1410 644/793/1410 643/789/1410
f 639/788/1411 632/782/1408 648/794/1407
f 646/795/1412 637/787/1412 647/796/1412
f 637/787/1395 643/789/1402 647/796/1413
f 646/795/1414 648/794/1407 637/787/1409
f 653/797/1415 641/791/1416 642/792/1417
f 640/798/1403 650/799/1418 656/800/1419
f 660/801/1420 640/790/1403 636/784/1390
f 648/794/1407 651/802/1421 639/788/1411
f 646/795/1422 652/803/1423 648/794/1424
f 654/804/1425 646/795/1426 647/796/1427
f 660/801/1428 636/784/1401 641/791/1404
f 639/788/1429 651/802/1429 642/792/1429
f 652/803/1423 646/795/1422 654/804/1430
f 650/799/1418 640/798/1403 630/805/1431
f 630/805/1431 640/798/1403 660/806/1420
f 658/807/1432 641/791/1404 653/797/1433
f 631/808/1434 653/797/1415 642/792/1417
f 1334/809/1435 654/804/1425 647/796/1427
f 658/810/1436 650/799/1418 630/805/1431
f 629/811/1437 628/812/1437 630/813/1437
f 660/801/1428 641/791/1404 658/807/1432
f 657/814/1438 629/811/1439 630/813/1440
f 1152/815/1441 666/816/1442 667/817/1443
f 1133/818/1444 669/819/1444 1130/820/1444
f 671/821/1445 672/822/1446 1098/823/1447
f 899/824/1448 873/825/1449 910/826/1450
f 680/827/1451 681/828/1451 682/829/1451
f 683/830/1452 710/831/1452 712/832/1452
f 708/833/1453 705/834/1453 703/835/1453
f 686/836/1454 705/834/1454 694/837/1454
f 694/837/1455 705/834/1455 688/838/1455
f 687/839/1456 686/836/1456 689/840/1456
f 689/840/1457 686/836/1457 694/837/1457
f 688/838/1458 705/834/1459 685/841/1460
f 691/842/1461 705/834/1461 686/836/1461
f 693/843/1462 686/836/1462 687/839/1462
f 693/843/1463 687/839/1463 692/844/1463
f 692/844/1464 687/839/1465 718/845/1466
f 719/846/1467 690/847/1468 688/838/1469
f 719/846/1467 688/838/1469 695/848/1470
f 700/849/1471 699/850/1472 696/851/1473
f 697/852/1474 696/851/1473 699/853/1475
f 701/854/1476 700/849/1476 698/855/1476
f 698/855/1477 700/849/1471 702/856/1478
f 700/849/1471 696/851/1473 702/856/1478
f 696/851/1473 697/852/1474 702/856/1478
f 703/857/1479 697/852/1480 698/855/1481
f 697/852/1480 699/853/1482 698/855/1481
f 699/853/1483 700/858/1483 698/855/1483
f 702/856/1478 697/852/1474 704/859/1484
f 718/845/1485 687/839/1486 706/860/1487
f 688/838/1488 690/847/1488 694/837/1488
f 685/841/1460 705/834/1459 708/833/1489
f 693/843/1490 692/844/1490 709/861/1490
f 695/848/1491 688/838/1492 685/841/1493
f 693/843/1494 691/842/1495 686/836/1496
f 709/861/1497 692/844/1497 711/862/1497
f 706/860/1498 687/839/1498 689/840/1498
f 716/863/1499 694/837/1499 690/847/1499
f 695/848/1491 685/841/1493 707/864/1500
f 713/865/1501 710/831/1501 684/866/1501
f 689/840/1502 694/837/1502 716/863/1502
f 717/867/1503 690/847/1468 719/846/1467
f 707/864/1504 685/841/1505 726/868/1506
f 726/868/1506 685/841/1505 708/833/1507
f 698/855/1508 702/856/1509 684/866/1510
f 703/835/1511 705/834/1511 714/869/1511
f 693/843/1494 714/869/1512 691/842/1495
f 692/844/1464 718/845/1466 715/870/1513
f 712/832/1514 710/831/1515 837/871/1516
f 837/871/1516 710/831/1515 713/865/1517
f 684/866/1510 702/856/1509 704/859/1518
f 713/865/1519 684/866/1510 704/859/1518
f 714/872/1520 697/852/1520 703/857/1520
f 716/863/1521 690/847/1521 717/867/1521
f 708/833/1507 703/835/1522 726/868/1506
f 711/862/1523 692/844/1523 838/873/1523
f 838/873/1524 692/844/1524 715/870/1524
f 715/870/1525 718/845/1525 721/874/1525
f 689/840/1526 716/863/1527 706/860/1528
f 719/846/1529 695/848/1530 722/875/1531
f 723/876/1532 695/848/1533 707/864/1534
f 684/866/1510 720/877/1535 698/855/1508
f 705/834/1536 691/842/1495 714/869/1512
f 709/861/1537 711/862/1537 724/878/1537
f 729/879/1538 718/845/1485 706/860/1487
f 720/877/1539 684/866/1540 839/880/1541
f 836/881/1542 683/830/1543 728/882/1544
f 728/882/1545 683/830/1545 712/832/1545
f 716/863/1527 717/867/1546 706/860/1528
f 723/876/1532 707/864/1534 726/868/1547
f 726/868/1506 703/835/1522 698/883/1548
f 839/880/1541 730/884/1549 720/877/1539
f 777/885/1550 736/886/1551 778/887/1552
f 735/888/1553 778/887/1554 737/889/1555
f 776/890/1556 761/891/1557 779/892/1558
f 762/893/1559 760/894/1560 743/895/1561
f 744/896/1562 743/897/1562 760/898/1562
f 747/899/1563 746/900/1563 745/901/1563
f 745/901/1564 748/902/1564 747/899/1564
f 746/900/1565 747/899/1565 744/896/1565
f 748/902/1566 745/901/1566 749/903/1566
f 750/904/1567 751/905/1568 753/906/1569
f 752/907/1570 750/904/1571 766/908/1572
f 754/909/1573 751/905/1574 743/897/1575
f 753/906/1569 766/908/1576 750/904/1567
f 753/906/1577 751/905/1574 754/909/1573
f 767/910/1578 754/909/1579 743/897/1580
f 749/903/1581 745/901/1581 757/911/1581
f 746/900/1582 744/896/1583 759/912/1584
f 767/910/1578 743/897/1580 747/899/1585
f 744/896/1586 747/899/1585 743/897/1580
f 745/901/1587 758/913/1587 757/911/1587
f 758/913/1588 745/901/1588 746/900/1588
f 752/907/1589 755/914/1590 765/915/1591
f 755/914/1590 752/907/1589 766/908/1592
f 759/912/1584 744/896/1583 760/898/1593
f 764/916/1594 761/917/1595 743/918/1596
f 750/904/1571 752/907/1570 772/919/1597
f 747/899/1598 748/902/1598 767/910/1598
f 764/920/1594 743/897/1596 751/905/1568
f 751/905/1568 750/904/1567 764/920/1594
f 765/921/1599 742/922/1600 769/923/1601
f 752/907/1602 765/915/1602 780/924/1602
f 746/900/1603 759/912/1603 758/913/1603
f 754/909/1573 791/925/1604 753/906/1577
f 754/909/1605 767/910/1606 763/926/1607
f 761/917/1557 764/916/1608 770/927/1609
f 750/904/1571 772/919/1597 764/920/1610
f 3403/928/1611 749/903/1612 757/911/1613
f 738/929/1614 736/886/1614 777/885/1614
f 737/889/1555 778/887/1554 736/886/1615
f 739/930/1616 776/890/1556 779/892/1558
f 766/908/1617 753/906/1617 791/925/1617
f 782/931/1618 757/911/1618 758/913/1618
f 759/912/1619 760/898/1619 787/932/1619
f 734/933/1620 827/934/1621 776/890/1622
f 776/935/1556 739/936/1616 777/885/1623
f 777/885/1623 739/936/1616 738/929/1624
f 740/937/1625 738/938/1624 739/939/1616
f 779/940/1626 771/941/1626 741/942/1626
f 761/917/1557 770/927/1609 779/940/1558
f 772/919/1597 752/907/1570 780/924/1627
f 781/943/1628 763/926/1628 773/944/1628
f 773/944/1629 763/926/1630 767/910/1631
f 758/913/1632 759/912/1632 787/932/1632
f 760/894/1633 768/945/1633 787/946/1633
f 762/893/1634 743/895/1635 783/947/1636
f 743/918/1637 761/917/1637 783/948/1637
f 735/888/1638 784/949/1638 778/887/1638
f 738/938/1639 740/937/1640 796/950/1641
f 796/950/1641 740/937/1640 799/951/1642
f 755/914/1590 766/908/1592 791/925/1643
f 787/946/1644 768/945/1645 798/952/1646
f 761/891/1647 775/953/1648 783/954/1649
f 783/954/1649 775/953/1648 825/955/1650
f 777/885/1550 778/887/1552 784/949/1651
f 788/956/1652 789/957/1653 790/958/1654
f 788/956/1655 790/958/1655 802/959/1655
f 791/925/1656 754/909/1605 763/926/1607
f 813/960/1657 805/961/1657 781/943/1657
f 737/889/1658 736/886/1659 738/929/1660
f 779/940/1661 770/927/1661 771/941/1661
f 772/962/1597 780/963/1627 809/964/1662
f 785/965/1663 789/957/1653 788/956/1652
f 785/965/1664 786/966/1665 789/957/1666
f 3361/967/1667 742/922/1668 765/921/1669
f 3403/928/1611 757/911/1613 782/931/1670
f 810/968/1671 760/894/1560 762/893/1559
f 793/969/1672 734/933/1672 3358/970/1672
f 735/888/1673 795/971/1673 794/972/1673
f 737/889/1658 738/929/1660 808/973/1674
f 739/974/1675 779/940/1676 741/942/1677
f 770/927/1678 764/916/1610 800/975/1679
f 800/975/1679 764/916/1610 772/976/1597
f 793/977/1680 741/942/1680 771/941/1680
f 740/978/1625 739/979/1616 800/975/1681
f 3358/970/1682 734/933/1682 732/980/1682
f 801/981/1683 732/982/1684 734/983/1685
f 735/888/1686 737/889/1686 795/971/1686
f 738/938/1687 796/950/1687 808/984/1687
f 797/985/1688 780/963/1689 811/986/1690
f 803/987/1691 802/959/1691 790/958/1691
f 3361/418/1692 765/915/1692 755/914/1692
f 773/944/1629 767/910/1631 748/902/1693
f 787/946/1694 798/952/1694 806/988/1694
f 760/894/1695 810/968/1695 768/945/1695
f 775/953/1696 761/891/1696 827/934/1696
f 739/974/1675 741/942/1677 807/989/1697
f 741/942/1698 793/977/1698 3358/990/1698
f 784/949/1699 735/888/1700 794/972/1701
f 769/923/1702 786/966/1665 785/965/1664
f 791/925/1703 763/926/1704 792/991/1705
f 813/960/1706 781/943/1706 773/944/1706
f 748/902/1707 749/903/1707 773/944/1707
f 761/891/1708 776/890/1622 827/934/1621
f 772/976/1709 740/978/1625 800/975/1681
f 795/971/1710 737/889/1710 808/973/1710
f 740/978/1640 772/976/1711 809/992/1712
f 811/986/1690 780/963/1689 765/921/1713
f 769/923/1601 742/922/1600 812/993/1714
f 755/914/1590 791/925/1643 3368/994/1715
f 783/995/1716 830/996/1717 816/997/1718
f 770/927/1719 800/975/1720 814/998/1721
f 809/964/1712 799/951/1642 740/937/1640
f 809/964/1722 780/963/1722 3360/999/1722
f 811/986/1723 765/921/1723 769/923/1723
f 802/959/1724 803/987/1724 815/1000/1724
f 730/1001/1725 762/1002/1634 816/997/1726
f 816/997/1726 762/1002/1634 783/995/1636
f 783/954/1716 825/955/1727 830/1003/1717
f 771/941/1728 770/927/1728 3365/1004/1728
f 800/975/1729 739/979/1729 807/1005/1729
f 734/983/1730 776/935/1730 731/1006/1730
f 776/935/1731 777/885/1731 731/1006/1731
f 808/984/1732 796/950/1733 821/1007/1734
f 796/950/1733 799/951/1735 821/1007/1734
f 792/991/1705 763/926/1704 804/1008/1736
f 763/926/1704 781/943/1737 804/1008/1736
f 818/1009/1738 819/1010/1739 820/1011/1740
f 773/944/1741 749/903/1741 3364/1012/1741
f 784/949/1699 794/972/1701 851/1013/1742
f 3352/1014/1743 785/965/1743 788/956/1743
f 788/956/1744 802/959/1744 823/1015/1744
f 3349/1016/1745 812/993/1746 742/922/1747
f 804/1008/1748 820/1017/1749 733/1018/1750
f 804/1008/1751 781/943/1752 820/1017/1753
f 820/1017/1753 781/943/1752 805/961/1754
f 3356/1019/1755 758/913/1756 787/932/1757
f 770/927/1719 814/998/1721 3365/1004/1758
f 807/989/1697 741/942/1677 3358/990/1759
f 801/981/1683 734/983/1685 731/1006/1760
f 795/971/1761 801/1020/1761 731/1021/1761
f 777/885/1550 784/949/1651 826/1022/1762
f 731/1006/1763 777/885/1763 825/1023/1763
f 826/1022/1764 784/949/1765 851/1013/1766
f 834/1024/1767 731/1006/1767 825/1023/1767
f 826/1022/1768 825/1023/1768 777/885/1768
f 734/933/1769 793/969/1770 827/934/1771
f 762/1002/1772 730/1001/1773 810/1025/1774
f 830/1003/1717 825/955/1727 826/1026/1775
f 794/972/1776 795/971/1777 834/1027/1778
f 834/1027/1779 795/971/1779 731/1021/1779
f 798/952/1646 768/945/1645 833/1028/1780
f 730/1001/1725 816/997/1726 856/1029/1781
f 827/934/1771 793/969/1770 835/1030/1782
f 835/1031/1783 793/977/1784 828/1032/1785
f 768/945/1786 810/968/1787 833/1028/1788
f 810/1025/1774 730/1001/1773 831/1033/1789
f 834/1034/1790 825/955/1791 775/953/1792
f 775/953/1793 827/934/1793 847/1035/1793
f 839/880/1541 684/866/1540 836/881/1794
f 837/871/1795 713/865/1795 841/1036/1795
f 714/869/1796 693/843/1797 852/1037/1798
f 693/843/1797 709/861/1799 852/1037/1798
f 724/878/1800 711/862/1800 838/873/1800
f 721/874/1801 718/845/1801 729/879/1801
f 845/1038/1802 725/1039/1803 722/875/1804
f 725/1039/1805 719/846/1805 722/875/1805
f 851/1013/1806 794/972/1776 834/1027/1778
f 828/1032/1807 806/1040/1808 835/1031/1809
f 710/831/1810 683/830/1811 684/866/1812
f 713/865/1813 704/859/1814 841/1036/1815
f 855/1041/1816 842/1042/1817 844/1043/1818
f 842/1042/1817 845/1038/1819 844/1043/1818
f 842/1042/1820 855/1041/1820 843/1044/1820
f 722/875/1531 695/848/1530 723/876/1821
f 726/868/1822 698/883/1823 720/1045/1824
f 827/934/1825 835/1030/1825 847/1035/1825
f 836/881/1826 684/866/1812 683/830/1811
f 715/870/1827 721/874/1827 838/873/1827
f 723/876/1828 726/868/1822 858/1046/1829
f 830/1047/1830 826/1022/1764 851/1013/1766
f 848/1048/1831 831/1049/1832 730/1050/1549
f 849/1051/1833 836/881/1542 728/882/1544
f 712/832/1834 837/871/1835 850/1052/1836
f 719/846/1467 725/1039/1837 717/867/1503
f 843/1044/1838 855/1041/1838 861/1053/1838
f 720/1054/1839 730/1001/1725 856/1029/1781
f 834/1034/1790 775/953/1792 847/1035/1840
f 886/1055/1841 847/1035/1842 835/1030/1843
f 730/884/1549 839/880/1541 848/1056/1831
f 857/1057/1844 728/882/1844 712/832/1844
f 697/852/1474 714/872/1845 860/1058/1846
f 854/1059/1847 842/1042/1847 843/1044/1847
f 704/859/1484 697/852/1474 860/1058/1846
f 709/861/1848 853/1060/1848 852/1037/1848
f 853/1060/1849 709/861/1850 724/878/1851
f 865/1061/1852 845/1038/1852 842/1042/1852
f 816/997/1718 867/1062/1853 906/1063/1854
f 886/1064/1855 835/1031/1855 806/1040/1855
f 857/1057/1856 712/832/1856 850/1052/1856
f 841/1036/1815 704/859/1814 860/1058/1857
f 725/1039/1803 845/1038/1802 865/1061/1858
f 866/1065/1859 843/1044/1860 861/1053/1861
f 861/1053/1862 855/1041/1863 862/1066/1864
f 845/1038/1865 722/875/1866 723/876/1867
f 858/1046/1829 726/868/1822 720/1045/1824
f 864/1067/1868 856/1029/1869 816/997/1718
f 864/1067/1868 816/997/1718 906/1063/1854
f 867/1062/1853 816/997/1718 830/996/1717
f 830/996/1870 851/1068/1870 867/1062/1870
f 851/1069/1871 834/1034/1871 886/1055/1871
f 860/1058/1846 714/872/1845 852/1070/1872
f 853/1060/1849 724/878/1851 874/1071/1873
f 874/1071/1874 724/878/1874 869/1072/1874
f 875/1073/1875 721/874/1875 870/1074/1875
f 721/874/1876 729/879/1876 870/1074/1876
f 729/879/1538 706/860/1487 717/867/1877
f 854/1059/1878 843/1044/1860 866/1065/1859
f 855/1041/1879 844/1043/1880 885/1075/1881
f 839/880/1541 836/881/1882 868/1076/1883
f 836/881/1882 849/1051/1884 868/1076/1883
f 728/882/1885 857/1057/1885 859/1077/1885
f 850/1052/1836 837/871/1835 871/1078/1886
f 895/1079/1887 842/1042/1887 854/1059/1887
f 844/1043/1888 845/1038/1865 863/1080/1889
f 833/1081/1788 810/1025/1787 872/1082/1890
f 872/1082/1890 810/1025/1787 831/1033/1891
f 848/1056/1831 839/880/1541 868/1076/1883
f 895/1079/1892 865/1061/1892 842/1042/1892
f 885/1075/1881 844/1043/1880 879/1083/1893
f 845/1038/1865 880/1084/1894 863/1080/1889
f 867/1062/1895 851/1068/1896 876/1085/1897
f 886/1055/1841 834/1034/1898 847/1035/1842
f 886/1086/1899 806/988/1899 917/1087/1899
f 917/1087/1900 806/988/1901 877/1088/1902
f 877/1088/1902 806/988/1901 798/952/1903
f 831/1049/1891 848/1048/1904 872/1089/1890
f 849/1051/1905 728/882/1906 873/825/1907
f 873/825/1908 728/882/1908 859/1077/1908
f 871/1078/1886 837/871/1835 841/1036/1909
f 862/1066/1864 855/1041/1863 885/1075/1910
f 880/1084/1894 845/1038/1865 723/876/1867
f 878/1090/1911 860/1058/1912 881/1091/1913
f 724/878/1914 838/873/1915 882/1092/1916
f 844/1043/1888 863/1080/1889 879/1083/1917
f 856/1029/1869 864/1067/1868 897/1093/1918
f 682/829/1919 876/1094/1897 851/1095/1896
f 838/873/1915 721/874/1920 882/1092/1916
f 882/1092/1916 721/874/1920 875/1073/1921
f 895/1079/1922 854/1059/1922 888/1096/1922
f 866/1065/1923 861/1053/1924 884/1097/1925
f 720/1054/1839 856/1029/1781 858/1098/1926
f 682/829/1927 681/828/1927 876/1094/1927
f 876/1094/1928 681/828/1929 889/1099/1930
f 681/1100/1931 680/1101/1931 889/1099/1931
f 889/1099/1930 680/1101/1932 890/1102/1933
f 680/1101/1934 682/829/1934 890/1102/1934
f 682/829/1935 851/1095/1935 890/1102/1935
f 890/1102/1936 851/1095/1936 886/1086/1936
f 833/1028/1780 887/1103/1937 798/952/1646
f 871/1078/1938 841/1036/1939 891/1104/1940
f 841/1036/1939 860/1058/1941 891/1104/1940
f 891/1104/1942 860/1058/1942 878/1090/1942
f 881/1091/1913 860/1058/1912 852/1070/1943
f 874/1071/1944 869/1072/1944 892/1105/1944
f 869/1072/1945 724/878/1945 894/1106/1945
f 729/879/1538 717/867/1877 870/1074/1946
f 889/1099/1930 890/1102/1933 876/1094/1928
f 849/1051/1905 873/825/1907 899/824/1947
f 881/1091/1948 852/1070/1949 874/1107/1950
f 852/1037/1949 853/1060/1951 874/1071/1950
f 892/1105/1952 869/1072/1952 893/1108/1952
f 725/1039/1837 865/1061/1953 895/1079/1954
f 884/1097/1925 861/1053/1924 896/1109/1955
f 880/1110/1894 723/1111/1867 858/1098/1926
f 858/1098/1926 856/1029/1781 905/1112/1956
f 833/1081/1780 872/1082/1957 887/1113/1937
f 848/1048/1958 898/1114/1959 872/1089/1960
f 848/1048/1958 868/1115/1961 898/1114/1959
f 893/1108/1962 869/1072/1962 894/1106/1962
f 717/867/1503 725/1039/1837 870/1074/1963
f 896/1109/1964 861/1053/1964 862/1066/1964
f 897/1093/1918 864/1067/1868 916/1116/1965
f 906/1063/1966 867/1062/1967 876/1085/1968
f 868/1076/1969 849/1051/1969 899/824/1969
f 901/1117/1970 899/824/1971 910/826/1972
f 870/1074/1963 725/1039/1837 895/1079/1954
f 858/1098/1926 903/1118/1973 880/1110/1894
f 903/1118/1973 858/1098/1926 905/1112/1956
f 876/1094/1974 890/1102/1974 1006/1119/1974
f 898/1114/1959 868/1115/1961 899/1120/1975
f 907/1121/1976 857/1057/1977 850/1052/1978
f 1019/1122/1979 874/1071/1980 892/1105/1981
f 875/1073/1982 870/1074/1983 915/1123/1984
f 895/1079/1985 888/1096/1986 1000/1124/1987
f 910/826/1450 873/825/1449 913/1125/1988
f 907/1121/1976 859/1077/1989 857/1057/1977
f 878/1090/1990 881/1091/1948 908/1126/1991
f 894/1106/1992 724/878/1992 882/1092/1992
f 875/1073/1982 915/1123/1984 902/1127/1993
f 1014/1128/1994 866/1065/1995 884/1097/1996
f 904/1129/1997 879/1130/1998 911/1131/1999
f 1009/1132/2000 905/1112/2001 856/1029/1869
f 909/1133/2002 897/1093/2002 916/1116/2002
f 890/1102/2003 886/1086/2004 917/1087/2005
f 913/1125/2006 873/825/2007 859/1077/2008
f 882/1092/2009 875/1073/2009 1024/1134/2009
f 914/1135/2010 1024/1134/2011 902/1127/2012
f 1024/1134/2011 875/1073/2013 902/1127/2012
f 854/1059/2014 866/1065/1995 888/1096/2015
f 879/1130/2016 904/1129/2016 885/1136/2016
f 879/1130/1998 863/1137/2017 911/1131/1999
f 1006/1119/2018 890/1102/2003 917/1087/2005
f 798/952/1903 887/1103/2019 877/1088/1902
f 922/1138/2020 920/1139/2020 919/1140/2020
f 922/1138/2021 919/1140/2021 921/1141/2021
f 923/1142/2022 920/1143/2022 931/1144/2022
f 920/1143/2023 923/1142/2023 924/1145/2023
f 920/1143/2024 924/1145/2024 919/1146/2024
f 925/1147/2025 922/1138/2025 921/1141/2025
f 919/1146/2026 924/1145/2026 926/1148/2026
f 921/1141/2027 919/1140/2028 929/1149/2029
f 929/1150/2029 919/1146/2028 926/1148/2030
f 931/1151/2031 920/1139/2032 928/1152/2033
f 920/1139/2032 922/1138/2034 928/1152/2033
f 930/1153/2035 923/1154/2035 927/1155/2035
f 922/1138/2036 925/1147/2036 928/1152/2036
f 925/1147/2037 921/1141/2038 933/1156/2039
f 924/1145/2040 923/1142/2040 930/1157/2040
f 927/1155/2041 923/1154/2042 931/1158/2043
f 924/1145/2044 994/1159/2044 926/1148/2044
f 921/1141/2038 929/1149/2045 933/1156/2039
f 924/1145/2046 930/1157/2046 994/1159/2046
f 927/1160/2047 918/1161/2048 1004/1162/2049
f 930/1163/2050 927/1164/2051 934/1165/2052
f 934/1165/2052 927/1164/2051 1004/1166/2053
f 937/1167/2054 936/1168/2054 938/1169/2054
f 938/1169/2055 936/1168/2055 942/1170/2055
f 936/1168/2056 937/1167/2056 939/1171/2056
f 971/1172/2057 937/1167/2058 940/1173/2059
f 937/1167/2060 938/1169/2060 941/1174/2060
f 937/1167/2061 941/1174/2061 940/1173/2061
f 943/1175/2062 936/1168/2063 939/1171/2064
f 939/1171/2065 937/1167/2058 971/1172/2057
f 942/1170/2066 936/1168/2063 943/1175/2062
f 941/1174/2067 938/1169/2067 944/1176/2067
f 944/1176/2068 942/1170/2069 946/1177/2070
f 947/1178/2071 942/1170/2071 945/1179/2071
f 971/1172/2072 940/1173/2073 977/1180/2074
f 942/1170/2069 944/1176/2068 938/1169/2075
f 946/1177/2076 942/1170/2077 947/1178/2078
f 972/1181/2079 940/1173/2080 941/1174/2081
f 950/1182/2082 949/1183/2082 951/1184/2082
f 949/1185/2083 946/1186/2084 951/1184/2085
f 952/1187/2086 951/1184/2085 946/1186/2084
f 946/1186/2087 949/1185/2087 953/1188/2087
f 949/1185/2088 950/1189/2088 953/1188/2088
f 953/1188/2089 950/1182/2089 952/1187/2089
f 950/1182/2090 951/1184/2090 952/1187/2090
f 960/1190/2091 961/1191/2092 962/1192/2093
f 962/1192/2094 961/1191/2094 959/1193/2094
f 958/1194/2095 957/1195/2095 963/1196/2095
f 959/1193/2096 961/1191/2096 958/1197/2096
f 961/1191/2097 960/1190/2097 966/1198/2097
f 959/1199/2098 958/1200/2099 982/1201/2100
f 964/1202/2101 956/1203/2102 989/1204/2103
f 956/1203/2102 955/1205/2104 989/1204/2103
f 967/1206/2105 960/1190/2091 962/1192/2093
f 968/1207/2106 961/1191/2107 966/1198/2108
f 966/1198/2109 960/1190/2109 980/1208/2109
f 982/1209/2100 958/1194/2099 963/1196/2110
f 958/1197/2111 961/1191/2107 968/1207/2106
f 962/1210/2112 959/1199/2112 969/1211/2112
f 964/1202/2113 957/1195/2114 987/1212/2115
f 980/1208/2116 960/1190/2116 974/1213/2116
f 954/1214/2117 952/1187/2118 946/1186/2076
f 942/1170/2119 943/1175/2119 976/1215/2119
f 948/1216/2120 946/1186/2120 985/1217/2120
f 946/1186/2121 953/1188/2121 985/1217/2121
f 953/1188/2122 952/1187/2118 985/1217/2123
f 957/1218/2114 958/1197/2111 979/1219/2124
f 974/1213/2125 960/1190/2125 967/1206/2125
f 975/1220/2126 989/1204/2126 955/1205/2126
f 945/1179/2127 942/1170/2127 976/1215/2127
f 977/1221/2128 976/1215/2129 984/1222/2130
f 977/1180/2074 940/1173/2073 972/1181/2131
f 985/1217/2123 952/1187/2118 954/1214/2117
f 926/1148/2132 994/1159/2133 978/1223/2134
f 987/1224/2115 957/1218/2114 979/1219/2124
f 973/1225/2135 966/1198/2135 980/1208/2135
f 969/1211/2136 959/1199/2136 982/1201/2136
f 982/1209/2137 963/1196/2137 983/1226/2137
f 957/1195/2138 964/1202/2139 989/1204/2140
f 943/1175/2062 939/1171/2064 983/1227/2141
f 954/1214/2117 955/1205/2142 985/1217/2123
f 955/1205/2143 956/1203/2144 986/1228/2145
f 992/1229/2146 935/1230/2146 918/1161/2146
f 935/1230/2147 956/1203/2147 964/1202/2147
f 958/1197/2111 968/1207/2106 979/1219/2124
f 974/1213/2148 967/1206/2148 981/1231/2148
f 1067/1232/2149 962/1210/2150 969/1211/2151
f 975/1220/2152 955/1205/2153 954/1214/2154
f 946/1177/2076 947/1178/2078 954/1233/2117
f 991/1234/2155 941/1174/2156 944/1176/2157
f 929/1150/2158 926/1148/2158 978/1223/2158
f 994/1235/2159 930/1163/2160 988/1236/2161
f 962/1192/2150 1067/1237/2149 967/1206/2162
f 963/1196/2163 957/1195/2138 989/1204/2140
f 944/1238/2164 946/1186/2164 948/1216/2164
f 935/1230/2165 992/1229/2166 956/1203/2144
f 925/1147/2167 933/1156/2168 1010/1239/2169
f 1005/1240/2170 935/1230/2170 964/1202/2170
f 1005/1240/2171 964/1202/2113 987/1212/2115
f 967/1206/2172 1067/1237/2172 981/1231/2172
f 918/1241/2173 927/1155/2041 931/1158/2043
f 1004/1162/2049 918/1161/2048 935/1230/2174
f 987/1224/2175 979/1219/2175 1016/1242/2175
f 983/1226/2176 963/1196/2177 996/1243/2178
f 975/1220/2152 954/1214/2154 997/1244/2179
f 948/1245/2180 910/826/2181 913/1125/2182
f 850/1052/2183 871/1078/2184 907/1121/2185
f 888/1096/2015 866/1065/1995 1014/1128/1994
f 863/1080/2186 880/1084/2186 911/1246/2186
f 910/826/2181 948/1245/2180 1007/1247/2187
f 993/1248/2188 992/1229/2189 918/1161/2190
f 930/1163/2160 934/1165/2191 988/1236/2161
f 973/1225/2192 980/1208/2192 1008/1249/2192
f 995/1250/2193 980/1208/2193 974/1213/2193
f 984/1222/2130 976/1215/2129 983/1227/2194
f 976/1215/2129 943/1175/2195 983/1227/2194
f 945/1179/2196 976/1215/2197 997/1251/2198
f 977/1180/2199 972/1181/2199 998/1252/2199
f 972/1181/2079 941/1174/2081 991/1234/2200
f 859/1077/2201 907/1121/2201 678/1253/2201
f 907/1121/2185 871/1078/2184 891/1104/2202
f 891/1104/2203 878/1090/2203 908/1126/2203
f 892/1105/2204 893/1108/2205 1019/1122/2206
f 902/1127/2207 915/1123/2207 1020/1254/2207
f 870/1074/2208 895/1079/1985 1000/1124/1987
f 1009/1132/2000 856/1029/1869 897/1093/1918
f 887/1103/1937 872/1089/1957 898/1114/2209
f 986/1228/2145 956/1203/2144 992/1229/2166
f 918/1241/2210 931/1158/2031 928/1255/2033
f 1004/1166/2053 679/1256/2211 1037/1257/2212
f 968/1207/2213 966/1198/2214 973/1225/2215
f 1008/1249/2216 980/1208/2216 995/1250/2216
f 982/1209/2217 983/1226/2218 971/1258/2219
f 983/1227/2141 939/1171/2064 971/1172/2220
f 944/1259/2221 948/1245/2180 913/1125/2182
f 894/1106/2222 999/1260/2223 893/1108/2224
f 999/1260/2225 894/1106/2225 882/1092/2225
f 896/1109/2226 862/1066/2226 1001/1261/2226
f 903/1262/2227 911/1246/2227 880/1084/2227
f 1007/1247/2187 948/1245/2180 1011/1263/2228
f 1010/1239/2229 928/1152/2229 925/1147/2229
f 971/1172/2072 977/1180/2074 984/1264/2230
f 885/1136/2231 904/1129/2231 862/1265/2231
f 899/824/2232 901/1117/2233 1003/1266/2234
f 901/1117/1970 910/826/1972 1007/1247/2235
f 948/1216/2236 985/1217/2237 1011/1267/2238
f 933/1268/2239 929/1150/2239 978/1223/2239
f 934/1165/2052 1004/1166/2053 1037/1257/2212
f 968/1207/2213 973/1225/2215 1030/1269/2240
f 974/1213/2241 981/1231/2241 995/1250/2241
f 969/1270/2242 982/1209/2217 971/1258/2219
f 954/1233/2243 947/1178/2243 945/1179/2243
f 977/1180/2244 998/1252/2244 1017/1271/2244
f 908/1126/1991 881/1091/1948 874/1107/1950
f 874/1071/1980 1019/1122/1979 908/1272/2245
f 1019/1122/2206 893/1108/2205 1013/1273/2246
f 1039/1274/2247 914/1135/2247 902/1127/2247
f 870/1074/1983 1000/1124/2248 915/1123/1984
f 884/1097/2249 896/1109/2250 1028/1275/2251
f 904/1129/2252 911/1131/2252 1025/1276/2252
f 1009/1132/2253 897/1093/2254 909/1133/2255
f 986/1228/2256 992/1229/2257 993/1248/2258
f 954/1233/2259 945/1179/2196 997/1251/2198
f 976/1215/2260 977/1221/2261 997/1251/2262
f 888/1096/2015 1014/1128/1994 1000/1124/2263
f 903/1118/2264 905/1112/2001 1009/1132/2000
f 864/1067/1868 906/1063/1854 916/1116/1965
f 1006/1277/2265 906/1063/1966 876/1085/1968
f 1045/1278/2266 1006/1119/2266 917/1087/2266
f 1026/1279/2267 898/1114/2268 677/1280/2269
f 978/1223/2134 994/1159/2133 1058/1281/2270
f 994/1235/2271 988/1236/2272 1080/1282/2273
f 988/1236/2161 934/1165/2191 1037/1257/2274
f 679/1283/2275 1004/1284/2049 1012/1285/2276
f 1004/1162/2049 935/1230/2174 1021/1286/2277
f 1021/1286/2278 935/1230/2278 1005/1240/2278
f 969/1270/2279 971/1258/2280 1051/1287/2281
f 983/1226/2176 996/1243/2178 984/1288/2282
f 1018/1289/2283 913/1125/2006 859/1077/2008
f 1068/1290/2284 859/1077/2285 678/1253/2286
f 893/1108/2224 999/1260/2223 1013/1273/2287
f 1014/1128/2288 884/1097/2249 1028/1275/2251
f 1028/1275/2289 896/1109/2290 1001/1261/2291
f 1006/1277/2265 916/1116/2292 906/1063/1966
f 1026/1279/2293 677/1280/2294 1029/1291/2295
f 1003/1266/2296 1015/1292/2297 3316/1293/2298
f 993/1248/2258 955/1205/2142 986/1228/2256
f 918/1161/2190 928/1294/2299 993/1248/2188
f 1012/1285/2276 1004/1284/2049 1021/1295/2277
f 979/1219/2300 968/1207/2300 1030/1269/2300
f 1067/1232/2301 969/1211/2279 1051/1296/2281
f 998/1252/2302 972/1181/2302 991/1234/2302
f 991/1234/2155 944/1176/2157 1018/1297/2303
f 907/1121/2304 891/1104/2305 678/1253/2306
f 1013/1273/2307 999/1260/2307 1024/1134/2307
f 999/1260/2308 882/1092/2308 1024/1134/2308
f 1039/1274/2309 902/1127/2309 1020/1254/2309
f 1025/1276/2310 911/1131/2311 903/1298/2312
f 1043/1299/2313 909/1133/2313 916/1116/2313
f 887/1103/2314 898/1114/2268 1026/1279/2267
f 1036/1300/2315 3316/1293/2298 1015/1292/2297
f 1003/1266/2234 901/1117/2233 1069/1301/2316
f 993/1248/2188 928/1294/2299 1010/1302/2317
f 1010/1303/2169 933/1268/2168 1083/1304/2318
f 994/1235/2133 1080/1282/2319 1058/1305/2270
f 1066/1306/2320 1008/1249/2320 995/1250/2320
f 963/1196/2321 989/1204/2322 975/1220/2323
f 1018/1289/2324 944/1259/2324 913/1125/2324
f 1018/1289/2325 859/1077/2285 1068/1290/2284
f 1001/1307/2326 862/1265/2327 904/1129/2328
f 903/1118/2329 1009/1132/2330 1031/1308/2331
f 1031/1308/2332 1009/1132/2253 909/1133/2255
f 1032/1309/2333 1034/1310/2333 1033/1311/2333
f 1034/1312/2334 1032/1309/2334 1006/1277/2334
f 1032/1309/2335 1033/1311/2335 1006/1277/2335
f 898/1114/2268 899/1120/2336 677/1280/2269
f 933/1268/2337 978/1223/2337 1058/1281/2337
f 1059/1313/2338 987/1224/2339 1016/1242/2340
f 1067/1237/2341 1050/1314/2342 981/1231/2343
f 996/1243/2344 963/1196/2321 975/1220/2323
f 678/1253/2345 1023/1315/2346 1068/1290/2347
f 1068/1290/2347 1023/1315/2346 1087/1316/2348
f 678/1253/2306 891/1104/2305 908/1126/2349
f 1019/1122/2350 1013/1273/2351 1076/1317/2352
f 1024/1134/2353 914/1135/2353 3317/1318/2353
f 1020/1254/2354 915/1123/2354 1053/1319/2354
f 1001/1307/2326 904/1129/2328 1025/1276/2355
f 1025/1320/2310 903/1118/2312 1040/1321/2356
f 903/1118/2329 1031/1308/2331 1040/1321/2357
f 1041/1322/2358 1031/1308/2359 1042/1323/2360
f 1031/1308/2359 909/1133/2361 1042/1323/2360
f 916/1116/2362 1006/1277/2362 1044/1324/2362
f 1006/1277/2363 1033/1311/2363 1044/1324/2363
f 1033/1311/2364 1034/1325/2364 1044/1324/2364
f 1044/1324/2365 1034/1312/2366 1045/1326/2367
f 1034/1312/2368 1006/1277/2368 1045/1326/2368
f 1045/1278/2369 917/1087/2370 1057/1327/2371
f 1003/1266/2296 1069/1301/2372 1015/1292/2297
f 1011/1267/2238 985/1217/2237 1046/1328/2373
f 985/1217/2237 675/1329/2374 1046/1328/2373
f 1046/1328/2373 675/1330/2375 1047/1331/2376
f 1047/1332/2377 675/1329/2378 1048/1333/2379
f 675/1329/2378 985/1217/2123 1048/1333/2379
f 985/1217/2123 955/1205/2142 1048/1333/2379
f 1016/1242/2380 979/1219/2380 1030/1269/2380
f 973/1225/2381 1008/1249/2381 1030/1269/2381
f 1066/1306/2382 995/1250/2383 981/1231/2384
f 971/1334/2280 984/1288/2385 1051/1335/2281
f 997/1251/2262 977/1221/2261 1017/1336/2386
f 1087/1316/2387 1023/1315/2388 1038/1337/2389
f 678/1253/2390 908/1126/2390 1019/1338/2390
f 1019/1122/2350 1076/1317/2352 678/1339/2391
f 1076/1317/2392 1013/1273/2392 1024/1134/2392
f 1031/1308/2393 1041/1322/2393 1054/1340/2393
f 1054/1340/2394 1041/1341/2395 1055/1342/2396
f 1041/1343/2397 1042/1323/2397 1055/1342/2397
f 1055/1342/2398 1042/1323/2398 909/1133/2398
f 1043/1299/2399 916/1116/2400 1056/1344/2401
f 916/1116/2402 1044/1324/2365 1045/1326/2367
f 677/1345/2403 899/824/2232 1003/1266/2234
f 1011/1267/2238 1046/1328/2373 993/1248/2404
f 1046/1328/2373 1047/1331/2376 993/1248/2404
f 1047/1331/2405 1048/1333/2379 993/1248/2258
f 1048/1333/2379 955/1205/2142 993/1248/2258
f 1059/1346/2338 1021/1286/2406 1005/1240/2407
f 1053/1319/2408 915/1123/2408 1000/1124/2408
f 1061/1347/2409 1014/1128/2288 1028/1275/2251
f 1028/1348/2289 1001/1307/2291 3313/1349/2410
f 1001/1307/2326 1025/1276/2355 3313/1349/2411
f 1054/1340/2394 1055/1342/2396 1031/1308/2412
f 1031/1308/2412 1055/1342/2396 1062/1350/2413
f 1055/1342/2414 909/1133/2414 1062/1350/2414
f 917/1087/2370 1035/1351/2415 1057/1327/2371
f 676/1352/2416 1049/1353/2417 1070/1354/2418
f 1012/1285/2419 1065/1355/2420 676/1356/2416
f 1005/1240/2407 987/1212/2339 1059/1346/2338
f 1059/1313/2421 1016/1242/2421 1071/1357/2421
f 1066/1306/2382 981/1231/2384 1050/1314/2422
f 984/1288/2423 996/1243/2424 1052/1358/2425
f 997/1244/2426 1017/1359/2427 975/1220/2428
f 1062/1350/2429 909/1133/2429 1043/1299/2429
f 916/1116/2430 1045/1326/2430 1056/1344/2430
f 1045/1278/2369 1057/1327/2371 1056/1360/2431
f 877/1088/1902 1063/1361/2432 917/1087/1900
f 877/1088/1902 887/1103/2019 1063/1361/2432
f 1069/1301/2316 901/1117/2233 1085/1362/2433
f 933/1268/2434 1058/1281/2434 1083/1304/2434
f 1012/1285/2276 676/1356/2435 679/1283/2275
f 1064/1363/2436 1049/1364/2437 1081/1365/2438
f 1065/1355/2420 1012/1285/2419 1021/1295/2406
f 1067/1232/2439 1051/1296/2439 1072/1366/2439
f 996/1243/2440 975/1220/2440 1052/1358/2440
f 1000/1124/2441 1014/1128/2442 1073/1367/2443
f 3325/1368/2444 1040/1321/2444 1031/1308/2444
f 887/1103/2019 1026/1279/2445 1063/1361/2432
f 1085/1362/2446 901/1117/1970 1007/1247/2235
f 1011/1267/2447 993/1248/2447 1010/1302/2447
f 988/1236/2161 1037/1257/2274 1084/1369/2448
f 1059/1313/2338 1071/1357/2449 1082/1370/2450
f 1030/1269/2451 1008/1249/2451 1066/1306/2451
f 1061/1347/2452 1028/1275/2289 3313/1371/2410
f 1083/1372/2453 1058/1373/2454 1075/1374/2455
f 1021/1286/2406 1059/1346/2338 1082/1375/2450
f 1071/1357/2456 1016/1242/2456 1030/1269/2456
f 984/1288/2423 1052/1358/2425 1110/1376/2457
f 1052/1358/2458 975/1220/2428 1017/1359/2427
f 1018/1289/2459 1068/1290/2347 1087/1316/2348
f 3325/1368/2460 1031/1308/2460 1062/1350/2460
f 1063/1361/2432 1026/1279/2445 1029/1291/2461
f 1104/1377/2462 1036/1300/2315 1015/1292/2297
f 1011/1267/2463 1010/1302/2464 1083/1372/2465
f 1099/1378/2466 1049/1353/2417 1064/1379/2467
f 1051/1335/2468 984/1288/2423 1072/1380/2469
f 1036/1381/2470 1078/1382/2471 1074/1383/2472
f 1086/1384/2473 1058/1305/2270 1080/1282/2319
f 1080/1282/2273 988/1236/2272 1084/1369/2474
f 676/1352/2475 1070/1354/2475 1088/1385/2475
f 1049/1364/2417 676/1356/2416 1065/1355/2420
f 1030/1269/2476 1066/1306/2476 1093/1386/2476
f 1050/1387/2342 1067/1232/2341 1102/1388/2477
f 984/1288/2423 1110/1376/2457 1072/1380/2469
f 998/1252/2478 991/1234/2479 1017/1271/2480
f 1085/1362/2481 1007/1247/2482 1011/1263/2463
f 1098/823/1447 1088/1385/2483 1070/1354/2484
f 1081/1365/2485 1049/1364/2485 1089/1389/2485
f 1089/1389/2486 1049/1364/2486 1090/1390/2486
f 1049/1364/2487 673/1391/2487 1090/1390/2487
f 1090/1390/2488 673/1392/2488 1091/1393/2488
f 1091/1393/2489 673/1394/748 1092/1395/2490
f 673/1391/2491 1049/1364/2417 1092/1395/2490
f 1092/1395/2490 1049/1364/2417 1065/1355/2420
f 1021/1295/2406 1082/1396/2450 1089/1389/2492
f 1071/1357/2493 1030/1269/2494 1093/1386/2495
f 1067/1232/2341 1072/1366/2496 1102/1388/2477
f 1078/1397/2471 1036/1398/2470 1104/1399/2497
f 1095/1400/2498 1075/1401/2499 1086/1384/2500
f 1075/1401/2455 1058/1305/2454 1086/1384/2501
f 1090/1390/2502 1091/1393/2502 1089/1389/2502
f 1091/1393/2489 1092/1395/2490 1089/1389/2492
f 1092/1395/2490 1065/1355/2420 1089/1389/2492
f 1065/1355/2420 1021/1295/2406 1089/1389/2492
f 1082/1370/2503 1071/1357/2504 1096/1402/2505
f 1093/1386/2506 1066/1306/2506 1097/1403/2506
f 1066/1306/2382 1050/1314/2422 1097/1403/2507
f 1078/1382/2508 1077/1404/2509 1074/1383/2510
f 676/1352/2435 1088/1385/2511 679/1405/2275
f 1098/823/1447 1070/1354/2484 671/821/1445
f 671/821/2512 670/1406/2513 672/822/2514
f 670/1407/2515 1135/1408/2516 1126/1409/2517
f 671/821/2518 1070/1354/2418 1099/1378/2466
f 1100/1410/2519 1096/1402/2505 1071/1357/2504
f 1052/1358/2520 1017/1359/2520 1110/1376/2520
f 1017/1271/2480 991/1234/2479 1110/1411/2521
f 1085/1412/2481 1011/1267/2463 1094/1413/2522
f 1011/1267/2463 1083/1372/2465 1094/1413/2522
f 1037/1257/2523 679/1256/2523 1122/1414/2523
f 1099/1378/2466 1070/1354/2418 1049/1353/2417
f 991/1234/2524 1018/1297/2524 1110/1411/2524
f 1128/1415/2525 1087/1316/2387 1038/1337/2389
f 1088/1385/2511 1098/823/2526 1109/1416/2527
f 1097/1417/2507 1050/1387/2422 1102/1388/2528
f 1110/1418/2529 1018/1289/2459 1087/1316/2348
f 1077/1404/2509 1078/1382/2508 1111/1419/2530
f 1015/1292/2297 1069/1301/2372 1104/1377/2497
f 1083/1372/2465 1075/1374/2531 1094/1413/2522
f 1107/1420/2532 1075/1401/2499 1095/1400/2498
f 1084/1369/2533 1037/1257/2533 1122/1414/2533
f 670/1406/2513 671/821/2512 1144/1421/2534
f 1099/1422/2535 1064/1423/2536 1106/1424/2537
f 1064/1423/2538 668/1425/2538 1106/1424/2538
f 1100/1410/2539 1071/1357/2493 1093/1386/2495
f 1088/1385/2511 1109/1416/2527 679/1405/2275
f 1105/1426/2540 670/1407/2540 1126/1409/2540
f 1126/1409/2541 1101/1427/2542 1105/1426/2543
f 670/1406/2513 1144/1421/2534 1135/1428/2544
f 671/821/2545 1099/1378/2546 1144/1421/2547
f 1171/1429/2548 1087/1316/2387 1128/1415/2525
f 1085/1412/2549 1094/1413/2550 1121/1430/2551
f 1094/1413/2550 1075/1374/2552 1121/1430/2551
f 1109/1416/2527 1098/823/2526 672/822/2553
f 1101/1427/2542 1160/1431/2554 1105/1426/2543
f 1114/1432/2555 1115/1433/2556 1116/1434/2557
f 1115/1433/2558 1113/1435/2558 1117/1436/2558
f 1138/1437/2559 1093/1386/2559 1097/1403/2559
f 1110/1418/2560 1087/1316/2561 1171/1429/2562
f 1104/1399/2497 1069/1438/2372 1129/1439/2563
f 1192/1440/2564 1069/1301/2316 1085/1362/2433
f 1121/1441/2565 1075/1401/2565 1107/1420/2565
f 1116/1434/2557 1115/1433/2556 1117/1436/2566
f 1081/1365/2567 1089/1389/2568 1164/1442/2569
f 1100/1410/2570 1093/1386/2570 1138/1437/2570
f 1132/1443/2571 1121/1441/2571 1107/1420/2571
f 1080/1282/2273 1084/1369/2474 1146/1444/2572
f 1133/818/2573 1118/1445/2574 669/819/2575
f 668/1446/2576 1064/1363/2577 1120/1447/2578
f 1095/1400/2579 1086/1384/2580 1150/1448/2581
f 1101/1427/2582 1113/1435/2583 1160/1431/2554
f 1115/1433/2584 1114/1432/2584 1124/1449/2584
f 1136/1450/2585 1099/1422/2535 1106/1424/2537
f 1120/1447/2586 1064/1363/2586 1131/1451/2586
f 1082/1396/2587 1096/1452/2588 1089/1389/2568
f 1192/1440/2564 1085/1362/2433 1121/1453/2589
f 1086/1384/2473 1080/1282/2319 1146/1444/2590
f 1122/1414/2591 679/1256/2592 1109/1454/2593
f 1109/1455/2594 1118/1445/2595 1133/818/2596
f 672/1456/2597 1123/1457/2598 1118/1445/2599
f 1166/1458/2600 1115/1433/2601 1124/1449/2602
f 1154/1459/2603 1114/1432/2603 1125/1460/2603
f 1064/1363/2436 1164/1442/2604 1131/1451/2605
f 1064/1363/2436 1081/1365/2438 1164/1442/2604
f 1072/1380/2496 1110/1376/2606 1127/1461/2607
f 1127/1461/2608 1110/1376/2560 1171/1462/2562
f 1078/1397/2508 1142/1463/2609 1111/1464/2530
f 1108/1465/2610 1109/1455/2594 1133/818/2596
f 1134/1466/2611 1133/818/2611 1130/820/2611
f 1113/1435/2612 1115/1433/2601 1166/1458/2600
f 1124/1449/2613 1114/1432/2613 1154/1459/2613
f 1125/1460/2614 1114/1432/2614 1116/1434/2614
f 1144/1421/2547 1099/1378/2546 1136/1467/2615
f 1137/1468/2616 668/1425/2616 1148/1469/2616
f 1139/1470/2617 668/1425/2576 1120/1471/2578
f 1140/1472/2618 1149/1473/2618 1120/1447/2618
f 1164/1442/2569 1089/1389/2568 1096/1452/2588
f 1096/1402/2619 1100/1410/2620 1141/1474/2621
f 1138/1437/2622 1097/1403/2622 1102/1475/2622
f 1129/1439/2623 1069/1438/2624 1192/1476/2625
f 1143/1477/2626 1132/1443/2627 1107/1420/2628
f 1107/1420/2532 1095/1400/2498 1150/1448/2629
f 1108/1478/2630 1122/1414/2591 1109/1454/2593
f 1109/1455/2631 672/1456/2597 1118/1445/2599
f 1174/1479/2632 1151/1480/2632 1123/1457/2632
f 1136/1450/2633 1106/1424/2633 1205/1481/2633
f 1106/1424/2634 668/1425/2634 1205/1481/2634
f 1148/1469/2635 668/1425/2576 1139/1470/2617
f 1145/1482/2636 1120/1447/2637 1131/1451/2638
f 1155/1483/2639 1096/1452/2640 1141/1484/2641
f 1100/1410/2620 1138/1437/2642 1141/1474/2621
f 1102/1475/2477 1072/1485/2496 1127/1486/2607
f 1171/1429/2643 1128/1415/2644 1188/1487/2645
f 1128/1415/2644 1038/1337/2646 1188/1487/2645
f 1188/1487/2645 1038/1337/2646 1077/1404/2647
f 1078/1397/2471 1104/1399/2497 1142/1463/2648
f 1175/1488/2649 1154/1459/2649 1125/1460/2649
f 1117/1436/2650 1113/1435/2583 1101/1427/2582
f 1139/1470/2651 1120/1471/2651 1149/1489/2651
f 1120/1447/2637 1145/1482/2636 1140/1472/2652
f 1138/1437/2653 1102/1475/2477 1127/1486/2607
f 1156/1490/2654 1150/1448/2581 1086/1384/2580
f 1122/1414/2655 1147/1491/2656 1084/1369/2657
f 1108/1465/2658 1133/818/2659 1134/1466/2660
f 1105/1426/2661 667/817/2662 670/1407/2663
f 667/817/2664 666/1492/2665 670/1407/2666
f 670/1407/2666 666/1492/2665 1152/1493/2667
f 1152/815/1441 667/817/1443 1153/1494/2668
f 667/817/2662 1105/1426/2661 1153/1494/2669
f 1161/1495/2670 1154/1459/2670 1175/1488/2670
f 1167/1496/2671 1117/1436/2650 1101/1427/2582
f 1135/1428/2544 1144/1421/2534 1148/1497/2672
f 1170/1498/2673 1164/1442/2674 1096/1452/2640
f 1143/1477/2626 1107/1420/2628 1150/1448/2675
f 1146/1444/2572 1084/1369/2474 1147/1491/2676
f 1130/820/2677 669/819/2677 1157/1499/2677
f 669/819/2575 1118/1445/2574 1151/1480/2678
f 1177/1500/2679 1174/1479/2680 1158/1501/2681
f 1152/1493/2682 1153/1494/2682 670/1407/2682
f 670/1407/2683 1153/1494/2683 1159/1502/2683
f 1153/1494/2669 1105/1426/2661 1159/1502/2684
f 1124/1449/2685 1154/1459/2685 1161/1495/2685
f 1116/1434/2686 1117/1436/2687 1125/1460/2688
f 1135/1428/2689 1148/1497/2689 1139/1503/2689
f 1170/1498/2673 1096/1452/2640 1155/1483/2639
f 1198/1504/2690 1160/1505/2554 1113/1506/2583
f 1163/1507/2691 1117/1436/2691 1167/1496/2691
f 1168/1508/2692 1101/1427/2693 1126/1409/2694
f 1199/1509/2695 1149/1489/2696 1169/1510/2697
f 1169/1511/2697 1149/1473/2696 1140/1472/2698
f 1077/1404/2699 1111/1419/2530 1188/1487/2700
f 1134/1466/2701 1130/820/2702 1173/1512/2703
f 672/1456/2514 670/1513/2513 1159/1514/2704
f 1125/1460/2688 1117/1436/2687 1180/1515/2705
f 1168/1508/2706 1126/1409/2517 1135/1408/2516
f 1145/1482/2707 1131/1451/2707 1164/1442/2707
f 1121/1441/2589 1132/1443/2708 1192/1476/2564
f 1173/1512/2703 1130/820/2702 1157/1499/2709
f 1185/1516/2710 669/819/2710 1151/1480/2710
f 1158/1501/2711 1174/1479/2711 1179/1517/2711
f 1174/1479/2712 1123/1457/2712 1179/1517/2712
f 1117/1436/2713 1163/1507/2713 1180/1515/2713
f 1167/1496/2714 1101/1427/2693 1168/1508/2692
f 1138/1518/2715 1127/1519/2716 1230/1520/2717
f 1147/1491/2656 1122/1414/2655 1108/1478/2718
f 1197/1521/2719 1147/1522/2720 1134/1466/2721
f 1118/1445/2574 1123/1457/2722 1151/1480/2678
f 1198/1504/2723 1113/1506/2724 1182/1523/2725
f 1166/1458/2726 1124/1449/2727 1161/1495/2728
f 1176/1524/2729 1164/1442/2729 1170/1498/2729
f 1127/1519/2608 1171/1525/2562 1230/1520/2730
f 1150/1448/2675 1172/1526/2731 1143/1477/2626
f 1086/1384/2473 1146/1444/2590 1184/1527/2732
f 1108/1465/2658 1134/1466/2660 1147/1522/2733
f 1198/1504/2690 1105/1528/2543 1160/1505/2554
f 1141/1484/2734 1138/1529/2735 1191/1530/2736
f 1132/1443/2708 1143/1477/2737 1200/1531/2738
f 1150/1448/2675 1156/1490/2739 1172/1526/2731
f 1156/1490/2740 1086/1384/2741 1184/1527/2742
f 1134/1466/2721 1173/1512/2743 1197/1521/2719
f 1189/1532/2744 1157/1499/2745 669/819/2746
f 1189/1532/2744 669/819/2746 1185/1516/2747
f 1123/1457/2598 672/1456/2597 1159/1514/2748
f 1113/1506/2612 1166/1533/2600 1182/1523/2749
f 1187/1534/2750 1166/1533/2726 1161/1535/2728
f 1190/1536/2751 1180/1515/2751 1163/1507/2751
f 1135/1537/2752 1139/1538/2752 1183/1539/2752
f 1145/1482/2753 1164/1442/2753 1176/1524/2753
f 1138/1518/2715 1230/1520/2717 1191/1540/2754
f 1192/1476/2564 1132/1443/2708 1200/1531/2738
f 1194/1541/2755 1186/1542/2756 1178/1543/2757
f 1125/1460/2758 1180/1515/2759 1215/1544/2760
f 1199/1509/2761 1139/1470/2761 1149/1489/2761
f 1129/1439/2623 1192/1476/2625 1195/1545/2762
f 1156/1490/2740 1184/1527/2742 1196/1546/2763
f 1151/1480/2764 1174/1479/2765 1202/1547/2766
f 1168/1508/2706 1135/1408/2516 1183/1548/2767
f 1169/1511/2768 1140/1472/2769 1208/1549/2770
f 1170/1498/2771 1155/1483/2771 1141/1484/2771
f 1171/1429/2643 1188/1487/2645 1256/1550/2772
f 1193/1551/2773 1146/1444/2774 1147/1491/2775
f 1177/1500/2776 1158/1501/2777 1178/1543/2778
f 1159/1552/2779 1105/1528/2543 1198/1504/2690
f 1175/1488/2780 1125/1460/2758 1215/1544/2760
f 1190/1536/2781 1163/1507/2781 1167/1496/2781
f 1176/1524/2782 1170/1498/2783 1141/1484/2784
f 1230/1520/2730 1171/1525/2562 1206/1553/2785
f 1171/1525/2643 1256/1554/2772 1206/1553/2786
f 1157/1499/2745 1189/1532/2744 1201/1555/2787
f 1185/1516/2788 1151/1480/2764 1202/1547/2766
f 1202/1547/2789 1174/1479/2680 1177/1500/2679
f 1179/1556/2790 1123/1557/2791 1159/1552/2779
f 1187/1534/2792 1161/1535/2792 1219/1558/2792
f 1219/1558/2793 1161/1535/2793 1175/1559/2793
f 1183/1539/2794 1139/1538/2795 1239/1560/2796
f 1239/1560/2796 1139/1538/2795 1199/1561/2797
f 1199/1509/2798 1169/1510/2799 1137/1562/2800
f 1104/1399/2497 1129/1439/2563 1209/1563/2801
f 1143/1477/2737 1172/1526/2802 1200/1531/2738
f 1186/1542/2803 1194/1541/2804 665/1564/2805
f 1207/1565/2806 662/1566/2806 1203/1567/2806
f 668/1425/2807 1137/1468/2807 1205/1481/2807
f 1140/1472/2769 1145/1482/2808 1208/1549/2770
f 1142/1463/2648 1104/1399/2497 1209/1563/2801
f 1129/1439/2809 1195/1545/2810 1209/1563/2811
f 1172/1526/2731 1156/1490/2739 1220/1568/2812
f 1202/1547/2789 1177/1500/2679 663/1569/2813
f 1210/1570/2814 663/1569/2814 1177/1500/2814
f 662/1566/2815 1207/1565/2816 1227/1571/2817
f 1182/1523/2818 1166/1533/2819 1218/1572/2820
f 1190/1536/2821 1167/1496/2822 1216/1573/2823
f 1167/1496/2822 1168/1508/2824 1216/1573/2823
f 1168/1508/2825 1183/1548/2826 1216/1573/2827
f 1148/1497/2828 1144/1421/2829 1233/1574/2830
f 1136/1450/2831 1205/1481/2831 1211/1575/2831
f 1208/1549/2832 1145/1482/2832 1176/1524/2832
f 1195/1545/2762 1192/1476/2625 1200/1531/2833
f 1184/1527/2732 1146/1444/2590 1193/1551/2834
f 1185/1516/2788 1202/1547/2766 1189/1532/2835
f 1158/1576/2777 1179/1556/2836 1178/1577/2778
f 662/1566/2815 1227/1571/2817 1182/1523/2837
f 1203/1567/2838 662/1566/2838 1218/1572/2838
f 662/1566/2839 1182/1523/2839 1218/1572/2839
f 1205/1578/2840 1137/1562/2800 1169/1510/2799
f 1176/1524/2782 1141/1484/2784 1208/1549/2841
f 1220/1568/2812 1156/1490/2739 1196/1546/2842
f 663/1569/2843 1210/1570/2843 1221/1579/2843
f 1218/1572/2820 1166/1533/2819 1187/1534/2844
f 1233/1580/2845 1136/1450/2846 1211/1575/2847
f 1196/1546/2763 1184/1527/2742 1193/1551/2848
f 1202/1547/2849 663/1569/2850 1221/1579/2851
f 1177/1500/2776 1178/1543/2778 1222/1581/2852
f 664/1582/2853 665/1564/2853 1213/1583/2853
f 1217/1584/2854 1194/1541/2854 1178/1543/2854
f 1198/1504/2690 661/1585/2855 1159/1552/2779
f 1216/1573/2827 1183/1548/2826 1239/1586/2856
f 1148/1497/2828 1233/1574/2830 1137/1587/2857
f 1144/1421/2858 1136/1467/2846 1233/1574/2845
f 1220/1568/2812 1196/1546/2842 1193/1551/2859
f 1210/1570/2860 1212/1588/2860 1221/1579/2860
f 1186/1542/2756 665/1564/2861 664/1582/2862
f 1213/1583/2863 665/1564/2863 1214/1589/2863
f 1214/1589/2864 665/1564/2865 1226/1590/2866
f 1179/1556/2790 1159/1552/2779 1265/1591/2867
f 1227/1571/2868 1207/1565/2869 1203/1567/2870
f 1218/1572/2871 1187/1534/2871 1219/1558/2871
f 1180/1515/2872 1190/1536/2872 1215/1544/2872
f 1257/1592/2873 1111/1464/2530 1142/1463/2609
f 1200/1531/2738 1172/1526/2802 1223/1593/2874
f 1223/1593/2874 1220/1568/2875 1251/1594/2876
f 1189/1532/2877 1202/1547/2877 1224/1595/2877
f 1178/1543/2757 1186/1542/2756 1225/1596/2878
f 1217/1584/2879 665/1564/2805 1194/1541/2804
f 1244/1597/2880 661/1585/2881 1198/1504/2723
f 1182/1523/2725 1244/1597/2880 1198/1504/2723
f 1215/1598/2882 1190/1599/2883 1253/1600/2884
f 1246/1601/2885 1137/1602/2885 1233/1603/2885
f 1205/1604/2886 1169/1511/2887 1234/1605/2888
f 1208/1549/2889 1141/1484/2734 1191/1530/2736
f 1223/1593/2874 1172/1526/2802 1220/1568/2875
f 1202/1547/2849 1221/1579/2851 1224/1595/2890
f 1210/1570/2891 1177/1500/2776 1222/1581/2852
f 659/1606/2892 629/1607/1439 661/1585/2881
f 630/813/1440 660/1608/2893 657/814/1438
f 630/813/2894 628/812/2895 658/1609/2896
f 1244/1597/2897 1182/1523/2837 1227/1571/2817
f 1169/1511/2898 1208/1549/2898 1234/1605/2898
f 1157/1499/2899 1201/1555/2900 1173/1512/2901
f 665/1564/2865 1217/1584/2902 1226/1590/2866
f 1217/1610/2902 1178/1577/2903 1179/1556/2790
f 1265/1591/2867 1159/1552/2779 661/1585/2855
f 629/811/1439 657/814/1438 661/1611/2881
f 658/1609/2896 628/812/2895 1270/1612/2904
f 1245/1613/2905 1190/1536/2905 1216/1573/2905
f 1233/1580/2906 1211/1575/2906 1234/1614/2906
f 1147/1522/2907 1235/1615/2907 1236/1616/2907
s 0
f 1236/1616/2908 1235/1615/2908 1237/1617/2908
s 1
f 1235/1615/2909 1147/1522/2909 1237/1617/2909
f 1243/1618/2910 1147/1522/2910 1197/1521/2910
f 1201/1555/2911 1189/1532/2912 1224/1595/2913
f 1212/1588/2914 1210/1570/2915 1222/1581/2916
f 1222/1581/2917 1178/1543/2757 1225/1596/2878
f 1186/1542/2756 664/1582/2862 1232/1619/2918
f 664/1582/2862 1213/1583/2919 1232/1619/2918
f 657/814/2920 660/1608/2920 658/1620/2920
f 1238/1621/2921 1227/1571/2868 1203/1567/2870
f 1199/1561/2798 1137/1602/2800 1246/1601/2922
f 1211/1575/2923 1205/1481/2886 1234/1614/2888
f 1200/1531/2833 1223/1593/2874 1241/1622/2924
f 1147/1491/2775 1236/1623/2925 1193/1551/2773
f 1193/1624/2926 1236/1616/2927 1242/1625/2928
f 1236/1616/2927 1237/1626/2929 1242/1625/2928
f 1237/1617/2930 1147/1522/2930 1242/1625/2930
f 1242/1625/2931 1147/1522/2931 1243/1618/2931
f 1214/1589/2864 1226/1590/2866 627/1627/2932
f 659/1606/2892 661/1585/2881 1244/1597/2880
f 1253/1600/2933 1190/1599/2933 1245/1628/2933
f 1245/1613/2934 1216/1573/2935 1239/1586/2936
f 1191/1540/2754 1230/1520/2717 1274/1629/2937
f 1188/1487/2700 1111/1419/2530 1240/1630/2938
f 1111/1631/2530 1257/1632/2873 1240/1633/2938
f 1195/1545/2762 1200/1531/2833 1241/1622/2924
f 1220/1568/2812 1193/1551/2859 1251/1594/2939
f 1242/1634/2940 1243/1635/2941 1193/1551/2859
f 1231/1636/2942 1221/1579/2942 1212/1588/2942
f 1217/1610/2902 1179/1556/2790 1265/1591/2867
f 1268/1637/2943 1233/1603/2943 1234/1638/2943
f 1256/1639/2944 1188/1640/2945 1240/1641/2946
f 1257/1592/2947 1142/1463/2948 1247/1642/2949
f 1247/1642/2950 1142/1463/2648 1209/1563/2801
f 627/1643/2932 626/1644/2951 1250/1645/2952
f 1270/1612/2953 628/812/2954 1248/1646/2955
f 628/812/2956 629/811/2957 1248/1646/2958
f 629/1607/2957 659/1606/2959 1248/1647/2958
f 1246/1601/2960 1233/1603/2960 1268/1637/2960
f 1273/1648/2961 1234/1605/2962 1208/1549/2889
f 1186/1542/2756 1232/1619/2918 1225/1596/2878
f 1244/1597/2963 1227/1571/2964 1276/1649/2965
f 1203/1567/2966 1218/1572/2967 1238/1621/2968
f 1238/1621/2968 1218/1572/2967 1276/1649/2969
f 1214/1589/2864 627/1627/2932 1250/1650/2952
f 1250/1645/2970 626/1644/2971 1254/1651/2972
f 1276/1649/2965 1227/1571/2964 1238/1621/2973
f 1273/1648/2961 1208/1549/2889 1191/1530/2736
f 1274/1629/2974 1230/1520/2730 1206/1553/2785
f 1195/1545/2810 1241/1622/2975 1209/1563/2811
f 1224/1595/2976 1221/1579/2977 1258/1652/2978
f 1258/1652/2978 1221/1579/2977 1261/1653/2979
f 1221/1579/2977 1231/1636/2980 1261/1653/2979
f 1232/1619/2981 1213/1583/2981 1291/1654/2981
f 658/1655/2982 1270/1656/2983 1266/1657/2984
f 1175/1559/2985 1215/1598/2882 1271/1658/2986
f 1271/1658/2986 1215/1598/2882 1253/1600/2884
f 1193/1551/2859 1243/1635/2941 1251/1594/2939
f 1275/1659/2987 1212/1588/2914 1222/1581/2916
f 1260/1660/2988 1250/1645/2970 1254/1651/2972
f 627/1643/2932 1226/1661/2866 1255/1662/2989
f 657/814/2990 658/1620/2990 1266/1663/2990
f 1271/1658/2991 1219/1558/2991 1175/1559/2991
f 1268/1637/2992 1234/1638/2962 1273/1664/2961
f 1288/1665/2993 1191/1530/2754 1274/1666/2937
f 1243/1618/2994 1173/1512/2901 1201/1555/2900
f 1201/1555/2911 1224/1595/2913 1258/1652/2995
f 1231/1636/2996 1212/1588/2997 1262/1667/2998
f 1212/1588/2997 1275/1659/2999 1262/1667/2998
f 1225/1596/3000 1232/1619/3000 1259/1668/3000
f 1265/1669/2867 1226/1661/2866 1217/1670/2902
f 661/1611/3001 657/814/3002 1281/1671/3003
f 1266/1657/2984 1270/1656/2983 1269/1672/3004
f 659/1606/2959 1244/1597/2963 1276/1649/2965
f 1218/1572/3005 1219/1558/3005 1267/1673/3005
f 1239/1560/3006 1199/1561/3007 1272/1674/3008
f 1199/1561/3007 1246/1601/3009 1272/1674/3008
f 1191/1530/2736 1288/1665/3010 1273/1648/2961
f 1274/1629/3011 1206/1553/2786 1278/1675/3012
f 1278/1675/3012 1206/1553/2786 1256/1554/2772
f 1197/1521/3013 1173/1512/3013 1243/1618/3013
f 1222/1581/3014 1225/1596/3015 1275/1659/3016
f 1275/1659/3016 1225/1596/3015 1259/1668/3017
f 1259/1668/3018 1232/1619/3018 1291/1654/3018
f 1291/1654/3019 1213/1583/3020 1214/1589/3021
f 1255/1662/2989 1226/1661/2866 1265/1669/2867
f 1265/1669/3022 661/1611/3001 1281/1671/3003
f 1248/1647/2958 659/1606/2959 1276/1649/2965
f 1295/1676/3023 1245/1628/2934 1239/1677/2936
f 1246/1601/3024 1268/1637/3024 1272/1674/3024
f 1214/1589/3021 1250/1650/3025 1260/1678/3026
f 626/1644/3027 627/1643/3028 1277/1679/3029
f 627/1643/2932 1255/1662/2989 1280/1680/3030
f 1295/1676/3031 1293/1681/3031 1245/1628/3031
f 1295/1676/3032 1239/1677/3006 1272/1682/3008
f 1209/1563/2811 1241/1622/2975 1299/1683/3033
f 1291/1654/3019 1214/1589/3021 1279/1684/3034
f 1214/1589/3021 1260/1678/3026 1279/1684/3034
f 626/1644/3027 1277/1679/3029 1254/1651/3035
f 1270/1656/2953 1248/1647/2955 1276/1649/3036
f 1278/1685/3037 1256/1639/2944 1240/1641/2946
f 1240/1633/2938 1257/1632/2873 1297/1686/3038
f 1284/1687/3039 1283/1688/3039 1285/1689/3039
f 1283/1688/3040 1260/1678/3040 1285/1689/3040
f 1277/1679/3041 627/1643/3042 1286/1690/3043
f 1286/1690/3043 627/1643/3042 1280/1680/3044
f 1281/1671/3045 657/814/3046 1266/1663/3047
f 1276/1649/3036 1218/1572/3048 1267/1673/3049
f 1267/1673/3050 1219/1558/3051 1271/1658/3052
f 1253/1600/3053 1245/1628/3053 1293/1681/3053
f 1247/1642/2950 1209/1563/2801 1289/1691/3054
f 1289/1691/3054 1209/1563/2801 1299/1683/3055
f 1223/1593/2874 1251/1594/2876 1243/1635/3056
f 1260/1678/3057 1283/1688/3057 1279/1684/3057
f 1279/1684/3058 1283/1688/3058 1287/1692/3058
f 1283/1688/3059 1284/1693/3059 1287/1692/3059
f 1287/1692/3060 1284/1694/3061 1260/1678/3062
f 1284/1694/3063 1285/1689/3063 1260/1678/3063
f 1262/1667/3064 1300/1695/3064 1231/1636/3064
f 1279/1684/3065 1287/1692/3060 1254/1696/3066
f 1287/1692/3060 1260/1678/3062 1254/1696/3066
f 1255/1662/3067 1265/1669/3067 1292/1697/3067
f 1292/1697/3068 1265/1669/3022 1281/1671/3003
f 1270/1656/2953 1276/1649/3036 1267/1673/3049
f 1293/1681/3069 1271/1658/3070 1253/1600/3071
f 1257/1592/2947 1247/1642/2949 1289/1691/3054
f 1275/1698/3072 1259/1699/3073 1291/1700/3074
f 1268/1637/2992 1273/1664/2961 1272/1674/3075
f 1296/1701/3076 1273/1664/2961 1288/1702/3010
f 1243/1618/2994 1201/1555/2900 1290/1703/3077
f 1201/1555/2911 1258/1652/2995 1290/1703/3078
f 1277/1704/3079 1279/1684/3065 1254/1696/3066
f 1286/1690/3080 1280/1680/3081 1255/1662/3082
f 1301/1705/3083 1271/1658/3070 1293/1681/3069
f 1307/1706/3084 1241/1622/2924 1223/1593/2874
f 1261/1653/3085 1231/1636/3085 1300/1695/3085
f 1275/1698/3072 1291/1700/3074 1262/1707/3086
f 1281/1671/3045 1266/1663/3047 1305/1708/3087
f 1267/1673/3050 1271/1658/3052 1301/1705/3088
f 1240/1633/2946 1297/1686/3089 1278/1709/3037
f 1297/1686/3038 1257/1632/2873 1298/1710/3090
f 1223/1593/2874 1243/1635/3056 1307/1706/3084
f 1290/1703/3091 1258/1652/3091 1261/1653/3091
f 1291/1654/3074 1279/1684/3065 1277/1704/3079
f 1286/1690/3080 1255/1662/3082 1294/1711/3092
f 1292/1697/3093 1281/1671/3093 1305/1708/3093
f 1295/1676/3032 1272/1682/3008 1302/1712/3094
f 1272/1674/3095 1273/1664/2961 1296/1701/3076
f 1305/1713/3096 1266/1657/3096 1269/1672/3096
f 1278/1709/3037 1297/1686/3089 1319/1714/3097
f 1243/1618/3056 1290/1703/3098 1307/1715/3084
f 1300/1716/3099 1262/1707/3086 1291/1700/3074
f 1255/1662/3100 1292/1697/3101 1305/1708/3102
f 1270/1656/2953 1267/1673/3049 1269/1672/3103
f 1303/1717/3104 1301/1705/3105 1295/1676/3106
f 1301/1705/3105 1293/1681/3107 1295/1676/3106
f 1288/1665/2993 1274/1666/2937 1318/1718/3108
f 1290/1703/3109 1261/1653/3109 1300/1695/3109
f 1291/1719/3074 1277/1679/3079 1304/1720/3110
f 1303/1717/3111 1267/1673/3049 1301/1705/3112
f 1318/1721/3113 1274/1629/3011 1278/1675/3012
f 1299/1722/3033 1241/1723/2975 1306/1724/3114
f 1291/1700/3074 1304/1725/3110 1308/1726/3115
f 1277/1679/3116 1286/1690/3117 1294/1711/3118
f 1294/1711/3119 1255/1662/3100 1305/1708/3102
f 1302/1727/3120 1272/1674/3095 1296/1701/3076
f 1241/1723/2924 1307/1728/3084 1306/1724/3121
f 1300/1716/3099 1291/1700/3074 1308/1726/3115
f 1304/1720/3122 1277/1679/3116 1294/1711/3118
f 1269/1672/3103 1267/1673/3049 1303/1717/3111
f 1298/1729/3123 1257/1592/2947 1289/1691/3054
f 1290/1703/3098 1300/1695/3124 1307/1715/3084
f 1303/1717/3111 1295/1676/3125 1311/1730/3126
f 1315/1731/3127 1296/1701/3076 1288/1702/3010
f 1299/1683/3055 1298/1729/3123 1289/1691/3054
f 1300/1716/3128 1308/1726/3128 1309/1732/3128
f 1309/1732/3129 1308/1726/3129 1314/1733/3129
f 1314/1733/3130 1308/1726/3130 1310/1734/3130
f 1311/1730/3126 1295/1676/3125 1302/1712/3131
f 1331/1735/3132 1300/1716/3133 1313/1736/3134
f 1300/1716/3133 1309/1732/3135 1313/1736/3134
f 1313/1736/3134 1309/1737/3136 1331/1735/3132
f 1331/1735/3137 1309/1737/3138 1314/1738/3139
f 1314/1738/3139 1310/1734/3140 1331/1735/3137
f 1331/1735/3137 1310/1734/3140 1308/1726/3141
f 1300/1716/3142 1331/1735/3142 1307/1728/3142
f 1294/1711/3143 1305/1708/3143 1304/1720/3143
f 1322/1739/3144 1305/1713/3145 1269/1672/3146
f 1315/1740/3127 1311/1730/3147 1302/1712/3120
f 1297/1686/3089 1323/1741/3148 1319/1714/3097
f 1298/1742/3123 1299/1722/3055 1317/1743/3149
f 1318/1744/3113 1278/1709/3012 1319/1714/3150
f 1315/1731/3127 1302/1727/3120 1296/1701/3076
f 1315/1731/3151 1288/1702/2993 1318/1745/3108
f 1269/1672/3103 1303/1717/3111 1316/1746/3152
f 1306/1724/3153 1317/1743/3154 1299/1722/3155
f 1331/1735/3156 1320/1747/3157 1307/1728/3158
f 1331/1735/3159 1308/1726/3159 1304/1725/3159
f 1304/1720/3160 1305/1708/3145 1322/1748/3144
f 1303/1717/3111 1311/1730/3126 1316/1746/3152
f 1298/1710/3090 1323/1741/3161 1297/1686/3038
f 1269/1672/3162 1316/1746/3162 1322/1739/3162
f 1316/1746/3163 1311/1730/3147 1321/1749/3164
f 1311/1730/3147 1315/1740/3127 1321/1749/3164
f 1327/1750/3165 1317/1743/3154 1306/1724/3153
f 1304/1725/3166 1322/1751/3167 1325/1752/3168
f 1323/1741/3148 1360/1753/3169 1319/1714/3097
f 1306/1724/3121 1307/1728/3084 1324/1754/3170
f 1307/1728/3084 1320/1747/3171 1324/1754/3170
f 653/1755/3172 1325/1752/3168 1322/1751/3167
f 1319/1714/3097 1360/1753/3169 1326/1756/3173
f 1298/1742/3123 1317/1743/3149 1332/1757/3174
f 1306/1724/3153 1324/1754/3175 1327/1750/3165
f 1336/1758/3176 1315/1759/3151 1318/1744/3108
f 1319/1714/3150 1329/1760/3177 1318/1744/3113
f 1304/1725/3178 1325/1752/3178 1331/1735/3178
f 1321/1761/3179 1315/1759/3151 1336/1758/3176
f 653/1755/3180 1322/1751/3181 1330/1762/3182
f 1322/1739/3181 1316/1746/3163 1321/1749/3164
f 1336/1758/3183 1318/1744/3113 1329/1760/3177
f 1330/1762/3182 1322/1751/3181 1321/1763/3164
f 1319/1714/3150 1326/1756/3184 1329/1760/3177
f 1360/1753/3185 1323/1741/3161 1332/1764/3186
f 1320/1747/3171 1337/1765/3187 1324/1754/3170
f 1323/1741/3161 1298/1710/3090 1332/1764/3186
f 1331/1735/3188 1325/1752/3189 1333/1766/3190
f 1325/1752/3168 653/1755/3172 631/1767/3191
f 647/1768/3192 643/1769/3193 1339/1770/3194
f 655/1771/3195 644/1772/3196 635/1773/3197
f 655/1771/3195 635/1773/3197 1340/1774/3198
f 635/1773/3197 638/1775/3199 1340/1774/3198
f 644/1772/3200 655/1771/3201 643/1769/3202
f 640/798/3203 1340/1774/3204 638/1775/3205
f 1340/1774/3204 640/798/3203 656/800/3206
f 1331/1735/3156 1333/1766/3207 1320/1747/3157
f 1333/1766/3190 1325/1752/3189 631/1767/3208
f 648/794/3209 652/803/3210 1338/1776/3211
f 650/799/3212 658/810/3213 653/1777/3214
f 1343/1778/3215 647/1768/3192 1339/1770/3194
f 1344/1779/3216 1330/1762/3182 1321/1763/3164
f 1317/1743/3149 1327/1750/3217 1332/1757/3174
f 651/802/3218 648/794/3209 1338/1776/3211
f 643/1769/3202 655/1771/3201 1342/1780/3219
f 650/799/1418 1341/1781/3220 656/800/1419
f 1338/1776/3221 652/803/3222 1345/1782/3223
f 652/803/3224 654/804/3224 1345/1782/3224
f 1334/1783/1435 647/1768/1427 1343/1778/3225
f 650/799/3212 653/1777/3214 1349/1784/3226
f 1337/1765/3227 1320/1747/3157 1333/1766/3207
f 651/802/3228 1338/1776/3229 642/792/3230
f 1339/1770/3231 643/1769/3202 1342/1780/3219
f 1348/1785/3232 1338/1776/3221 1345/1782/3223
f 1340/1774/3204 656/800/3206 1346/1786/3233
f 656/800/1419 1341/1781/3220 1347/1787/3234
f 1336/1758/3183 1329/1760/3177 1326/1756/3184
f 631/808/3235 642/792/3230 1354/1788/3236
f 1345/1782/3237 654/804/3238 1334/809/3239
f 1340/1774/3198 1351/1789/3240 655/1771/3195
f 1350/1790/3241 1334/1783/3242 1343/1778/3243
f 1342/1780/3219 655/1771/3201 1352/1791/3244
f 1355/1792/3245 1340/1774/3204 1346/1786/3233
f 1344/1779/3246 1321/1763/3179 1336/1793/3176
f 642/792/3230 1338/1776/3229 1354/1788/3236
f 655/1771/3247 1351/1789/3248 1352/1791/3249
f 1340/1774/3250 1355/1792/3250 1351/1789/3250
f 1346/1786/3251 656/800/3251 1347/1787/3251
f 653/1755/3180 1330/1762/3182 1349/1794/3252
f 1332/1757/3174 1327/1750/3217 1353/1795/3253
f 1333/1766/3207 631/1767/3254 1354/1796/3255
f 1341/1781/3256 650/799/3257 1349/1784/3258
f 1349/1794/3259 1330/1762/3182 1344/1779/3216
f 1353/1797/3260 1360/1753/3185 1332/1764/3186
f 1334/1783/3242 1350/1790/3241 1358/1798/3261
f 1354/1796/3255 1337/1765/3227 1333/1766/3207
f 1343/1778/3262 1339/1770/3263 1357/1799/3264
f 1341/1781/3220 1359/1800/3265 1347/1787/3234
f 1362/1801/3266 1344/1779/3246 1336/1793/3176
f 1337/1765/3187 1356/1802/3267 1324/1754/3170
f 1338/1776/3268 1348/1785/3269 1354/1788/3270
f 1348/1785/3271 1345/1782/3272 1363/1803/3273
f 1339/1770/3263 1342/1780/3274 1357/1799/3264
f 1345/1782/3237 1334/809/3239 1358/1804/3275
f 1362/1801/3266 1349/1794/3276 1344/1779/3246
f 1326/1805/3173 1360/1806/3169 1362/1801/3277
f 1359/1800/3278 1341/1781/3279 1361/1807/3280
f 1361/1807/3281 1349/1784/3276 1362/1808/3266
f 1363/1803/3282 1345/1782/3237 1358/1804/3275
f 1343/1778/3262 1357/1799/3264 1350/1790/3283
f 1371/1809/3284 1352/1791/3249 1351/1789/3248
f 1351/1789/3248 1355/1792/3285 1371/1809/3284
f 1341/1781/3256 1349/1784/3258 1361/1807/3286
f 1336/1793/3183 1326/1805/3184 1362/1801/3287
f 1356/1802/3267 1337/1765/3187 1354/1796/3288
f 1357/1799/3264 1342/1780/3274 1374/1810/3289
f 1355/1792/3290 1346/1786/3291 1371/1809/3292
f 1354/1788/3270 1348/1785/3269 1365/1811/3293
f 1363/1803/3282 1358/1804/3275 1366/1812/3294
f 1368/1813/3295 1359/1800/3278 1361/1807/3280
f 1342/1780/3274 1352/1791/3296 1374/1810/3289
f 1346/1786/3297 1347/1787/3298 1369/1814/3299
f 1362/1815/3277 1360/1816/3169 1377/1817/3300
f 1364/1818/3301 1358/1798/3302 1350/1790/3303
f 1377/1817/3304 1360/1816/3185 1353/1819/3260
f 1353/1795/3253 1327/1750/3217 1378/1820/3305
f 1327/1750/3165 1324/1754/3175 1378/1820/3306
f 1347/1787/3298 1359/1800/3307 1372/1821/3308
f 1359/1800/3307 1368/1813/3309 1372/1821/3308
f 1376/1822/3310 1368/1813/3295 1361/1807/3280
f 1388/1823/3311 1377/1817/3304 1353/1819/3260
f 1365/1824/3312 1356/1802/3267 1354/1796/3288
f 1348/1785/3271 1363/1803/3273 1373/1825/3313
f 1358/1798/3314 1364/1818/3315 1366/1826/3316
f 1378/1827/3305 1388/1823/3317 1353/1819/3253
f 1365/1811/3318 1348/1785/3271 1373/1825/3313
f 1373/1825/3319 1363/1803/3320 1366/1812/3321
f 1374/1810/3289 1352/1791/3296 1370/1828/3322
f 1346/1786/3291 1369/1814/3323 1371/1809/3292
f 1369/1814/3299 1347/1787/3298 1372/1821/3308
f 1376/1822/3324 1375/1829/3324 1368/1813/3324
f 1324/1754/3325 1356/1802/3326 1380/1830/3327
f 1368/1813/3309 1375/1829/3328 1372/1821/3308
f 1380/1830/3329 1378/1820/3306 1324/1754/3175
f 1356/1802/3326 1365/1824/3330 1380/1830/3327
f 1373/1825/3319 1366/1812/3321 624/1831/3331
f 1381/1832/3332 1364/1818/3301 1350/1790/3303
f 1352/1791/3249 1371/1809/3284 1370/1828/3333
f 1376/1822/3334 1361/1807/3281 1362/1808/3266
f 1362/1815/3277 1377/1817/3300 1385/1833/3335
f 1366/1826/3316 1364/1818/3315 1477/1834/3336
f 1375/1829/3337 1476/1835/3338 1383/1836/3339
f 1477/1834/3336 1364/1818/3315 1381/1832/3340
f 1382/1837/3341 1371/1809/3292 1369/1814/3323
f 1380/1838/3327 1365/1839/3330 1373/1840/3342
f 1350/1790/3303 1357/1799/3343 1384/1841/3344
f 1357/1799/3343 1374/1810/3345 1384/1841/3344
f 1486/1842/3346 1383/1843/3346 1475/1844/3346
f 1475/1844/3347 1383/1843/3339 1476/1845/3338
f 1476/1835/3348 1375/1829/3348 1376/1822/3348
f 1386/1846/3349 1377/1817/3304 1479/1847/3350
f 1388/1823/3317 1378/1827/3305 1513/1848/3351
f 1513/1848/3352 1378/1827/3306 1380/1849/3329
f 1390/1850/3353 1373/1840/3354 624/1851/3355
f 1383/1843/3356 1486/1842/3356 1387/1852/3356
f 1479/1847/3350 1377/1817/3304 1388/1823/3311
f 1381/1832/3332 1350/1790/3303 1384/1841/3344
f 1380/1838/3327 1373/1840/3342 1390/1850/3357
f 624/1853/3358 1366/1826/3316 1477/1834/3336
f 1387/1854/3359 1477/1834/3336 1381/1832/3340
f 1372/1821/3308 1375/1829/3328 1393/1855/3360
f 1384/1841/3361 1374/1810/3362 1392/1856/3363
f 1370/1828/3333 1371/1809/3284 1382/1837/3364
f 1369/1814/3365 1372/1821/3366 1393/1855/3367
f 1393/1855/3360 1375/1829/3328 1383/1836/3368
f 1387/1854/3359 1381/1832/3340 1391/1857/3369
f 1391/1857/3370 1381/1832/3371 1384/1841/3372
f 1383/1858/3373 1387/1854/3374 1391/1857/3375
f 1374/1810/3362 1370/1828/3333 1392/1856/3363
f 1392/1856/3363 1370/1828/3333 1382/1837/3364
f 1369/1814/3365 1393/1855/3367 1382/1837/3376
f 1391/1857/3370 1384/1841/3372 1392/1856/3377
f 1393/1859/3378 1383/1858/3373 1391/1857/3375
f 1394/1860/3379 1382/1837/3376 1393/1855/3367
f 1399/1861/3380 1393/1859/3378 1391/1857/3375
f 1392/1856/3363 1382/1837/3364 1394/1860/3381
f 1393/1855/3382 1399/1862/3382 1394/1860/3382
f 1399/1861/3383 1391/1857/3370 1395/1863/3384
f 1391/1857/3370 1392/1856/3377 1395/1863/3384
f 1395/1863/3385 1392/1856/3363 1394/1860/3381
f 1397/1864/3386 1396/1865/3387 1394/1866/3388
f 1397/1864/3386 1394/1866/3388 1399/1867/3389
f 1394/1866/3390 1407/1868/3391 1398/1869/3392
f 1396/1870/3387 1397/1871/3386 1400/1872/3393
f 1407/1868/3394 1394/1866/3394 1396/1865/3394
f 1395/1873/3395 1394/1866/3390 1398/1869/3392
f 623/1874/1381 1398/1869/3392 1407/1868/3391
f 618/774/1372 622/769/1374 623/1874/1381
f 620/771/1378 1402/1875/3396 1401/772/1379
f 1395/1873/3397 1398/1869/3398 1399/1876/3399
f 622/769/3400 1401/772/3401 1405/1877/3402
f 621/768/1373 623/775/1381 1410/1878/3403
f 1397/1879/3404 1399/1876/3399 1398/1869/3398
f 1398/1869/3405 623/1874/1381 622/769/1374
f 1411/1880/3406 622/769/3400 1405/1877/3402
f 1411/1880/3406 1405/1877/3402 1414/1881/3407
f 1404/1882/3408 621/768/1373 1410/1878/3403
f 1410/1878/3403 623/775/1381 1407/1883/3391
f 1406/778/1384 1403/777/1383 1412/1884/3409
f 617/776/3410 1409/1885/3411 1403/777/3412
f 1409/773/1380 618/774/1372 1413/1886/3413
f 1405/1877/3414 616/1887/3415 1415/1888/3416
f 616/1887/3415 1416/1889/3417 1415/1888/3416
f 1416/1890/3418 616/1891/3418 1417/1892/3418
f 616/1887/3419 1405/1877/3402 1417/1892/3420
f 1403/777/3412 1409/1885/3411 1439/1893/3421
f 1407/1883/3422 1396/1870/3423 1400/1872/3424
f 1400/1872/3393 1397/1871/3386 1408/1894/3425
f 1397/1879/3426 1398/1869/3427 1425/1895/3428
f 1405/1877/3429 1415/1888/3429 1420/1896/3429
f 1415/1888/3430 1416/1890/3430 1420/1896/3430
f 1416/1890/3431 1417/1892/3431 1420/1896/3431
f 1420/1896/3432 1417/1892/3432 1401/772/3432
f 1417/1892/3420 1405/1877/3402 1401/772/3401
f 1414/1881/3407 1405/1877/3402 1419/1897/3433
f 618/767/3434 619/766/3434 1413/1898/3434
f 614/1899/3435 611/761/3436 1422/1900/3437
f 615/780/3438 1429/1901/3439 1422/1900/3437
f 1404/1882/3440 1410/1878/3441 1424/1902/3442
f 1410/1878/3443 1407/1883/3422 1400/1872/3424
f 1425/1895/3428 1398/1869/3427 1418/1903/3444
f 1398/1869/3445 622/769/3446 1418/1903/3447
f 1420/1896/3448 1401/772/3448 1438/1904/3448
f 611/761/3436 614/1899/3435 612/762/3449
f 1429/1901/3450 615/780/3450 621/768/3450
f 1412/1884/3409 1403/777/1383 1421/1905/3451
f 619/766/3452 615/780/3452 1428/1906/3452
f 1429/1901/3453 621/768/3453 609/1907/3453
f 1408/1894/3454 1397/1871/3455 1425/1908/3456
f 1418/1903/3447 622/769/3446 1411/1880/3457
f 1419/1897/3458 1405/1877/3458 1430/1909/3458
f 1432/1910/3459 1430/1911/3459 1420/1912/3459
f 1430/1909/3460 1405/1877/3460 1420/1896/3460
f 620/779/1387 1406/778/1386 1433/758/3461
f 613/764/1368 610/760/1367 1423/765/3462
f 1440/1913/3463 612/762/3464 614/1899/3465
f 621/768/1373 1404/1882/3408 609/1907/3466
f 608/1914/3467 1404/1882/3440 1424/1902/3442
f 1419/1915/3468 1430/1916/3469 1434/1917/3470
f 1430/1916/3469 1432/1918/3471 1434/1917/3470
f 1432/1918/3471 1431/1919/3472 1434/1917/3470
f 1434/1920/3473 1431/1921/3473 1420/1912/3473
f 1431/1921/3474 1432/1910/3474 1420/1912/3474
f 1439/1922/3475 1409/1923/3476 1437/1924/3477
f 609/1907/3478 608/1914/3478 1435/1925/3478
f 1436/1926/3479 1410/1878/3443 1400/1872/3424
f 1418/1903/3447 1411/1880/3457 1442/1927/3480
f 1411/1880/3406 1414/1881/3407 1457/1928/3481
f 1414/1881/3482 1426/1929/3482 1457/1928/3482
f 1419/1930/3483 1434/1920/3483 1420/1912/3483
f 1453/1931/3484 1401/772/3485 1402/1875/3486
f 615/780/3487 1422/1900/3487 611/761/3487
f 1427/763/3488 612/762/3488 1440/1913/3488
f 1424/1902/3489 1410/1878/3443 1436/1926/3479
f 1401/772/3485 1453/1931/3484 1438/1904/3490
f 1413/1898/3491 619/766/3491 1428/1906/3491
f 1404/1882/3440 608/1914/3467 609/1907/3492
f 608/1914/3493 1424/1902/3494 1436/1926/3495
f 1425/1895/3496 1418/1903/3496 1441/1932/3496
f 1414/1881/3407 1419/1897/3433 1426/1929/3497
f 1433/758/3461 1406/778/1386 1412/1884/3498
f 1443/1933/3499 1409/1923/1380 1446/1934/3500
f 1449/1935/3501 1427/763/3501 1440/1913/3501
f 614/1899/3435 1422/1900/3437 1429/1901/3439
f 1437/1924/3502 1409/1923/3502 1443/1933/3502
f 1419/1936/3503 1420/1896/3504 1445/1937/3505
f 613/764/3506 615/780/3507 611/761/3508
f 608/1914/3493 1436/1926/3495 1435/1925/3509
f 1436/1926/3510 1400/1872/3511 1451/1938/3512
f 1408/1894/3513 1451/1938/3512 1400/1872/3511
f 1411/1880/3457 1448/1939/3514 1442/1927/3480
f 1448/1939/3514 1411/1880/3457 1457/1928/3515
f 1426/1929/3516 1444/1940/3517 1452/1941/3518
f 1446/1934/3500 1409/1923/1380 1413/1942/3413
f 615/1943/3507 613/1944/3506 1428/1945/3519
f 1456/1946/3520 1423/765/3521 1427/763/3522
f 1455/1947/3523 1449/1935/3524 1440/1913/3525
f 614/1899/3465 1429/1901/3526 1450/1948/3527
f 1429/1901/3528 609/1907/3529 1450/1948/3530
f 1408/1894/3454 1425/1908/3456 1461/1949/3531
f 1488/1950/3532 1426/1929/3516 1452/1941/3518
f 1454/1951/1362 1402/1875/3396 620/771/1378
f 1447/1952/3533 1436/1926/3510 1451/1938/3512
f 1420/1896/3504 1438/1904/3534 1445/1937/3505
f 1440/1913/3463 614/1899/3465 1450/1948/3527
f 1435/1925/3535 1436/1926/3535 1447/1952/3535
f 1418/1903/3536 1442/1927/3536 1441/1932/3536
f 1444/1940/3537 1426/1929/3497 1419/1897/3433
f 1443/1933/3499 1446/1934/3500 1464/1953/3538
f 613/1944/3539 1423/1954/3539 1460/1955/3539
f 1456/1946/3520 1427/763/3522 1449/1935/3540
f 609/1907/3541 1435/1925/3541 1447/1952/3541
f 1441/1932/3542 1442/1927/3542 1458/1956/3542
f 1442/1927/3543 1448/1939/3544 1458/1956/3545
f 1448/1939/3546 1457/1928/3546 1459/1957/3546
f 1462/1958/3547 1457/1928/3547 1426/1929/3547
f 1454/757/1362 620/779/1378 1433/758/1363
f 1438/1904/3490 1453/1931/3484 1445/1937/3548
f 1494/1959/3549 1403/777/3412 1439/1893/3421
f 1455/1947/3523 1440/1913/3525 1450/1948/3550
f 1408/1894/3513 1467/1960/3551 1451/1938/3512
f 1459/1957/3552 1457/1928/3552 1462/1958/3552
f 1419/1897/3553 1463/1961/3554 1444/1940/3555
f 1480/1962/3556 1419/1936/3557 1445/1937/3558
f 1428/1945/3559 613/1944/3559 1478/1963/3559
f 1450/1948/3530 609/1907/3529 1447/1952/3560
f 1458/1956/3545 1448/1939/3544 1459/1957/3561
f 1426/1929/3562 1488/1950/3562 1462/1958/3562
f 1463/1961/3563 1419/1897/3563 1480/1964/3563
f 1453/1931/3564 1402/1875/3564 1454/1951/3564
f 1454/757/3565 607/759/3566 1468/1965/3567
f 1433/758/3461 1412/1884/3498 1465/1966/3568
f 1423/1954/3569 1456/1967/3569 1460/1955/3569
f 1425/1895/3570 1441/1932/3571 1461/1968/3572
f 1452/1941/3573 1444/1940/3555 1463/1961/3554
f 1421/1905/3574 1403/777/3575 1494/1959/3576
f 1413/1942/3577 1428/1969/3578 1469/1970/3579
f 1450/1948/3580 1466/1971/3581 1455/1947/3582
f 1467/1960/3583 1408/1894/3454 1490/1972/3584
f 1469/1970/3579 1428/1969/3578 1478/1973/3585
f 1447/1952/3586 1451/1938/3586 1450/1948/3586
f 1408/1894/3454 1461/1949/3531 1490/1972/3584
f 1445/1937/3587 1453/1931/3587 1472/1974/3587
f 607/759/3588 1470/1975/3588 1468/1965/3588
f 607/759/3589 1471/1976/3589 1470/1975/3589
f 607/759/3590 1433/758/3590 1471/1976/3590
f 1471/1976/3591 1433/758/3461 1465/1966/3568
f 1465/1966/3592 1412/1884/3409 1421/1905/3451
f 1464/1953/3593 1446/1934/3594 1473/1977/3595
f 1488/1950/3596 1452/1941/3597 1480/1964/3598
f 1472/1974/3599 1453/1931/3599 1454/1951/3599
f 1437/1924/3600 1443/1933/3600 605/1978/3600
f 1474/1979/3601 1469/1970/3579 1478/1973/3585
f 1466/1971/3581 1450/1948/3580 1451/1938/3512
f 1376/1822/3334 1362/1808/3266 1385/1980/3602
f 1377/1817/3300 1386/1846/3603 1385/1833/3335
f 1459/1957/3604 1462/1958/3604 1488/1950/3604
f 1480/1962/3556 1445/1937/3558 1472/1974/3605
f 1454/757/3565 1468/1965/3567 1481/1981/3606
f 1484/1982/3607 606/1983/3608 1482/1984/3609
f 1486/1842/3610 1475/1844/3610 1461/1985/3610
f 1529/1986/3611 1390/1850/3353 624/1851/3355
f 1441/1932/3612 1458/1956/3612 1487/1987/3612
f 1452/1941/3597 1463/1961/3613 1480/1964/3598
f 1472/1988/3614 1454/757/3614 1481/1981/3614
f 1485/1989/3615 1482/1984/3615 606/1983/3615
f 1439/1922/3475 1437/1924/3477 1501/1990/3616
f 1473/1977/3617 1446/1934/3617 1511/1991/3617
f 1511/1991/3618 1446/1934/3500 1469/1970/3619
f 1446/1934/3500 1413/1942/3413 1469/1970/3619
f 1478/1963/3620 613/1944/3620 1460/1955/3620
f 1476/1835/3621 1376/1822/3334 1385/1980/3602
f 1461/1968/3572 1441/1932/3571 1487/1987/3622
f 1458/1956/3623 1459/1957/3624 1487/1987/3625
f 1505/1992/3626 1468/1965/3626 1470/1975/3626
f 606/1983/3627 1484/1982/3628 1421/1905/3451
f 1466/1971/3581 1451/1938/3512 1467/1960/3551
f 1461/1985/3629 1487/1993/3629 1486/1842/3629
f 1437/1924/3477 605/1978/3630 1501/1990/3616
f 1460/1955/3631 1456/1967/3631 1502/1994/3631
f 1490/1972/3584 1461/1949/3531 1497/1995/3632
f 1479/1847/3633 1388/1823/3317 1513/1848/3351
f 1487/1987/3625 1459/1957/3624 1488/1950/3634
f 1480/1996/3598 1472/1988/3635 1481/1981/3636
f 1465/1966/3592 1421/1905/3451 1484/1982/3628
f 1500/1997/3637 1482/1984/3637 1485/1989/3637
f 1474/1979/3638 1478/1973/3638 1492/1998/3638
f 1466/1971/3639 1467/1960/3583 1496/1999/3640
f 1387/1852/3641 1486/1842/3642 1477/2000/3643
f 1456/1946/3644 1449/1935/3645 1455/1947/3646
f 1497/1995/3647 1461/1949/3648 1475/2001/3649
f 1390/1850/3357 1491/2002/3650 1499/2003/3651
f 1488/1950/3596 1480/1964/3598 1487/1987/3652
f 1465/1966/3653 1484/1982/3607 1482/1984/3609
f 1421/1905/3574 1494/1959/3576 606/1983/3654
f 1511/1991/3618 1469/1970/3619 1495/2004/3655
f 1492/1998/3656 1478/1973/3656 1502/2005/3656
f 1502/1994/3657 1456/1967/3644 1455/2006/3646
f 1496/1999/3640 1467/1960/3583 1490/1972/3584
f 1380/1838/3327 1390/1850/3357 1499/2003/3651
f 1493/2007/3658 1390/1850/3353 1529/1986/3611
f 1517/2008/3659 1487/2009/3652 1480/1996/3598
f 1469/1970/3660 1474/1979/3660 1495/2004/3660
f 1478/1963/3661 1460/1955/3661 1502/1994/3661
f 1390/1850/3662 1493/2007/3663 1491/2002/3650
f 1477/2000/3643 1486/1842/3642 1487/1993/3664
f 1470/1975/3665 1471/1976/3665 1465/1966/3665
f 1439/1893/3666 1501/2010/3666 1494/1959/3666
f 1466/1971/3639 1496/1999/3640 1455/1947/3667
f 1465/1966/3668 1482/1984/3668 1510/2011/3668
f 1497/1995/3647 1475/2001/3649 1509/2012/3669
f 624/1851/3670 1477/2000/3671 1529/1986/3672
f 1481/1981/3673 1468/1965/3674 1505/1992/3675
f 1485/1989/3676 606/1983/3676 1506/2013/3676
f 1495/2004/3677 1474/1979/3677 1492/1998/3677
f 1521/2014/3678 1492/1998/3679 1507/2015/3680
f 1490/1972/3584 1497/1995/3632 1508/2016/3681
f 1386/1846/3349 1479/1847/3350 1512/2017/3682
f 1527/2018/3683 1465/1966/3683 1510/2011/3683
f 1500/1997/3684 1485/1989/3685 1506/2013/3686
f 1464/1953/3538 1522/2019/3687 1443/1933/3499
f 1534/2020/3688 1503/2021/3689 1464/1953/3593
f 1464/1953/3593 1473/1977/3595 1534/2020/3688
f 1511/1991/3690 1514/2022/3691 1515/2023/3692
f 1515/2024/3693 1514/2022/3691 1495/2004/3694
f 1514/2022/3691 1511/1991/3690 1495/2004/3694
f 1495/2004/3695 1492/1998/3695 1521/2014/3695
f 1492/1998/3696 1502/2005/3697 1507/2015/3698
f 1496/1999/3699 1490/1972/3700 1531/2025/3701
f 1526/2026/3702 1475/1844/3347 1476/1845/3338
f 1526/2027/3703 1476/1835/3621 1385/1980/3602
f 1549/2028/3704 1479/1847/3633 1513/1848/3351
f 1513/1848/3352 1380/1849/3329 1499/2029/3705
f 1480/1996/3598 1481/1981/3636 1517/2008/3659
f 1505/1992/3706 1470/1975/3707 1527/2018/3708
f 1470/1975/3709 1465/1966/3709 1527/2018/3709
f 1510/2011/3710 1482/1984/3711 1528/2030/3712
f 1528/2030/3712 1482/1984/3711 1500/1997/3713
f 1511/1991/3690 1515/2023/3692 1518/2031/3714
f 1518/2032/3715 1515/2024/3715 1525/2033/3715
f 1515/2024/3693 1495/2004/3694 1525/2033/3716
f 1495/2004/3694 1520/2034/3717 1525/2033/3716
f 1479/1847/3350 1568/2035/3718 1512/2017/3682
f 1529/1986/3672 1477/2000/3671 1487/1993/3719
f 606/1983/3654 1494/1959/3576 1506/2013/3720
f 1575/2036/3721 605/2037/3721 1522/2038/3721
f 605/1978/3722 1443/1933/3722 1522/2019/3722
f 1523/2039/3723 1473/1977/3724 1511/1991/3725
f 604/2040/3726 1511/1991/3725 1524/2041/3727
f 1511/1991/3725 1518/2031/3728 1524/2041/3727
f 1524/2041/3727 1518/2032/3729 1525/2033/3730
f 1509/2012/3731 1475/2001/3347 1526/2042/3702
f 1386/1846/3603 1512/2017/3732 1385/1833/3335
f 1568/2035/3733 1479/1847/3633 1549/2028/3704
f 1522/2019/3687 1464/1953/3538 1503/2021/3734
f 1503/2021/3735 1534/2020/3736 1537/2043/3737
f 1524/2041/3727 1525/2033/3730 604/2040/3726
f 1502/2044/3657 1455/1947/3646 1496/1999/3738
f 1500/1997/3684 1506/2013/3686 1533/2045/3739
f 1523/2039/3723 1511/1991/3725 604/2040/3726
f 1530/2046/3740 1520/2047/3740 1519/2048/3740
f 1512/2017/3741 1526/2049/3742 1385/1833/3743
f 1517/2008/3744 1481/1981/3673 1538/2050/3745
f 1505/1992/3706 1527/2018/3708 1532/2051/3746
f 1506/2013/3747 1494/1959/3747 1501/2010/3747
f 1502/2044/3748 1516/2052/3748 1535/2053/3748
f 1502/2044/3657 1496/1999/3738 1516/2052/3749
f 1496/1999/3699 1531/2025/3701 1516/2052/3750
f 1531/2025/3751 1490/1972/3751 1535/2053/3751
f 1508/2016/3752 1497/1995/3647 1509/2012/3669
f 1491/2002/3650 1493/2007/3663 1536/2054/3753
f 1481/1981/3673 1505/1992/3675 1538/2050/3745
f 1507/2015/3698 1502/2005/3697 1535/2055/3754
f 1544/2056/3755 1493/2007/3658 1529/1986/3611
f 1487/1993/3719 1544/2056/3756 1529/1986/3672
f 1510/2011/3710 1528/2030/3712 1541/2057/3757
f 1501/1990/3616 605/1978/3630 1539/2058/3758
f 1473/1977/3759 1523/2039/3759 1534/2020/3759
f 1564/2059/3760 1509/2060/3731 1526/2049/3702
f 1549/2028/3761 1513/1848/3352 1499/2029/3705
f 1487/1993/3762 1517/2061/3762 1544/2056/3762
f 1532/2051/3763 1527/2018/3764 1510/2011/3765
f 605/2037/3630 1542/2062/3766 1539/2063/3758
f 1522/2038/3767 1503/2064/3767 1555/2065/3767
f 1547/2066/3768 1519/2048/3768 1520/2047/3768
f 1520/2034/3769 1495/2004/3770 1521/2014/3771
f 1521/2014/3678 1507/2015/3680 604/2067/3772
f 1535/2053/3773 1490/1972/3584 1508/2016/3681
f 1538/2050/3745 1505/1992/3675 1541/2057/3774
f 1528/2030/3775 1500/1997/3776 1540/2068/3777
f 1500/1997/3778 1533/2045/3778 1540/2068/3778
f 1537/2069/3737 1530/2046/3779 1503/2064/3735
f 1530/2046/3779 1537/2069/3737 1520/2047/3717
f 1491/2002/3650 1536/2054/3753 1499/2003/3651
f 1517/2061/3780 1538/2070/3781 1544/2056/3782
f 1505/1992/3783 1532/2051/3783 1541/2057/3783
f 1541/2057/3784 1532/2051/3763 1510/2011/3765
f 605/2037/3785 1575/2036/3786 1542/2062/3787
f 1555/2065/3788 1503/2064/3789 1543/2071/3790
f 1520/2034/3769 1521/2014/3771 1547/2072/3791
f 1525/2073/3730 1566/2074/3792 604/2067/3726
f 1525/2075/3716 1520/2047/3717 1537/2069/3737
f 1546/2076/3793 1534/2020/3793 1523/2039/3793
f 1516/2052/3794 1531/2025/3794 1535/2053/3794
f 1506/2013/3795 1501/2010/3795 1533/2045/3795
f 1521/2014/3796 604/2067/3797 1566/2074/3798
f 1523/2039/3723 604/2040/3726 1546/2076/3799
f 1557/2077/3800 1535/2055/3773 1508/2078/3681
f 1533/2079/3801 1501/2080/3801 1574/2081/3801
f 1574/2081/3802 1501/2080/3802 1539/2063/3802
f 1530/2046/3803 1519/2048/3803 1551/2082/3803
f 1552/2083/3804 1534/2020/3804 1546/2076/3804
f 604/2067/3805 1507/2015/3806 1546/2084/3807
f 1503/2064/3808 1530/2046/3808 1562/2085/3808
f 1546/2084/3807 1507/2015/3806 1554/2086/3809
f 1557/2087/3810 1508/2088/3752 1509/2060/3669
f 1564/2059/3811 1526/2049/3742 1560/2089/3812
f 1525/2075/3813 1537/2069/3813 1566/2090/3813
f 1552/2083/3814 1537/2043/3814 1534/2020/3814
f 1554/2086/3809 1507/2015/3806 1557/2077/3800
f 1507/2015/3806 1535/2055/3773 1557/2077/3800
f 1526/2049/3742 1512/2017/3741 1560/2089/3812
f 1569/2091/3815 1493/2007/3658 1544/2056/3755
f 1528/2030/3775 1540/2068/3777 1545/2092/3816
f 1550/2093/3817 1545/2092/3818 1540/2068/3819
f 1503/2064/3789 1556/2094/3820 1543/2071/3790
f 1551/2082/3821 1519/2048/3821 1563/2095/3821
f 1519/2048/3822 1547/2066/3822 1563/2095/3822
f 1547/2072/3823 1521/2014/3796 1566/2074/3798
f 1546/2084/3824 1554/2086/3825 1559/2096/3826
f 1512/2017/3682 1568/2035/3718 1560/2089/3827
f 1499/2029/3705 1536/2097/3828 1549/2028/3761
f 1556/2094/3829 1503/2064/3829 1562/2085/3829
f 1537/2069/3830 1552/2098/3830 1566/2090/3830
f 1541/2099/3831 1544/2056/3782 1538/2070/3781
f 1550/2093/3817 1540/2068/3819 1533/2045/3832
f 1530/2046/3833 1551/2082/3833 1562/2085/3833
f 1522/2038/3834 1555/2065/3835 1565/2100/3836
f 1552/2083/3837 1546/2076/3824 1559/2101/3826
f 1559/2102/3838 1554/2103/3839 1567/2104/3840
f 1576/2105/3841 1568/2035/3733 1549/2028/3704
f 1545/2092/3842 1541/2057/3842 1528/2030/3842
f 1533/2079/3843 1574/2081/3843 1572/2106/3843
f 1543/2071/3844 1556/2094/3845 1583/2107/3846
f 1585/2108/3847 1562/2085/3848 1551/2082/3849
f 1493/2007/3663 1569/2091/3850 1536/2054/3753
f 1545/2109/3851 1550/2110/3851 1571/2111/3851
f 1543/2071/3844 1583/2107/3846 1555/2065/3852
f 1541/2099/3831 1545/2109/3853 1544/2056/3782
f 1575/2036/3854 1522/2038/3854 1565/2100/3854
f 1555/2065/3855 1583/2107/3855 1586/2112/3855
f 1563/2095/3856 1547/2066/3857 1577/2113/3858
f 1566/2114/3859 1552/2115/3859 1573/2116/3859
f 1573/2117/3860 1552/2083/3860 1559/2101/3860
f 1557/2087/3810 1509/2060/3669 1567/2104/3840
f 1564/2059/3811 1560/2089/3812 1587/2118/3861
f 1597/2119/3862 1569/2091/3815 1544/2056/3755
f 1533/2079/3863 1580/2120/3864 1550/2121/3865
f 1555/2065/3835 1586/2112/3866 1565/2100/3836
f 1547/2066/3823 1566/2114/3798 1577/2113/3867
f 1554/2103/3839 1557/2087/3810 1567/2104/3840
f 1597/2119/3868 1544/2056/3782 1545/2109/3853
f 1579/2122/3869 1550/2121/3870 1580/2120/3871
f 1533/2079/3863 1572/2106/3872 1580/2120/3864
f 1562/2085/3848 1585/2108/3847 1556/2094/3873
f 1551/2082/3874 1563/2095/3875 1585/2108/3876
f 1566/2114/3798 1573/2116/3877 1577/2113/3867
f 1567/2104/3878 1509/2060/3731 1564/2059/3760
f 1578/2123/3879 1536/2097/3753 1569/2124/3850
f 1567/2104/3840 1596/2125/3880 1559/2102/3838
f 1559/2102/3838 1596/2125/3880 1573/2126/3881
f 1576/2105/3882 1549/2028/3761 1536/2097/3828
f 1597/2119/3868 1545/2109/3853 1571/2111/3883
f 1550/2121/3884 1579/2122/3885 1582/2127/3886
f 1574/2081/3887 1539/2063/3888 1584/2128/3889
f 1539/2063/3758 1542/2062/3766 1599/2129/3890
f 1575/2036/3786 1565/2100/3891 1600/2130/3892
f 1595/2131/3893 1585/2108/3876 1563/2095/3875
f 1576/2105/3882 1536/2097/3828 1578/2123/3894
f 1575/2036/3786 1600/2130/3892 1542/2062/3787
f 1583/2107/3846 1556/2094/3845 1585/2108/3895
f 1567/2104/3878 1564/2059/3760 1587/2118/3896
f 1572/2106/3897 1574/2081/3897 1584/2128/3897
f 1590/2132/3898 1591/2133/3899 1586/2112/3866
f 1591/2133/3899 1565/2100/3836 1586/2112/3866
f 1583/2107/3846 1585/2108/3895 1589/2134/3900
f 1594/2135/3901 1589/2134/3902 1585/2108/3903
f 1595/2131/3893 1563/2095/3875 1592/2136/3904
f 1563/2095/3856 1577/2113/3858 1592/2136/3905
f 1577/2137/3906 1573/2126/3881 1596/2125/3880
f 1633/2138/3907 1568/2035/3733 1576/2105/3841
f 1591/2133/3899 1590/2139/3908 1565/2100/3836
f 1565/2100/3909 1590/2139/3909 1593/2140/3909
f 1590/2132/3910 1586/2112/3911 1593/2140/3912
f 1593/2140/3912 1586/2112/3911 1600/2130/3913
f 1584/2128/3889 1539/2063/3888 1599/2129/3914
f 1565/2100/3891 1593/2140/3915 1600/2130/3892
f 603/2141/3916 1598/2142/3916 1583/2143/3916
f 1585/2108/3903 1595/2131/3917 1594/2135/3901
f 1587/2118/3861 1560/2089/3812 1628/2144/3918
f 1571/2145/3919 1550/2121/3920 1582/2127/3921
f 1586/2112/3911 1603/2146/3922 1600/2130/3913
f 1586/2112/3923 1583/2107/3923 1598/2147/3923
f 1578/2123/3879 1569/2124/3850 1622/2148/3924
f 1580/2120/3871 1601/2149/3925 1579/2122/3869
f 1599/2129/3926 1542/2062/3787 1600/2130/3892
f 603/2150/3927 1583/2107/3927 1589/2134/3927
f 1653/2151/3928 1596/2125/3929 1567/2104/3930
f 1560/2089/3827 1568/2035/3718 1628/2144/3931
f 1582/2127/3886 1579/2122/3885 1621/2152/3932
f 1598/2142/3933 603/2141/3933 602/2153/3933
f 1576/2105/3934 1654/2154/3935 1633/2138/3936
f 1576/2105/3882 1578/2123/3894 1654/2154/3937
f 1601/2149/3925 1580/2120/3871 1572/2106/3938
f 1605/2155/3939 1606/2156/3939 1613/2157/3939
f 1606/2156/3940 1605/2155/3940 1607/2158/3940
f 1605/2155/3941 1604/2159/3941 1607/2158/3941
f 1607/2158/3942 1604/2159/3943 1608/2160/3944
f 1604/2159/3943 1609/2161/2088 1608/2160/3944
f 1609/2162/3945 1604/2159/3946 1610/2163/3947
f 1604/2159/3946 1605/2155/3948 1610/2163/3947
f 1610/2163/3949 1605/2155/3950 1611/2164/3951
f 1614/2165/3952 1605/2155/3952 1613/2157/3952
f 1612/2166/3953 1606/2156/3953 1607/2158/3953
f 1607/2158/3954 1608/2160/3955 1611/2164/3951
f 1608/2160/3955 1609/2167/3956 1611/2164/3951
f 1609/2167/3956 1610/2163/3949 1611/2164/3951
f 1611/2164/3957 1605/2155/3957 1614/2165/3957
f 1607/2158/3958 1611/2164/3958 1616/2168/3958
f 1615/2169/3959 1614/2165/3960 1613/2157/3961
f 1611/2164/3962 1614/2165/3962 1618/2170/3962
f 602/2153/3963 603/2141/3963 1629/2171/3963
f 1592/2172/3964 1577/2137/3906 1596/2125/3880
f 1599/2129/3914 1602/2173/3965 1584/2128/3889
f 1615/2169/3959 1613/2157/3961 1617/2174/3966
f 1567/2104/3878 1587/2118/3896 1653/2151/3967
f 1603/2146/3922 1586/2112/3911 1598/2147/3968
f 1612/2166/3969 1607/2158/3970 1616/2168/3971
f 1589/2134/3902 1594/2135/3901 1627/2175/3972
f 1595/2131/3973 1592/2136/3974 1594/2135/3975
f 1628/2144/3931 1568/2035/3718 1624/2176/3976
f 1674/2177/3977 1569/2091/3815 1597/2119/3862
f 1571/2145/3919 1582/2127/3921 1621/2152/3978
f 1579/2122/3885 1601/2149/3979 1621/2152/3932
f 1613/2157/3980 1606/2156/3980 1630/2178/3980
f 1630/2178/3981 1606/2156/3981 1612/2166/3981
f 1615/2169/3982 602/2153/3982 1629/2171/3982
f 603/2150/3983 1589/2134/3984 1627/2175/3985
f 1599/2129/3986 1658/2179/3986 1602/2173/3986
f 1658/2179/3987 1599/2129/3926 1600/2130/3892
f 1625/2180/3988 1615/2169/3959 1617/2174/3966
f 1612/2166/3969 1616/2168/3971 1623/2181/3989
f 1614/2165/3990 1629/2171/3990 1618/2170/3990
f 1568/2035/3733 1633/2138/3907 1624/2176/3991
f 1622/2148/3992 1569/2124/3815 1674/2182/3977
f 1600/2130/3993 1603/2146/3994 1631/2183/3995
f 1614/2165/3996 1615/2169/3996 1629/2171/3996
f 1653/2151/3997 1587/2118/3998 1663/2184/3999
f 1627/2175/4000 1594/2135/3975 1592/2136/3974
f 1663/2184/4001 1587/2118/3861 1628/2144/3918
f 1631/2183/3995 1603/2146/3994 1626/2185/4002
f 1626/2186/4003 1603/2187/3922 1598/2142/3968
f 1625/2180/4004 602/2153/4005 1615/2169/4006
f 1617/2174/4007 1613/2157/4007 1630/2178/4007
f 1616/2168/4008 1611/2164/4009 1618/2170/4010
f 1571/2111/3883 1674/2177/4011 1597/2119/3868
f 1634/2188/4012 1571/2145/3919 1621/2152/3978
f 1631/2183/4013 1658/2179/4013 1600/2130/4013
f 1612/2166/4014 1659/2189/4014 1630/2178/4014
f 1659/2189/4015 1612/2166/4016 1623/2181/4017
f 1596/2125/3929 1653/2151/3928 1650/2190/4018
f 1654/2154/4019 1578/2123/4020 1622/2148/4021
f 1637/2191/4022 1636/2192/4023 1638/2193/4024
f 1639/2194/4025 1638/2193/4024 1636/2192/4023
f 1642/2195/4026 1636/2196/4026 1637/2197/4026
f 1641/2198/4027 1639/2194/4027 1636/2192/4027
f 1636/2196/4028 1642/2195/4028 1640/2199/4028
f 1638/2193/4029 1639/2194/4030 1645/2200/4031
f 1641/2201/4032 1636/2196/4032 1640/2199/4032
f 1637/2191/4033 1638/2193/4034 1643/2202/4035
f 1644/2203/4036 1638/2193/4029 1645/2200/4031
f 1635/2204/4037 1644/2203/4037 1645/2200/4037
f 1645/2200/4038 1639/2194/4038 1641/2198/4038
f 1646/2205/4039 1642/2195/4040 1647/2206/4041
f 1642/2195/4042 1637/2197/4042 1647/2206/4042
f 1640/2199/4043 1642/2195/4040 1646/2205/4039
f 1644/2203/4044 1635/2204/4044 1648/2207/4044
f 1647/2206/4045 1637/2197/4045 1643/2208/4045
f 1643/2202/4035 1638/2193/4034 1644/2203/4046
f 1598/2142/3968 602/2153/4047 1626/2186/4003
f 1592/2172/3964 1596/2125/3880 1650/2190/4048
f 1674/2209/4011 1571/2145/3883 1634/2188/4049
f 1621/2152/4050 1601/2149/4051 1651/2210/4052
f 1601/2149/3925 1572/2106/3938 1652/2211/4053
f 1572/2106/4054 1584/2128/4055 1652/2211/4056
f 1584/2128/4057 1602/2173/4058 1635/2212/4059
f 1602/2213/4058 1648/2207/4060 1635/2204/4059
f 603/2150/3983 1627/2175/3985 1660/2214/4061
f 1623/2181/4062 1616/2168/4063 1662/2215/4064
f 1649/2216/4065 1616/2168/4008 1618/2170/4010
f 1664/2217/4066 1654/2154/4019 1622/2148/4021
f 1656/2218/4067 1601/2149/3925 1652/2211/4053
f 1635/2204/4068 1645/2200/4068 1657/2219/4068
f 1648/2207/4069 1602/2213/4069 1658/2220/4069
f 1625/2180/4070 1617/2174/4071 1630/2178/4072
f 1616/2168/4073 1649/2216/4073 1662/2215/4073
f 1627/2175/4074 1592/2136/4074 1660/2214/4074
f 1622/2148/3992 1674/2182/3977 1713/2221/4075
f 1667/2222/4076 1601/2149/4077 1656/2218/4078
f 1645/2200/4079 1641/2198/4080 1657/2219/4081
f 1678/2223/4082 1641/2201/4082 1640/2199/4082
f 1658/2220/4083 1644/2203/4083 1648/2207/4083
f 1670/2224/4084 1658/2225/4085 1631/2226/4086
f 1659/2227/4015 1623/2228/4017 1665/2229/4087
f 1624/2176/3976 1663/2184/4088 1628/2144/3931
f 1601/2149/4051 1667/2222/4089 1672/2230/4090
f 1652/2211/4056 1584/2128/4055 1635/2212/4091
f 1643/2202/4092 1644/2203/4092 1658/2220/4092
f 1670/2224/4093 1631/2226/4094 1671/2231/4095
f 1626/2186/4096 602/2153/4005 1625/2180/4004
f 1618/2170/4097 1629/2171/4097 1649/2216/4097
f 1601/2149/4051 1672/2230/4090 1651/2210/4052
f 1678/2223/4098 1640/2199/4098 1646/2205/4098
f 1647/2206/4099 1643/2208/4100 1669/2232/4101
f 1631/2183/4102 1626/2185/4103 1668/2233/4104
f 1626/2234/4105 1625/2235/4070 1679/2236/4106
f 1679/2236/4106 1625/2235/4070 1630/2237/4072
f 1622/2148/4107 1713/2221/4108 1664/2217/4109
f 1652/2211/4056 1635/2212/4091 1657/2238/4110
f 1657/2239/4081 1641/2201/4080 1678/2223/4111
f 1671/2240/4112 1631/2183/4112 1668/2233/4112
f 1629/2171/4113 603/2141/4114 1649/2216/4115
f 1649/2216/4115 603/2141/4114 1660/2241/4116
f 1634/2188/4117 1621/2152/4118 1651/2210/4119
f 1646/2205/4120 1647/2206/4120 1669/2232/4120
f 1626/2234/4103 1661/2242/4121 1673/2243/4122
f 1679/2236/4123 1630/2237/4123 1659/2227/4123
f 1659/2227/4015 1665/2229/4087 1676/2244/4124
f 1665/2229/4125 1623/2228/4062 1662/2245/4064
f 1660/2246/4126 1592/2172/3964 1650/2190/4048
f 1678/2223/4127 1646/2205/4127 1669/2232/4127
f 1626/2234/4105 1679/2236/4106 1661/2242/4128
f 1666/2247/4129 1662/2245/4130 1649/2248/4131
f 1675/2249/4132 1671/2240/4133 1668/2233/4134
f 1668/2233/4104 1626/2185/4103 1673/2250/4122
f 1682/2251/4135 1649/2216/4131 1660/2241/4136
f 1633/2138/3936 1654/2154/3935 1685/2252/4137
f 1643/2208/4100 1658/2225/4085 1669/2232/4101
f 1662/2245/4064 1666/2247/4138 1665/2229/4125
f 1691/2253/4139 1653/2151/3997 1663/2184/3999
f 1673/2243/4140 1661/2242/4141 1689/2254/4142
f 1650/2190/4143 1653/2151/3997 1691/2253/4139
f 1651/2210/4119 1672/2230/4144 1634/2188/4117
f 1681/2255/4145 1661/2242/4141 1679/2236/4146
f 1674/2209/4011 1634/2188/4049 1680/2256/4147
f 1652/2211/4053 1657/2238/4081 1656/2218/4067
f 1682/2257/4148 1660/2246/4126 1650/2190/4048
f 1624/2176/3991 1633/2138/3907 1714/2258/4149
f 1634/2188/4150 1672/2230/4151 1680/2256/4152
f 1689/2254/4142 1661/2242/4141 1681/2255/4145
f 1649/2248/4131 1682/2259/4135 1666/2247/4129
f 1654/2154/4019 1664/2217/4066 1694/2260/4153
f 1680/2261/4152 1672/2262/4151 1686/2263/4154
f 1667/2264/4076 1656/2265/4078 1695/2266/4155
f 1656/2265/4067 1657/2239/4081 1678/2223/4111
f 1670/2224/4093 1671/2231/4095 1688/2267/4156
f 1688/2267/4156 1671/2231/4095 1675/2268/4157
f 1679/2236/4158 1659/2227/4158 1676/2244/4158
f 1678/2223/4159 1669/2232/4159 1690/2269/4159
f 1669/2232/4160 1670/2224/4093 1688/2267/4156
f 1718/2270/4161 1682/2257/4148 1650/2190/4048
f 1712/2271/4162 1685/2252/4137 1654/2154/3935
f 1658/2225/4085 1670/2224/4084 1669/2232/4101
f 1708/2272/4163 1709/2273/4164 1693/2274/4165
f 1693/2275/4165 1709/2276/4164 1692/2277/4166
f 1718/2270/4167 1650/2190/4143 1691/2253/4139
f 1714/2258/4149 1633/2138/3907 1685/2252/4168
f 1694/2260/4169 1664/2217/4109 1713/2221/4108
f 1689/2278/4170 1681/2279/4171 1709/2276/4172
f 1681/2279/4171 1692/2277/4173 1709/2276/4172
f 1666/2247/4138 1727/2280/4174 1693/2281/4175
f 1679/2236/4176 1676/2244/4177 1692/2282/4178
f 1665/2229/4125 1666/2247/4138 1693/2281/4175
f 1681/2255/4179 1679/2236/4176 1692/2282/4178
f 1696/2283/4180 1693/2281/4165 1692/2284/4166
f 1676/2244/4181 1665/2229/4182 1697/2285/4183
f 1696/2283/4184 1665/2229/4125 1693/2281/4175
f 1696/2283/4180 1692/2284/4166 1698/2286/4185
f 1692/2282/4186 1676/2244/4181 1697/2285/4183
f 1697/2285/4187 1665/2229/4187 1696/2283/4187
f 1698/2287/4188 1692/2282/4186 1697/2285/4183
f 1696/2288/4189 1699/2289/4190 1697/2290/4191
f 1697/2290/4192 1700/2291/4193 1698/2292/4194
f 1699/2289/4195 1696/2288/4196 1701/2293/4197
f 1701/2293/4197 1696/2288/4196 1698/2294/4198
f 1698/2292/4194 1700/2291/4193 1702/2295/4199
f 1703/2296/4200 1700/2291/4200 1697/2290/4200
f 1701/2297/4201 1698/2298/4201 1702/2299/4201
f 1702/2295/4202 1700/2291/4203 1704/2300/4204
f 1704/2300/4205 1700/2291/4205 1705/2301/4205
f 1705/2301/4206 1700/2291/4206 1703/2296/4206
f 1703/2296/4207 1697/2290/4191 1699/2289/4190
f 1704/2300/4208 1705/2301/4208 1707/2302/4208
f 1704/2300/4209 1707/2302/4209 601/2303/4209
f 1706/2304/4210 1701/2297/4211 1702/2299/4212
f 1701/2293/4213 1708/2272/4214 1699/2289/4215
f 1708/2272/4214 1701/2293/4213 1709/2273/4216
f 1710/2305/4217 1702/2295/4202 1704/2300/4204
f 1706/2304/4210 1702/2299/4212 1710/2306/4218
f 1663/2184/4088 1624/2176/3976 1714/2258/4219
f 1694/2260/4153 1712/2271/4220 1654/2154/4019
f 1713/2221/4075 1674/2182/3977 1723/2307/4221
f 1695/2266/4222 1656/2265/4222 1678/2223/4222
f 1668/2308/4134 1715/2309/4223 1675/2310/4132
f 1720/2311/4224 601/2303/4224 1707/2302/4224
f 1703/2296/4207 1699/2289/4190 1711/2312/4225
f 1733/2313/4226 1691/2253/4227 1663/2184/4228
f 1686/2263/4229 1672/2262/4230 1667/2264/4231
f 1688/2314/4232 1675/2310/4233 1715/2309/4234
f 1707/2302/4235 1705/2301/4235 1728/2315/4235
f 1711/2312/4236 1699/2289/4236 1717/2316/4236
f 1699/2289/4237 1708/2272/4237 1717/2316/4237
f 1708/2272/4238 1693/2274/4238 1727/2317/4238
f 1666/2247/4129 1682/2259/4135 1718/2318/4239
f 1719/2319/4240 1701/2297/4241 1706/2304/4242
f 1705/2301/4243 1703/2296/4243 1728/2315/4243
f 1674/2209/4011 1680/2256/4147 1723/2320/4244
f 1688/2314/4232 1715/2309/4234 1721/2321/4245
f 1673/2322/4246 1689/2278/4247 1722/2323/4248
f 1704/2300/4249 601/2303/4250 1710/2305/4251
f 1695/2266/4252 1678/2223/4252 1690/2269/4252
f 1669/2232/4253 1688/2267/4253 1690/2269/4253
f 1673/2322/4246 1724/2324/4254 1668/2308/4134
f 1689/2278/4170 1709/2276/4172 1722/2323/4255
f 1709/2276/4256 1701/2297/4241 1719/2319/4240
f 1710/2305/4251 601/2303/4250 1720/2311/4257
f 1720/2325/4258 1828/2326/4258 1725/2327/4258
f 1726/2328/4259 1708/2272/4259 1727/2317/4259
f 1727/2280/4174 1666/2247/4138 1718/2318/4260
f 1733/2313/4226 1663/2184/4088 1714/2258/4219
f 1690/2329/4261 1688/2314/4262 1721/2321/4263
f 1708/2272/4264 1726/2328/4264 1717/2316/4264
f 1732/2330/4265 1694/2260/4169 1713/2221/4108
f 1715/2309/4223 1668/2308/4134 1724/2324/4254
f 1724/2324/4254 1673/2322/4246 1722/2323/4248
f 1722/2323/4266 1709/2276/4256 1719/2319/4240
f 1719/2319/4267 1706/2304/4267 1710/2306/4267
f 1667/2264/4268 1695/2266/4269 1730/2331/4270
f 1695/2266/4271 1690/2269/4272 1730/2331/4273
f 1710/2306/4274 1720/2325/4274 1731/2332/4274
f 1720/2325/4275 1725/2327/4275 1731/2332/4275
f 1707/2302/4276 1725/2333/4276 1828/2334/4276
f 1703/2296/4207 1711/2312/4225 1728/2315/4277
f 1732/2330/4278 1713/2221/4075 1723/2307/4221
f 1723/2335/4279 1686/2263/4229 1667/2264/4231
f 1721/2321/4245 1715/2309/4234 1724/2324/4280
f 1725/2333/4281 1707/2302/4281 1728/2315/4281
f 1711/2312/4282 1717/2316/4282 1726/2328/4282
f 600/2336/4283 1727/2280/4283 1718/2318/4283
f 1723/2335/4244 1680/2261/4147 1686/2263/4284
f 1722/2323/4266 1719/2319/4240 1724/2324/4285
f 1730/2331/4273 1690/2269/4272 1735/2337/4286
f 1721/2321/4245 1724/2324/4280 1737/2338/4287
f 1726/2328/4288 1727/2317/4289 600/2339/4290
f 1736/2340/4291 1718/2270/4167 1691/2253/4139
f 1725/2333/4292 1728/2315/4292 1738/2341/4292
f 1728/2315/4277 1711/2312/4225 1726/2328/4288
f 600/2336/4293 1718/2318/4167 1736/2342/4291
f 1736/2340/4294 1691/2253/4227 1733/2313/4226
f 1741/2343/4295 1719/2319/4296 1710/2306/4297
f 1728/2315/4277 1726/2328/4288 600/2339/4290
f 1690/2329/4261 1721/2321/4263 1735/2344/4298
f 1721/2321/4263 1737/2338/4299 1735/2344/4298
f 1710/2306/4300 1731/2332/4301 1741/2343/4302
f 1714/2258/4149 1685/2252/4168 3114/2345/4303
f 1685/2252/4137 1712/2271/4162 3114/2345/4304
f 1738/2341/4305 600/2339/4306 1739/2346/4307
f 1734/2347/4308 1712/2271/4220 1694/2260/4153
f 1741/2343/4302 1731/2332/4301 1808/2348/4309
f 1738/2341/4310 1728/2315/4310 600/2339/4310
f 1724/2324/4280 1719/2319/4296 1741/2343/4295
f 1731/2332/4311 1725/2327/4311 1808/2348/4311
f 1725/2327/4312 1738/2349/4313 1808/2348/4314
f 1739/2346/4315 600/2339/4293 1736/2350/4291
f 1740/2351/4316 1730/2331/4273 1735/2337/4286
f 1742/2352/4317 1786/2353/4318 1772/2354/4319
f 1749/2355/4320 1746/2356/4321 1745/2357/4322
f 1746/2356/4321 1749/2355/4320 1751/2358/4323
f 1757/2359/4324 1745/2357/4324 1747/2360/4324
f 1745/2357/4322 1746/2356/4321 1747/2360/4325
f 1748/2361/4326 1749/2355/4326 1759/2362/4326
f 1749/2355/4327 1745/2357/4327 1759/2362/4327
f 1757/2359/4328 1747/2360/4328 1752/2363/4328
f 1744/2364/4329 1747/2360/4330 1750/2365/4331
f 1750/2365/4332 1747/2360/4333 1746/2356/4334
f 1744/2364/4335 1750/2365/4336 1743/2366/4337
f 1753/2367/4338 1749/2355/4339 1748/2361/4340
f 1752/2363/4341 1747/2360/4330 1744/2364/4329
f 1753/2367/4342 1748/2361/4342 1754/2368/4342
f 1744/2364/4343 1743/2366/4343 1758/2369/4343
f 1777/2370/4344 1749/2355/4339 1753/2367/4338
f 1754/2368/4345 1748/2361/4345 1755/2371/4345
f 1764/2372/4346 1748/2361/4347 1759/2362/4348
f 1750/2365/4332 1746/2356/4334 1761/2373/4349
f 1761/2373/4349 1746/2356/4334 1751/2358/4350
f 1745/2357/4351 1757/2359/4351 1759/2362/4351
f 1756/2374/4352 1757/2359/4352 1752/2363/4352
f 1749/2355/4320 1777/2370/4353 1751/2358/4323
f 1743/2366/4337 1750/2365/4336 1761/2373/4354
f 1762/2375/4355 1758/2369/4356 1772/2354/4357
f 1769/2376/4358 1743/2366/4337 1761/2373/4354
f 1754/2368/4359 1755/2371/4359 1765/2377/4359
f 1755/2371/4360 1748/2361/4361 1764/2372/4362
f 1760/2378/4363 1752/2363/4363 1744/2364/4363
f 1744/2364/4364 1758/2369/4364 1767/2379/4364
f 1772/2354/4357 1758/2369/4356 1743/2366/4365
f 1763/2380/4366 1755/2371/4360 1764/2372/4362
f 1780/2381/4367 1754/2368/4368 1781/2382/4369
f 1781/2382/4369 1754/2368/4368 1765/2377/4370
f 1759/2362/4371 1757/2359/4372 1766/2383/4373
f 1755/2371/4374 1763/2380/4375 1770/2384/4376
f 1774/2385/4377 1756/2374/4378 1752/2363/4379
f 1774/2385/4377 1752/2363/4379 1760/2378/4380
f 1772/2354/4357 1743/2366/4365 1769/2376/4381
f 1754/2368/4382 1780/2381/4383 1753/2367/4384
f 1765/2377/4385 1755/2371/4385 1782/2386/4385
f 1782/2386/4386 1755/2371/4374 1770/2384/4376
f 1766/2383/4373 1757/2359/4372 1756/2374/4387
f 1767/2379/4388 1758/2369/4388 1768/2387/4388
f 1771/2388/4389 1762/2375/4389 1772/2354/4389
f 1760/2378/4390 1744/2364/4391 1767/2379/4392
f 1758/2369/4356 1762/2375/4355 1768/2387/4393
f 1775/2389/4394 1771/2390/4394 1772/2391/4394
f 1773/2392/4395 1781/2382/4396 1784/2393/4397
f 1784/2393/4397 1781/2382/4396 1765/2377/4398
f 1770/2384/4399 1763/2380/4399 1764/2372/4399
f 1707/2394/4400 1756/2374/4401 1774/2385/4402
f 1768/2387/4403 1762/2375/4403 1771/2388/4403
f 1778/2395/4404 1771/2390/4404 1775/2389/4404
f 1761/2373/4349 1751/2358/4350 1779/2396/4405
f 1765/2377/4398 1782/2386/4406 1784/2393/4397
f 1772/2354/4319 1786/2353/4318 1785/2397/4407
f 1786/2353/4408 1742/2352/4408 1787/2398/4408
f 1769/2376/4358 1761/2373/4354 1779/2396/4409
f 1779/2396/4405 1751/2358/4350 1789/2399/4410
f 1777/2370/4411 1753/2367/4384 1780/2381/4383
f 1773/2392/4412 1784/2393/4413 1846/2400/4414
f 1766/2383/4373 1756/2374/4387 1707/2394/4415
f 1775/2401/4416 1772/2354/4416 1788/2402/4416
f 1772/2354/4417 1785/2397/4417 1788/2402/4417
f 1788/2402/4418 1785/2403/4418 1742/2352/4418
f 1785/2403/4419 1786/2404/4420 1742/2352/4421
f 1809/2405/4422 1759/2362/4422 1766/2383/4422
f 1775/2401/4423 1788/2402/4424 1742/2352/4425
f 1784/2393/4426 1782/2386/4427 1790/2406/4428
f 1782/2386/4429 1770/2384/4429 1791/2407/4429
f 1770/2384/4430 1764/2372/4430 1791/2407/4430
f 1835/2408/4431 1751/2358/4432 1777/2370/4433
f 1790/2406/4428 1782/2386/4427 1791/2407/4434
f 1828/2409/4435 1766/2383/4436 1707/2394/4437
f 1767/2379/4438 1768/2387/4438 1792/2410/4438
f 1772/2354/4439 1769/2376/4440 1742/2352/4441
f 1780/2381/4442 1781/2382/4442 1773/2392/4442
f 1846/2400/4414 1784/2393/4413 1790/2406/4443
f 1764/2372/4444 1809/2405/4444 1791/2407/4444
f 1764/2372/4346 1759/2362/4348 1809/2405/4445
f 1774/2385/4446 1760/2378/4390 1810/2411/4447
f 1760/2378/4390 1767/2379/4392 1810/2411/4447
f 1805/2412/4448 1779/2396/4405 1789/2399/4410
f 1796/2413/4449 1795/2414/4450 1800/2415/4451
f 1794/2416/4452 1796/2417/4449 1800/2418/4451
f 1796/2417/4453 1794/2416/4453 1797/2419/4453
f 1798/2420/4454 1795/2414/4455 1799/2421/4456
f 1799/2421/4456 1795/2414/4455 1801/2422/4457
f 1795/2414/4458 1796/2413/4458 1801/2422/4458
f 1803/2423/4459 1794/2416/4459 1800/2418/4459
f 1800/2415/4460 1795/2414/4461 1812/2424/4462
f 1812/2424/4462 1795/2414/4461 1798/2420/4463
f 1801/2422/4464 1796/2413/4465 1802/2425/4466
f 1796/2417/4467 1797/2419/4467 1802/2426/4467
f 1804/2427/4468 1801/2422/4464 1802/2425/4466
f 1797/2419/4469 1794/2416/4470 1803/2423/4471
f 1799/2421/4472 1801/2422/4473 1804/2427/4474
f 1803/2423/4475 1805/2412/4475 1789/2399/4475
f 1802/2426/4476 1797/2419/4477 1806/2428/4478
f 1797/2419/4469 1803/2423/4471 1806/2428/4479
f 1789/2399/4480 1751/2358/4432 1835/2408/4431
f 1739/2346/4307 1791/2429/4481 1809/2430/4482
f 1723/2335/4483 1667/2264/4268 1730/2331/4270
f 1735/2344/4298 1737/2338/4299 1807/2431/4484
f 1737/2338/4287 1724/2324/4280 1741/2343/4295
f 1768/2387/4485 1771/2388/4485 1792/2410/4485
f 1742/2352/4441 1769/2376/4440 1811/2432/4486
f 1805/2412/4487 1803/2423/4488 1800/2418/4489
f 3114/2345/4304 1712/2271/4162 1734/2347/4490
f 1734/2347/4308 1694/2260/4153 1813/2433/4491
f 1813/2433/4492 1694/2260/4169 1732/2330/4265
f 1738/2341/4305 1739/2346/4307 1809/2430/4482
f 1792/2434/4493 1771/2390/4494 1778/2395/4495
f 1769/2376/4358 1779/2396/4409 1829/2435/4496
f 1846/2400/4497 1790/2406/4497 1827/2436/4497
f 1723/2307/4221 3127/2437/4498 1732/2330/4278
f 1737/2338/4499 1741/2343/4500 599/2438/4501
f 1807/2431/4484 1741/2343/4302 1808/2348/4309
f 1775/2401/4423 1742/2352/4425 1816/2439/4502
f 1780/2381/4503 1773/2392/4503 1855/2440/4503
f 1793/2441/4504 1846/2400/4505 1827/2436/4506
f 1739/2346/4315 1736/2350/4291 1824/2442/4507
f 1733/2313/4226 1714/2258/4219 1836/2443/4508
f 1737/2338/4499 599/2438/4501 1818/2444/4509
f 599/2438/4510 598/2445/4510 1818/2444/4510
f 598/2446/4511 599/2438/4511 1819/2447/4511
f 599/2438/4501 1741/2343/4500 1819/2447/4512
f 1707/2394/4400 1774/2385/4402 1720/2448/4513
f 1778/2395/4514 1775/2389/4515 1820/2449/4516
f 1742/2352/4425 1811/2432/4517 1816/2439/4502
f 1803/2423/4518 1789/2399/4518 1806/2428/4518
f 1827/2436/4519 1790/2406/4520 1791/2407/4521
f 1737/2338/4299 1818/2444/4522 1807/2431/4484
f 1818/2444/4522 598/2450/4523 1807/2431/4484
f 598/2450/4523 1819/2447/4524 1807/2431/4484
f 1819/2447/4524 1741/2343/4302 1807/2431/4484
f 1815/2451/4525 1778/2395/4526 1820/2449/4527
f 1798/2420/4528 1799/2421/4528 1822/2452/4528
f 1723/2335/4483 1730/2331/4270 1740/2351/4529
f 1828/2409/4435 1809/2405/4530 1766/2383/4436
f 1720/2448/4531 1774/2385/4532 1825/2453/4533
f 1820/2449/4527 1833/2454/4534 1815/2451/4525
f 1769/2376/4440 1829/2435/4535 1811/2432/4486
f 1829/2435/4496 1779/2396/4409 1826/2455/4536
f 1826/2455/4537 1779/2396/4405 1805/2412/4448
f 1805/2456/4487 1800/2415/4489 1839/2457/4538
f 1777/2370/4539 1780/2381/4539 1855/2440/4539
f 1823/2458/4540 1793/2459/4504 1827/2460/4506
f 1824/2442/4507 1791/2429/4541 1739/2346/4315
f 3127/2437/4498 1723/2307/4221 1740/2461/4542
f 1767/2379/4392 1792/2410/4543 1810/2411/4447
f 1820/2462/4516 1775/2463/4515 1816/2464/4544
f 1802/2426/4476 1806/2428/4478 1830/2465/4545
f 1835/2408/4546 1777/2370/4547 1855/2440/4548
f 3114/2345/4303 1836/2443/4549 1714/2258/4149
f 1837/2466/4550 1808/2348/4314 1738/2349/4313
f 1792/2434/4493 1778/2395/4495 1815/2451/4551
f 1800/2415/4552 1812/2424/4552 1839/2457/4552
f 1828/2467/4553 1720/2448/4554 1825/2453/4555
f 1773/2392/4412 1846/2400/4414 1855/2440/4556
f 1827/2468/4519 1791/2429/4521 1824/2442/4557
f 1736/2340/4294 1733/2313/4226 1836/2443/4508
f 1740/2469/4316 1735/2344/4286 1807/2431/4558
f 1837/2466/4550 3119/2470/4559 1808/2348/4314
f 1843/2471/4560 1844/744/4561 586/743/4562
f 1816/2439/4502 1811/2432/4517 1829/2435/4563
f 1822/2452/4564 1799/2421/4564 1849/2472/4564
f 1799/2421/4472 1834/2473/4565 1849/2472/4566
f 1799/2421/4472 1804/2427/4474 1834/2473/4565
f 1840/2474/4567 1789/2399/4480 1835/2408/4431
f 1832/2475/4568 3114/2345/4304 1734/2347/4490
f 1807/2431/4569 1808/2348/4314 3119/2470/4559
f 1837/2466/4570 1738/2349/4571 1842/2476/4572
f 1842/2477/4572 1738/2341/4571 1809/2430/4573
f 3120/2478/4574 596/750/1351 591/746/1353
f 1839/2457/4575 1812/2424/4576 1851/2479/4577
f 1812/2424/4576 1798/2420/4578 1851/2479/4577
f 1806/2428/4579 1789/2399/4580 1830/2465/4581
f 1830/2465/4581 1789/2399/4580 1840/2474/4582
f 1862/2480/4583 590/748/4583 593/749/4583
f 1820/2462/4516 1816/2464/4544 1845/2481/4584
f 1850/2482/4585 1829/2435/4496 1826/2455/4536
f 1851/2479/4586 1798/2420/4587 1822/2452/4588
f 1804/2427/4589 1802/2425/4590 1834/2473/4591
f 1846/2400/4592 1793/2441/4592 1856/2483/4592
f 597/756/4593 589/747/4594 1833/752/4595
f 1833/752/4595 1820/2462/4596 1845/2481/4597
f 592/755/4598 586/743/4599 1847/2484/4600
f 590/748/4601 1862/2480/4601 1847/2484/4601
f 597/756/4593 1833/752/4595 1845/2481/4597
f 586/743/4599 590/748/4602 1847/2484/4600
f 1816/2439/4502 1829/2435/4563 1850/2482/4603
f 1826/2485/4604 1805/2456/4487 1839/2457/4538
f 1848/2486/4605 1816/2439/4502 1850/2482/4603
f 1854/2487/4606 595/754/4606 592/755/4606
f 1839/2457/4575 1851/2479/4577 1852/2488/4607
f 1802/2426/4590 1830/2465/4608 1834/2489/4591
f 1853/2490/4609 1835/2408/4546 1855/2440/4548
f 1848/2486/4610 1845/2491/4584 1816/2439/4544
f 1835/2408/4431 1853/2490/4611 1840/2474/4567
f 1855/2440/4612 1846/2400/4612 1856/2483/4612
f 1793/2459/4613 1831/2492/4614 1856/2493/4615
f 1854/2487/4616 592/755/4616 1847/2484/4616
f 1862/2494/4617 593/2495/4617 1857/2496/4617
f 593/2495/4618 597/2497/4618 1857/2496/4618
f 1850/2498/4585 1826/2485/4536 1852/2488/4619
f 1859/2499/4620 1854/2487/4621 1847/2484/4622
f 1852/2488/4623 1826/2485/4604 1839/2457/4538
f 1830/2465/4581 1840/2474/4582 1853/2490/4624
f 1847/2484/4625 1862/2480/4625 1860/2500/4625
f 1830/2465/4608 1853/2490/4626 1834/2489/4591
f 1853/2490/4609 1855/2440/4548 1858/2501/4627
f 597/2502/4593 1845/2491/4597 1865/2503/4628
f 1858/2501/4629 1855/2440/4629 1856/2483/4629
f 1859/2499/4620 1847/2484/4622 1860/2500/4630
f 1831/2492/4631 595/754/4631 1854/2487/4631
f 1849/2472/4566 1834/2473/4565 1858/2504/4632
f 1834/2489/4591 1853/2490/4626 1858/2501/4633
f 1856/2493/4615 1831/2492/4614 1861/2505/4634
f 1851/2479/4586 1822/2452/4588 1863/2506/4635
f 1822/2452/4636 1849/2472/4636 1863/2506/4636
f 1831/2492/4637 1854/2487/4637 1861/2505/4637
f 1865/2503/4628 1845/2491/4597 1848/2486/4638
f 1848/2507/4639 1850/2498/4639 1867/2508/4639
f 1867/2508/4640 1850/2498/4585 1852/2488/4619
f 1852/2488/4607 1851/2479/4577 1867/2508/4641
f 1854/2487/4621 1859/2499/4620 1861/2505/4642
f 1857/2496/4643 597/2497/4643 1864/2509/4643
f 1866/2510/4644 1851/2479/4644 1863/2506/4644
f 1869/2511/4645 1860/2500/4646 1862/2480/4647
f 1849/2472/4566 1858/2504/4632 1863/2506/4648
f 1861/2505/4649 1859/2499/4649 1860/2500/4649
f 1871/2512/4650 1857/2496/4651 1864/2509/4652
f 1864/2509/4653 597/2497/4653 1865/2513/4653
f 1851/2479/4654 1866/2510/4655 1867/2508/4656
f 1869/2514/4657 1862/2494/4658 1870/2515/4659
f 1862/2494/4660 1857/2496/4660 1871/2512/4660
f 1867/2516/4656 1866/2517/4655 1910/2518/4661
f 1863/2506/4648 1858/2504/4632 1886/2519/4662
f 1872/2520/4663 1861/2505/4663 1860/2500/4663
f 1865/2521/4628 1848/2507/4638 1867/2508/4664
f 1858/2501/4665 1856/2483/4666 1872/2522/4667
f 1875/2523/4668 1874/2524/4668 1878/2525/4668
f 1874/2524/4669 1875/2523/4669 1876/2526/4669
f 1878/2525/4670 1874/2524/4670 1877/2527/4670
f 1875/2528/4671 1878/2529/4672 1879/2530/4673
f 1883/2531/4674 1876/2526/4674 1875/2523/4674
f 1877/2527/4675 1874/2524/4676 1888/2532/4677
f 1888/2532/4677 1874/2524/4676 1882/2533/4678
f 1874/2524/4679 1876/2526/4679 1882/2533/4679
f 1880/2534/4680 1875/2528/4671 1879/2530/4673
f 1878/2525/4681 1877/2527/4682 1879/2535/4683
f 1879/2535/4683 1877/2527/4682 1888/2532/4684
f 1883/2536/4685 1875/2528/4686 1880/2534/4687
f 1881/2537/4688 1876/2526/4688 1883/2531/4688
f 1882/2533/4689 1876/2526/4690 1881/2537/4691
f 1885/741/4692 1884/2538/4693 1881/2539/4694
f 1881/2537/4691 1884/2540/4695 1882/2533/4689
f 1902/740/1337 1885/741/1339 1881/2539/4696
f 1866/2510/4697 1863/2506/4697 1886/2519/4697
f 1869/2514/4698 1870/2515/4698 2923/2541/4698
f 1864/2509/4652 1865/2513/4699 1871/2512/4650
f 1879/2530/4700 1888/2542/4701 1886/2543/4702
f 1886/2543/4662 1858/2544/4632 1887/2545/4703
f 1856/2493/4704 1861/2505/4704 1872/2520/4704
f 1889/2546/4705 1872/2520/4706 1860/2500/4646
f 1860/2500/4646 1869/2511/4645 1889/2546/4705
f 1862/2494/4658 1871/2512/4707 1870/2515/4659
f 1866/2547/4708 1886/2543/4702 1888/2542/4701
f 1885/741/4692 581/737/4709 1890/2548/4710
f 2915/2549/4711 1881/2539/4711 1883/2536/4711
f 1872/2550/4667 1887/2545/4712 1858/2544/4665
f 1889/2551/4713 1869/2552/4714 1909/2553/4715
f 581/737/4716 577/732/4716 1890/2548/4716
f 569/675/1245 551/701/1247 1891/717/4717
f 1892/724/4718 554/708/4718 1893/2554/4718
f 389/481/4719 534/659/4719 570/725/4719
f 522/667/4720 502/2555/4721 383/479/4722
f 1900/2556/4723 575/736/4724 1894/2557/4725
f 1884/2538/4693 1885/741/4692 1890/2548/4710
f 350/434/4726 566/674/4726 568/723/4726
f 1896/2558/4727 533/665/1170 519/658/1153
f 519/658/1153 523/666/1240 1897/709/1296
f 507/649/4728 390/486/1310 570/725/1312
f 556/692/4729 544/702/4729 1898/2559/4729
f 383/479/4722 502/2555/4721 563/722/4730
f 572/728/4731 529/672/4731 1905/2560/4731
f 525/679/4732 546/693/4732 567/729/4732
f 494/626/1076 526/652/1266 574/681/4733
f 1894/2557/4725 575/736/4724 583/738/4734
f 583/738/4735 580/735/1334 584/739/1336
f 579/734/4736 581/737/4736 1902/740/4736
f 1902/740/1337 1881/2539/4696 2915/2549/4737
f 1866/2517/4708 1888/2532/4701 1910/2518/4738
f 552/705/1250 528/682/1252 1895/2561/4739
f 562/718/4740 556/692/4741 1898/2559/4742
f 567/729/4743 546/693/1243 565/704/1323
f 567/729/4743 565/704/1323 571/727/4744
f 494/626/1076 574/681/4733 531/680/4745
f 2922/2562/4746 1869/2514/4747 2923/2541/4748
f 2923/2541/4749 1870/2515/4749 1903/2563/4749
f 1865/2513/4628 1867/2516/4664 2924/2564/4750
f 1910/2518/4751 2924/2564/4750 1867/2516/4664
f 577/732/4752 576/731/4753 1899/2565/4754
f 1896/2558/4727 519/658/1153 1897/709/1296
f 1892/724/4755 1893/2554/4755 1901/2566/4755
f 529/672/4756 535/671/4757 1906/2567/4758
f 1908/2568/4759 1879/2530/4700 1886/2543/4702
f 1914/2569/4760 1912/2570/4760 1913/2571/4760
f 1913/2572/4761 1912/2573/4762 1918/2574/4763
f 1913/2572/4761 1918/2574/4763 1915/2575/4764
f 1912/2570/4765 1914/2569/4765 1916/2576/4765
f 1912/2573/4766 1916/2577/4767 1918/2574/4768
f 1917/2578/4769 1914/2569/4769 1913/2571/4769
f 1916/2576/4770 1914/2569/4770 1917/2578/4770
f 1913/2571/4771 1915/2579/4772 1920/2580/4773
f 1917/2578/4774 1913/2571/4774 1920/2580/4774
f 1915/2575/4775 1918/2574/4775 1919/2581/4775
f 1919/2581/4776 1918/2574/4776 1921/2582/4776
f 1915/2579/4772 1919/2583/4777 1920/2580/4773
f 1916/2576/4778 1917/2578/4778 1920/2580/4778
f 1923/2584/4779 1916/2577/4779 1920/2585/4779
f 1921/2582/4780 1918/2574/4780 1924/2586/4780
f 1924/2586/4781 1918/2574/4781 1923/2584/4781
f 1918/2574/4768 1916/2577/4767 1923/2584/4782
f 1920/2580/4773 1919/2583/4777 1922/2587/4783
f 1922/2587/4784 1919/2583/4784 1921/2588/4784
f 1923/2589/4785 1920/2590/4786 1925/2591/4787
f 1921/2592/4788 1924/2593/4789 1926/2594/4790
f 1920/2590/4791 1922/2595/4791 1927/2596/4791
f 1922/2595/4792 1921/2592/4788 1926/2594/4790
f 1922/2595/4792 1926/2594/4790 1927/2596/4793
f 1928/2597/4794 1923/2589/4795 1929/2598/4796
f 1920/2590/4786 1927/2596/4797 1925/2591/4787
f 1933/2599/4798 1927/2596/4799 1926/2594/4800
f 1930/2600/4801 1926/2594/4801 1924/2593/4801
f 1923/2584/4802 1928/2601/4802 1924/2586/4802
f 1923/2589/4795 1925/2591/4803 1929/2598/4796
f 1933/2599/4798 1926/2594/4800 1930/2600/4804
f 1930/2602/4805 1924/2603/4805 1931/2604/4805
f 1929/2605/4806 1925/2606/4807 1927/2607/4808
f 1931/2604/4809 1924/2603/4809 1928/2608/4809
f 1932/2609/4810 1928/2608/4810 1929/2610/4810
f 1933/2611/4811 1930/2602/4811 1934/2612/4811
f 1932/2613/4812 1929/2605/4806 1933/2614/4813
f 1929/2605/4806 1927/2607/4808 1933/2614/4813
f 1934/2612/4814 1930/2602/4814 1935/2615/4814
f 1935/2615/4815 1930/2602/4815 1931/2604/4815
f 1936/2616/4816 1928/2608/4816 1932/2609/4816
f 1937/2617/4817 1932/2613/4817 1933/2614/4817
f 1936/2618/4818 1932/2613/4818 1937/2617/4818
f 1937/2617/4819 1933/2614/4820 1934/2619/4821
f 1931/2604/4822 1928/2608/4822 1936/2616/4822
f 1936/2618/4823 1937/2617/4823 1942/2620/4823
f 1937/2617/4819 1934/2619/4821 1941/2621/4824
f 1935/2622/4825 1931/2623/4826 1943/2624/4827
f 1941/2625/4828 1934/2612/4828 1935/2615/4828
f 1943/2624/4827 1931/2623/4826 1940/2626/4829
f 1935/2622/4830 1943/2624/4830 1941/2627/4830
f 1931/2623/4831 1936/2628/4832 1940/2626/4833
f 1936/2618/4832 1944/2629/4834 1940/2630/4833
f 1944/2629/4835 1936/2618/4836 1942/2620/4837
f 1942/2620/4838 1937/2617/4838 2858/2631/4838
f 1945/2632/4839 1944/2629/4835 1942/2620/4837
f 1937/2617/4819 1941/2621/4824 2858/2631/4840
f 1945/2632/4841 1942/2620/4841 2858/2631/4841
f 1941/2627/4842 1943/2624/4842 1946/2633/4842
f 1940/2630/4843 1944/2629/4843 2823/2634/4843
f 1949/2635/4844 1950/2636/4844 1952/2637/4844
f 1954/2638/4845 1953/2639/4845 1955/2640/4845
f 1957/2641/4846 1958/2642/4846 1959/2643/4846
f 1960/2644/4847 1957/2641/4847 1962/2645/4847
f 1962/2645/4848 1957/2641/4848 1964/2646/4848
f 1958/2642/4849 1957/2641/4849 1960/2644/4849
f 1964/2647/4850 1957/2648/4850 1961/2649/4850
f 1961/2649/4851 1957/2648/4851 1959/2650/4851
f 1959/2643/4852 1958/2642/4853 1965/2651/4854
f 1960/2644/4855 1962/2645/4855 1963/2652/4855
f 1958/2642/4856 1960/2644/4857 1968/2653/4858
f 1971/2654/4859 1958/2642/4856 1968/2653/4858
f 1968/2653/4860 1960/2644/4861 1963/2652/4862
f 1958/2642/4853 1971/2654/4863 1965/2651/4854
f 1962/2645/4864 1964/2646/4865 1969/2655/4866
f 1961/2649/4867 1959/2650/4867 1966/2656/4867
f 1967/2657/4868 1959/2643/4868 1965/2651/4868
f 1964/2647/4869 1961/2649/4869 1970/2658/4869
f 1970/2658/4870 1961/2649/4871 1966/2656/4872
f 1966/2659/4873 1959/2643/4874 1967/2657/4875
f 1963/2652/4876 1962/2645/4876 1969/2655/4876
f 1971/2654/4877 1968/2653/4860 1972/2660/4878
f 1964/2647/4865 1970/2658/4879 2262/2661/4880
f 1971/2662/4881 1972/2663/4881 1973/2664/4881
f 1972/2660/4878 1968/2653/4860 1963/2652/4862
f 1969/2665/4866 1964/2647/4865 2262/2661/4880
f 1974/2666/4882 1970/2658/4870 1966/2656/4872
f 1971/2662/4883 1973/2664/4883 1976/2667/4883
f 1965/2651/4884 1977/2668/4885 1967/2657/4886
f 1980/2669/4887 1979/2670/4887 1981/2671/4887
f 2232/2672/4888 1982/2673/4889 1979/2670/4890
f 2232/2672/4888 1979/2670/4890 1980/2669/4891
f 2231/2674/4892 1983/2675/4893 2228/2676/4894
f 1979/2670/4895 2240/2677/4896 1981/2671/4897
f 2240/2677/4898 1979/2670/4899 1982/2673/4900
f 1989/2678/4901 1986/2679/4901 1987/2680/4901
f 1993/2681/4902 1990/2682/4902 1991/2683/4902
f 1990/2682/4903 1993/2681/4903 1992/2684/4903
f 1995/2685/4904 1992/2684/4904 1993/2681/4904
f 1994/2686/4905 1990/2682/4905 1992/2684/4905
f 1993/2681/4906 1991/2683/4906 1999/2687/4906
f 1991/2683/4907 1990/2682/4907 1998/2688/4907
f 1996/2689/4908 1991/2683/4909 1998/2688/4910
f 1998/2688/4911 1990/2682/4911 1994/2686/4911
f 1994/2686/4912 1992/2684/4913 1995/2685/4914
f 2112/2690/4915 1996/2691/4915 1997/2692/4915
f 2001/2693/4916 1996/2689/4908 1998/2688/4910
f 1993/2681/4917 1999/2687/4917 2000/2694/4917
f 1997/2695/4918 1996/2689/4908 2001/2693/4916
f 2003/2696/4919 1998/2688/4920 2222/2697/4921
f 2222/2697/4921 1998/2688/4920 1994/2686/4922
f 2214/2698/4923 2002/2699/4924 2222/2700/4925
f 2011/2701/4926 2013/2702/4927 2012/2703/4928
f 2013/2702/4927 2014/2704/4929 2012/2703/4928
f 2013/2705/4930 2011/2706/4931 2018/2707/4932
f 2015/2708/4933 2019/2709/4933 2021/2710/4933
f 2014/2711/4934 2013/2705/4935 2016/2712/4936
f 2016/2712/4937 2013/2705/4930 2018/2707/4932
f 2015/2708/4938 2011/2701/4939 2012/2703/4940
f 2025/2713/4941 2012/2703/4942 2010/2714/4943
f 2015/2708/4938 2012/2703/4940 2025/2713/4944
f 2018/2707/4932 2011/2706/4931 2021/2715/4945
f 2021/2710/4946 2011/2701/4946 2015/2708/4946
f 2014/2711/4934 2016/2712/4936 2020/2716/4947
f 2012/2703/4948 2014/2704/4949 2010/2714/4950
f 2020/2716/4951 2016/2712/4952 2017/2717/4953
f 2021/2718/4945 2019/2719/4954 2022/2720/4955
f 2019/2709/4956 2015/2708/4956 2025/2713/4956
f 2024/2721/4957 2010/2714/4950 2014/2704/4949
f 2010/2714/4958 2024/2721/4959 2029/2722/4960
f 2022/2720/4961 2019/2719/4961 2023/2723/4961
f 2028/2724/4962 2019/2709/4962 2025/2713/4962
f 2026/2725/4963 2016/2712/4937 2018/2707/4932
f 2027/2726/4964 2022/2720/4964 2009/2727/4964
f 2027/2726/4965 2021/2718/4945 2022/2720/4955
f 2023/2723/4966 2019/2719/4967 2032/2728/4968
f 2032/2729/4968 2019/2709/4967 2028/2724/4969
f 2029/2722/4970 2024/2721/4970 2055/2730/4970
f 2014/2704/4949 2020/2731/4971 2024/2721/4957
f 2016/2712/4972 2026/2725/4972 2030/2732/4972
f 2008/2733/4973 2022/2720/4973 2023/2723/4973
f 2025/2713/4941 2033/2734/4974 2028/2724/4975
f 2025/2713/4941 2010/2714/4943 2033/2734/4974
f 2033/2734/4976 2010/2714/4958 2029/2722/4960
f 2034/2735/4977 2027/2726/4978 2031/2736/4979
f 2027/2726/4978 2009/2727/4980 2031/2736/4979
f 2024/2721/4957 2020/2731/4971 2035/2737/4981
f 2016/2712/4952 2030/2732/4982 2017/2717/4953
f 2056/2738/4983 2033/2734/4984 2055/2730/4985
f 2018/2707/4932 2021/2715/4945 2027/2739/4965
f 2031/2736/4986 2009/2727/4986 2022/2720/4986
f 2008/2733/4987 2023/2723/4988 2032/2728/4989
f 2055/2730/4990 2024/2721/4957 2035/2737/4981
f 2018/2707/4932 2027/2739/4965 2026/2725/4963
f 2008/2740/4991 2036/2741/4991 2022/2742/4991
f 2038/2743/4992 2008/2733/4987 2032/2728/4989
f 2039/2744/4993 2030/2745/4994 2037/2746/4995
f 2046/2747/4996 2040/2748/4996 2041/2749/4996
f 2042/2750/4997 2040/2748/4997 2046/2747/4997
f 2046/2751/4998 2041/2752/4999 2045/2753/5000
f 2044/2754/5001 2043/2755/5001 2041/2752/5001
f 2045/2753/5000 2041/2752/4999 2043/2755/5002
f 2041/2749/5003 2040/2748/5003 2048/2756/5003
f 2047/2757/5004 2043/2755/5004 2044/2754/5004
f 2041/2752/5005 2048/2758/5005 2044/2754/5005
f 2040/2748/5006 2042/2750/5006 2048/2756/5006
f 2037/2746/5007 2042/2750/5008 2046/2747/5009
f 2046/2751/5010 2045/2753/5010 2049/2759/5010
f 2045/2753/5011 2043/2755/5011 2050/2760/5011
f 2043/2755/5012 2047/2757/5012 2050/2760/5012
f 2037/2746/5007 2046/2747/5009 2039/2744/5013
f 2051/2761/5014 2050/2760/5015 2047/2757/5016
f 2093/2762/5017 2042/2750/5018 2037/2746/5019
f 2034/2735/5020 2031/2736/5021 2052/2763/5022
f 2028/2724/5023 2033/2734/5023 2032/2729/5023
f 2033/2734/4984 2029/2722/5024 2055/2730/4985
f 2035/2737/5025 2020/2731/5025 2017/2764/5025
f 2030/2745/4994 2039/2744/4993 2017/2765/5026
f 2046/2747/5027 2049/2766/5028 2039/2744/5029
f 2037/2767/5030 2030/2732/5030 2026/2725/5030
f 2031/2768/5031 2022/2742/5032 2036/2741/5033
f 2031/2768/5031 2036/2741/5033 2053/2769/5034
f 2053/2769/5035 2036/2741/5036 2106/2770/5037
f 2036/2741/5036 2054/2771/5038 2106/2770/5037
f 2036/2741/5039 2008/2740/5040 2038/2772/5041
f 2055/2730/5042 2035/2737/5042 2078/2773/5042
f 2093/2762/5017 2048/2756/5043 2042/2750/5018
f 2054/2771/5044 2036/2741/5039 2038/2772/5041
f 2033/2774/4984 2056/2775/4983 2110/2776/5045
f 2044/2754/5046 2048/2758/5047 2093/2777/5048
f 2088/2778/5049 2034/2735/5020 2052/2763/5022
f 2057/2779/5050 2060/2780/5051 2061/2781/5052
f 2060/2780/5053 2057/2779/5054 2065/2782/5055
f 2062/2783/5056 2063/2784/5057 2059/2785/5058
f 2063/2784/5059 2062/2783/5060 2064/2786/5061
f 2067/2787/5062 2057/2779/5063 2059/2785/5064
f 2059/2785/5065 2063/2784/5065 2067/2787/5065
f 2065/2782/5055 2057/2779/5054 2067/2787/5066
f 2072/2788/5067 2063/2784/5068 2064/2786/5069
f 2068/2789/5070 2062/2783/5056 2059/2785/5058
f 2059/2785/5064 2057/2779/5063 2061/2781/5071
f 2092/2790/5072 2065/2782/5072 2067/2787/5072
f 2066/2791/5073 2069/2792/5073 2094/2793/5073
f 2066/2791/5074 2065/2782/5075 2092/2790/5076
f 2096/2794/5077 2069/2792/5077 2071/2795/5077
f 2063/2784/5078 2072/2788/5079 2073/2796/5080
f 2062/2783/5060 2068/2789/5081 2064/2786/5061
f 2060/2780/5051 2079/2797/5082 2061/2781/5052
f 2065/2782/5075 2066/2791/5074 2094/2793/5083
f 2069/2792/5084 2096/2794/5084 2094/2793/5084
f 2101/2798/5085 2068/2789/5085 2059/2785/5085
f 2075/2799/5086 2073/2800/5086 2076/2801/5086
f 2077/2802/5087 2052/2803/5087 2031/2804/5087
f 2056/2738/5088 2055/2730/5089 2078/2773/5090
f 2045/2753/5091 2050/2760/5092 2049/2759/5093
f 2072/2788/5067 2064/2786/5069 2074/2805/5094
f 2060/2780/5095 2065/2782/5096 2109/2806/5097
f 2071/2795/5098 2069/2792/5098 2080/2807/5098
f 2069/2792/5099 2066/2791/5099 2081/2808/5099
f 2081/2808/5100 2066/2791/5100 2092/2790/5100
f 2067/2787/5101 2063/2784/5078 2073/2796/5080
f 2067/2809/5101 2073/2800/5080 2082/2810/5102
f 2073/2800/5103 2075/2799/5103 2082/2810/5103
f 2076/2801/5086 2073/2800/5086 2083/2811/5086
f 2032/2729/5104 2033/2734/5105 2038/2812/5106
f 2056/2738/5088 2078/2773/5090 2126/2813/5107
f 2039/2744/5029 2049/2766/5028 2085/2814/5108
f 2107/2815/5109 2047/2757/5109 2087/2816/5109
f 2087/2816/5110 2047/2757/5110 2044/2754/5110
f 2026/2725/5111 2027/2739/4978 2034/2817/4977
f 2119/2818/5112 2079/2797/5113 2109/2806/5114
f 2079/2797/5115 2060/2780/5095 2109/2806/5097
f 2065/2782/5075 2094/2793/5083 2109/2806/5116
f 2007/2819/5117 2103/2820/5118 2091/2821/5119
f 2067/2809/5101 2082/2810/5102 2116/2822/5120
f 2082/2810/5121 2075/2823/5121 2116/2822/5121
f 2075/2823/5122 2076/2824/5123 2116/2822/5123
f 2076/2824/5123 2083/2811/5123 2116/2822/5123
f 2083/2811/5124 2073/2800/5124 2116/2822/5124
f 2126/2813/5125 2078/2773/5126 2084/2825/5127
f 2035/2826/5128 2017/2765/5128 2039/2744/5128
f 2037/2767/5129 2026/2725/5130 2093/2827/5131
f 2073/2796/5080 2072/2788/5079 2108/2828/5132
f 2116/2822/5133 2073/2800/5134 2052/2803/5135
f 2033/2774/5105 2110/2776/5136 2038/2772/5106
f 2026/2725/5130 2034/2817/5020 2088/2829/5049
f 2072/2788/5137 2074/2805/5138 2089/2830/5139
f 2007/2819/5140 2071/2795/5141 2080/2807/5142
f 2069/2792/5143 2081/2808/5144 2080/2807/5145
f 2031/2804/5146 2053/2831/5146 2098/2832/5146
f 2095/2833/5147 2156/2834/5148 2084/2825/5149
f 2078/2773/5126 2035/2737/5150 2099/2835/5151
f 2047/2757/5016 2107/2815/5152 2051/2761/5014
f 2088/2778/5153 2052/2763/5135 2073/2796/5134
f 2148/2836/5154 2073/2796/5080 2108/2828/5132
f 2090/2837/5155 2071/2795/5141 2007/2819/5140
f 2090/2837/5156 2007/2819/5156 2097/2838/5156
f 2038/2772/5106 2110/2776/5136 2054/2771/5157
f 2084/2825/5127 2078/2773/5126 2099/2835/5151
f 2026/2725/5130 2088/2829/5049 2093/2827/5131
f 2088/2778/5158 2073/2796/5159 2148/2836/5160
f 2100/2839/5161 2064/2786/5161 2068/2789/5161
f 2031/2804/5162 2098/2832/5162 2105/2840/5162
f 2098/2832/5163 2053/2831/5164 2124/2841/5165
f 2124/2841/5165 2053/2831/5164 2106/2842/5166
f 2044/2754/5046 2093/2777/5048 2087/2816/5167
f 2080/2843/5145 2081/2844/5144 2104/2845/5168
f 2052/2803/5135 2077/2802/5169 2116/2822/5133
f 2039/2846/5170 2085/2847/5171 2035/2737/5172
f 2085/2847/5173 2049/2759/5093 2050/2760/5092
f 2072/2788/5174 2089/2830/5175 2108/2828/5176
f 2089/2830/5139 2074/2805/5138 2117/2848/5177
f 2102/2849/5178 2094/2793/5178 2096/2794/5178
f 2096/2794/5179 2071/2795/5141 2102/2849/5180
f 2007/2819/5117 2091/2821/5119 2097/2838/5181
f 2103/2820/5118 2112/2850/5182 2091/2821/5119
f 2103/2820/5183 2007/2819/5140 2080/2807/5142
f 2092/2851/5184 2067/2809/5101 2116/2822/5120
f 2077/2802/5185 2031/2804/5186 2105/2840/5187
f 2099/2835/5188 2035/2737/5172 2085/2847/5171
f 2061/2781/5052 2079/2797/5082 2142/2852/5189
f 2120/2853/5190 2109/2806/5116 2094/2793/5083
f 2102/2849/5180 2071/2795/5141 2090/2837/5155
f 2121/2854/5191 2091/2821/5119 2112/2850/5182
f 2004/2855/5192 2112/2856/5193 2103/2857/5194
f 2105/2840/5195 2098/2832/5195 2006/2858/5195
f 2106/2770/5196 2054/2771/5157 2110/2776/5136
f 2061/2781/5071 2142/2852/5197 2059/2785/5064
f 1985/2859/5198 2094/2793/5199 2102/2849/5200
f 2090/2837/5201 2097/2838/5201 2115/2860/5201
f 2118/2861/5202 2091/2821/5202 2121/2854/5202
f 2003/2862/5203 2222/2700/4925 2002/2699/4924
f 1991/2683/5204 1996/2689/5205 1999/2687/5206
f 1996/2691/5207 2112/2690/5193 2004/2863/5192
f 2106/2770/5196 2110/2776/5136 2125/2864/5208
f 2097/2838/5209 2091/2821/5209 2118/2861/5209
f 2113/2865/5210 2006/2858/5211 2098/2832/5212
f 2110/2776/5213 2056/2775/5214 2126/2866/5215
f 2156/2834/5216 2136/2867/5217 2005/2868/5218
f 2005/2868/5219 2129/2869/5219 2128/2870/5219
f 2150/2871/5220 2136/2867/5217 2156/2834/5216
f 2074/2805/5221 2064/2786/5222 2100/2839/5223
f 2142/2852/5189 2079/2797/5082 2119/2818/5224
f 2127/2872/5225 2118/2861/5225 2121/2854/5225
f 2077/2802/5185 2105/2840/5187 2122/2873/5226
f 2122/2873/5226 2105/2840/5187 2006/2858/5227
f 2123/2874/5228 2006/2858/5228 2113/2865/5228
f 2150/2871/5220 2156/2834/5216 2095/2833/5229
f 2084/2825/5230 2099/2835/5230 2085/2847/5230
f 2085/2847/5173 2050/2760/5092 2137/2875/5231
f 2107/2815/5232 2087/2816/5232 2130/2876/5232
f 2108/2828/5176 2089/2830/5175 2131/2877/5233
f 2089/2830/5234 2117/2848/5235 2131/2877/5236
f 2068/2789/5237 2101/2798/5237 2132/2878/5237
f 2158/2879/5238 2101/2798/5238 2059/2785/5238
f 2133/2880/5239 2115/2860/5239 2097/2838/5239
f 2143/2881/5240 1997/2695/5240 2139/2882/5240
f 2124/2841/5241 2113/2865/5210 2098/2832/5212
f 2106/2842/5196 2125/2883/5208 2124/2841/5242
f 2126/2866/5243 2084/2884/5243 2125/2864/5243
f 2117/2848/5177 2074/2805/5138 2138/2885/5244
f 2120/2853/5190 2094/2793/5083 1985/2859/5245
f 2004/2855/5246 1988/2886/5247 1986/2887/5248
f 1986/2679/5249 1989/2678/5249 2144/2888/5249
f 1986/2887/5250 1988/2886/5251 2140/2889/5252
f 2006/2858/5253 2123/2874/5254 2141/2890/5255
f 2113/2865/5256 2124/2841/5256 2134/2891/5256
f 2156/2834/5216 2005/2868/5218 2128/2870/5257
f 2005/2868/5258 2136/2867/5258 2129/2869/5258
f 2093/2892/5048 2088/2778/5158 2148/2836/5160
f 2100/2839/5259 2068/2789/5259 2132/2878/5259
f 2152/2893/5260 1985/2859/5198 2102/2849/5200
f 2121/2854/5261 2112/2850/5262 2143/2894/5263
f 2112/2690/5264 1997/2692/5264 2143/2895/5264
f 2139/2882/5265 1997/2695/5265 2001/2693/5265
f 1996/2691/5205 2004/2863/5266 1999/2896/5206
f 2197/2897/5267 2144/2888/5267 1989/2678/5267
f 2103/2857/5183 2080/2843/5142 1988/2886/5247
f 2080/2843/5142 2104/2845/5268 1988/2886/5247
f 2128/2870/5269 2129/2869/5270 2161/2898/5271
f 2084/2825/5149 2085/2847/5173 2095/2833/5147
f 2137/2875/5272 2050/2760/5272 2051/2761/5272
f 2087/2899/5167 2093/2892/5048 2148/2836/5160
f 2151/2900/5273 2108/2828/5274 2131/2877/5275
f 2153/2901/5276 2090/2837/5277 2115/2860/5278
f 2003/2902/5279 2002/2903/5280 2149/2904/5281
f 2149/2904/5282 2002/2903/5283 1999/2896/5284
f 2004/2863/5285 1986/2679/5285 2144/2888/5285
f 2006/2858/5253 2141/2890/5255 2122/2873/5286
f 2123/2874/5287 2113/2865/5287 2145/2905/5287
f 2110/2776/5213 2126/2866/5215 2125/2864/5288
f 2161/2898/5271 2146/2906/5289 2128/2870/5269
f 2150/2871/5220 2095/2833/5229 2137/2875/5290
f 2095/2833/5147 2085/2847/5173 2137/2875/5231
f 2148/2836/5154 2108/2828/5132 2151/2900/5291
f 2119/2818/5112 2109/2806/5114 2120/2853/5292
f 2097/2838/5293 2118/2861/5293 2175/2907/5293
f 2127/2872/5294 2121/2854/5261 2143/2894/5263
f 2144/2888/5295 2197/2897/5296 1984/2908/5297
f 1987/2909/5298 1986/2887/5250 2140/2889/5252
f 2004/2855/5246 2103/2857/5183 1988/2886/5247
f 2104/2845/5168 2081/2844/5144 2092/2910/5299
f 2113/2865/5300 2134/2891/5300 2182/2911/5300
f 2185/2912/5301 2129/2869/5301 2756/2913/5301
f 2157/2914/5302 2101/2798/5303 2158/2879/5304
f 2059/2785/5064 2142/2852/5197 2158/2879/5305
f 2120/2853/5190 1985/2859/5245 2163/2915/5306
f 2133/2880/5307 2097/2838/5307 2175/2907/5307
f 2145/2905/5308 2113/2865/5308 2182/2911/5308
f 2147/2916/5309 2146/2906/5309 2160/2917/5309
f 2160/2917/5310 2146/2906/5310 2161/2898/5310
f 2756/2913/5311 2129/2869/5312 2136/2867/5313
f 2162/2918/5314 2150/2871/5220 2137/2875/5290
f 2142/2852/5315 2119/2818/5315 2120/2853/5315
f 1985/2859/5316 2152/2893/5316 2169/2919/5316
f 2102/2849/5317 2090/2837/5277 2153/2901/5276
f 2118/2861/5318 2127/2872/5318 2180/2920/5318
f 2077/2802/5319 2122/2873/5319 2181/2921/5319
f 2141/2890/5320 2123/2874/5320 2145/2905/5320
f 2147/2916/5321 2160/2917/5322 2164/2922/5323
f 2160/2917/5322 2165/2923/5324 2164/2922/5323
f 2165/2923/5325 2166/2924/5325 2164/2922/5325
f 2165/2925/5326 2160/2917/5326 2161/2898/5326
f 2186/2926/5327 2051/2761/5328 2107/2815/5329
f 2130/2927/5330 2087/2899/5330 2148/2836/5330
f 2132/2878/5331 2101/2798/5303 2157/2914/5302
f 2167/2928/5332 2142/2852/5332 2168/2929/5332
f 2168/2929/5333 2142/2852/5333 2120/2853/5333
f 2163/2915/5334 1985/2859/5334 2169/2919/5334
f 2116/2822/5133 2077/2802/5169 2181/2921/5335
f 2084/2884/5149 2156/2930/5148 2134/2931/5336
f 2156/2834/5216 2128/2870/5257 2171/2932/5337
f 2128/2870/5257 2146/2906/5338 2171/2932/5337
f 2146/2906/5339 2147/2916/5339 2754/2933/5339
f 2147/2916/5340 2164/2922/5341 2161/2898/5342
f 2164/2922/5343 2166/2934/5344 2161/2898/5344
f 2166/2934/5345 2165/2925/5345 2161/2898/5345
f 2162/2918/5346 2137/2875/5347 2173/2935/5348
f 2142/2852/5349 2167/2928/5350 2174/2936/5351
s 0
f 2167/2928/2908 2168/2929/2908 2174/2936/2908
s 1
f 2174/2937/5352 2168/2929/5353 2120/2853/5354
f 2152/2893/5355 2102/2849/5355 2153/2901/5355
f 2176/2938/5356 2139/2939/5356 1987/2909/5356
f 2189/2940/5357 2140/2889/5358 1988/2886/5359
f 1988/2886/5247 2104/2845/5268 2177/2941/5360
f 2768/2942/5361 2150/2871/5362 2162/2918/5363
f 2137/2875/5364 2051/2761/5364 2186/2926/5364
f 2138/2885/5365 2074/2805/5221 2100/2839/5223
f 2142/2852/5366 2174/2936/5351 2179/2943/5367
f 2179/2943/5368 2174/2937/5368 2758/2944/5368
f 2174/2937/5352 2120/2853/5354 2758/2944/5369
f 2175/2907/5370 2118/2861/5370 2180/2920/5370
f 2176/2938/5371 1987/2909/5371 2140/2889/5371
f 2181/2921/5372 2122/2873/5372 2141/2890/5372
f 2124/2841/5373 2125/2883/5373 2134/2891/5373
f 2125/2864/5374 2084/2884/5374 2134/2931/5374
f 2146/2906/5375 2754/2933/5376 2159/2945/5377
f 2136/2867/5378 2172/2946/5379 2183/2947/5380
f 2136/2867/5381 2150/2871/5382 2172/2946/5383
f 2142/2852/5366 2179/2943/5367 2758/2944/5384
f 2150/2871/5382 2768/2942/5385 2172/2946/5383
f 2148/2836/5154 2151/2900/5291 2130/2927/5386
f 2178/2948/5387 2142/2852/5388 2758/2944/5389
f 2163/2915/5390 2169/2919/5390 2188/2949/5390
f 2750/2950/5391 2152/2893/5391 2153/2901/5391
f 2180/2920/5392 2127/2872/5393 2143/2894/5394
f 2146/2906/5375 2159/2945/5377 2171/2932/5395
f 2756/2913/5311 2136/2867/5313 2183/2947/5396
f 2107/2815/5397 2130/2876/5397 2755/2951/5397
f 2142/2852/5197 2178/2948/5398 2158/2879/5305
f 2153/2901/5399 2115/2860/5400 2763/2952/5401
f 2175/2907/5402 2180/2920/5402 2193/2953/5402
f 2143/2954/5394 2139/2939/5403 2180/2955/5392
f 2140/2889/5404 2184/2956/5405 2176/2938/5406
f 2189/2940/5357 1988/2886/5359 2177/2941/5407
f 2156/2957/5408 2171/2958/5409 2198/2959/5410
f 2194/2960/5411 2189/2940/5412 2177/2941/5413
f 2215/2961/5414 2092/2910/5184 2116/2962/5120
f 2171/2932/5415 2159/2945/5416 2184/2963/5417
f 2189/2940/5418 2184/2956/5405 2140/2889/5404
f 2104/2845/5419 2092/2910/5420 2200/2964/5421
f 2116/2965/5422 2181/2966/5423 2211/2967/5424
f 2181/2921/5425 2141/2890/5425 2196/2968/5425
f 2141/2890/5426 2145/2905/5426 2196/2968/5426
f 2189/2940/5412 2194/2960/5411 1984/2969/5427
f 1987/2970/5428 2139/2882/5429 2001/2693/5430
f 1999/2896/5284 2004/2863/5431 2144/2888/5432
f 1999/2896/5284 2144/2888/5432 2149/2904/5282
f 2104/2845/5433 2200/2964/5434 2177/2941/5435
f 2177/2941/5435 2200/2964/5434 2194/2960/5436
f 2200/2964/5421 2092/2910/5420 2215/2961/5437
f 2181/2966/5423 2195/2971/5438 2211/2967/5424
f 2134/2891/5336 2156/2972/5148 2198/2973/5439
f 1998/2688/5440 2003/2696/5441 2001/2693/5430
f 2003/2696/5441 2155/2974/5442 2001/2693/5430
f 2144/2888/5295 1984/2908/5297 2194/2975/5443
f 2215/2976/5444 2116/2965/5445 2211/2967/5446
f 2195/2971/5447 2181/2966/5448 2201/2977/5449
f 2182/2911/5450 2134/2891/5336 2198/2973/5439
f 1987/2970/5428 2001/2693/5430 1989/2978/5451
f 2145/2905/5452 2182/2911/5453 2196/2968/5454
f 2003/2902/5279 2149/2904/5281 2155/2979/5455
f 2201/2977/5449 2181/2966/5448 2196/2980/5456
f 2182/2911/5453 2198/2973/5457 2196/2968/5454
f 1989/2978/5451 2001/2693/5430 2197/2981/5458
f 2001/2693/5430 2155/2974/5442 2197/2981/5458
f 2149/2904/5459 2144/2888/5460 2199/2982/5461
f 2184/2956/5417 2206/2983/5462 2171/2958/5415
f 2205/2984/5463 2203/2985/5464 2195/2971/5465
f 2204/2986/5466 2203/2985/5466 2205/2984/5466
f 2206/2983/5467 2184/2956/5468 2189/2940/5469
f 2194/2975/5470 2200/2987/5470 2144/2888/5470
f 2189/2940/5469 1984/2969/5471 2206/2983/5467
f 2206/2988/5472 1984/2989/5472 2197/2981/5472
f 2199/2982/5461 2144/2888/5460 2200/2987/5473
f 2208/2990/5474 2203/2985/5474 2204/2986/5474
f 2205/2984/5463 2195/2971/5465 2201/2977/5475
f 2202/2991/5476 2155/2979/5477 2212/2992/5478
f 2212/2992/5478 2155/2979/5477 2149/2904/5479
f 2149/2904/5479 2199/2982/5480 2212/2992/5478
f 2204/2986/5481 2205/2984/5481 2209/2993/5481
f 2205/2984/5482 2201/2977/5482 2210/2994/5482
f 2196/2980/5483 2198/2995/5483 2210/2994/5483
f 2197/2981/5458 2155/2974/5442 2202/2996/5484
f 2201/2977/5485 2196/2980/5485 2210/2994/5485
f 2195/2971/5486 2203/2985/5486 2211/2967/5486
f 2206/2988/5487 2197/2981/5458 2202/2996/5484
f 2203/2985/5488 2208/2990/5489 2211/2967/5490
f 2199/2982/5461 2200/2987/5473 2215/2997/5491
f 2171/2958/5415 2206/2983/5462 2220/2998/5492
f 2220/2999/5493 2206/2988/5487 2202/2996/5484
f 2212/2992/5494 2199/2982/5494 2215/2997/5494
f 2209/2993/5495 2205/2984/5495 2210/2994/5495
f 2198/2959/5410 2171/2958/5409 2220/2998/5496
f 2202/2991/5476 2212/2992/5478 2218/3000/5497
f 2211/2967/5490 2208/2990/5489 2223/3001/5498
f 2217/3002/5499 2212/3003/5500 2214/2698/5501
f 2216/3004/5502 2212/3003/5503 2215/2976/5504
f 2215/2976/5444 2211/2967/5446 2225/3005/5505
f 2218/3006/5506 2212/3007/5500 2217/3008/5499
f 2214/2698/5507 2212/3003/5503 2216/3004/5502
f 2208/2990/5508 2204/2986/5509 2219/3009/5510
f 2220/3010/5511 2210/2994/5512 2198/2995/5513
f 2217/3002/5514 2214/2698/5514 2222/2700/5514
f 2211/2967/5515 2223/3001/5515 2225/3005/5515
f 2220/3011/5516 2202/2991/5516 2218/3000/5516
f 1995/2685/5517 1993/2681/5517 2000/2694/5517
f 2216/3004/5518 2215/2976/5444 2225/3005/5505
f 1999/3012/5519 2002/2699/5519 2214/2698/5519
f 1994/2686/4912 1995/2685/4914 2226/3013/5520
f 2210/2994/5512 2220/3010/5511 2209/2993/5521
f 2220/3010/5522 2218/3006/5523 2221/3014/5524
f 1999/3012/5525 2214/2698/5525 2000/3015/5525
f 2214/2698/5526 2216/3004/5527 2235/3016/5528
f 2214/2698/5526 2235/3016/5528 2000/3015/5529
f 2218/3006/5523 2217/3008/5530 2221/3014/5524
f 2223/3001/5531 2208/2990/5508 2219/3009/5510
f 2204/2986/5532 2209/2993/5532 2227/3017/5532
f 2209/2993/5521 2220/3010/5511 2221/3014/5533
f 2226/3013/5534 1995/2685/5534 2000/2694/5534
f 2223/3001/5535 2229/3018/5536 2231/3019/4892
f 1982/2673/4900 1983/2675/5537 2240/2677/4898
f 1994/2686/5538 2226/3013/5538 2222/2697/5538
f 2216/3004/5539 2225/3005/5540 2230/3020/5541
f 2228/2676/4894 1983/2675/4893 1982/2673/4889
f 1983/2675/4893 2231/2674/4892 2229/3021/5536
f 2227/3017/5542 2209/2993/5521 2221/3014/5533
f 2232/2672/5543 1980/2669/5544 2242/3022/5545
f 2219/3009/5546 2204/2986/5546 2227/3017/5546
f 2230/3020/5541 2235/3016/5547 2216/3004/5539
f 2225/3005/5548 2223/3001/5548 2231/3019/5548
f 1980/2669/5549 1981/2671/5550 2234/3023/5551
f 2240/2677/4898 1983/2675/5537 2229/3021/5552
f 2242/3024/5553 1980/3025/5549 2234/3026/5551
f 2229/3018/5554 2223/3001/5554 2219/3009/5554
f 2217/3008/5555 2222/3027/5556 2239/3028/5557
f 2226/3029/5558 2000/3030/5559 2237/3031/5560
f 2230/3020/5561 2225/3005/5562 2231/3019/5563
f 2234/3023/5564 1981/2671/4897 2240/2677/4896
f 2217/3008/5555 2239/3028/5557 2236/3032/5565
f 2239/3028/5557 2222/3027/5556 2226/3029/5566
f 1982/2673/4889 2232/2672/4888 2228/2676/4894
f 2238/3033/5567 2219/3009/5567 2227/3017/5567
f 2217/3008/5555 2236/3032/5565 2221/3014/5568
f 2000/3015/5569 2235/3016/5569 2237/3034/5569
f 2238/3033/5570 2229/3018/5570 2219/3009/5570
f 2230/3035/5561 2231/2674/5563 2228/2676/5571
f 2240/2677/4898 2229/3021/5552 2238/3036/5572
f 2235/3016/5573 2230/3020/5574 2244/3037/5575
f 2242/3022/5545 2228/2676/5576 2232/2672/5543
f 2226/3029/5558 2237/3031/5560 2247/3038/5577
f 2226/3029/5558 2247/3038/5577 2239/3028/5578
f 2251/3039/5579 2228/3040/5576 2242/3024/5545
f 2251/3039/5580 2242/3024/5580 2245/3041/5580
f 2240/2677/5581 2238/3036/5581 2241/3042/5581
f 2238/3033/5582 2227/3017/5583 2246/3043/5584
f 2227/3017/5542 2221/3014/5533 2246/3043/5585
f 2221/3014/5533 2236/3032/5586 2246/3043/5585
f 2237/3044/5587 2243/3045/5588 2247/3046/5589
f 2237/3034/5590 2235/3016/5590 2244/3037/5590
f 2234/3023/5564 2240/2677/4896 2241/3042/5591
f 2236/3032/5592 2239/3028/5592 2250/3047/5592
f 2247/3046/5589 2243/3045/5588 2252/3048/5593
f 2242/3024/5594 2234/3026/5595 2249/3049/5596
f 2250/3047/5597 2246/3043/5585 2236/3032/5586
f 2253/3050/5598 2237/3044/5598 2244/3051/5598
f 2230/3052/5574 2228/3040/5576 2251/3039/5579
f 2249/3053/5599 2234/3023/5564 2241/3042/5591
f 2243/3045/5600 2237/3044/5600 2253/3050/5600
f 2245/3041/5601 1977/2668/5602 2258/3054/5603
f 2258/3054/5604 1977/2668/5604 1965/2651/5604
f 2244/3055/5575 2230/3052/5574 2251/3039/5579
f 1965/2651/5605 1971/2654/5605 2258/3054/5605
f 1963/2652/5606 1969/2655/5607 1972/2660/5608
f 1970/2658/5609 1974/2666/5609 2262/2661/5609
f 2284/3056/5610 1966/2659/4873 1967/2657/4875
f 2239/3028/5611 2247/3038/5612 2250/3047/5613
f 1971/2654/5614 1976/3057/5614 2256/3058/5614
f 2256/3059/5615 1976/3060/5616 2267/3061/5617
f 2245/3041/5618 2242/3024/5594 2257/3062/5619
f 2243/3045/5620 2253/3050/5621 1956/3063/5622
f 1977/2668/4885 2245/3041/5623 2257/3062/5624
f 2242/3024/5594 2249/3049/5596 2257/3062/5619
f 2241/3042/5625 2238/3036/5582 2246/3064/5584
f 2258/3054/5626 1971/2654/5626 2256/3058/5626
f 2267/3061/5617 1976/3060/5616 2259/3065/5627
f 2260/3066/5628 1972/2663/5608 1969/2665/5607
f 1966/2656/4872 2284/3067/5629 1974/2666/4882
f 1977/2668/4885 2257/3062/5624 1967/2657/4886
f 2252/3048/5593 2243/3045/5588 1956/3063/5630
f 2251/3039/5631 2245/3041/5601 2258/3054/5603
f 1976/3060/5616 2270/3068/5632 2259/3065/5627
f 2270/3068/5633 1976/3060/5634 1973/3069/5635
f 2247/3046/5636 2252/3048/5636 2261/3070/5636
f 2255/3071/5637 2252/3048/5593 1956/3063/5630
f 2253/3050/5638 2244/3051/5639 2263/3072/5640
f 2264/3073/748 2263/3072/748 2265/3074/748
f 2263/3072/5641 2244/3051/5641 2265/3074/5641
f 2270/3068/5633 1973/3069/5635 2260/3075/5642
f 1973/2664/5643 1972/2663/5643 2260/3066/5643
f 1969/2665/5644 2262/2661/5645 2260/3066/5646
f 2249/3053/5599 2241/3042/5591 2246/3064/5585
f 2290/3076/5647 2250/3077/5613 2247/3078/5612
f 2261/3070/5648 2252/3048/5649 2255/3071/5650
f 2253/3050/5638 2263/3072/5640 2266/3079/5651
f 2263/3072/5640 2264/3080/748 2266/3079/5651
f 2266/3079/5651 2264/3081/5652 2286/3082/5653
f 2264/3081/5652 2265/3074/5654 2286/3082/5653
f 2265/3074/5654 2244/3051/5575 2286/3082/5653
f 2269/3083/5655 2295/3084/5656 2270/3068/5632
f 2268/3085/5657 2295/3084/5656 2269/3083/5655
f 2249/3053/5599 2246/3064/5585 2250/3086/5597
f 2253/3050/5638 2266/3079/5651 2286/3082/5653
f 1967/2657/5658 2257/3062/5659 2284/3056/5660
f 2257/3062/5661 2249/3049/5662 2275/3087/5663
f 2290/3088/5664 2247/3046/5665 2261/3070/5666
f 2267/3061/5667 2273/3089/5668 2256/3059/5669
f 2258/3090/5670 2256/3059/5670 2273/3089/5670
f 2277/3091/5671 2269/3083/5672 2278/3092/5673
f 2278/3092/5673 2269/3083/5672 2270/3068/5633
f 2276/3093/5674 2253/3050/5638 2286/3082/5653
f 2280/3094/5675 2259/3065/5627 2270/3068/5632
f 2281/3095/5676 2295/3084/5677 2268/3085/5678
f 2268/3085/5657 2269/3083/5655 2282/3096/5679
f 2301/3097/5680 2270/3068/5633 2260/3075/5642
f 2261/3070/5648 2255/3071/5650 2279/3098/5681
f 2255/3071/5637 1956/3063/5630 2285/3099/5682
f 1956/3063/5622 2253/3050/5621 2285/3099/5683
f 2267/3061/5684 2259/3065/5685 2287/3100/5686
f 2259/3065/5627 2280/3094/5675 2288/3101/5687
f 2288/3102/5688 2289/3103/5688 2295/3084/5688
f 2288/3104/5689 2280/3094/5689 2295/3084/5689
f 2280/3094/5675 2270/3068/5632 2295/3084/5656
f 2293/3105/5690 2262/2661/5691 1974/2666/5692
f 2284/3056/5660 2257/3062/5659 2275/3087/5693
f 2290/3076/5647 2249/3049/5694 2250/3077/5613
f 2251/3106/5579 2258/3090/5695 2291/3107/5696
f 2295/3084/5697 2259/3065/5697 2292/3108/5697
f 2259/3065/5698 2288/3101/5698 2292/3108/5698
f 2288/3102/5699 2295/3084/5699 2292/3108/5699
f 2278/3092/5673 2270/3068/5633 2301/3097/5680
f 2262/2661/5645 2293/3105/5700 2260/3066/5646
f 2275/3087/5663 2249/3049/5662 2290/3076/5701
f 2279/3098/5702 2255/3071/5637 2285/3099/5682
f 2244/3051/5575 2251/3106/5579 2286/3082/5653
f 2282/3096/5703 2269/3083/5704 2277/3091/5705
f 1974/3109/5706 2284/3056/5660 2308/3110/5707
f 2291/3107/5696 2258/3090/5695 2273/3089/5708
f 2259/3065/5685 2295/3084/5709 2287/3100/5686
f 2300/3111/5710 2296/3112/5710 2312/3113/5710
f 2312/3113/5711 2296/3112/5711 2277/3091/5711
f 2293/3105/5690 1974/2666/5692 2317/3114/5712
f 2273/3089/5668 2267/3061/5667 2297/3115/5713
f 2267/3061/5667 2287/3100/5714 2297/3115/5713
f 2299/3116/5715 2268/3085/5715 2282/3096/5715
f 2284/3056/5660 2294/3117/5716 2308/3110/5707
f 2294/3117/5716 2284/3056/5660 2275/3087/5693
f 2261/3070/5717 2279/3098/5718 2302/3118/5719
f 2253/3050/5720 2276/3093/5720 2285/3099/5720
f 2286/3082/5653 2251/3106/5579 2291/3107/5696
f 2268/3085/5678 2299/3116/5721 2281/3095/5676
f 2281/3095/5722 2299/3116/5722 2303/3119/5722
f 2304/3120/5723 2303/3121/5724 2282/3096/5725
f 2303/3121/5726 2299/3116/5726 2282/3096/5726
f 2282/3096/5703 2277/3091/5705 2296/3112/5727
f 2312/3113/5728 2277/3091/5728 2305/3122/5728
f 2301/3097/5729 2260/3075/5730 2307/3123/5731
f 2260/3124/5730 2293/3125/5732 2307/3126/5731
f 2317/3127/5712 1974/3109/5692 2308/3110/5733
f 2290/3088/5664 2261/3070/5666 2302/3118/5734
f 2295/3084/5709 2298/3128/5735 2287/3100/5686
f 2303/3119/5736 2304/3129/5737 2281/3095/5738
f 2281/3095/5738 2304/3129/5737 2310/3130/5739
f 2310/3130/5739 2304/3120/5740 2311/3131/5741
f 2304/3120/5723 2282/3096/5725 2311/3131/5742
f 2308/3132/5743 2294/3133/5743 2313/3134/5743
f 2313/3134/5744 2314/3135/5744 2315/3136/5745
s 0
f 2315/3136/1047 2314/3135/1047 2316/3137/1047
s 1
f 2314/3135/5744 2313/3134/5744 2316/3138/5746
f 2316/3138/5747 2313/3134/5747 2294/3133/5747
f 2298/3128/5735 2295/3084/5709 2327/3139/5748
f 2320/3140/5749 2295/3084/5749 2281/3095/5749
f 2328/3141/5750 2281/3095/5751 2311/3131/5752
f 2281/3095/5738 2310/3130/5739 2311/3131/5741
f 2277/3091/5753 2306/3142/5754 2305/3122/5755
f 2277/3091/5753 2278/3092/5756 2306/3142/5754
f 2293/3125/5732 2317/3143/5757 2307/3126/5731
f 2315/3136/5758 2316/3137/5758 2313/3134/5758
f 2313/3134/5759 2316/3137/5759 2318/3144/5759
f 2316/3138/5760 2294/3133/5761 2318/3144/5762
f 2294/3145/5763 2275/3146/5764 2290/3147/5765
f 2290/3088/5664 2302/3118/5734 2319/3148/5766
f 2276/3093/5674 2286/3082/5653 2309/3149/5767
f 2311/3131/5768 2282/3096/5768 2328/3141/5768
f 2323/3150/5769 2312/3113/5769 2305/3122/5769
f 2278/3092/5756 2301/3097/5770 2306/3142/5754
f 2324/3151/5771 2301/3097/5729 2307/3123/5731
f 2313/3134/5772 2318/3144/5762 2322/3152/5773
f 2318/3144/5762 2294/3133/5761 2322/3152/5773
f 2322/3152/5773 2294/3133/5761 2338/3153/5774
f 2295/3084/5775 2320/3140/5775 2327/3139/5775
f 2281/3095/5751 2328/3141/5750 2320/3140/5776
f 2317/3143/5777 1955/2640/5778 2307/3126/5779
f 1955/2640/5778 1953/3154/5780 2307/3126/5779
f 2307/3126/5781 1953/3154/5782 2321/3155/5783
f 1953/3154/5782 1954/3156/5784 2321/3155/5783
f 2321/3155/5785 1954/2638/5785 2317/3143/5785
f 1954/2638/5786 1955/2640/5786 2317/3143/5786
f 2322/3152/5787 2317/3143/5787 2308/3132/5787
f 2308/3132/5788 2313/3134/5788 2322/3152/5788
f 2326/3157/5789 2279/3098/5702 2285/3099/5682
f 2297/3115/5713 2287/3100/5714 2298/3128/5790
f 2341/3158/5791 2298/3128/5790 2334/3159/5792
f 2328/3141/5793 2282/3096/5793 2335/3160/5793
f 2307/3126/5781 2321/3155/5783 2322/3152/5794
f 2321/3155/5795 2317/3143/5795 2322/3152/5795
f 2319/3148/5796 2302/3118/5797 2325/3161/5798
f 2302/3118/5719 2279/3098/5718 2326/3157/5799
f 2297/3115/5713 2298/3128/5790 2341/3158/5791
f 2300/3111/5800 2312/3113/5801 2323/3150/5802
f 2347/3162/5803 2307/3126/5781 2322/3152/5794
f 2325/3161/5798 2302/3118/5797 2329/3163/5804
f 2302/3118/5805 2326/3157/5806 2329/3163/5807
f 2331/3164/5808 2330/3165/5808 2326/3157/5808
f 2330/3165/5809 2329/3163/5807 2326/3157/5806
f 2276/3093/5674 2309/3149/5767 2349/3166/5810
f 2334/3159/5792 2298/3128/5790 2327/3139/5811
f 2336/3167/5812 2300/3111/5813 2332/3168/5814
f 2306/3142/5815 2301/3097/5729 2324/3151/5771
f 2319/3148/5816 2325/3161/5817 2346/3169/5818
f 2325/3161/5819 2329/3163/5819 2333/3170/5819
f 2329/3163/5820 2330/3171/5820 2333/3170/5820
f 2330/3172/5821 2331/3164/5822 2333/3170/5823
f 2333/3170/5823 2331/3164/5822 2326/3157/5824
f 2326/3157/5825 2285/3099/5825 2276/3093/5825
f 2335/3160/5826 2282/3096/5827 2336/3167/5828
f 2282/3096/5829 2296/3112/5829 2336/3167/5829
f 2305/3122/5830 2306/3142/5831 2337/3173/5832
f 2294/3145/5763 2290/3147/5765 2339/3174/5833
f 2333/3170/5834 2326/3157/5834 2325/3161/5834
f 2349/3166/5835 2309/3149/5836 2340/3175/5837
f 2296/3112/5838 2300/3111/5838 2336/3167/5838
f 2323/3150/5839 2305/3122/5830 2337/3173/5832
f 2290/3147/5664 2319/3176/5766 2339/3174/5840
f 2273/3089/5708 2297/3115/5841 2361/3177/5842
f 2337/3173/5832 2306/3142/5831 2324/3151/5843
f 2324/3151/5844 2307/3123/5781 2365/3178/5845
f 2365/3179/5845 2307/3126/5781 2347/3162/5803
f 2347/3162/5846 2322/3152/5773 2338/3153/5774
f 2340/3175/5847 2309/3149/5848 2291/3107/5849
f 2309/3149/5848 2286/3082/5850 2291/3107/5849
f 2291/3107/5696 2273/3089/5708 2361/3177/5842
f 2332/3168/5851 2300/3111/5851 2343/3180/5851
f 2343/3180/5852 2300/3111/5800 2323/3150/5802
f 2342/3181/5853 2324/3151/5844 2365/3178/5845
f 2348/3182/5854 2325/3161/5817 2326/3157/5855
f 2360/3183/5856 2347/3184/5856 2338/3185/5856
f 2338/3185/5857 2294/3145/5763 2339/3174/5833
f 2326/3157/5858 2276/3093/5859 2349/3166/5860
f 2327/3139/5861 2320/3140/5861 2328/3141/5861
f 2355/3186/5862 2336/3167/5812 2332/3168/5814
f 2339/3174/5840 2319/3176/5766 2346/3187/5863
f 2328/3141/5864 2335/3160/5865 2327/3139/5866
f 2345/3188/5867 2336/3167/5812 2355/3186/5862
f 2297/3115/5841 2341/3158/5868 2361/3177/5842
f 2341/3158/5869 2334/3159/5869 2344/3189/5869
f 2327/3139/5866 2335/3160/5865 2351/3190/5866
f 2323/3150/5870 2337/3173/5870 2352/3191/5870
f 2337/3192/5871 2350/3193/5871 2352/3194/5871
f 2346/3169/5818 2325/3161/5817 2348/3182/5854
f 2344/3189/5872 2334/3159/5873 2327/3139/5874
f 2337/3192/5875 2324/3195/5875 2342/3196/5875
f 2530/3197/5876 2347/3184/5876 2360/3183/5876
f 2327/3139/5874 2351/3190/5877 2344/3189/5872
f 2355/3186/5878 2332/3168/5878 2359/3198/5878
f 2357/3199/5879 2365/3179/5880 2347/3162/5881
f 2326/3157/5858 2349/3166/5860 2348/3182/5882
f 2335/3160/5826 2336/3167/5828 2345/3188/5883
f 2350/3193/5884 2337/3192/5884 2342/3196/5884
f 2340/3175/5885 2291/3107/5886 2353/3200/5887
f 2357/3201/5888 2347/3184/5889 2530/3197/5890
f 2332/3168/5891 2343/3180/5891 2359/3198/5891
f 2360/3183/5892 2338/3185/5892 2358/3202/5892
f 2338/3185/5893 2339/3174/5893 2358/3202/5893
f 2340/3175/5885 2353/3200/5887 2369/3203/5894
f 2361/3177/5895 2341/3158/5896 2344/3189/5897
f 2352/3194/5898 2350/3193/5898 2364/3204/5898
f 2368/3205/5899 2360/3183/5899 2358/3202/5899
f 2363/3206/5900 2323/3150/5900 2352/3191/5900
f 2350/3193/5901 2342/3196/5902 2364/3204/5903
f 2364/3204/5903 2342/3196/5902 2365/3207/5904
f 2363/3208/5905 2352/3194/5905 2356/3209/5905
f 2367/3210/5906 2365/3207/5880 2357/3201/5879
f 2339/3174/5907 2366/3211/5908 2358/3202/5909
f 2349/3166/5835 2340/3175/5837 2513/3212/5910
f 2361/3177/5895 2344/3189/5897 2509/3213/5911
f 2520/3214/5912 2344/3189/5872 2351/3190/5877
f 2518/3215/5913 2343/3180/5914 2323/3150/5915
f 2520/3214/5916 2335/3160/5826 2345/3188/5883
f 2378/3216/5917 2375/3217/5918 2376/3218/5919
f 2378/3216/5917 2376/3218/5919 2377/3219/5920
f 2376/3218/5921 2375/3217/5921 2380/3220/5921
f 2375/3217/5922 2378/3216/5922 2379/3221/5922
f 2377/3219/5923 2376/3218/5923 2382/3222/5923
f 2378/3216/5924 2377/3219/5924 2381/3223/5924
f 2382/3222/5925 2376/3218/5925 2380/3220/5925
f 2383/3224/5926 2379/3221/5926 2378/3216/5926
f 2385/3225/5927 2381/3223/5927 2377/3219/5927
f 2380/3220/5928 2375/3217/5928 2387/3226/5928
f 2375/3217/5929 2386/3227/5929 2387/3226/5929
f 2385/3225/5930 2377/3219/5930 2382/3222/5930
f 2386/3227/5931 2375/3217/5932 2379/3221/5933
f 2383/3224/5934 2378/3216/5934 2381/3223/5934
f 2386/3227/5931 2379/3221/5933 2389/3228/5935
f 2427/3229/5936 2382/3230/5937 2391/3231/5938
f 2382/3230/5939 2380/3232/5939 2391/3231/5939
f 2379/3221/5940 2383/3224/5940 2388/3233/5940
f 2389/3228/5935 2379/3221/5933 2388/3233/5941
f 2385/3234/5942 2382/3230/5942 2427/3229/5942
f 2381/3223/5943 2385/3225/5944 2393/3235/5945
f 2386/3227/5931 2389/3228/5935 2387/3226/5946
f 2383/3224/5947 2381/3223/5943 2393/3235/5945
f 2389/3236/5948 2388/3237/5948 2390/3238/5948
f 2380/3232/5949 2387/3239/5950 2391/3231/5951
f 2392/3240/5952 2390/3238/5953 2388/3237/5954
f 2388/3233/5954 2383/3224/5955 2392/3241/5952
f 2427/3229/5956 2393/3242/5945 2385/3234/5944
f 2391/3243/5951 2387/3244/5950 2397/3245/5957
f 2427/3229/5936 2391/3231/5938 2422/3246/5958
f 2374/3247/5959 2395/3248/5960 2398/3249/5961
f 2402/3250/5962 2401/3251/5962 2403/3252/5962
f 2409/3253/5963 2404/3254/5964 2400/3255/5965
f 2401/3251/5966 2402/3250/5966 2405/3256/5966
f 2405/3256/5967 2402/3250/5968 2399/3257/5969
f 2401/3251/5970 2400/3255/5971 2403/3252/5972
f 2410/3258/5973 2401/3251/5974 2405/3256/5975
f 2399/3257/5969 2402/3250/5968 2412/3259/5976
f 2403/3252/5972 2400/3255/5971 2404/3254/5977
f 2407/3260/5978 2417/3261/5979 2408/3262/5980
f 2400/3255/5981 2401/3251/5974 2410/3258/5973
f 2411/3263/5982 2417/3261/5983 2407/3260/5984
f 2402/3250/5985 2403/3252/5985 2414/3264/5985
f 2409/3265/5986 2406/3266/5986 2416/3267/5986
f 2412/3259/5987 2402/3250/5987 2414/3264/5987
f 2404/3268/5964 2409/3265/5963 2416/3267/5988
f 2406/3266/5989 2408/3262/5989 2417/3261/5989
f 2407/3269/5990 2458/3270/5991 2413/3271/5992
f 2408/3262/5993 2406/3266/5994 2409/3265/5995
f 2409/3253/5995 2400/3255/5996 2418/3272/5997
f 2418/3272/5997 2400/3255/5996 2423/3273/5998
f 2423/3273/5999 2400/3255/5999 2410/3258/5999
f 2403/3252/6000 2404/3254/6000 2419/3274/6000
f 2419/3275/6001 2404/3268/6002 2415/3276/6003
f 2431/3277/6004 2417/3261/5983 2411/3263/5982
f 2399/3257/6005 2412/3259/6005 2429/3278/6005
f 2415/3276/6006 2404/3268/6007 2416/3267/6008
f 2416/3267/6009 2406/3266/6009 2420/3279/6009
f 2424/3280/6010 2413/3271/6011 2422/3281/6012
f 2408/3282/5993 2409/3253/5995 2418/3272/5997
f 2410/3258/6013 2405/3256/6013 2399/3257/6013
f 2422/3281/6014 2413/3271/5992 2458/3270/5991
f 2428/3283/6015 2408/3282/5993 2418/3272/5997
f 2418/3272/6016 2423/3273/6016 2425/3284/6016
f 2406/3266/6017 2417/3261/6017 2420/3279/6017
f 2413/3271/6011 2424/3280/6010 2421/3285/6018
f 2395/3248/6019 2374/3247/6020 2396/3286/6021
f 2457/3287/6022 2387/3244/5946 2389/3236/5935
f 2391/3243/6023 2424/3280/6023 2422/3281/6023
f 2412/3259/6024 2414/3264/6024 2430/3288/6024
f 2403/3252/6025 2419/3274/6026 2439/3289/6027
f 2407/3290/5990 2413/3291/5992 2411/3292/6028
f 2413/3271/6029 2433/3293/6029 2434/3294/6029
f 2433/3293/6030 2413/3271/6030 2435/3295/6030
f 2435/3295/6031 2413/3271/6011 2421/3285/6018
f 2398/3249/5961 2395/3248/5960 2394/3296/6032
f 2396/3286/6021 2374/3247/6020 2426/3297/6033
f 2392/3241/6034 2383/3224/5947 2393/3235/5945
f 2414/3264/6035 2403/3252/6025 2439/3289/6027
f 2419/3298/6001 2415/3299/6003 2440/3300/6036
f 2432/3301/6037 2411/3292/6038 2413/3291/6039
f 2413/3271/6040 2434/3294/6040 2432/3302/6040
f 2434/3294/6041 2433/3303/6041 2432/3302/6041
f 2432/3302/6042 2433/3303/6043 2436/3304/6044
f 2433/3305/6045 2435/3295/6031 2436/3304/6044
f 2436/3304/6044 2435/3295/6031 2421/3285/6018
f 2398/3249/6046 2397/3245/6046 2387/3244/6046
f 2407/3306/5978 2408/3282/5980 2452/3307/6047
f 2429/3278/6048 2412/3259/6048 2430/3288/6048
f 2415/3276/6006 2416/3267/6008 2437/3308/6049
f 2432/3302/6042 2436/3304/6044 2421/3285/6018
f 2465/3309/6050 2398/3249/6051 2387/3244/6052
f 2420/3279/6053 2438/3310/6054 2416/3267/6055
f 2431/3311/6056 2411/3292/6038 2432/3301/6037
f 2453/3312/6057 2395/3248/6058 2396/3286/6059
f 2457/3287/6060 2389/3236/6061 2390/3238/6062
f 2452/3307/6063 2408/3282/5993 2428/3283/6015
f 2410/3258/6064 2399/3257/6064 2423/3273/6064
f 2441/3313/6065 2399/3257/6065 2429/3278/6065
f 2414/3264/6066 2439/3289/6066 2430/3288/6066
f 2437/3308/6067 2438/3310/6067 2440/3314/6067
f 2443/3315/6068 2373/3316/6068 2371/3317/6068
f 2371/3317/6069 2373/3316/6069 2442/3318/6069
f 2416/3267/6055 2438/3310/6054 2437/3308/6070
f 2415/3319/6071 2373/3316/6071 2443/3315/6071
f 2373/3316/6072 2415/3319/6073 2442/3318/6074
f 2440/3314/6075 2415/3320/6076 2444/3321/6077
f 2442/3322/6074 2415/3276/6073 2437/3308/6078
f 2450/3323/6079 2443/3315/6079 2371/3317/6079
f 2444/3324/6077 2415/3319/6076 2443/3315/6080
f 2447/3325/6081 2445/3326/6082 2371/3317/6083
f 2440/3314/6084 2444/3321/6084 2446/3327/6084
f 2450/3323/6085 2371/3317/6085 2445/3326/6085
f 2371/3317/6086 2442/3318/6086 2448/3328/6086
f 2370/3329/6087 2442/3318/6087 2449/3330/6087
f 2442/3322/6088 2437/3308/6088 2449/3331/6088
f 2437/3308/6089 2440/3314/6090 2449/3331/6091
f 2447/3325/6081 2371/3317/6083 2448/3328/6092
f 2440/3314/6090 2446/3327/6093 2449/3331/6091
f 2443/3315/6094 2450/3323/6095 2444/3324/6096
f 2442/3318/6097 2370/3329/6097 2448/3328/6097
f 2448/3328/6098 2370/3329/6098 2451/3332/6098
f 2397/3245/6099 2398/3249/6100 2394/3296/6101
f 2419/3298/6102 2440/3300/6103 2459/3333/6104
f 2451/3332/6105 2431/3311/6056 2432/3301/6037
f 2391/3243/6106 2397/3245/6107 2474/3334/6108
f 2464/3335/6109 2426/3297/6110 2374/3247/6111
f 2465/3309/6112 2387/3244/5946 2457/3287/6022
f 2450/3323/6113 2445/3326/6114 2478/3336/6115
f 2448/3328/6116 2451/3332/6117 2456/3337/6118
f 2424/3280/6119 2391/3243/6120 2474/3334/6121
f 2396/3286/6059 2475/3338/6122 2453/3312/6057
f 2396/3286/6123 2426/3297/6124 2475/3338/6125
f 2427/3339/5936 2422/3340/5958 2454/3341/6126
f 2399/3257/6127 2441/3313/6128 2423/3273/6129
f 2451/3332/6130 2370/3329/6131 2449/3330/6132
f 2484/3342/6133 2446/3343/6134 2444/3324/6135
f 2472/3344/6136 2447/3325/6136 2448/3328/6136
f 2472/3344/6137 2448/3328/6138 2456/3337/6139
f 2476/3345/6140 2397/3245/6099 2394/3296/6101
f 2398/3249/6051 2465/3309/6050 2374/3247/6141
f 2458/3346/6142 2407/3306/5978 2452/3307/6047
f 2428/3283/6143 2418/3272/6144 2470/3347/6145
f 2417/3261/6146 2431/3277/6147 2477/3348/6148
f 2449/3349/6149 2446/3343/6150 2455/3350/6151
f 2446/3343/6134 2484/3342/6133 2455/3350/6152
f 2445/3326/6153 2447/3325/6153 2478/3336/6153
f 2461/3351/6154 2460/3352/6155 2462/3353/6156
f 2460/3352/6155 2421/3285/6018 2462/3353/6156
f 2462/3353/6156 2421/3285/6018 2424/3280/6010
f 2395/3248/6058 2453/3312/6057 2394/3296/6157
f 2487/3354/6158 2465/3309/6112 2457/3287/6022
f 2439/3355/6159 2419/3298/6160 2459/3333/6161
f 2466/3356/6162 2455/3350/6162 2484/3342/6162
f 2472/3344/6137 2456/3337/6139 2467/3357/6163
f 2460/3352/6164 2461/3351/6165 2469/3358/6166
f 2469/3358/6166 2461/3359/6167 2424/3280/6119
f 2461/3359/6168 2462/3353/6156 2424/3280/6010
f 2417/3261/6146 2477/3348/6148 2420/3279/6169
f 2431/3311/6170 2451/3332/6130 2449/3330/6132
f 2471/3360/6171 2444/3324/6096 2450/3323/6095
f 2478/3336/6172 2447/3325/6172 2472/3344/6172
f 2451/3332/6117 2432/3301/6173 2468/3361/6174
f 2468/3362/6174 2432/3302/6173 2460/3352/6155
f 2432/3302/6173 2421/3285/6018 2460/3352/6155
f 2460/3352/6164 2469/3358/6166 2473/3363/6175
f 2469/3358/6166 2424/3280/6119 2473/3363/6175
f 2473/3363/6175 2424/3280/6119 2474/3334/6121
f 2474/3334/6108 2397/3245/6107 2476/3345/6176
f 2465/3309/6050 2464/3335/6177 2374/3247/6141
f 2452/3364/6063 2428/3365/6015 2495/3366/6178
f 2423/3273/6129 2441/3313/6128 2425/3284/6179
f 2441/3313/6180 2429/3278/6181 2430/3288/6182
f 2438/3310/6054 2420/3279/6053 2477/3348/6183
f 2477/3367/6184 2431/3311/6184 2449/3330/6184
f 2426/3297/6110 2464/3335/6109 2480/3368/6185
f 2454/3369/6186 2422/3281/6014 2458/3270/5991
f 2459/3333/6104 2440/3300/6103 2438/3370/6187
f 2449/3349/6149 2455/3350/6151 2477/3371/6188
f 2484/3342/6189 2444/3324/6189 2471/3360/6189
f 2456/3337/6118 2451/3332/6117 2468/3361/6174
f 2418/3272/6144 2425/3284/6190 2470/3347/6145
f 2394/3296/6191 2453/3312/6192 2463/3372/6193
f 2453/3312/6057 2475/3338/6122 2479/3373/6194
f 2475/3338/6122 2485/3374/6195 2479/3373/6194
f 2505/3375/6196 2475/3338/6125 2426/3297/6124
f 2505/3375/6197 2426/3297/6197 2480/3368/6197
f 2428/3376/6198 2470/3377/6198 2483/3378/6198
f 2430/3379/6199 2439/3355/6199 2481/3380/6199
f 2471/3360/6200 2450/3323/6113 2478/3336/6115
f 2482/3381/6201 2468/3362/6202 2460/3352/6164
f 2460/3352/6164 2473/3363/6175 2482/3381/6201
f 2476/3345/6203 2394/3296/6191 2463/3372/6193
f 2441/3382/6180 2430/3379/6182 2481/3380/6204
f 2463/3372/6193 2453/3312/6192 2479/3373/6205
f 2464/3335/6206 2465/3309/6112 2487/3354/6158
f 2500/3383/6207 2452/3364/6063 2495/3366/6178
f 2470/3377/6208 2486/3384/6209 2490/3385/6210
f 2470/3377/6208 2425/3386/6211 2486/3384/6209
f 2425/3386/6179 2441/3382/6128 2486/3384/6212
f 2438/3370/6213 2477/3387/6213 2492/3388/6213
f 2467/3357/6214 2478/3336/6214 2472/3344/6214
f 2467/3357/6163 2456/3337/6139 2482/3389/6215
f 2456/3337/6139 2468/3361/6216 2482/3389/6215
f 2475/3338/6122 2493/3390/6217 2485/3374/6195
f 2487/3354/6218 2457/3287/6060 2494/3391/6219
f 2390/3238/5953 2392/3240/5952 2522/3392/6220
f 2463/3372/6193 2479/3373/6205 2491/3393/6221
f 2480/3368/6222 2489/3394/6222 2505/3375/6222
f 2392/3240/6034 2393/3395/5945 2522/3392/6223
f 2522/3392/6224 2393/3395/5945 2427/3396/5956
f 2500/3383/6225 2458/3397/6142 2452/3364/6047
f 2486/3384/6226 2441/3382/6226 2481/3380/6226
f 2484/3342/6227 2471/3360/6227 2466/3356/6227
f 2471/3360/6228 2478/3336/6228 2507/3398/6228
f 2489/3394/6229 2480/3368/6229 2464/3335/6229
f 2457/3287/6060 2390/3238/6062 2494/3391/6219
f 2495/3366/6178 2428/3365/6015 2483/3399/6230
f 2512/3400/6231 2483/3378/6231 2470/3377/6231
f 2439/3355/6159 2459/3333/6161 2497/3401/6232
f 2459/3333/6104 2438/3370/6187 2492/3388/6233
f 2477/3371/6234 2455/3350/6234 2492/3402/6234
f 2454/3341/6235 2458/3397/6142 2500/3383/6225
f 2481/3380/6236 2439/3355/6237 2504/3403/6238
f 2502/3404/6239 1868/3405/6240 2497/3406/6241
f 2498/3407/6242 2467/3357/6243 2482/3389/6244
f 2488/3408/6245 2463/3372/6246 2491/3393/6247
f 2499/3409/6248 2485/3374/6195 2493/3390/6217
f 2500/3383/6249 2427/3339/5936 2454/3341/6126
f 2504/3403/6250 2439/3355/6250 2497/3401/6250
f 2507/3398/6251 2466/3356/6251 2471/3360/6251
f 2507/3398/6252 2478/3336/6253 2467/3357/6254
f 2497/3401/6255 2459/3333/6255 2492/3388/6255
f 2474/3334/6108 2476/3345/6176 2503/3410/6256
f 2493/3390/6257 2516/3411/6257 2499/3409/6257
f 2522/3412/6224 2427/3339/5956 2500/3383/6207
f 2506/3413/6258 2495/3366/6178 2483/3399/6230
f 2490/3385/6259 2486/3384/6260 2504/3403/6238
f 2504/3403/6238 2486/3384/6260 2481/3380/6236
f 2492/3402/6261 2455/3350/6262 2466/3356/6263
f 2498/3407/6242 2482/3389/6244 2514/3414/6264
f 2475/3338/6125 2505/3375/6196 2493/3390/6265
f 3743/3415/6266 2487/3354/6218 2494/3391/6219
f 2494/3391/6267 2390/3238/5953 2522/3392/6220
f 2498/3416/6268 2359/3417/6269 2507/3418/6270
f 2359/3198/6271 2343/3180/6271 2518/3215/6271
f 2518/3215/5913 2323/3150/5915 2363/3206/6272
f 2356/3209/6273 2352/3194/6273 2508/3419/6273
f 2352/3194/6274 2364/3204/6275 2508/3419/6276
f 2348/3182/6277 2349/3166/6277 2513/3212/6277
f 2527/3420/6278 2369/3203/6279 2353/3200/6280
f 2291/3107/6281 2361/3177/6282 2353/3200/6283
f 2482/3381/6244 2473/3363/6284 2514/3421/6264
f 2501/3422/6285 2488/3408/6286 2491/3393/6287
f 2479/3373/6205 2485/3374/6288 2510/3423/6289
f 2493/3390/6265 2505/3375/6196 2517/3424/6290
f 2464/3335/6206 2487/3354/6158 3549/3425/6291
f 2512/3400/6292 2470/3377/6292 2490/3385/6292
f 2504/3426/6293 2497/3427/6294 1868/3428/6295
f 2492/3402/6261 2466/3356/6263 2507/3398/6296
f 2467/3357/6254 2498/3407/6297 2507/3398/6252
f 2339/3174/5907 2346/3187/6298 2366/3211/5908
f 2351/3190/6299 2335/3160/5826 2520/3214/5916
f 2522/3412/6224 2500/3383/6207 2506/3413/6300
f 2363/3208/6301 2356/3209/6301 2508/3419/6301
f 2508/3419/6276 2364/3204/6275 2367/3210/5906
f 2364/3204/6275 2365/3207/5880 2367/3210/5906
f 2367/3210/6302 2357/3201/5888 2530/3197/5890
f 2513/3212/6303 2340/3175/6304 2369/3203/6305
f 2345/3188/6306 2355/3186/6307 2523/3429/6308
f 2359/3417/6309 2498/3416/6310 2514/3430/6311
f 2473/3363/6312 2474/3334/6313 2503/3410/6314
f 2501/3422/6285 2491/3393/6287 3994/3431/6315
f 3174/3432/6316 2521/3433/6317 2485/3434/6288
f 3743/3415/6318 2494/3391/6267 4218/3435/6319
f 2500/3383/6207 2495/3366/6178 2506/3413/6300
f 3523/3436/6320 2987/3437/6321 2543/3438/6322
f 2543/3438/6323 2987/3437/6324 2502/3404/6325
f 2528/3439/6326 2359/3417/6309 2514/3430/6311
f 2514/3421/6327 2473/3363/6312 2503/3410/6314
f 2510/3440/6289 2485/3434/6288 2521/3433/6317
f 1952/2637/6328 1950/2636/6329 3554/3441/6330
f 1950/2636/6331 2499/3409/6332 3931/3442/6333
f 3549/3425/6334 2487/3354/6335 3849/3443/6336
f 3849/3443/6337 2487/3354/6218 3743/3415/6266
f 4218/3435/6319 2494/3391/6267 2522/3392/6220
f 2490/3385/6338 2504/3403/6339 2526/3444/6340
f 2502/3404/6239 2497/3406/6241 2529/3445/6341
f 2497/3406/6241 2492/3446/6342 2529/3445/6341
f 2492/3446/6342 2507/3418/6343 2529/3445/6341
f 2507/3418/6270 2359/3417/6269 2518/3447/6344
f 2358/3202/6345 2366/3211/6345 2538/3448/6345
f 2531/3449/6346 2366/3211/5908 2346/3187/6298
f 2346/3169/6347 2348/3182/6348 2531/3450/6349
f 2348/3182/6348 2513/3212/6350 2531/3450/6349
f 2528/3451/6351 2355/3186/6351 2359/3198/6351
f 2463/3372/6193 2524/3452/6352 2476/3345/6203
f 2539/3453/6353 2369/3203/6279 2527/3420/6278
f 2353/3200/6283 2361/3177/6282 2527/3420/6354
f 2527/3420/6354 2509/3213/6355 2519/3454/6356
f 2552/3455/6357 2519/3454/6358 2509/3213/6359
f 2463/3372/6246 2488/3408/6245 2534/3456/6360
f 2537/3457/6361 2513/3212/6303 2369/3203/6305
f 2361/3177/6282 2509/3213/6355 2527/3420/6354
f 2540/3458/6362 2509/3213/6362 2344/3189/6362
f 2355/3186/6363 2528/3451/6363 2523/3429/6363
f 2476/3345/6364 2524/3452/6365 2503/3410/6366
f 2524/3452/6367 2463/3372/6246 2534/3456/6360
f 2501/3422/6368 3909/3459/6369 2532/3460/6370
f 2507/3418/6371 2518/3447/6372 2535/3461/6373
f 2536/3462/6374 2363/3208/6375 2508/3419/6376
f 2530/3197/6377 2360/3183/6378 2533/3463/6379
f 2520/3214/6380 2345/3188/6306 2523/3429/6308
f 2518/3447/6372 2363/3208/6381 2535/3461/6373
f 2536/3462/6382 2535/3461/6373 2363/3208/6381
f 2533/3463/6379 2360/3183/6378 2548/3464/6383
f 2537/3457/6384 2531/3450/6384 2513/3212/6384
f 2537/3457/6385 2369/3203/6385 2539/3453/6385
f 2552/3455/6357 2509/3213/6359 2540/3458/6386
f 2540/3458/6387 2344/3189/5872 2520/3214/5912
f 2501/3422/6285 2532/3460/6388 2488/3408/6286
f 2536/3462/6374 2508/3419/6376 2367/3210/6389
f 2548/3464/6383 2360/3183/6378 2368/3205/6390
f 2366/3211/6391 2531/3449/6391 2538/3448/6391
f 2528/3439/6392 2514/3430/6393 2503/3465/6394
f 2507/3418/6343 2535/3461/6395 2529/3445/6341
f 2367/3210/6396 2530/3197/6397 2536/3462/6398
f 2488/3408/6286 2532/3460/6388 2534/3456/6399
f 2535/3461/6373 2536/3462/6382 2546/3466/6400
f 2536/3462/6398 2530/3197/6397 2533/3463/6401
f 2550/3467/6402 2531/3450/6402 2537/3457/6402
f 2527/3420/6354 2519/3454/6356 2545/3468/6403
f 2542/3469/6404 2519/3454/6358 2552/3455/6357
f 2560/3470/6405 2528/3439/6392 2503/3465/6394
f 2529/3445/6406 2535/3461/6407 2544/3471/6408
f 2539/3453/6409 2527/3420/6410 2545/3468/6411
f 2552/3455/6412 2540/3458/6412 2547/3472/6412
f 2523/3429/6413 2540/3458/6414 2520/3214/6415
f 2503/3410/6366 2524/3452/6365 2560/3473/6416
f 2502/3404/6325 2529/3445/6406 2543/3438/6323
f 2538/3448/6417 2531/3449/6418 2549/3474/6419
f 2549/3475/6419 2531/3450/6418 2550/3467/6420
f 2551/3476/6421 2537/3457/6421 2539/3453/6421
f 2539/3453/6409 2545/3468/6411 2555/3477/6422
f 2543/3438/6323 2529/3445/6406 2544/3471/6408
f 2546/3466/6423 2536/3462/6424 2533/3463/6379
f 2537/3457/6425 2551/3476/6426 2550/3467/6427
f 2551/3476/6428 2539/3453/6428 2554/3478/6428
f 2562/3479/6429 2524/3452/6367 2534/3456/6360
f 2554/3478/6430 2539/3453/6430 2555/3477/6430
f 2519/3454/6431 2542/3469/6432 2545/3468/6433
f 2557/3480/6434 3909/3481/6435 3523/3436/6436
f 2535/3461/6407 2546/3466/6437 2544/3471/6408
f 2545/3468/6433 2542/3469/6432 2563/3482/6438
f 2564/3483/6439 2538/3448/6439 2549/3474/6439
f 2567/3484/6440 2542/3469/6441 2552/3455/6442
f 2547/3472/6443 2540/3458/6414 2523/3429/6413
f 3523/3436/6320 2543/3438/6322 2557/3480/6444
f 2546/3466/6423 2533/3463/6379 2561/3485/6445
f 2533/3463/6379 2548/3464/6383 2561/3485/6445
f 2549/3486/6446 2569/3487/6447 2564/3488/6448
f 2551/3476/6449 2554/3478/6449 2559/3489/6449
f 2523/3429/6450 2528/3451/6450 2560/3490/6450
f 2358/3202/6451 2556/3491/6452 2368/3205/6453
f 2358/3202/6454 2538/3448/6454 2556/3491/6454
f 2549/3486/6455 2550/3492/6456 2558/3493/6457
f 2552/3455/6442 2547/3472/6458 2567/3484/6440
f 2567/3484/6459 2547/3472/6459 2568/3494/6459
f 2562/3479/6429 2534/3456/6360 2571/3495/6460
f 2557/3480/6444 2543/3438/6322 2544/3471/6461
f 2558/3496/6462 2550/3467/6427 2551/3476/6426
f 2565/3497/6463 2545/3468/6463 2563/3482/6463
f 2562/3479/6464 2560/3473/6416 2524/3452/6365
f 2532/3498/6465 3909/3481/6435 2557/3480/6434
f 2556/3491/6466 2538/3448/6467 2564/3483/6468
f 2555/3477/6469 2545/3468/6469 2565/3497/6469
f 2563/3482/6470 2542/3469/6471 2572/3499/6472
f 2547/3472/6473 2523/3429/6473 2568/3494/6473
f 2549/3486/6455 2558/3493/6457 2569/3487/6474
f 2544/3471/6461 2566/3500/6475 2557/3480/6444
f 2544/3471/6461 2546/3466/6476 2566/3500/6475
f 2548/3464/6477 2368/3205/6453 2573/3501/6478
f 2572/3499/6472 2542/3469/6471 2567/3484/6479
f 2574/3502/6480 2523/3429/6480 2560/3490/6480
f 2532/3460/6388 2571/3495/6481 2534/3456/6399
f 2566/3500/6475 2546/3466/6476 2561/3485/6482
f 2574/3502/6483 2560/3490/6484 2562/3503/6485
f 2368/3205/6453 2556/3491/6452 2573/3501/6478
f 2554/3478/6486 2555/3477/6486 2565/3497/6486
f 2568/3494/6487 2523/3429/6487 2574/3502/6487
f 2564/3488/6448 2569/3487/6447 2722/3504/6488
f 2551/3476/6426 2559/3489/6489 2558/3496/6462
f 2565/3497/6490 2563/3482/6490 2572/3499/6490
f 2562/3503/6491 2718/3505/6492 2717/3506/6493
f 2585/3507/6494 2579/3508/6495 2578/3509/6496
f 2580/3510/6497 2579/3508/6498 2585/3507/6499
f 2579/3508/6498 2580/3510/6497 2586/3511/6500
f 2581/3512/6501 2577/3513/6502 2583/3514/6503
f 2589/3515/6504 2582/3516/6505 2594/3517/6506
f 2577/3513/6502 2578/3509/6507 2583/3514/6503
f 2576/3518/6508 2588/3519/6509 2587/3520/6510
f 2580/3510/6511 2587/3520/6512 2586/3511/6513
f 2588/3519/6514 2576/3518/6515 3916/3521/6516
f 2581/3512/6517 2583/3514/6518 2594/3522/6519
f 3916/3521/6520 2582/3516/6521 2593/3523/6522
f 2590/3524/6523 2578/3509/6496 2579/3508/6495
f 2587/3520/6512 2591/3525/6524 2586/3511/6513
f 2591/3525/6525 2587/3520/6526 2595/3526/6527
f 2587/3520/6510 2588/3519/6509 2595/3526/6528
f 2582/3516/6521 2589/3515/6529 2593/3523/6522
f 2578/3509/6507 2592/3527/6530 2583/3514/6503
f 2594/3522/6519 2583/3514/6518 2600/3528/6531
f 2588/3519/6514 3916/3521/6516 2593/3523/6532
f 2594/3522/6506 2596/3529/6533 2589/3530/6504
f 2596/3529/6533 2594/3522/6506 2600/3528/6534
f 2595/3526/6535 2588/3519/6514 2593/3523/6532
f 2598/3531/6536 2590/3524/6523 2579/3508/6495
f 2592/3527/6537 2578/3509/6538 2590/3524/6539
f 2598/3531/6540 2579/3508/6498 2586/3511/6500
f 2593/3532/6522 2589/3530/6529 2596/3529/6541
f 2600/3528/6531 2583/3514/6518 2592/3527/6542
f 2592/3527/6537 2590/3524/6539 2597/3533/6543
f 2591/3525/6525 2595/3526/6527 2599/3534/6544
f 2598/3531/6536 2597/3533/6545 2590/3524/6523
f 2599/3534/6546 2586/3511/6513 2591/3525/6524
f 2598/3531/6540 2586/3511/6500 2599/3534/6547
f 2605/3535/6548 2595/3536/6535 2593/3532/6532
f 2599/3537/6544 2595/3538/6527 2602/3539/6549
f 2595/3538/6550 2605/3540/6551 2602/3539/6552
f 2593/3532/6522 2596/3529/6541 2603/3541/6553
f 2596/3529/6533 2600/3528/6534 2604/3542/6554
f 2600/3528/6534 2601/3543/6555 2604/3542/6554
f 2600/3528/6531 2592/3527/6542 2601/3543/6556
f 2593/3532/6557 2603/3541/6558 2605/3535/6559
f 2592/3527/6560 2597/3533/6561 2601/3543/6562
f 2601/3544/6562 2597/3545/6561 2606/3546/6563
f 2597/3545/6564 2609/3547/6565 2606/3546/6566
f 2596/3529/6541 2604/3542/6567 2603/3541/6553
f 2597/3548/6545 2598/3549/6536 2609/3550/6568
f 2615/3551/6569 2609/3550/6568 2598/3549/6536
f 2611/3552/6570 2602/3539/6552 2605/3540/6551
f 2601/3544/6571 2606/3546/6572 2607/3553/6573
f 2615/3551/6574 2598/3549/6540 2599/3537/6547
f 2601/3544/6555 2607/3553/6575 2604/3554/6554
f 2611/3552/6576 2605/3540/6577 2610/3555/6578
f 2605/3540/6559 2603/3556/6558 2610/3555/6579
f 2607/3553/6575 2617/3557/6580 2604/3554/6554
f 2604/3558/6567 2613/3559/6581 2603/3556/6553
f 2615/3551/6569 2614/3560/6582 2609/3550/6568
f 2615/3551/6583 2599/3537/6584 2618/3561/6585
f 2618/3561/6586 2599/3537/6544 2602/3539/6549
f 2613/3562/6581 2604/3554/6567 2617/3557/6587
f 2626/3563/6588 2606/3546/6566 2609/3547/6565
f 2626/3564/6589 2609/3550/6590 2614/3560/6591
f 2625/3565/6592 2615/3551/6583 2618/3561/6585
f 2618/3561/6593 2602/3539/6594 2611/3552/6595
f 2603/3556/6558 2613/3559/6596 2610/3555/6579
f 2610/3555/6579 2613/3559/6596 2620/3566/6597
f 2624/3567/6598 2617/3557/6580 2607/3553/6575
f 2624/3567/6599 2607/3553/6600 2621/3568/6601
f 2630/3569/6602 2615/3551/6583 2625/3565/6592
f 2607/3553/6573 2606/3546/6572 2621/3568/6603
f 2606/3546/6604 2626/3563/6605 2621/3568/6606
f 2611/3552/6576 2610/3555/6578 2623/3570/6607
f 2610/3555/6579 2620/3566/6597 2623/3570/6608
f 2614/3560/6582 2615/3551/6569 2630/3569/6609
f 2625/3565/6610 2618/3561/6593 2628/3571/6611
f 2614/3560/6582 2630/3569/6609 2632/3572/6612
f 2628/3571/6611 2618/3561/6593 2611/3552/6595
f 2620/3573/6613 2613/3562/6581 2617/3557/6587
f 2628/3571/6614 2611/3552/6576 2623/3570/6607
f 2626/3564/6589 2614/3560/6591 2632/3572/6615
f 2621/3568/6601 2627/3574/6616 2624/3567/6599
f 2627/3574/6617 2621/3568/6606 2626/3563/6605
f 2629/3575/6618 2628/3571/6614 2623/3570/6607
f 2626/3576/6589 2632/3577/6615 2631/3578/6619
f 2629/3575/6620 2623/3570/6608 2620/3566/6597
f 2633/3579/6621 2625/3565/6610 2628/3571/6611
f 2620/3573/6613 2617/3557/6587 2639/3580/6622
f 2630/3569/6602 2625/3565/6592 2633/3579/6623
f 2626/3576/6605 2631/3578/6624 2627/3581/6617
f 2629/3582/6620 2620/3573/6597 2635/3583/6625
f 2620/3573/6613 2639/3580/6622 2635/3583/6626
f 2632/3572/6612 2630/3569/6609 2638/3584/6627
f 2631/3578/6619 2632/3577/6615 2634/3585/6628
f 2638/3584/6629 2630/3569/6602 2633/3579/6623
f 2617/3557/6580 2624/3567/6598 2637/3586/6630
f 2636/3587/6631 2631/3578/6624 2634/3585/6632
f 2632/3572/6612 2638/3584/6627 2643/3588/6633
f 2624/3567/6599 2627/3574/6616 2637/3586/6634
f 2638/3584/6635 2633/3579/6621 2640/3589/6636
f 2640/3589/6636 2633/3579/6621 2628/3571/6611
f 2631/3578/6624 2636/3587/6631 2627/3581/6617
f 2640/3589/6637 2628/3571/6614 2629/3575/6618
f 2632/3577/6615 2643/3590/6638 2634/3585/6628
f 2639/3580/6639 2617/3557/6580 2637/3586/6630
f 2627/3581/6616 2636/3587/6640 2637/3591/6634
f 2636/3592/6631 2634/3593/6632 2641/3594/6641
f 2652/3595/6642 2641/3594/6641 2634/3593/6632
f 2634/3596/6628 2643/3597/6638 2652/3598/6643
f 2644/3599/6644 2638/3584/6635 2640/3589/6636
f 2635/3583/6626 2639/3580/6622 2642/3600/6645
f 2638/3584/6627 2649/3601/6646 2643/3588/6633
f 2649/3601/6646 2638/3584/6627 2646/3602/6647
f 2645/3603/6648 2640/3604/6637 2629/3582/6618
f 2646/3602/6649 2638/3584/6635 2644/3599/6644
f 2644/3605/6650 2640/3604/6637 2645/3603/6648
f 2642/3600/6645 2639/3580/6622 2647/3606/6651
f 2657/3607/6652 2647/3606/6653 2639/3580/6654
f 2636/3592/6655 2641/3594/6656 2650/3608/6657
f 2641/3594/6656 2652/3595/6658 2650/3608/6657
f 2653/3609/6659 2644/3605/6650 2645/3603/6648
f 2635/3583/6625 2642/3600/6660 2629/3582/6620
f 2629/3582/6620 2642/3600/6660 2645/3603/6661
f 2657/3607/6662 2639/3580/6639 2637/3586/6630
f 2652/3598/6643 2643/3597/6638 2648/3610/6663
f 2654/3611/6664 2647/3606/6653 2657/3607/6652
f 2649/3601/6646 2646/3602/6647 2664/3612/6665
f 2653/3609/6666 2645/3603/6661 2642/3600/6660
f 2642/3600/6645 2647/3606/6651 2655/3613/6667
f 2637/3614/6634 2636/3592/6640 2650/3608/6668
f 2648/3615/6663 2643/3588/6638 2649/3601/6669
f 2637/3614/6634 2650/3608/6668 2657/3616/6670
f 2656/3617/6671 2646/3602/6649 2644/3599/6644
f 2646/3602/6649 2656/3617/6671 2664/3612/6672
f 2650/3608/6657 2652/3595/6658 2651/3618/6673
f 2648/3619/6674 2651/3620/6673 2652/3621/6658
f 2653/3609/6666 2642/3600/6660 2655/3613/6675
f 2654/3611/6676 2658/3622/6677 2647/3606/6678
f 2658/3622/6677 2654/3611/6676 2660/3623/6679
f 2659/3624/6680 2654/3611/6664 2657/3607/6652
f 2656/3625/6681 2644/3605/6650 2653/3609/6659
f 2657/3616/6670 2650/3608/6668 2659/3626/6682
f 2650/3608/6668 2651/3618/6683 2659/3626/6682
f 2662/3627/6684 2651/3620/6673 2648/3619/6674
f 2661/3628/6685 2656/3625/6681 2653/3609/6659
f 2660/3623/6686 2654/3611/6664 2659/3624/6680
f 2647/3606/6651 2658/3622/6687 2655/3613/6667
f 2648/3615/6663 2649/3601/6669 2666/3629/6688
f 2666/3630/6689 2649/3631/6646 2664/3632/6665
f 2668/3633/6690 2658/3622/6677 2660/3623/6679
f 2661/3628/6691 2653/3609/6666 2655/3613/6675
f 2655/3613/6675 2658/3622/6692 2661/3628/6691
f 2661/3628/6691 2658/3622/6692 2663/3634/6693
f 2665/3635/6694 2664/3632/6672 2656/3636/6671
f 2665/3635/6695 2656/3636/6681 2661/3637/6685
f 2667/3638/6696 2666/3630/6689 2664/3632/6665
f 2651/3620/6673 2662/3627/6684 2669/3639/6697
f 2648/3619/6698 2666/3630/6699 2662/3627/6700
f 2665/3635/6695 2661/3637/6685 2670/3640/6701
f 2661/3628/6691 2663/3634/6693 2670/3641/6702
f 2663/3634/6703 2658/3622/6704 2668/3633/6705
f 2673/3642/6706 2668/3633/6690 2660/3623/6679
f 2651/3618/6683 2669/3643/6707 2659/3626/6682
f 2672/3644/6708 2665/3635/6695 2670/3640/6701
f 2670/3641/6709 2663/3634/6703 2668/3633/6705
f 2662/3627/6684 2675/3645/6710 2669/3639/6697
f 2675/3645/6711 2662/3627/6700 2666/3630/6699
f 2667/3638/6712 2664/3632/6713 2671/3646/6714
f 2673/3642/6715 2660/3623/6686 2679/3647/6716
f 2659/3626/6682 2669/3643/6707 2679/3648/6717
f 2666/3630/6689 2667/3638/6696 2674/3649/6718
f 2664/3632/6672 2665/3635/6694 2671/3646/6719
f 2671/3650/6720 2665/3651/6721 2672/3652/6722
f 2679/3647/6716 2660/3623/6686 2659/3624/6680
f 2675/3645/6711 2666/3630/6699 2674/3649/6723
f 2670/3653/6709 2668/3654/6705 2680/3655/6724
f 2669/3639/6697 2675/3645/6710 2678/3656/6725
f 2677/3657/6726 2671/3650/6720 2672/3652/6722
f 2672/3658/6727 2670/3653/6728 2680/3655/6729
f 2669/3643/6707 2678/3659/6730 2679/3648/6717
f 2674/3649/6731 2667/3638/6712 2671/3646/6714
f 2675/3645/6711 2674/3649/6723 2682/3660/6732
f 2675/3645/6733 2682/3660/6734 2678/3656/6735
f 2685/3661/6736 2674/3662/6731 2671/3663/6714
f 2683/3664/6737 2671/3650/6720 2677/3657/6726
f 2680/3655/6724 2668/3654/6705 2687/3665/6738
f 2677/3666/6739 2672/3658/6727 2680/3655/6729
f 2685/3661/6740 2671/3663/6741 2683/3667/6742
f 2682/3668/6743 2674/3662/6744 2685/3661/6745
f 2687/3669/6746 2668/3633/6690 2673/3642/6706
f 2684/3670/6747 2679/3648/6717 2678/3659/6730
f 2678/3671/6735 2682/3668/6734 2691/3672/6748
f 2694/3673/6749 2677/3666/6739 2680/3655/6729
f 2693/3674/6750 2673/3642/6715 2679/3647/6716
f 2683/3664/6737 2677/3657/6726 2686/3675/6751
f 2679/3648/6752 2684/3670/6753 2693/3676/6754
f 2686/3677/6755 2677/3666/6739 2694/3673/6749
f 2684/3678/6756 2678/3671/6757 2688/3679/6758
f 2687/3669/6746 2673/3642/6706 2693/3674/6759
f 2688/3679/6760 2678/3671/6761 2691/3672/6762
f 2682/3668/6743 2685/3661/6745 2689/3680/6763
f 2694/3673/6764 2680/3655/6724 2687/3665/6738
f 2683/3664/6737 2686/3675/6751 2690/3681/6765
f 2691/3672/6748 2682/3668/6734 2689/3680/6766
f 2690/3682/6767 2685/3661/6740 2683/3667/6742
f 2703/3683/6768 2691/3672/6748 2689/3680/6766
f 2685/3661/6745 2690/3682/6769 2689/3680/6763
f 2691/3672/6762 2703/3683/6770 2688/3679/6760
f 2694/3673/6764 2687/3665/6738 2698/3684/6771
f 2686/3677/6755 2694/3673/6749 2696/3685/6772
f 2698/3686/6773 2687/3687/6746 2695/3688/6774
f 2695/3688/6774 2687/3687/6746 2693/3689/6759
f 2693/3676/6754 2684/3670/6753 2697/3690/6775
f 2684/3678/6756 2688/3679/6758 2697/3691/6776
f 2702/3692/6777 2686/3693/6755 2696/3694/6772
f 2696/3685/6778 2694/3673/6764 2698/3684/6771
f 2695/3688/6779 2693/3689/6754 2697/3695/6775
f 2708/3696/6780 2690/3682/6781 2701/3697/6782
f 2690/3681/6765 2686/3675/6751 2701/3698/6783
f 2689/3680/6763 2690/3682/6769 2708/3696/6784
f 2698/3686/6771 2700/3699/6785 2696/3694/6778
f 2703/3683/6768 2689/3680/6766 2704/3700/6786
f 2686/3693/6751 2702/3692/6787 2701/3701/6783
f 2704/3700/6788 2689/3680/6789 2708/3696/6790
f 2700/3699/6791 2698/3686/6773 2695/3688/6774
f 2696/3694/6778 2700/3699/6785 2575/3702/6792
f 2697/3691/6776 2688/3679/6758 2710/3703/6793
f 2688/3679/6760 2703/3683/6770 2710/3703/6794
f 2702/3692/6777 2696/3694/6772 2575/3702/6795
f 2713/3704/6796 2702/3692/6777 2575/3702/6795
f 2697/3691/6776 2710/3703/6793 2715/3705/6797
f 2703/3683/6768 2704/3700/6786 2710/3703/6798
f 2707/3706/6799 2701/3701/6783 2702/3692/6787
f 2709/3707/6800 2695/3688/6779 2697/3695/6775
f 2702/3692/6801 2713/3704/6802 2707/3706/6803
f 2697/3695/6804 2715/3708/6805 2709/3707/6806
f 2700/3699/6791 2695/3688/6774 2716/3709/6807
f 2716/3709/6808 2695/3688/6779 2709/3707/6800
f 2713/3710/6796 2575/3711/6795 2711/3712/6809
f 2711/3712/6810 2575/3711/6792 2700/3713/6785
f 2721/3714/6811 2708/3696/6780 2701/3697/6782
f 2701/3715/6812 2707/3716/6813 2721/3717/6814
f 2709/3718/6806 2715/3705/6805 2712/3719/6815
f 2710/3703/6798 2704/3700/6786 2714/3720/6816
f 2704/3700/6788 2708/3696/6790 2714/3720/6817
f 2711/3712/6810 2700/3713/6785 2726/3721/6818
f 2713/3710/6796 2711/3712/6809 2717/3722/6819
f 2726/3721/6820 2700/3713/6791 2716/3723/6807
f 2710/3703/6793 2720/3724/6821 2715/3705/6797
f 2720/3724/6822 2710/3703/6798 2714/3720/6816
f 2708/3696/6790 2721/3714/6823 2714/3720/6817
f 2709/3718/6806 2712/3719/6815 2729/3725/6824
f 2713/3710/6802 2717/3722/6825 2718/3726/6826
f 2532/3498/6465 2557/3480/6434 2719/3727/6827
f 2561/3485/6828 2548/3464/6477 2566/3500/6829
f 2707/3716/6803 2713/3710/6802 2718/3726/6826
f 2559/3489/6830 2554/3478/6830 2725/3728/6830
f 2727/3729/6831 2715/3705/6831 2720/3724/6831
f 2566/3500/6829 2548/3464/6477 2573/3501/6478
f 2717/3722/6832 2711/3712/6810 2726/3721/6818
f 2727/3729/6833 2712/3719/6834 2715/3705/6835
f 2718/3505/6492 2562/3503/6491 2571/3730/6836
f 2571/3731/6481 2532/3498/6388 2719/3727/6837
f 2557/3480/6434 2566/3500/6838 2719/3727/6827
f 2558/3496/6462 2559/3489/6489 2724/3732/6839
f 2565/3497/6840 2572/3499/6840 2725/3728/6840
f 2567/3484/6841 2568/3494/6842 2574/3502/6843
f 2723/3733/6844 2569/3487/6474 2733/3734/6845
f 2554/3478/6846 2565/3497/6846 2725/3728/6846
f 2726/3735/6820 2716/3736/6807 2735/3737/6847
f 2716/3738/6808 2709/3718/6800 2729/3725/6848
f 2569/3487/6474 2558/3493/6457 2733/3734/6845
f 2572/3499/6849 2567/3484/6850 2728/3739/6851
f 2721/3717/6814 2707/3716/6813 2734/3740/6852
f 2558/3493/6853 2724/3741/6854 2733/3734/6855
f 2562/3503/6485 2717/3506/6856 2574/3502/6483
f 2574/3502/6483 2717/3506/6856 2726/3735/6857
f 2733/3734/6855 2724/3741/6854 2731/3742/6858
f 2728/3739/6859 2567/3484/6841 2574/3502/6843
f 2735/3743/6860 2716/3738/6808 2729/3725/6848
f 2714/3720/6817 2721/3714/6823 2720/3724/6861
f 2707/3716/6813 2718/3726/6862 2734/3740/6852
f 2719/3727/6827 2566/3500/6838 2573/3501/6863
f 2559/3489/6864 2725/3728/6864 2724/3732/6864
f 2732/3744/6865 2572/3499/6849 2728/3739/6851
f 2720/3724/6861 2721/3714/6823 2734/3745/6866
f 2556/3491/6466 2564/3483/6468 2730/3746/6867
f 2722/3504/6488 2569/3487/6447 2723/3733/6868
f 2728/3739/6869 2574/3502/6870 2726/3735/6871
f 2734/3747/6872 2571/3731/6873 2719/3727/6874
f 2564/3488/6875 2722/3504/6876 2742/3748/6877
f 2718/3726/6878 2571/3749/6873 2734/3740/6872
f 2573/3501/6478 2556/3491/6452 2730/3746/6879
f 2732/3750/6880 2731/3742/6881 2724/3741/6882
f 2724/3732/6883 2725/3728/6883 2732/3744/6883
f 2725/3728/6884 2572/3499/6884 2732/3744/6884
f 2729/3725/6885 2712/3719/6834 2727/3729/6833
f 2719/3727/6827 2573/3501/6863 2730/3746/6886
f 2730/3751/6887 2564/3488/6888 2742/3748/6889
f 2726/3735/6871 2735/3737/6890 2728/3739/6869
f 2734/3747/6866 2719/3727/6827 2730/3746/6886
f 2723/3733/6844 2733/3734/6845 2736/3752/6891
f 2729/3753/6892 2727/3754/6892 1948/3755/6893
f 2731/3742/6881 2732/3750/6880 2738/3756/6894
f 2732/3750/6895 2728/3757/6869 2738/3756/6896
f 2735/3758/6897 2729/3753/6898 2741/3759/6899
f 2741/3759/6899 2729/3753/6898 2743/3760/6900
f 2722/3504/6488 2723/3733/6868 2736/3752/6901
f 2728/3757/6869 2735/3761/6890 2741/3762/6902
f 2743/3760/6903 2729/3753/6892 1948/3755/6893
f 2730/3751/6886 2737/3763/6904 2734/3764/6866
f 2734/3764/6866 2737/3763/6904 2744/3765/6905
f 2737/3763/6906 2730/3751/6887 2742/3748/6889
f 2727/3729/6907 2720/3724/6908 2744/3766/6909
f 2720/3724/6861 2734/3745/6866 2744/3766/6905
f 2746/3767/6910 2742/3748/6877 2722/3504/6876
f 2733/3734/6855 2731/3742/6858 2745/3768/6911
f 1948/3755/6912 2727/3754/6907 2744/3769/6909
f 2722/3504/6876 2736/3752/6913 2746/3767/6910
f 2747/3770/6914 2731/3742/6881 2738/3756/6894
f 2736/3752/6891 2733/3734/6845 2745/3768/6915
f 2745/3768/6911 2731/3742/6858 2747/3770/6916
f 2764/3771/6917 1948/3755/6912 2744/3769/6909
f 2741/3762/6902 2738/3756/6896 2728/3757/6869
f 2742/3748/6889 2746/3767/6918 2737/3763/6906
f 2741/3759/6899 2743/3760/6900 2797/3772/6919
f 2192/3773/6920 2738/3756/6896 2741/3762/6902
f 2193/3774/6921 2747/3770/6914 2738/3756/6894
f 2754/2933/6922 2147/2916/5340 2161/2898/5342
f 2186/2926/5327 2107/2815/5329 2755/2951/6923
f 2131/2877/5275 2187/3775/6924 2151/2900/5273
f 2187/3775/6924 2131/2877/5275 2190/3776/6925
f 2749/3777/6926 2169/2919/6926 2152/2893/6926
f 2750/2950/6927 2153/2901/6928 2191/3778/6929
f 2115/2860/6930 2133/2880/6931 2763/2952/6932
f 2133/2880/6931 2175/2907/6933 2192/3779/6934
f 2193/2953/6935 2180/2920/5392 2748/3780/6936
f 2117/2848/6937 2138/2885/6938 2752/3781/6939
f 2100/3782/6940 2132/3783/6940 2773/3784/6940
f 2773/3784/6941 2132/3783/6941 2157/3785/6941
f 2188/2949/6942 2169/2919/6943 2749/3777/6944
f 2745/3768/6945 2747/3770/6945 2748/3786/6945
f 2193/3774/6946 2748/3786/6946 2747/3770/6946
f 2180/2955/5392 2139/2939/5403 2748/3787/6936
f 2768/2942/5361 2162/2918/5363 2751/3788/6947
f 2120/2853/6948 2163/2915/6948 2758/2944/6948
f 2163/2915/6949 2188/2949/6949 2758/2944/6949
f 2749/3777/6950 2152/2893/6951 2750/2950/6952
f 2193/3774/6953 2738/3756/6896 2192/3773/6920
f 2826/3789/6954 2744/3765/6905 2737/3763/6904
f 2139/2939/5403 2176/2938/5406 2748/3787/6936
f 2159/2945/6955 2754/2933/6956 2776/3790/6957
f 2173/2935/5348 2137/2875/5347 2755/2951/6958
f 2137/2875/5347 2186/2926/6959 2755/2951/6958
f 2130/2927/6960 2151/2900/6961 2187/3775/6924
f 2131/2877/5236 2117/2848/5235 2190/3776/6962
f 2100/3782/5223 2773/3784/6963 2762/3791/6964
f 2753/3792/6965 2178/2948/5387 2757/3793/6966
f 2191/3778/6967 2153/2901/5399 2763/2952/5401
f 2138/3794/5365 2100/3782/5223 2762/3791/6964
f 2133/2880/6931 2192/3779/6934 2763/2952/6932
f 2192/3779/6968 2175/2907/6968 2193/2953/6968
f 2745/3768/6969 2748/3786/6970 2810/3795/6971
f 2748/3787/6936 2176/2938/5406 2184/2956/5405
f 2129/2869/6972 2185/2912/6973 2765/3796/6974
f 2183/2947/5380 2172/2946/5379 2766/3797/6975
f 2761/3798/6976 2173/2935/6977 2755/2951/6978
f 2158/2879/5305 2178/2948/5398 2753/3792/6979
f 2771/3799/6980 2753/3792/6965 2757/3793/6966
f 2178/2948/5387 2758/2944/5389 2757/3793/6966
f 2188/2949/6942 2749/3777/6944 2760/3800/6981
f 2749/3777/6950 2750/2950/6952 2772/3801/6982
f 2746/3767/6910 2736/3752/6913 2769/3802/6983
f 2748/3803/6984 2184/2963/5417 2804/3804/6985
f 2756/2913/5311 2183/2947/5396 2805/3805/6986
f 2766/3797/6987 2172/2946/5383 2768/2942/5385
f 2770/3806/6988 2130/2927/6960 2187/3775/6924
f 2117/2848/6989 2752/3781/6990 2190/3776/6991
f 2753/3792/6992 2771/3799/6992 2778/3807/6992
f 2188/2949/6993 2760/3800/6994 2759/3808/6995
f 2836/3809/6996 2764/3771/6917 2744/3769/6909
f 2836/3809/6997 2744/3769/6905 2826/3810/6954
f 2776/3790/6957 2754/2933/6956 2783/3811/6998
f 2185/2912/6999 2756/2913/7000 2788/3812/7001
f 2750/2950/6927 2191/3778/6929 2774/3813/7002
f 2192/3814/6920 2741/3759/6902 2797/3772/7003
f 2743/3760/6903 1948/3755/6893 2801/3815/7004
f 2769/3802/6983 2736/3752/6913 2775/3816/7005
f 2736/3752/6891 2745/3768/6915 2775/3816/7006
f 2775/3816/7006 2745/3768/6915 2810/3795/7007
f 2184/2963/5417 2159/2945/5416 2776/3790/7008
f 2185/2912/6973 2788/3812/7009 2765/3796/6974
f 2774/3813/7010 2191/3778/6967 2763/2952/5401
f 2801/3815/7011 1948/3755/7012 2764/3771/7013
f 2804/3804/6985 2184/2963/5417 2776/3790/7008
f 2161/2898/5271 2129/2869/5270 2777/3817/7014
f 2777/3817/7015 2129/2869/7016 2765/3796/7017
f 2770/3818/6988 2187/3819/6924 1947/3820/7018
f 2752/3821/6939 2138/3794/6938 2780/3822/7019
f 2760/3800/7020 2749/3777/7021 2772/3801/7022
f 2786/3823/7023 2763/2952/7023 2192/3779/7023
f 2130/2927/7024 2770/3806/7025 2755/3824/7026
f 2190/3776/6991 2752/3781/6990 2811/3825/7027
f 2158/2879/5305 2753/3792/6979 2781/3826/7028
f 2781/3826/7029 2753/3792/7029 2778/3807/7029
f 2778/3807/7030 2771/3799/7030 2782/3827/7030
f 2758/2944/7031 2188/2949/7031 2759/3808/7031
f 2750/2950/7032 2774/3813/7033 2772/3801/7034
f 2787/3828/7035 2743/3760/6903 2801/3815/7004
f 2737/3763/6906 2746/3767/6918 2826/3789/7036
f 2783/3811/7037 2754/2933/7037 2161/2898/7037
f 2788/3812/7001 2756/2913/7000 2805/3805/7038
f 2138/3794/5365 2762/3791/6964 2780/3822/7039
f 2157/2914/5302 2158/2879/5304 2781/3826/7040
f 2757/3793/7041 2758/2944/7041 2759/3808/7041
f 2759/3808/6995 2760/3800/6994 2779/3829/7042
f 2774/3813/7043 2763/2952/7043 2786/3823/7043
f 2764/3771/6917 2836/3809/6996 2809/3830/7044
f 2785/3831/7045 2755/2951/7026 2770/3832/7025
f 2752/3821/7046 2780/3822/7046 2811/3833/7046
f 2773/3784/7047 2157/3785/7048 2807/3834/7049
f 2743/3760/6900 2787/3828/7050 2797/3772/6919
f 2810/3835/6971 2748/3803/6970 2804/3804/7051
f 2765/3796/6974 2788/3812/7009 2832/3836/7052
f 2785/3837/7045 2770/3818/7025 1947/3820/7053
f 2792/3838/7054 2790/3839/7054 2789/3840/7054
f 2790/3839/7055 2792/3838/7055 2791/3841/7055
f 2789/3840/7056 2790/3839/7057 1947/3842/7018
f 2823/3843/7058 2190/3844/7059 2811/3845/7060
f 2794/3846/7061 2793/3847/7061 2796/3848/7061
f 2794/3846/7062 2796/3848/7062 2799/3849/7062
f 2812/3850/7063 2786/3851/7064 2797/3772/7003
f 2786/3851/7064 2192/3814/6920 2797/3772/7003
f 2821/3852/7065 2768/2942/5361 2751/3788/6947
f 2173/2935/7066 2761/3798/6976 2803/3853/7067
f 2771/3799/7068 2757/3793/7069 2782/3827/7070
f 2804/3804/7071 2776/3790/7071 2783/3811/7071
f 2162/2918/7072 2173/2935/7066 2803/3853/7067
f 2789/3840/7056 1947/3842/7018 2187/3854/6924
f 2762/3791/6964 2773/3784/6963 2793/3847/7073
f 2796/3848/7074 2793/3847/7075 2773/3784/7047
f 2778/3807/7076 2782/3827/7076 2800/3855/7076
f 2808/3856/7077 2759/3808/6995 2779/3829/7042
f 2760/3800/7020 2772/3801/7022 2838/3857/7078
f 2812/3858/7079 2772/3801/7034 2774/3813/7033
f 2183/2947/5380 2766/3797/6975 2813/3859/7080
f 2844/3860/7081 2768/2942/5361 2821/3852/7065
f 2761/3798/6976 2755/2951/6978 2785/3831/7082
f 2785/3837/7083 1947/3820/7084 2791/3861/7085
f 1947/3842/7084 2790/3839/7086 2791/3841/7085
f 2789/3840/7056 2187/3854/6924 2190/3844/6925
f 2793/3847/7087 2794/3846/7087 2819/3862/7087
f 2795/3863/7088 2794/3846/7088 2799/3849/7088
f 2799/3849/7089 2796/3848/7089 2806/3864/7089
f 2807/3865/7090 2157/2914/5302 2781/3826/7040
f 2779/3829/7091 2760/3800/7091 2838/3857/7091
f 2787/3828/7035 2801/3815/7004 2835/3866/7092
f 2801/3815/7011 2764/3771/7013 2809/3830/7093
f 2766/3797/6987 2768/2942/5385 2844/3860/7094
f 2751/3788/7095 2162/2918/7095 2803/3853/7095
f 2794/3846/7096 2795/3863/7097 2819/3862/7098
f 2778/3807/7099 2800/3855/7099 2831/3867/7099
f 2757/3793/7069 2808/3856/7100 2782/3827/7070
f 2774/3868/7101 2786/3851/7064 2812/3850/7063
f 2805/3805/6986 2183/2947/5396 2813/3859/7102
f 2844/3860/7081 2821/3852/7065 2820/3869/7103
f 2796/3848/7074 2773/3784/7047 2807/3834/7049
f 2757/3793/7104 2759/3808/7104 2808/3856/7104
f 2772/3801/7105 2812/3858/7105 2838/3857/7105
f 2816/3870/7106 2812/3850/7063 2797/3772/7003
f 2787/3828/7035 2835/3866/7092 2816/3870/7107
f 2783/3811/7108 2161/2898/7108 2817/3871/7108
f 2817/3871/7109 2161/2898/5271 2777/3817/7014
f 2813/3859/7080 2766/3797/6975 2814/3872/7110
f 2821/3852/7111 2751/3788/7112 2803/3853/7113
f 2791/3861/7114 2792/3873/7115 2761/3874/6976
f 2782/3827/7070 2808/3856/7100 2815/3875/7116
f 2769/3802/6983 2827/3876/7117 2746/3767/6910
f 2804/3804/7051 2783/3811/7118 2817/3871/7119
f 2788/3812/7009 2818/3877/7120 2832/3836/7052
f 2788/3812/7001 2805/3805/7038 2850/3878/7121
f 2766/3797/6987 2844/3860/7094 2814/3872/7122
f 2785/3837/7082 2791/3861/7114 2761/3874/6976
f 2789/3840/7123 2190/3844/7059 2823/3843/7058
f 2762/3791/6964 2793/3847/7124 2780/3822/7039
f 2780/3822/7039 2793/3847/7124 2819/3862/7125
f 2819/3862/7098 2795/3863/7097 2840/3879/7126
f 2781/3826/7127 2778/3807/7127 2831/3867/7127
f 2787/3828/7050 2816/3870/7128 2797/3772/6919
f 2777/3817/7015 2765/3796/7017 2832/3836/7129
f 2828/3880/7130 2829/3881/7130 2830/3882/7130
f 2829/3883/7131 2823/2634/7058 2830/3884/7132
f 2823/2634/7058 2811/3885/7060 2830/3884/7132
f 2796/3848/7133 2824/3886/7133 2806/3864/7133
f 2824/3886/7134 2796/3848/7134 2807/3834/7134
f 2801/3815/7011 2809/3830/7093 2835/3866/7135
f 2818/3877/7136 2788/3812/7001 2850/3878/7121
f 2792/3838/7137 2789/3840/7138 2822/3887/7139
f 2823/2634/7140 2829/3883/7140 1940/2630/7140
f 1940/2626/7141 2829/3888/7142 2833/3889/7143
f 2829/3888/7142 2828/3890/7144 2833/3889/7143
f 2833/3889/7145 2828/3891/7145 2834/3892/7145
f 2828/3880/7146 2830/3882/7146 2834/3893/7146
f 2804/3804/7051 2817/3871/7119 2810/3835/6971
f 2789/3840/7138 2823/3843/7147 2822/3887/7139
f 1940/2626/7141 2833/3889/7143 2830/3894/7148
f 2833/3889/7143 2834/3892/7149 2830/3894/7148
f 2746/3767/6918 2827/3876/7150 2826/3789/7036
f 2832/3836/7151 2818/3877/7151 2850/3878/7151
f 2761/3874/6976 2792/3873/7115 2803/3895/7067
f 2803/3895/7152 2792/3873/7152 2822/3896/7152
f 1941/2621/7153 1946/3897/7154 2858/2631/7155
f 2839/3898/7156 2830/3899/7157 2811/3833/7158
f 2807/3865/7159 2781/3826/7160 2831/3867/7161
f 2853/3900/7162 2838/3857/7163 2812/3858/7164
f 2827/3876/7117 2769/3802/6983 2775/3816/7005
f 2777/3817/7165 2810/3835/6971 2817/3871/7119
f 1943/2624/4827 1940/2626/4829 2839/3901/7156
f 1940/2626/4829 2830/3894/7157 2839/3901/7156
f 2839/3898/7166 2811/3833/7167 2780/3822/7168
f 2831/3867/7169 2800/3855/7170 2843/3902/7171
f 2800/3855/7172 2782/3827/7172 2815/3875/7172
f 2780/3822/7168 2819/3862/7173 2840/3879/7174
f 2795/3863/7175 2799/3849/7175 2852/3903/7175
f 2807/3834/7176 2842/3904/7176 2824/3886/7176
f 2842/3905/7177 2807/3865/7159 2831/3867/7161
f 2815/3875/7178 2808/3856/7179 2849/3906/7180
f 2806/3864/7181 2824/3886/7181 2861/3907/7181
f 2808/3856/7179 2841/3908/7182 2849/3906/7180
f 2779/3829/7183 2853/3900/7184 2808/3856/7185
f 2779/3829/7186 2838/3857/7163 2853/3900/7162
f 2803/3895/7187 2822/3896/7187 2845/3909/7187
f 2846/3910/7188 2845/3909/7189 2847/3911/7190
f 2845/3909/7189 2822/3896/7191 2847/3911/7190
f 2847/3911/7192 2822/3896/7193 2848/3912/7194
f 2822/3896/7139 2823/3913/7147 2848/3912/7195
f 2823/2634/7196 1944/2629/7197 1945/2632/7198
f 2780/3822/7168 2840/3879/7174 2839/3898/7166
f 2800/3855/7199 2815/3875/7200 2849/3906/7201
f 2826/3810/7036 2827/3914/7150 2856/3915/7202
f 2810/3835/7203 2777/3817/7204 2863/3916/7205
f 2821/3852/7111 2803/3853/7113 2859/3917/7206
f 2845/3909/7207 2846/3918/7208 2803/3895/7209
f 2803/3895/7209 2846/3918/7208 2851/3919/7210
f 2846/3920/7211 2847/3911/7192 2851/3919/7212
f 2851/3919/7212 2847/3911/7192 2848/3912/7194
f 2858/2631/7155 1946/3897/7154 2867/3921/7213
f 2832/3836/7214 2850/3878/7214 2777/3817/7214
f 2850/3878/7215 2805/3805/6986 2813/3859/7102
f 2803/3895/7216 2851/3919/7212 2848/3912/7194
f 2848/3922/7217 2823/2634/7196 1945/2632/7198
f 2852/3903/7218 2799/3849/7218 2806/3864/7218
f 2841/3908/7219 2808/3856/7185 2853/3900/7184
f 2856/3915/7220 2836/3809/6997 2826/3810/6954
f 2827/3923/7117 2775/3924/7005 2870/3925/7221
f 2854/3926/7222 2810/3835/7007 2863/3916/7223
f 2821/3852/7224 2859/3917/7225 2820/3869/7226
f 2831/3867/7169 2843/3902/7171 2842/3905/7227
f 2849/3927/7228 2841/3928/7228 2853/3929/7228
f 2853/3929/7229 2812/3850/7063 2816/3870/7106
f 2809/3830/7093 2855/3930/7230 2835/3866/7135
f 2810/3835/7007 2854/3926/7222 2775/3924/7006
f 2777/3817/7204 2850/3878/7231 2863/3916/7205
f 2814/3872/7122 2844/3860/7094 2864/3931/7232
f 2840/3879/7233 2795/3863/7234 1946/3932/7235
f 2795/3863/7234 2852/3903/7236 1946/3932/7235
f 2870/3933/7237 2856/3915/7202 2827/3914/7150
f 2865/3934/7238 2843/3902/7239 2800/3855/7240
f 2866/3935/7241 2800/3855/7199 2849/3906/7201
f 2813/3859/7242 2814/3872/7242 2857/3936/7242
f 2864/3931/7243 2844/3860/7081 2820/3869/7103
f 2848/3922/7244 1945/2632/7245 2858/2631/7246
f 2839/3898/7247 2840/3879/7233 1946/3932/7235
f 2775/3924/7005 2854/3926/7248 2870/3925/7221
f 2850/3878/7215 2813/3859/7102 2857/3936/7249
f 2864/3931/7250 2857/3936/7250 2814/3872/7250
f 1943/2624/7251 2839/3901/7251 1946/2633/7251
f 2862/3937/7252 2843/3902/7253 2865/3934/7254
f 2803/3938/7255 2848/3922/7244 2858/2631/7246
f 2842/3905/7256 2843/3902/7253 2862/3937/7252
f 2816/3870/7106 2849/3927/7257 2853/3929/7229
f 2824/3939/7258 2842/3940/7258 2862/3941/7258
f 2865/3934/7238 2800/3855/7240 2866/3935/7259
f 2857/3936/7260 2864/3931/7261 2868/3942/7262
f 2852/3903/7263 2806/3864/7264 2861/3907/7265
f 2849/3927/7257 2816/3870/7106 2866/3943/7266
f 2888/3944/7267 2836/3809/6997 2856/3915/7220
f 2868/3942/7268 2863/3916/7205 2850/3878/7231
f 1946/3897/7235 2852/3945/7236 2867/3921/7269
f 2871/3946/7270 2816/3870/7107 2835/3866/7092
f 2850/3878/7271 2857/3936/7260 2868/3942/7262
f 2858/2631/7272 2867/3921/7273 2803/3938/7113
f 2835/3866/7274 2877/3947/7275 2871/3946/7276
f 2855/3930/7277 2809/3830/7044 2836/3809/6996
f 2868/3948/7262 2864/3949/7261 2869/3950/7278
f 2859/3951/7206 2803/3938/7113 2867/3921/7273
f 2824/3939/7279 2862/3941/7280 2861/3952/7281
f 2863/3916/7223 2868/3942/7282 2854/3926/7222
f 2876/3953/7283 2852/3945/7263 2861/3952/7265
f 2888/3944/7267 2856/3915/7220 2881/3954/7284
f 2856/3915/7202 2870/3933/7237 2881/3954/7285
f 2820/3869/7226 2859/3917/7225 2864/3931/7286
f 2877/3947/7287 2835/3866/7135 2855/3930/7230
f 2855/3930/7277 2836/3809/6996 2888/3944/7288
f 2861/3952/7281 2862/3941/7280 2874/3955/7289
f 2873/3956/7290 2866/3943/7291 2816/3870/7107
f 2861/3952/7265 2874/3955/7292 2876/3953/7283
f 2865/3934/7293 2866/3935/7293 2873/3957/7293
f 2885/3958/7294 2868/3948/7262 2869/3950/7278
f 2874/3959/7295 2862/3937/7296 2865/3934/7297
f 2867/3921/7298 2852/3945/7299 2876/3953/7300
f 2816/3870/7107 2871/3946/7270 2873/3956/7290
f 2854/3960/7222 2868/3948/7282 2875/3961/7301
f 2875/3961/7301 2868/3948/7282 2885/3958/7302
f 2859/3951/7225 2867/3921/7298 2876/3953/7300
f 2865/3934/7297 2873/3957/7303 2874/3959/7295
f 2870/3933/7221 2854/3962/7248 2879/3963/7304
f 2864/3964/7286 2859/3951/7225 2876/3953/7300
f 2881/3954/7285 2870/3933/7237 2879/3963/7305
f 2869/3950/7306 2864/3949/7307 2876/3965/7308
f 2883/3966/7309 2869/3950/7306 2876/3965/7308
f 2854/3960/7310 2875/3961/7311 2884/3967/7312
f 2854/3960/7248 2884/3967/7313 2879/3968/7304
f 2882/3969/7314 2875/3961/7301 2885/3958/7302
f 2880/3970/7315 2869/3950/7306 2883/3966/7309
f 2873/3971/7316 2876/3965/7317 2874/3972/7318
f 2877/3947/7287 2855/3930/7230 2886/3973/7319
f 2876/3965/7317 2873/3971/7316 2883/3966/7320
f 2885/3958/7294 2869/3950/7278 2880/3970/7321
f 2855/3930/7230 2890/3974/7322 2886/3973/7319
f 2884/3967/7312 2875/3961/7311 2882/3969/7323
f 2890/3974/7324 2855/3930/7277 2888/3944/7288
f 2886/3973/7325 2871/3946/7276 2877/3947/7275
f 2888/3944/7267 2881/3954/7284 2899/3975/7326
f 2887/3976/7327 2880/3970/7315 2883/3966/7309
f 2894/3977/7328 2871/3946/7276 2886/3973/7325
f 2881/3954/7285 2879/3963/7305 2899/3975/7329
f 2883/3966/7320 2873/3971/7316 2891/3978/7330
f 2871/3946/7270 2894/3977/7331 2873/3956/7290
f 2899/3975/7332 2890/3974/7324 2888/3944/7288
f 2887/3976/7327 2883/3966/7320 2891/3978/7330
f 2890/3974/7322 2892/3979/7333 2886/3973/7319
f 2880/3970/7321 2893/3980/7334 2885/3958/7294
f 2896/3981/7335 2890/3974/7324 2899/3975/7332
f 2884/3967/7312 2882/3969/7323 2897/3982/7336
f 2900/3983/7337 2880/3970/7315 2887/3976/7327
f 2882/3969/7314 2885/3958/7302 2893/3980/7338
f 2894/3977/7328 2886/3973/7325 2895/3984/7339
f 2892/3979/7340 2890/3974/7324 2896/3981/7335
f 2884/3967/7313 2898/3985/7341 2879/3968/7304
f 2884/3967/7312 2897/3982/7336 2909/3986/7342
f 2886/3973/7325 2892/3979/7343 2895/3984/7339
f 2893/3980/7334 2880/3970/7321 2900/3983/7344
f 2891/3978/7345 2873/3971/7290 2894/3987/7331
f 2897/3982/7346 2882/3969/7314 2893/3980/7338
f 2879/3963/7305 2898/3988/7347 2899/3975/7329
f 2884/3967/7313 2909/3986/7348 2898/3985/7341
f 2900/3983/7337 2887/3976/7327 2902/3989/7349
f 2894/3977/7328 2895/3984/7339 2906/3990/7350
f 2919/3991/7351 2893/3980/7334 2900/3983/7344
f 2906/3992/7352 2891/3978/7345 2894/3987/7331
f 2901/3993/7353 2897/3982/7346 2893/3980/7338
f 2887/3976/7327 2891/3978/7330 2902/3989/7349
f 2905/3994/7354 2900/3983/7337 2902/3989/7349
f 2902/3989/7355 2891/3978/7345 2906/3992/7352
f 2897/3982/7346 2901/3993/7353 2903/3995/7356
f 2892/3979/7340 2896/3981/7335 2904/3996/7357
f 2904/3996/7358 2896/3981/7335 2899/3975/7332
f 2897/3982/7336 2903/3995/7359 2909/3986/7342
f 2901/3993/7353 2893/3980/7338 2919/3991/7360
f 2904/3996/7358 2899/3975/7332 2907/3997/7361
f 2899/3975/7329 2898/3988/7347 2907/3997/7362
f 2917/3998/7363 2895/3984/7339 2892/3979/7343
f 2906/3990/7350 2895/3984/7339 2917/3998/7364
f 2907/3997/7362 2898/3988/7347 2968/3999/7365
f 2909/3986/7348 2968/4000/7366 2898/3985/7341
f 2911/4001/7367 2906/3990/7350 2917/3998/7364
f 572/4002/7368 2919/3991/7351 2900/3983/7344
f 2911/4003/7369 2902/3989/7355 2906/3992/7352
f 2918/4004/7370 2892/3979/7340 2904/3996/7357
f 2907/3997/7362 2968/3999/7365 2949/4005/7371
f 2912/4006/7372 572/728/7372 1905/2560/7372
f 2913/730/7373 1907/4007/7374 2920/4008/7375
f 531/680/7376 574/681/7376 2921/4009/7376
f 574/681/7377 541/713/7377 2921/4009/7377
f 560/696/1327 1894/715/7378 559/714/1325
f 578/733/7379 579/734/7380 2914/4010/7381
f 2922/4011/7382 1909/2553/7383 1869/2552/7384
f 2954/4012/7385 1910/2518/4738 1888/2532/4701
f 576/731/7386 575/736/7386 1899/2565/7386
f 575/736/7387 1900/2556/7388 1899/2565/7389
f 566/648/1129 548/656/1309 2916/4013/7390
f 2933/4014/7391 548/656/7392 569/675/7393
f 1895/2561/7394 528/682/7395 533/665/7396
f 2941/4015/7397 534/659/7398 562/718/7399
f 502/683/1316 2928/4016/7400 563/4017/7401
f 502/683/1316 572/728/1315 2928/4016/7400
f 2912/4006/7402 1905/2560/7403 529/672/4756
f 579/734/7404 1902/740/7404 2914/4010/7404
f 2915/2549/7405 1883/2536/4685 1880/2534/4687
f 1872/4018/7406 1889/2551/4713 1909/2553/4715
f 1870/2515/4659 1871/2512/4707 1903/2563/7407
f 1903/2563/7408 1871/2512/4650 1865/2513/4699
f 1888/2532/4677 1882/2533/4678 2954/4012/7409
f 1890/2548/7410 577/732/4752 1899/2565/4754
f 1899/2565/7389 1900/2556/7388 568/4019/7411
f 568/4020/7412 566/648/7413 2916/4013/7414
f 1893/2554/7415 554/708/7416 1911/4021/7417
f 554/708/7416 570/725/7418 1911/4021/7417
f 2901/3993/7353 2919/3991/7360 2929/4022/7419
f 535/671/1319 2913/730/1321 1906/2567/7420
f 1907/4007/7374 2913/730/7373 2925/4023/7421
f 2913/730/1321 567/729/1320 2925/4023/7422
f 1894/2557/7423 583/738/7424 584/739/7425
f 1887/2545/4712 1872/2550/4667 2932/4024/7426
f 544/702/7427 557/719/7427 563/4025/7427
f 572/4002/7428 2900/3983/7337 2905/3994/7354
f 2903/3995/7356 2901/3993/7353 2929/4022/7429
f 2919/3991/7351 572/4002/7368 2912/4026/7430
f 531/680/7431 2921/4009/7431 571/727/7431
f 2957/4027/7432 559/714/1325 1894/715/7378
f 584/739/7433 578/733/7379 2914/4010/7381
f 1880/2534/4680 1879/2530/4673 1908/2568/7434
f 2924/2564/7435 1910/2518/7435 2954/4012/7435
f 1884/2538/7436 1890/2548/7436 2946/4028/7436
f 2933/4014/7437 569/675/7437 1891/717/7437
f 561/706/7438 552/705/7439 2939/4029/7440
f 1895/2561/7441 2926/4030/7441 552/705/7441
f 570/725/7442 534/659/7442 2941/4015/7442
f 2943/4031/7443 1902/740/7444 2915/2549/7445
f 1865/2513/4699 2924/2564/7446 1903/2563/7408
f 2916/4013/7447 548/656/7392 2933/4014/7391
f 1897/709/7448 1892/724/7448 1896/2558/7448
f 2892/3979/7343 2918/4004/7449 2917/3998/7363
f 2912/4006/7402 529/672/4756 1906/2567/4758
f 2930/4032/7450 2913/730/7373 2935/4033/7451
f 568/4020/7412 2916/4013/7414 2962/4034/7452
f 2916/4013/7453 2938/4035/7454 2962/4034/7455
f 1891/717/1292 561/706/1294 2933/4014/7456
f 1904/4036/7457 561/706/7457 2939/4029/7457
f 2939/4029/7458 2926/4030/7459 2940/4037/7460
f 1892/724/7461 1901/2566/7462 2927/4038/7463
f 2909/3986/7342 2903/3995/7359 2968/4000/7464
f 2919/3991/7360 2999/4039/7465 2929/4022/7419
f 2935/4033/7451 2913/730/7373 2920/4008/7375
f 2943/4031/7466 2915/2549/7467 1880/2534/4680
f 1886/2543/7468 1887/2545/7469 1908/2568/7470
f 2922/4011/7382 2936/4040/7471 2937/4041/7472
f 2944/4042/7473 2937/4041/7473 2936/4040/7473
f 2922/2562/4746 2923/2541/4748 2945/4043/7474
f 2939/4029/7440 552/705/7439 2926/4030/7475
f 533/665/7396 1896/2558/7476 1895/2561/7394
f 544/702/7477 563/4025/7401 1898/2559/7478
f 2905/3994/7354 2902/3989/7349 2996/4044/7479
f 2911/4003/7369 2996/4044/7480 2902/3989/7355
f 2951/4045/7481 2925/4023/7481 2952/4046/7481
f 2925/4023/7422 567/729/1320 2953/4047/7482
f 1894/4048/7423 584/4049/7425 2957/4050/7483
f 1872/4018/7484 1909/2553/7484 2932/4051/7484
f 2923/2541/7485 1903/2563/7486 2945/4043/7487
f 1890/2548/7488 1899/2565/7488 2946/4028/7488
f 2938/4035/7454 2916/4013/7453 2947/4052/7489
f 2916/4013/7490 2933/4014/7491 2947/4052/7492
f 561/706/7493 1904/4036/7493 2933/4014/7493
f 2963/4053/7494 1904/4036/7494 2948/4054/7494
f 2904/3996/7358 2907/3997/7361 2960/4055/7495
f 2960/4055/7495 2907/3997/7361 2949/4005/7496
f 2903/3995/7359 2929/4022/7497 2968/4000/7464
f 1907/4007/7498 2925/4023/7498 2956/4056/7498
f 2925/4023/7499 2951/4045/7499 2956/4056/7499
f 2951/4045/7500 2950/4057/7500 2956/4056/7500
f 2956/4056/7501 2950/4058/7502 2953/4047/7503
f 2950/4058/7502 2951/4059/7504 2953/4047/7503
f 2951/4059/7504 2952/4046/7505 2953/4047/7503
f 2952/4046/7506 2925/4023/7506 2953/4047/7506
f 2921/4009/7507 541/713/7507 571/727/7507
f 571/727/7508 541/713/1290 559/714/1268
f 1908/2568/7470 1887/2545/7469 2932/4024/7509
f 2926/4030/7510 1895/2561/7510 2927/4038/7510
f 2995/4060/7511 1901/2566/7511 1893/2554/7511
f 570/725/7512 2941/4015/7512 1911/4021/7512
f 2919/3991/7351 2912/4026/7430 2961/4061/7513
f 2912/4006/7514 1906/2567/7514 2961/4062/7514
f 1906/2567/7420 2913/730/1321 2961/4062/7515
f 1907/4007/7516 2956/4056/7516 2953/4047/7516
f 2953/4047/7482 567/729/1320 2942/4063/7517
f 2942/4063/7518 567/729/4743 571/727/4744
f 2943/4031/7466 1880/2534/4680 1908/2568/7434
f 2958/4064/7519 1909/2553/7520 2937/4041/7521
f 1909/2553/7383 2922/4011/7382 2937/4041/7472
f 2922/4011/7522 2945/4065/7522 2936/4040/7522
f 2933/4014/7523 1904/4036/7523 2963/4053/7523
f 2939/4029/7458 2940/4037/7460 2955/4066/7524
f 1895/2561/7525 1896/2558/7525 2927/4038/7525
f 1896/2558/7526 1892/724/7526 2927/4038/7526
f 1893/2554/7527 1911/4021/7527 2972/4067/7527
f 1911/4021/7528 2941/4015/7528 2964/4068/7528
f 2941/4015/7529 2965/4069/7529 2964/4068/7529
f 2966/4070/7530 2965/4069/7531 2967/4071/7532
f 2965/4069/7531 2941/4015/7533 2967/4071/7532
f 1898/4072/7478 563/4017/7401 2928/4016/7400
f 572/4002/7428 2905/3994/7354 2928/4073/7534
f 2917/3998/7363 2918/4004/7449 2959/4074/7535
f 2918/4004/7370 2904/3996/7357 2960/4055/7536
f 2969/4075/7537 2970/4076/7537 2935/4033/7537
f 1908/2568/7538 2932/4024/7539 2971/4077/7540
f 2932/4051/7541 1909/2553/7520 2958/4064/7519
f 1911/4021/7542 2964/4068/7542 2973/4078/7542
f 2964/4068/7543 2965/4079/7543 2973/4078/7543
f 2965/4079/7544 2966/4080/7544 2973/4078/7544
f 2966/4080/7545 2967/4071/7545 2973/4078/7545
f 2973/4078/7546 2967/4071/7546 2941/4015/7546
f 2935/4033/7547 2970/4076/7548 2974/4081/7549
f 2974/4081/7549 2970/4082/7550 2975/4083/7551
f 2970/4082/7552 2969/4084/7552 2975/4083/7552
f 2969/4075/7553 2935/4033/7553 2975/4083/7553
f 2935/4033/7554 2920/4008/7554 2975/4083/7554
f 2942/4063/7518 571/727/4744 2978/4085/7555
f 2914/4010/7556 1902/740/7444 2943/4031/7443
f 1882/2533/4678 1884/2540/7557 2954/4012/7409
f 2954/4086/7409 1884/2538/7557 2946/4028/7558
f 2946/4028/7559 1899/2565/7560 3005/4087/7561
f 2962/4088/7562 3005/4087/7561 1899/2565/7560
f 1899/2565/7560 568/4019/7563 2962/4088/7562
f 2927/4038/7463 1901/2566/7462 3051/4089/7564
f 2928/4073/7565 2905/3994/7354 2996/4044/7479
f 2999/4039/7465 2919/3991/7360 2961/4061/7566
f 2913/730/7567 2930/4032/7567 2961/4062/7567
f 2930/4032/7568 2935/4033/7568 2976/4090/7568
f 2935/4033/7547 2974/4081/7549 2976/4090/7569
f 2974/4081/7549 2975/4083/7551 2976/4090/7569
f 2975/4083/7570 2920/4008/7571 2976/4090/7572
f 2976/4090/7572 2920/4008/7571 2977/4091/7573
f 2977/4091/7573 2920/4008/7571 1907/4007/7574
f 2953/4047/7482 2942/4063/7517 2978/4085/7575
f 571/727/7576 559/714/7576 3004/4092/7576
f 2932/4051/7577 2958/4064/7577 2979/4093/7577
f 2944/4042/7578 2936/4040/7578 2945/4065/7578
f 2962/4094/7579 2938/4095/7580 3006/4096/7581
f 2947/4052/7492 2933/4014/7491 2963/4053/7582
f 1904/4036/7583 2939/4029/7583 2980/4097/7583
f 2972/4067/7584 1911/4021/7585 3008/4098/7586
f 2911/4001/7367 2917/3998/7364 2959/4074/7587
f 2918/4004/7370 2960/4055/7536 2997/4099/7588
f 2968/4000/7464 2929/4022/7497 2981/4100/7589
f 2929/4022/7590 2999/4039/7591 2981/4100/7592
f 2977/4091/7593 1907/4007/7593 2953/4047/7593
f 559/714/7594 2957/4027/7594 3004/4092/7594
f 2982/4101/7595 584/4049/7433 2914/4102/7381
f 2945/4043/7487 1903/2563/7486 3013/4103/7596
f 1903/2563/7408 2924/2564/7446 3013/4103/7597
f 2983/4104/7598 2924/4105/7599 2954/4106/7600
f 2963/4053/7601 2948/4054/7602 2986/4107/7603
f 2948/4054/7604 1904/4036/7605 3049/4108/7606
f 1901/2566/7607 2995/4060/7607 3051/4089/7607
f 1911/4021/7585 2973/4078/7608 3008/4098/7586
f 562/718/4740 1898/2559/4742 2996/4109/7609
f 2958/4064/7610 2937/4041/7610 2944/4042/7610
f 3013/4110/7611 2924/4105/7611 2983/4104/7611
f 2983/4104/7598 2954/4106/7600 2984/4111/7612
f 2954/4106/7409 2946/4112/7558 2984/4111/7613
f 2995/4060/7614 1893/2554/7614 2972/4067/7614
f 3003/4113/7615 2973/4078/7615 2941/4015/7615
f 3003/4113/7616 2941/4015/7397 562/718/7399
f 2984/4111/7617 2946/4112/7617 2985/4114/7617
f 2985/4114/7618 2946/4112/7559 3005/4115/7561
f 2993/4116/7619 2962/4094/7579 3006/4096/7581
f 2980/4097/7620 2939/4029/7621 2955/4066/7622
f 562/718/4740 2996/4109/7609 3003/4113/7623
f 2918/4004/7370 2997/4099/7588 3052/4117/7624
f 2953/4047/7625 2978/4085/7626 3000/4118/7627
f 3004/4119/7628 2957/4050/7629 584/4049/7433
f 2988/4120/7630 584/4049/7433 2982/4101/7595
f 2943/4031/7631 1908/2568/7632 3001/4121/7633
f 1908/2568/7632 2971/4077/7634 3001/4121/7633
f 2948/4054/7602 2990/4122/7635 2986/4107/7603
f 2955/4066/7636 2940/4037/7637 3007/4123/7638
f 2940/4037/7639 2926/4030/7639 2994/4124/7639
f 1898/2559/7640 2928/4125/7640 2996/4109/7640
f 584/4049/7433 2988/4120/7630 3004/4119/7628
f 2971/4126/7540 2932/4051/7539 2979/4093/7641
f 3005/4087/7642 2962/4088/7579 2991/4127/7643
f 2962/4128/7579 2993/4129/7619 2992/4130/7644
f 2990/4122/7635 2948/4054/7602 3049/4108/7645
f 2940/4037/7637 2994/4124/7646 3007/4123/7638
f 2926/4030/7647 2927/4038/7647 2994/4124/7647
f 2968/3999/7365 2998/4131/7648 2949/4005/7371
f 2976/4090/7649 2977/4091/7649 3009/4132/7649
f 3011/4133/7650 2977/4091/7651 2953/4047/7625
f 2985/4114/7652 3005/4115/7653 2989/4134/7654
f 2963/4053/7601 2986/4107/7603 2947/4052/7489
f 3049/4108/7606 1904/4036/7605 2980/4097/7655
f 2980/4097/7620 2955/4066/7622 3002/4135/7656
f 3002/4135/7657 2955/4066/7658 3007/4123/7659
f 3051/4089/7660 2995/4060/7660 3042/4136/7660
f 2999/4137/7465 2961/4062/7566 2930/4032/7661
f 2999/4137/7465 2930/4032/7661 2976/4090/7662
f 3011/4133/7650 2953/4047/7625 3000/4118/7627
f 2978/4085/7555 571/727/4744 3004/4092/7663
f 3047/4138/7664 3004/4119/7628 2988/4120/7630
f 2958/4064/7665 2944/4042/7665 3013/4110/7665
f 2945/4065/7666 3013/4110/7666 2944/4042/7666
f 3014/4139/7667 2960/4055/7495 2949/4005/7496
f 3009/4132/7668 2977/4091/7651 3011/4133/7650
f 2914/4010/7669 2943/4031/7631 3001/4121/7633
f 2983/4104/7670 2984/4111/7670 3020/4140/7670
f 3015/4141/7671 2993/4142/7671 3006/4143/7671
f 346/4144/7672 3040/4145/7673 3006/4096/7674
f 2990/4122/7675 3063/4146/7675 2986/4107/7675
f 3007/4123/7676 2994/4124/7676 3041/4147/7676
f 2994/4124/7677 2927/4038/7677 3051/4089/7677
f 2911/4001/7367 2959/4074/7587 3045/4148/7678
f 3052/4117/7679 2959/4074/7535 2918/4004/7449
f 3009/4132/7668 3011/4133/7650 3010/4149/7680
f 2988/4120/7681 3012/4150/7681 3015/4141/7681
f 3005/4087/7682 2991/4127/7682 2989/4151/7682
f 2993/4142/7683 3015/4141/7684 3017/4152/7685
f 3017/4152/7686 3015/4141/7686 3012/4150/7686
f 2982/4101/7687 3035/4153/7688 2988/4120/7689
f 3035/4153/7690 2982/4101/7690 3018/4154/7690
f 2992/4130/7691 2993/4129/7683 3017/4155/7685
f 2985/4114/7652 2989/4134/7654 3019/4156/7692
f 2979/4093/7693 2958/4064/7693 3013/4110/7693
f 3018/4154/7694 2982/4101/7695 2914/4102/7696
f 3013/4110/7697 2983/4104/7698 3024/4157/7699
f 3022/4158/7700 3018/4159/7694 2914/4160/7696
f 3001/4161/7701 2971/4126/7701 3021/4162/7701
f 2979/4093/7702 3013/4110/7703 3024/4157/7704
f 2983/4104/7698 3020/4140/7705 3024/4157/7699
f 2971/4126/7706 2979/4093/7706 3021/4162/7706
f 2989/4134/7707 3018/4159/7708 3022/4158/7709
f 3019/4156/7710 2989/4134/7707 3022/4158/7709
f 3024/4157/7711 3020/4140/7711 3023/4163/7711
f 3023/4163/7712 3020/4140/7713 3019/4156/7714
f 2984/4111/7715 2985/4114/7716 3020/4140/7713
f 3021/4162/7717 2979/4093/7702 3024/4157/7704
f 3020/4140/7713 2985/4114/7716 3019/4156/7714
f 3025/4164/7718 3024/4157/7718 3023/4163/7718
f 2914/4160/7719 3001/4165/7720 3022/4158/7721
f 3026/4166/7722 3025/4164/7722 3027/4167/7722
f 3021/4162/7723 3024/4157/7724 3025/4164/7725
f 3028/4168/7726 3025/4164/7726 3026/4166/7726
f 3022/4169/7721 3001/4161/7720 3021/4162/7727
f 3021/4162/7723 3025/4164/7725 3028/4168/7728
f 3026/4166/7729 3027/4167/7729 3029/4170/7729
f 3023/4163/7730 3019/4156/7730 3027/4167/7730
f 3030/4171/7731 3019/4156/7731 3022/4158/7731
f 3025/4164/7732 3023/4163/7732 3027/4167/7732
f 3030/4171/7733 3022/4158/7733 3036/4172/7733
f 3036/4172/7734 3022/4158/7734 3031/4173/7734
f 3033/4174/7735 3026/4166/7736 3029/4170/7737
f 3027/4167/7738 3019/4156/7738 3030/4171/7738
f 3022/4169/7739 3021/4162/7740 3032/4175/7741
f 3026/4166/7736 3033/4174/7735 3028/4168/7742
f 3021/4162/7743 3028/4168/7743 3032/4175/7743
f 3032/4175/7744 3028/4168/7744 3033/4174/7744
f 3031/4176/7745 3022/4169/7739 3032/4175/7741
f 3030/4171/7746 2991/4177/7746 3027/4167/7746
f 3033/4178/7747 3029/4179/7748 3043/4180/7749
f 3034/4181/7750 3029/4179/7750 3027/4182/7750
f 2991/4183/7643 2962/4128/7579 2992/4130/7644
f 3035/4153/7751 3018/4154/7752 2989/4184/7753
f 3029/4179/7748 3034/4181/7754 3043/4180/7749
f 2989/4184/7753 2991/4185/7755 3035/4153/7751
f 2991/4177/7756 3030/4171/7757 3036/4172/7758
f 3031/4176/7759 3032/4175/7759 3033/4174/7759
f 3033/4178/7760 3043/4180/7761 3037/4186/7762
f 2992/4130/7763 3038/4187/7764 2991/4183/7765
f 3039/4188/7766 3036/4172/7766 3031/4173/7766
f 3033/4178/7767 3037/4186/7767 3031/4189/7767
f 3027/4182/7768 2991/4190/7765 3034/4181/7769
f 3036/4172/7758 3039/4188/7770 2991/4177/7756
f 3043/4180/7771 3034/4181/7771 344/4191/7771
f 2992/4130/7772 3048/4192/7772 3038/4187/7772
f 2992/4130/7773 3017/4155/7773 3048/4192/7773
f 3012/4150/7774 2988/4120/7774 3048/4193/7774
f 2988/4120/7689 3035/4153/7688 3048/4193/7775
f 3035/4194/7751 2991/4195/7755 3039/4196/7776
f 3034/4181/7769 2991/4190/7765 3038/4197/7764
f 3012/4150/7777 3048/4193/7777 3017/4152/7777
f 3034/4181/7769 3038/4197/7764 346/4198/7778
f 3038/4187/7779 3040/4145/7779 346/4144/7779
f 2938/4095/7780 346/4144/7672 3006/4096/7674
f 3002/4135/7657 3007/4123/7659 3060/4199/7781
f 2998/4131/7782 2968/3999/7783 2981/4200/7784
f 3011/4133/7785 3000/4118/7785 3057/4201/7785
f 2938/4035/7454 2947/4052/7489 2986/4107/7603
f 3008/4098/7786 2973/4078/7786 3003/4113/7786
f 3000/4118/7787 2978/4085/7788 3046/4202/7789
f 2978/4085/7788 3004/4092/7790 3046/4202/7789
f 3048/4203/7775 3035/4194/7688 3039/4196/7791
f 2994/4124/7792 3051/4089/7792 3041/4147/7792
f 3008/4098/7793 3003/4113/7794 2996/4109/7480
f 3008/4098/7793 2996/4109/7480 2911/4204/7369
f 2960/4055/7495 3014/4139/7667 2997/4099/7795
f 3046/4202/7796 3004/4092/7628 3047/4205/7664
f 3015/4141/7797 3006/4143/7797 3050/4206/7797
f 346/4207/7672 2938/4035/7780 2986/4107/7798
f 3044/4208/7799 3007/4123/7799 3041/4147/7799
f 3014/4139/7800 2949/4005/7371 2998/4131/7648
f 2976/4090/7662 3009/4132/7801 2999/4137/7465
f 3006/4096/7802 3040/4145/7802 3050/4209/7802
f 3049/4108/7803 2980/4097/7804 3059/4210/7805
f 3044/4208/7806 3060/4199/7806 3007/4123/7806
f 3054/4211/7807 3040/4145/7807 3038/4187/7807
f 3054/4211/7808 3038/4187/7808 3048/4192/7808
f 344/4191/7809 3034/4181/7809 346/4198/7809
f 2980/4097/7804 3002/4135/7810 3059/4210/7805
f 3002/4135/7811 3060/4199/7811 3059/4210/7811
f 3042/4136/7812 2995/4060/7812 3066/4212/7812
f 3079/4213/7813 2998/4131/7782 2981/4200/7784
f 3050/4209/7814 3040/4145/7814 3054/4211/7814
f 3048/4203/7775 3039/4196/7791 3037/4186/7815
f 3039/4196/7791 3031/4189/7816 3037/4186/7815
f 3058/4214/7817 2986/4107/7798 3063/4146/7818
f 3063/4146/7819 2990/4122/7820 3055/4215/7821
f 3011/4133/7822 3056/4216/7822 3010/4149/7822
f 344/4191/7823 346/4198/7823 3062/4217/7823
f 346/4207/7672 2986/4107/7798 3058/4214/7817
f 2990/4122/7820 3049/4108/7824 3055/4215/7821
f 3051/4089/7825 3042/4136/7826 3064/4218/7827
f 3008/4098/7828 3066/4212/7829 2972/4067/7830
f 3008/4098/7793 2911/4204/7369 3045/4219/7831
f 3054/4220/7832 3048/4203/7775 3037/4186/7815
f 3043/4180/7833 344/4191/7833 3067/4221/7833
f 3049/4108/7834 3059/4210/7834 3068/4222/7834
f 3064/4218/7827 3042/4136/7826 3066/4212/7835
f 2995/4060/7836 2972/4067/7830 3066/4212/7829
f 2981/4223/7784 3061/4224/7837 3079/4225/7813
f 3092/4226/7838 2981/4223/7592 2999/4137/7591
f 2999/4137/7465 3009/4132/7801 3010/4149/7839
f 3065/4227/7840 3011/4133/7841 3057/4201/7842
f 3072/4228/7843 3000/4118/7787 3046/4202/7789
f 3037/4186/7762 3043/4180/7761 3069/4229/7844
f 346/4207/7845 3058/4214/7845 3062/4230/7845
f 3061/4224/7846 2981/4223/7592 3092/4226/7838
f 3056/4216/7847 3011/4133/7841 3065/4227/7840
f 3070/4231/7848 3044/4208/7848 3041/4147/7848
f 3092/4226/7849 2999/4137/7465 3010/4149/7839
f 2988/4120/7850 3015/4141/7850 3047/4138/7850
f 3050/4209/7851 3054/4211/7832 3069/4232/7852
f 3054/4220/7832 3037/4186/7815 3069/4229/7852
f 3055/4215/7853 3049/4108/7853 3068/4222/7853
f 3076/4233/7854 3064/4218/7854 3066/4212/7854
f 3065/4227/7855 3057/4201/7855 3072/4228/7855
f 3057/4201/7856 3000/4118/7787 3072/4228/7843
f 3058/4214/7857 3063/4146/7857 3073/4234/7857
f 3068/4222/7858 3059/4210/7859 3074/4235/7860
f 3041/4147/7861 3051/4089/7862 3070/4231/7863
f 3051/4089/7864 3064/4218/7864 3076/4233/7864
f 3014/4139/7800 2998/4131/7648 3079/4213/7865
f 3056/4216/7866 3065/4227/7867 345/4236/7868
f 3069/4229/7869 3043/4180/7869 3067/4221/7869
f 3059/4210/7859 3060/4199/7870 3074/4235/7860
f 3060/4199/7871 3044/4208/7871 3074/4235/7871
f 3008/4098/7793 3045/4219/7831 3066/4212/7872
f 345/4236/7873 3010/4149/7839 3056/4216/7874
f 3015/4141/7875 3050/4206/7851 3047/4138/7876
f 3063/4146/7877 3055/4215/7878 3075/4237/7879
f 3078/4238/7880 3075/4237/7881 3055/4215/7882
f 3070/4231/7863 3051/4089/7862 3076/4233/7883
f 3092/4226/7849 3010/4149/7839 345/4236/7873
f 3065/4227/7867 3072/4228/7884 345/4236/7868
f 3062/4230/7885 3058/4214/7886 344/4239/7887
f 3058/4214/7886 3077/4240/7888 344/4239/7887
f 3073/4234/7889 3063/4146/7877 3075/4237/7879
f 3074/4235/7890 3044/4208/7891 3070/4231/7892
f 3067/4241/7893 344/4239/7894 3077/4240/7895
f 3082/4242/7896 3055/4215/7897 3068/4222/7898
f 3082/4242/7899 3068/4222/7899 3080/4243/7899
f 3046/4202/7900 3047/4205/7900 3084/4244/7900
f 3050/4206/7851 3069/4245/7852 3047/4138/7876
f 3047/4205/7876 3069/4246/7852 3084/4244/7901
f 3077/4240/7895 3081/4247/7902 3067/4241/7893
f 3068/4222/7903 3074/4235/7903 3080/4243/7903
f 3075/4237/7881 3078/4238/7880 3085/4248/7904
f 3078/4238/7905 3055/4215/7897 3082/4242/7896
f 3077/4240/7906 3058/4214/7906 3087/4249/7906
f 3096/4250/7907 3074/4235/7890 3070/4231/7892
f 345/4236/7908 3072/4228/7909 3086/4251/7910
f 3086/4251/7910 3072/4228/7909 3046/4202/7911
f 3081/4247/7912 3077/4240/7912 3087/4249/7912
f 3058/4214/7913 3073/4234/7913 3087/4249/7913
f 3073/4234/7914 3075/4237/7914 3085/4248/7914
f 3045/4148/7678 2959/4074/7587 3089/4252/7915
f 3076/4233/7916 3066/4212/7872 3045/4219/7831
f 3079/4225/7813 3061/4224/7837 3099/4253/7917
f 3086/4251/7918 3084/4244/7901 3069/4246/7852
f 3082/4242/7919 3080/4243/7920 3088/4254/7921
f 3080/4243/7922 3074/4235/7922 3096/4250/7922
f 3070/4231/7923 3076/4233/7923 3096/4250/7923
f 3014/4139/7667 3095/4255/7924 2997/4099/7795
f 3091/4256/7925 3014/4257/7800 3079/4225/7865
f 3046/4202/7926 3084/4244/7901 3086/4251/7918
f 3086/4251/7918 3069/4246/7852 3067/4258/7927
f 3093/4259/7928 3086/4251/7918 3067/4258/7927
f 3067/4241/7927 3081/4247/7929 3093/4260/7928
f 3094/4261/7930 3073/4234/7931 3085/4248/7932
f 3052/4117/7624 2997/4099/7588 3095/4255/7933
f 3087/4249/7934 3073/4234/7931 3094/4261/7930
f 3078/4238/7935 3082/4242/7919 3088/4254/7921
f 3088/4254/7936 3080/4243/7937 3096/4250/7938
f 2959/4074/7535 3097/4262/7939 3106/4263/7940
f 3093/4260/7941 3081/4247/7941 3094/4261/7941
f 3081/4247/7942 3087/4249/7942 3094/4261/7942
f 3095/4255/7924 3014/4139/7667 3091/4264/7943
f 3076/4233/7916 3045/4219/7831 3089/4265/7944
f 2959/4074/7535 3052/4117/7679 3097/4262/7939
f 3052/4117/7624 3095/4255/7933 3097/4262/7945
f 3092/4226/7849 345/4236/7873 3086/4251/7946
f 3088/4254/7936 3096/4250/7938 3107/4266/7947
f 2959/4074/7587 3106/4263/7948 3089/4252/7915
f 3099/4253/7917 3061/4224/7837 3098/4267/7949
f 3085/4248/7950 3078/4238/7950 3100/4268/7950
f 3100/4268/7951 3088/4254/7936 3107/4266/7947
f 3096/4250/7952 3076/4233/7916 3089/4265/7944
f 3091/4256/7925 3079/4225/7865 3099/4253/7953
f 3098/4267/7954 3061/4224/7846 3092/4226/7838
f 3102/4269/7955 3086/4251/7955 3093/4259/7955
f 3078/4238/7956 3088/4254/7956 3100/4268/7956
f 3092/4226/7957 3086/4251/7957 3102/4269/7957
f 3098/4270/7954 3092/4271/7838 3104/4272/7958
f 3107/4266/7959 3096/4250/7952 3089/4265/7944
f 3102/4273/7960 3093/4260/7961 3094/4261/7962
f 3094/4261/7962 3085/4248/7963 3102/4273/7960
f 3102/4273/7960 3085/4248/7963 3100/4268/7964
f 3092/4271/7965 3102/4274/7966 3103/4275/7967
f 3104/4272/7968 3092/4271/7965 3103/4275/7967
f 3089/4252/7915 3106/4263/7948 3108/4276/7969
f 3099/4277/7917 3098/4270/7949 3105/4278/7970
f 3107/4266/7959 3089/4265/7944 3108/4279/7971
f 3115/4280/7972 3100/4281/7951 3107/4282/7947
f 3105/4278/7973 3091/4283/7925 3099/4277/7953
f 3104/4272/7968 1844/744/4561 1843/2471/4560
f 3110/4284/7974 586/743/7974 595/754/7974
f 1824/2442/7975 1736/2350/4294 3116/4285/7976
f 1825/2453/4533 1774/2385/4532 1810/2411/7977
f 1810/2411/4447 1792/2410/4543 3123/4286/7978
f 1792/2434/4493 1815/2451/4551 3123/4287/7979
f 594/751/7980 591/746/1344 590/748/1346
f 3112/4288/7981 594/751/1354 585/742/1348
f 3100/4281/7982 3115/4280/7983 3133/4289/7984
f 3124/4290/7985 3108/4276/7969 3106/4263/7948
f 3105/4278/7970 3098/4270/7949 3109/4291/7986
f 595/754/7987 1831/2492/7987 3110/4284/7987
f 1740/2469/7988 1807/2431/7988 3137/4292/7988
f 3098/4270/7954 3104/4272/7958 3109/4291/7989
f 3104/4272/7958 1843/2471/7990 3109/4291/7989
f 3116/4293/7976 1736/2340/4294 1836/2443/4508
f 1809/4294/4530 1828/2467/4435 1842/4295/7991
f 1828/2467/4553 1825/2453/4555 1842/4295/7992
f 3118/4296/7993 3120/2478/4574 591/746/1353
f 3102/4297/7994 3100/4281/7982 3133/4289/7984
f 3131/4298/7995 3091/4283/7925 3105/4278/7973
f 586/743/7996 3110/4284/7996 1843/2471/7996
f 1831/2492/4614 1793/2459/4613 3126/4299/7997
f 3126/4299/7998 1793/2459/7999 1823/2458/8000
f 1813/2433/4492 1732/2330/4265 3127/2437/8001
f 3111/4300/8002 1833/2454/4534 3117/4301/8003
f 3117/753/8004 596/750/8005 3120/2478/8006
f 3112/4288/8007 585/742/1340 1844/744/1342
f 3095/4302/7924 3091/4283/7943 3129/4303/8008
f 3109/4291/7989 1843/2471/7990 3122/4304/8009
f 3122/4304/8009 1843/2471/7990 3110/4284/8010
f 1827/2468/4519 1824/2442/4557 3116/4285/8011
f 1807/2431/8012 3119/2470/8012 3137/4292/8012
f 3118/4296/8013 591/746/1344 594/751/7980
f 3125/4305/8014 3104/4272/7968 3103/4275/7967
f 3103/4306/8015 3102/4297/8016 3133/4289/8017
f 3124/4290/8018 3106/4263/7940 3121/4307/8019
f 3106/4263/7940 3097/4262/7939 3121/4307/8019
f 3119/2470/8020 1837/2466/8021 1842/2476/8022
f 1844/744/4561 3104/4272/7968 3125/4305/8014
f 3140/4308/8023 1836/2443/4549 3114/2345/4303
f 1815/2451/4525 1833/2454/4534 3132/4309/8024
f 1833/2454/4534 3111/4300/8002 3132/4309/8024
f 3128/4310/8025 3117/4301/8004 3120/4311/8006
f 3129/4303/8008 3091/4283/7943 3131/4298/8026
f 1823/2458/8000 1827/2460/8027 3116/4312/8028
f 3127/2437/4498 1740/2461/4542 3137/4313/8029
f 3117/4301/8030 3128/4310/8030 3111/4300/8030
f 3135/4314/8031 3107/4282/7959 3108/4315/7971
f 3097/4262/7945 3095/4255/7933 3129/4316/8032
f 1832/2475/8033 1734/2347/4308 1813/2433/4491
f 3119/2470/8020 1842/2476/8022 3130/4317/8034
f 3110/4284/8035 1831/2492/4614 3126/4299/7997
f 3116/4293/8028 1836/2443/4549 3140/4308/8023
f 1825/2453/8036 1810/2411/8036 3134/4318/8036
f 1810/2411/8037 3123/4286/8037 3134/4318/8037
f 3128/4310/8038 3120/4311/8038 3139/4319/8038
f 3105/4278/7970 3109/4291/7986 3136/4320/8039
f 3109/4291/7986 3122/4304/8040 3136/4320/8039
f 1842/4295/8041 1825/2453/8042 3130/4321/8043
f 3123/4287/7979 1815/2451/4551 3138/4322/8044
f 1844/744/1342 3125/4305/8045 3112/4288/8007
f 3115/4280/7972 3107/4282/7947 3135/4314/8046
f 3126/4299/8047 3122/4304/8040 3110/4284/8048
f 3119/2470/8020 3130/4317/8034 3137/4292/8049
f 1815/2451/4551 3132/4309/8050 3138/4322/8044
f 3139/4319/8051 3120/4311/8051 3146/4323/8051
f 3120/2478/8052 3118/4296/8052 3146/4324/8052
f 3133/4289/7984 3115/4280/7983 3147/4325/8053
f 1823/2458/8000 3116/4312/8028 3140/4326/8023
f 3130/4321/8043 1825/2453/8042 3134/4318/8054
f 3111/4300/8055 3128/4310/8056 3141/4327/8057
f 3146/4324/8058 594/751/8058 3112/4288/8058
f 3112/4288/8007 3125/4305/8045 3103/4275/8045
f 3097/4262/7945 3129/4316/8032 3121/4307/8059
f 3136/4320/8039 3122/4304/8040 3126/4299/8047
f 3134/4328/8060 3123/4287/8061 3138/4322/8062
f 3132/4309/8063 3111/4300/8063 3143/4329/8063
f 3118/4296/8064 594/751/8064 3146/4324/8064
f 3167/4330/8065 3108/4276/7969 3124/4290/7985
f 3131/4298/7995 3105/4278/7973 3142/4331/8066
f 3126/4299/7998 1823/2458/8000 3140/4326/8023
f 3140/4308/8067 3114/2345/4304 3144/4332/8068
f 3134/4328/8060 3138/4322/8062 3149/4333/8069
f 3144/4332/8068 3114/2345/4304 1832/2475/4568
f 3154/4334/8070 3127/2437/4498 3137/4313/8029
f 3138/4322/8071 3132/4309/8071 3143/4329/8071
f 3112/4335/8072 3103/4306/8015 3146/4323/8073
f 3115/4280/7972 3135/4314/8046 3147/4325/8074
f 3105/4278/7973 3136/4320/8075 3142/4331/8066
f 3141/4327/8076 3128/4310/8076 3139/4319/8076
f 3139/4319/8077 3146/4323/8077 3150/4336/8077
f 1832/2475/8033 1813/2433/4491 3144/4332/8078
f 3111/4300/8055 3141/4327/8057 3143/4329/8079
f 3146/4323/8073 3103/4306/8015 3133/4289/8017
f 1813/2433/4492 3127/2437/8001 3156/4337/8080
f 3137/4313/8029 3130/4338/8081 3154/4334/8070
f 3156/4337/8080 3127/2437/8001 3154/4334/8082
f 3130/4339/8043 3134/4328/8054 3152/4340/8083
f 3152/4340/8084 3134/4328/8084 3149/4333/8084
f 3150/4336/8085 3146/4323/8073 3133/4289/8017
f 3135/4314/8031 3108/4315/7971 3167/4341/8086
f 3136/4320/8075 3126/4299/8087 3142/4331/8066
f 3149/4333/8069 3138/4322/8062 3148/4342/8088
f 3138/4322/8089 3143/4329/8089 3148/4342/8089
f 3141/4327/8090 3139/4319/8091 3153/4343/8092
f 3142/4331/8093 3140/4326/8094 3144/4344/8095
f 3148/4342/8096 3143/4329/8097 3141/4327/8098
f 3139/4319/8091 3150/4336/8099 3153/4343/8092
f 3142/4331/8100 3126/4299/7998 3140/4326/8023
f 3144/4332/8078 1813/2433/4491 3156/4337/8101
f 3130/4339/8102 3152/4340/8102 3154/4345/8102
f 3133/4289/7984 3147/4325/8053 3150/4336/8103
f 3148/4342/8096 3141/4327/8098 3153/4343/8104
f 3121/4307/8059 3129/4316/8032 3165/4346/8105
f 3153/4343/8106 3152/4340/8107 3149/4333/8108
f 3150/4336/8109 3166/4347/8109 3153/4343/8109
f 3150/4336/8103 3147/4325/8053 3166/4347/8110
f 3121/4307/8019 3165/4346/8111 3124/4290/8018
f 3165/4346/8105 3129/4316/8032 3158/4348/8112
f 3142/4331/8093 3144/4344/8095 3158/4349/8113
f 3131/4298/8026 3142/4331/8093 3158/4349/8113
f 3154/4345/8114 3152/4340/8115 3159/4350/8116
f 3129/4303/8008 3131/4298/8026 3158/4349/8113
f 3144/4344/8117 3156/4351/8117 3170/4352/8117
f 3163/4353/8118 3161/4354/8118 3152/4340/8118
f 3170/4352/8119 3158/4349/8119 3144/4344/8119
f 3172/4355/8120 3154/4345/8121 3159/4350/8122
f 3152/4340/8115 3161/4354/8123 3162/4356/8124
f 3163/4353/8125 3152/4340/8125 3164/4357/8125
f 3152/4340/8126 3153/4343/8126 3164/4357/8126
f 3135/4314/8046 3167/4341/8127 3147/4325/8074
f 3124/4290/8018 3165/4346/8111 3168/4358/8128
f 3156/4359/8129 3154/4345/8121 3172/4355/8120
f 3152/4340/8115 3162/4356/8124 3159/4350/8116
f 3162/4356/8124 3161/4360/8130 3159/4350/8116
f 3161/4360/8130 3163/4361/8131 3159/4350/8116
f 3163/4361/8132 3164/4357/8132 3159/4350/8132
f 3159/4350/8133 3164/4357/8133 3153/4343/8133
f 3153/4343/8106 3149/4333/8108 3148/4342/8134
f 3166/4347/8135 3147/4325/8074 3167/4341/8127
f 3124/4290/7985 3168/4358/8136 3167/4330/8065
f 3165/4362/8137 3158/4363/8138 3169/4364/8139
f 3172/4365/8140 3170/4352/8140 3156/4351/8140
f 3166/4347/8135 3167/4341/8127 3159/4350/8141
f 3159/4350/8142 3153/4343/8142 3166/4347/8142
f 3165/4362/8137 3169/4364/8139 3173/4366/8143
f 3158/4363/8144 3170/4367/8144 3169/4364/8144
f 3167/4368/8145 3168/4369/8145 3171/4370/8145
f 3168/4369/8146 3165/4362/8146 3179/4371/8146
f 3159/4372/8147 3167/4373/8147 3176/4374/8147
f 3171/4370/8148 3168/4369/8149 3179/4371/8150
f 3165/4362/8151 3173/4366/8152 3179/4371/8153
f 3183/4375/8154 3172/4376/8154 3159/4372/8154
f 3173/4366/8143 3169/4364/8139 3178/4377/8155
f 3175/4378/8156 3170/4367/8157 3172/4376/8158
f 3171/4370/8159 3176/4379/8160 3167/4368/8161
f 3183/4375/8162 3159/4372/8163 3176/4374/8164
f 3178/4377/8165 3169/4364/8166 3180/4380/8167
f 3180/4380/8167 3169/4364/8166 3170/4367/8168
f 3170/4367/8157 3175/4378/8156 3180/4380/8169
f 3175/4378/8170 3172/4376/8171 3183/4375/8172
f 3179/4371/8153 3173/4366/8152 3181/4381/8173
f 3193/4382/8174 3181/4381/8173 3173/4366/8152
f 3179/4371/8175 3181/4381/8176 3187/4383/8177
f 3175/4378/8170 3183/4375/8172 3188/4384/8178
f 3176/4379/8160 3171/4370/8159 3185/4385/8179
f 3176/4374/8164 3184/4386/8180 3191/4387/8181
f 3171/4370/8148 3179/4371/8150 3187/4383/8182
f 3176/4374/8164 3191/4387/8181 3183/4375/8162
f 3171/4370/8148 3187/4383/8182 3185/4385/8183
f 3185/4385/8179 3184/4388/8184 3176/4379/8160
f 3193/4382/8185 3173/4366/8143 3178/4377/8155
f 3180/4380/8169 3175/4378/8156 3188/4384/8186
f 3180/4380/8167 3190/4389/8187 3178/4377/8165
f 3185/4385/8183 3187/4383/8182 3189/4390/8188
f 3190/4389/8189 3180/4380/8190 3200/4391/8191
f 3183/4375/8192 3191/4387/8193 3188/4384/8194
f 3198/4392/8195 3187/4383/8177 3181/4381/8176
f 3178/4377/8196 3190/4389/8197 3193/4382/8198
f 3200/4391/8199 3180/4380/8169 3188/4384/8186
f 3196/4393/8200 3191/4387/8181 3184/4386/8180
f 3198/4392/8201 3181/4381/8173 3193/4382/8174
f 3185/4385/8179 3189/4390/8202 3184/4388/8184
f 3189/4390/8188 3187/4383/8182 3192/4394/8203
f 3192/4394/8204 3187/4383/8177 3198/4392/8195
f 3184/4388/8205 3189/4390/8206 3194/4395/8207
f 3188/4384/8194 3191/4387/8193 3195/4396/8208
f 3184/4388/8209 3194/4395/8210 3196/4397/8211
f 3200/4391/8212 3188/4384/8213 3195/4396/8214
f 3195/4396/8208 3191/4387/8193 3196/4393/8215
f 3192/4394/8204 3201/4398/8216 3197/4399/8217
f 3201/4398/8216 3192/4394/8204 3198/4392/8195
f 3197/4399/8218 3189/4390/8188 3192/4394/8203
f 3198/4392/8201 3193/4382/8174 3203/4400/8219
f 3193/4382/8198 3190/4389/8197 3203/4400/8220
f 3203/4400/8220 3190/4389/8197 3204/4401/8221
f 3190/4389/8189 3200/4391/8191 3204/4401/8222
f 3189/4390/8188 3197/4399/8218 3199/4402/8223
f 3196/4393/8215 3205/4403/8224 3195/4396/8208
f 3211/4404/8225 3201/4398/8216 3198/4392/8195
f 3194/4395/8207 3189/4390/8206 3199/4402/8226
f 3214/4405/8227 3200/4391/8212 3195/4396/8214
f 3202/4406/8228 3196/4397/8211 3194/4395/8210
f 3194/4395/8207 3199/4402/8226 3202/4406/8229
f 3211/4404/8230 3198/4392/8201 3203/4400/8219
f 3211/4404/8230 3203/4400/8219 3212/4407/8231
f 3200/4391/8232 3214/4405/8233 3210/4408/8234
f 3214/4405/8235 3195/4396/8236 3205/4403/8237
f 3200/4391/8191 3210/4408/8238 3204/4401/8222
f 3203/4400/8220 3204/4401/8221 3212/4407/8239
f 3206/4409/8240 3202/4406/8229 3199/4402/8226
f 3209/4410/8241 3201/4398/8216 3211/4404/8225
f 3204/4401/8242 3210/4408/8243 3212/4407/8244
f 3207/4411/8245 3197/4399/8217 3209/4410/8246
f 3197/4399/8217 3201/4398/8216 3209/4410/8246
f 3196/4397/8211 3202/4406/8228 3206/4409/8247
f 3205/4412/8237 3208/4413/8248 3214/4414/8235
f 3199/4402/8223 3197/4399/8218 3207/4411/8249
f 3196/4397/8215 3206/4409/8250 3205/4415/8224
f 3199/4402/8251 3207/4411/8252 3219/4416/8253
f 3211/4404/8230 3212/4407/8231 3221/4417/8254
f 3206/4409/8240 3199/4402/8226 3219/4416/8255
f 3205/4412/8224 3206/4418/8250 3215/4419/8256
f 3209/4410/8241 3211/4404/8225 3221/4417/8257
f 3205/4412/8224 3215/4419/8256 3216/4420/8258
f 3217/4421/8259 3212/4407/8244 3210/4408/8243
f 3205/4412/8237 3216/4420/8260 3208/4413/8248
f 3207/4411/8245 3209/4410/8246 3225/4422/8261
f 3224/4423/8262 3221/4417/8254 3212/4407/8231
f 3217/4421/8263 3210/4408/8234 3214/4405/8233
f 3206/4418/8264 3219/4424/8265 3215/4419/8266
f 3217/4425/8267 3214/4414/8268 3208/4413/8269
f 3219/4424/8253 3207/4426/8252 3220/4427/8270
f 3207/4426/8271 3225/4428/8272 3220/4427/8273
f 3224/4423/8274 3212/4407/8244 3217/4421/8259
f 3219/4424/8253 3220/4427/8270 3223/4429/8275
f 3209/4410/8241 3221/4417/8257 3222/4430/8276
f 3224/4431/8274 3217/4425/8259 3226/4432/8277
f 3222/4430/8278 3221/4417/8254 3224/4423/8262
f 3219/4424/8265 3223/4429/8279 3215/4419/8266
f 3228/4433/8280 3222/4434/8278 3224/4435/8262
f 3208/4413/8248 3216/4420/8260 3232/4436/8281
f 3225/4422/8282 3209/4410/8283 3222/4430/8284
f 3228/4433/8280 3229/4437/8285 3222/4434/8278
f 3230/4438/8286 3224/4431/8274 3226/4432/8277
f 3228/4439/8287 3224/4431/8274 3230/4438/8286
f 3215/4419/8266 3223/4429/8279 3227/4440/8288
f 3217/4425/8267 3208/4413/8269 3232/4436/8289
f 3222/4441/8284 3238/4442/8290 3225/4428/8282
f 3227/4440/8288 3223/4429/8279 3233/4443/8291
f 3238/4442/8290 3222/4441/8284 3229/4444/8292
f 3235/4445/8293 3228/4433/8287 3230/4446/8286
f 3226/4432/8294 3217/4425/8267 3232/4436/8289
f 3223/4429/8275 3220/4427/8270 3233/4443/8295
f 3229/4437/8285 3228/4433/8280 3250/4447/8296
f 3236/4448/8297 3230/4438/8298 3226/4432/8299
f 3215/4419/8256 3227/4440/8300 3216/4420/8258
f 3225/4428/8272 3238/4442/8301 3231/4449/8302
f 3220/4427/8273 3225/4428/8272 3231/4449/8302
f 3236/4448/8303 3226/4432/8294 3239/4450/8304
f 3216/4420/8258 3227/4440/8300 3234/4451/8305
f 3239/4450/8304 3226/4432/8294 3232/4436/8289
f 3220/4427/8270 3231/4449/8306 3240/4452/8307
f 3250/4447/8308 3228/4433/8287 3241/4453/8309
f 3228/4433/8287 3235/4445/8293 3241/4453/8309
f 3234/4451/8305 3227/4440/8300 3237/4454/8310
f 3233/4443/8295 3220/4427/8270 3240/4452/8307
f 3243/4455/8311 3235/4445/8312 3230/4446/8298
f 3247/4456/8313 3236/4448/8303 3239/4450/8304
f 3227/4440/8288 3233/4443/8291 3240/4452/8314
f 3241/4453/8315 3235/4445/8312 3243/4455/8311
f 3243/4457/8311 3230/4438/8298 3236/4448/8297
f 3232/4436/8281 3216/4420/8260 3239/4450/8316
f 3231/4449/8302 3238/4442/8301 3242/4458/8317
f 3238/4442/8301 3249/4459/8318 3242/4458/8317
f 3249/4459/8319 3238/4442/8290 3229/4444/8292
f 3229/4437/8285 3250/4447/8296 3245/4460/8320
f 3239/4450/8321 3216/4420/8322 3234/4451/8323
f 3240/4452/8307 3231/4449/8306 3242/4458/8324
f 3247/4456/8325 3239/4450/8321 3234/4451/8323
f 3237/4454/8326 3227/4440/8327 3246/4461/8328
f 3246/4461/8329 3227/4440/8288 3240/4452/8314
f 3240/4452/8330 3242/4458/8331 3246/4461/8332
f 3243/4457/8333 3236/4448/8303 3247/4456/8313
f 3251/4462/8334 3237/4454/8326 3246/4461/8328
f 3234/4451/8305 3237/4454/8310 3248/4463/8335
f 3229/4444/8292 3255/4464/8336 3249/4459/8319
f 3247/4456/8325 3234/4451/8323 3248/4463/8337
f 3229/4444/8338 3245/4465/8339 3255/4464/8340
f 3241/4453/8315 3243/4455/8311 3252/4466/8341
f 3242/4458/8317 3249/4459/8318 3253/4467/8342
f 3254/4468/8343 3241/4453/8315 3252/4466/8341
f 3253/4467/8342 3249/4459/8318 3258/4469/8344
f 3260/4470/8345 3243/4457/8333 3247/4456/8313
f 3248/4463/8335 3237/4454/8310 3256/4471/8346
f 3258/4469/8347 3249/4459/8319 3255/4464/8336
f 3241/4453/8309 3254/4468/8348 3250/4447/8308
f 3252/4466/8349 3243/4455/8333 3260/4472/8345
f 3246/4461/8332 3242/4458/8331 3251/4462/8350
f 3242/4458/8331 3253/4467/8351 3251/4462/8350
f 3237/4454/8310 3251/4462/8352 3256/4471/8346
f 3257/4473/8353 3254/4468/8343 3252/4466/8341
f 3247/4456/8325 3248/4463/8337 3260/4470/8354
f 3248/4463/8337 3256/4471/8355 3260/4470/8354
f 3269/4474/8356 3245/4460/8320 3250/4447/8296
f 3252/4466/8349 3260/4472/8345 3261/4475/8357
f 3256/4476/8355 3261/4475/8358 3260/4472/8354
f 3259/4477/8359 3251/4462/8350 3253/4467/8351
f 3258/4469/8344 3265/4478/8360 3253/4467/8342
f 3261/4475/8357 3257/4473/8361 3252/4466/8349
f 3269/4474/8362 3250/4447/8308 3254/4468/8348
f 3255/4464/8340 3245/4465/8339 3268/4479/8363
f 3259/4477/8364 3256/4471/8346 3251/4462/8352
f 3265/4478/8365 3258/4469/8347 3275/4480/8366
f 3258/4469/8347 3255/4464/8336 3275/4480/8366
f 3275/4480/8367 3255/4464/8340 3268/4479/8363
f 3261/4475/8358 3256/4476/8355 3262/4481/8368
f 3266/4482/8369 3269/4474/8362 3254/4468/8348
f 3259/4477/8359 3253/4467/8351 3273/4483/8370
f 3253/4467/8342 3265/4478/8360 3273/4483/8371
f 3268/4484/8372 3245/4460/8320 3269/4474/8356
f 3271/4485/8373 3257/4473/8361 3261/4475/8357
f 3276/4486/8374 3268/4484/8372 3269/4474/8356
f 3257/4473/8353 3271/4485/8375 3267/4487/8376
f 3271/4485/8377 3261/4475/8378 3262/4481/8379
f 3254/4468/8343 3257/4473/8353 3267/4487/8376
f 3266/4482/8369 3254/4468/8380 3267/4487/8381
f 3270/4488/8382 3256/4476/8346 3259/4489/8364
f 3283/4490/8383 3256/4476/8346 3270/4488/8382
f 3275/4491/8367 3268/4492/8363 3276/4493/8384
f 3262/4481/8368 3256/4476/8355 3283/4490/8385
f 3265/4494/8360 3274/4495/8386 3273/4496/8371
f 3269/4474/8362 3266/4482/8369 3289/4497/8387
f 3278/4498/8388 3265/4499/8365 3275/4491/8366
f 3289/4497/8389 3276/4486/8374 3269/4474/8356
f 3270/4488/8390 3259/4489/8359 3273/4496/8370
f 3274/4500/8391 3265/4499/8392 3278/4498/8393
f 3271/4485/8377 3262/4481/8379 3277/4501/8394
f 3262/4481/8368 3283/4490/8385 3277/4501/8395
f 3270/4488/8390 3273/4496/8370 3274/4495/8396
f 3281/4502/8397 3266/4482/8369 3267/4487/8381
f 3267/4487/8376 3271/4485/8375 3281/4502/8398
f 3271/4485/8375 3282/4503/8399 3281/4502/8398
f 3282/4503/8400 3271/4485/8377 3277/4501/8394
f 3276/4504/8374 3289/4505/8389 3280/4506/8401
f 3290/4507/8402 3283/4508/8383 3270/4509/8382
f 3289/4497/8387 3266/4482/8369 3281/4502/8397
f 3275/4491/8367 3276/4493/8384 3284/4510/8403
f 3278/4498/8404 3275/4491/8404 3284/4510/8404
f 3289/4505/8387 3281/4511/8397 3285/4512/8405
f 3284/4510/8403 3276/4493/8384 3280/4513/8406
f 3281/4511/8398 3282/4514/8399 3285/4512/8407
f 3286/4515/8408 3290/4507/8409 3270/4509/8410
f 3270/4516/8390 3274/4500/8396 3286/4517/8411
f 3287/4518/8412 3286/4517/8413 3274/4500/8414
f 3287/4518/8415 3274/4500/8391 3278/4498/8393
f 3282/4503/8416 3277/4501/8395 3283/4490/8385
f 3291/4519/8417 3288/4520/8418 3282/4514/8419
f 3282/4514/8399 3288/4520/8420 3285/4512/8407
f 3282/4514/8416 3283/4508/8385 3291/4519/8421
f 3287/4518/8422 3278/4498/8423 3284/4510/8424
f 3291/4519/8425 3283/4508/8383 3290/4507/8402
f 3300/4521/8426 3289/4505/8387 3285/4512/8405
f 3297/4522/8427 3287/4518/8422 3284/4510/8424
f 3286/4517/8413 3287/4518/8412 3298/4523/8428
f 3280/4506/8401 3289/4505/8389 3294/4524/8429
f 3292/4525/8430 3280/4506/8401 3294/4524/8429
f 3289/4505/8389 3300/4521/8431 3294/4524/8429
f 3285/4512/8407 3288/4520/8420 3295/4526/8432
f 3291/4519/8425 3290/4507/8402 3296/4527/8433
f 3298/4523/8428 3287/4518/8412 3297/4522/8434
f 3284/4510/8403 3280/4513/8406 3292/4528/8435
f 3285/4512/8436 3295/4526/8437 3300/4521/8438
f 3295/4526/8439 3288/4520/8418 3291/4519/8417
f 3290/4507/8409 3286/4515/8408 3298/4529/8440
f 3297/4522/8441 3284/4510/8442 3292/4528/8443
f 3291/4519/8417 3301/4530/8444 3295/4526/8439
f 3291/4519/8445 3299/4531/8446 3301/4530/8447
f 3291/4519/8425 3296/4527/8433 3299/4531/8448
f 3296/4527/8449 3290/4507/8409 3298/4529/8440
f 3298/4529/8428 3297/4532/8434 3303/4533/8450
f 3296/4527/8449 3298/4529/8440 3306/4534/8451
f 3303/4533/8452 3297/4532/8441 3304/4535/8453
f 3311/4536/8454 3299/4531/8448 3296/4527/8433
f 3306/4534/8455 3298/4529/8428 3303/4533/8450
f 3297/4522/8441 3292/4528/8443 3304/4537/8453
f 3292/4525/8430 3294/4524/8429 3304/4538/8456
f 3322/4539/8457 3296/4527/8449 3306/4534/8451
f 3311/4536/8458 3296/4527/8459 3322/4539/8460
f 3305/4540/8461 3294/4524/8429 3300/4521/8431
f 3323/4541/8462 3301/4530/8447 3299/4531/8446
f 3301/4530/8444 3323/4541/8463 3307/4542/8464
f 3301/4530/8444 3307/4542/8464 3295/4526/8439
f 3300/4521/8438 3295/4526/8437 3307/4542/8465
f 3311/4536/8454 3308/4543/8466 3299/4531/8448
f 3309/4544/8467 3294/4524/8429 3305/4540/8468
f 3305/4540/8461 3300/4521/8431 3310/4545/8469
f 3310/4545/8470 3300/4521/8438 3307/4542/8465
f 3338/4546/8471 3306/4534/8455 3303/4533/8450
f 3294/4524/8429 3309/4544/8467 3304/4538/8456
f 674/4547/8472 1029/1291/8473 3314/4548/8474
f 3314/4548/8474 1029/1291/8473 3312/4549/8475
f 1077/1404/2647 1038/1337/2646 3332/4550/8476
f 1076/1317/8477 1024/1134/8477 3317/1318/8477
f 1000/1124/2441 1073/1367/2443 1053/1319/8478
f 1025/1320/8479 1040/1321/8480 3325/1368/8481
f 1035/1351/8482 917/1087/1900 1063/1361/2432
f 1029/1291/2461 674/4547/8483 1063/1361/2432
f 3322/4539/8484 3306/4534/8485 3338/4546/8486
f 1029/1291/2295 677/1280/2294 1003/4551/8487
f 3324/4552/8488 1039/1274/8488 1020/1254/8488
f 1073/1367/8489 1014/1128/2288 1061/1347/2409
f 3313/4553/8490 1025/4554/8479 3325/4555/8481
f 3303/4533/8452 3304/4535/8453 3309/4556/8491
f 3319/4557/8492 1038/1337/2389 1023/1315/2388
f 3308/4543/8466 3311/4536/8454 674/4558/8493
f 674/4558/8494 3311/4536/8494 1063/4559/8494
f 3299/4531/8446 3308/4543/8495 3323/4541/8462
f 3312/4549/8496 1029/1291/8497 3316/4560/8498
f 1029/1291/8497 1003/4551/8499 3316/4560/8498
f 1073/1367/8500 1020/1254/8501 1053/1319/8502
f 1023/1315/2346 678/1253/2345 3319/4557/8503
f 3319/4561/8503 678/1339/2345 1076/1317/8504
f 3314/4562/8505 3318/4563/8506 674/4558/8507
f 3331/4564/8508 1036/1381/2470 1074/1383/2472
f 3327/4565/8509 1020/1254/8501 1073/1367/8500
f 3320/4566/8510 1061/1347/8510 3313/1371/8510
f 3334/4567/8511 3313/4553/8512 3325/4555/8513
f 3325/1368/8514 1062/1350/8514 3321/4568/8514
f 1056/1360/2401 1057/1327/8515 3336/4569/8516
f 3336/4569/8517 1057/1327/8517 1035/1351/8517
f 1063/4559/8518 3311/4536/8458 3322/4539/8460
f 3314/4562/8519 3312/4570/8520 3318/4563/8521
f 3319/4557/8522 3332/4550/8476 1038/1337/2646
f 3319/4561/8523 1076/1317/8524 3317/1318/8525
f 1062/1350/8526 1043/1299/8526 3321/4568/8526
f 1043/1299/2399 1056/1344/2401 3336/4571/8516
f 1035/1351/8527 1063/1361/8527 3328/4572/8527
f 3308/4543/8495 674/4558/8507 3318/4563/8506
f 1073/1367/8489 1061/1347/2409 3320/4566/8528
f 3320/4566/8529 3313/1371/8512 3334/4573/8511
f 3336/4569/8530 1035/1351/8530 3328/4572/8530
f 3328/4574/8531 1063/4559/8532 3322/4539/8484
f 3323/4541/8462 3308/4543/8495 3318/4563/8506
f 3318/4563/8521 3312/4570/8520 3316/4575/8533
f 1020/1254/8534 3329/4576/8535 3324/4552/8536
f 3321/4568/8537 1043/1299/2399 3336/4571/8516
f 3330/4577/8538 3316/1293/2298 1036/1300/2315
f 914/1135/8539 1039/1274/8540 3344/4578/8541
f 3325/1368/8542 3326/4579/8542 3334/4580/8542
f 3326/4579/8543 3325/1368/8543 3321/4568/8543
f 1077/1404/2509 3332/4550/8544 1074/1383/2510
f 3317/1318/8545 914/1135/8546 3344/4578/8547
f 3344/4578/8541 1039/1274/8540 3324/4552/8548
f 3329/4576/8535 1020/1254/8534 3327/4565/8549
f 3319/4561/8523 3317/1318/8525 3333/4581/8550
f 3336/4582/8551 3328/4574/8551 3337/4583/8551
f 3330/4584/8552 1036/1381/2470 3331/4564/8508
f 3333/4581/8553 3317/1318/8545 3344/4578/8547
f 1073/1367/8500 3320/4566/8554 3327/4565/8509
f 3337/4583/8555 3328/4574/8531 3322/4539/8484
f 3322/4539/8484 3338/4546/8486 3337/4583/8555
f 3339/4585/8556 3323/4541/8463 3318/4563/8557
f 3309/4544/8467 3305/4540/8468 3366/4586/8558
f 3366/4586/8558 3305/4540/8468 3342/4587/8559
f 3307/4542/8464 3323/4541/8463 3339/4585/8556
f 3318/4563/8560 3316/4575/8561 3330/4588/8562
f 3321/4568/8563 3336/4571/8563 3326/4579/8563
f 3326/4589/8564 3336/4590/8565 3341/4591/8566
f 3307/4542/8465 3339/4585/8567 3310/4545/8470
f 3327/4592/8568 3320/4593/8569 3343/4594/8570
f 3318/4563/8560 3330/4588/8562 3339/4585/8571
f 1074/1383/2510 3332/4550/8544 3331/4564/8572
f 3332/4595/8476 3319/4561/8522 3333/4581/8573
f 3320/4593/8574 3334/4596/8574 3343/4594/8574
f 3334/4596/8575 3326/4589/8576 3341/4591/8577
f 3329/4597/8578 3327/4592/8579 3426/4598/8580
f 3429/4599/8581 3336/4600/8582 3337/4601/8583
f 3337/4583/8584 3338/4546/8584 3372/4602/8584
f 3372/4602/8585 3338/4546/8471 3303/4533/8450
f 3371/4603/8586 3337/4601/8587 3372/4604/8588
f 3342/4587/8589 3305/4540/8461 3310/4545/8469
f 3329/4597/8578 3426/4598/8580 3374/4605/8590
f 3344/4578/8541 3324/4552/8548 3373/4606/8591
f 3324/4552/8548 3329/4576/8592 3373/4606/8591
f 3336/4590/8565 3398/4607/8593 3341/4591/8566
f 3336/4600/8582 3429/4599/8581 3398/4608/8594
f 3429/4599/8581 3337/4601/8583 3371/4603/8595
f 3366/4609/8596 3372/4602/8597 3309/4556/8491
f 3372/4602/8597 3303/4533/8452 3309/4556/8491
f 3310/4545/8598 3339/4585/8598 3342/4587/8598
f 3339/4585/8599 3330/4588/8600 3342/4587/8601
f 3330/4610/8600 3331/4611/8602 3342/4612/8601
f 3332/4595/8603 3333/4581/8553 3373/4606/8604
f 3333/4581/8553 3344/4578/8547 3373/4606/8604
f 3426/4598/8605 3327/4592/8568 3343/4594/8570
f 799/951/8606 809/964/8606 822/4613/8606
f 3360/999/8607 780/963/8607 797/985/8607
f 3351/4614/8608 797/985/8608 811/986/8608
f 811/986/8609 769/923/8609 3352/1014/8609
f 769/923/8610 785/965/8610 3352/1014/8610
f 769/923/8611 812/993/8611 3347/4615/8611
f 3347/4615/8612 812/993/8612 3348/4616/8612
f 812/993/8613 3349/1016/8613 3348/4616/8613
f 3350/4617/8614 3349/1016/1745 742/922/1747
f 828/1032/1785 793/977/1784 771/941/8615
f 801/4618/8616 3341/4591/8566 3398/4607/8593
f 3352/1014/8617 788/956/8617 3376/4619/8617
f 788/956/8618 823/1015/8618 3376/4619/8618
f 803/987/8619 790/958/8620 3353/4620/8621
f 790/958/8622 789/957/8623 817/4621/8624
f 789/957/8623 786/966/8625 817/4621/8624
f 3348/4616/8626 3349/4622/8626 3347/4615/8626
f 3349/4622/8627 3350/4623/8627 3347/4615/8627
f 3347/4615/8628 3350/4623/8628 3354/4624/8628
f 3350/4617/8614 742/922/1747 3354/4624/8629
f 820/1017/1740 819/4625/1739 733/1018/8630
f 819/4626/1739 818/4627/1738 341/4628/8631
f 820/1011/8632 805/4629/8632 3355/4630/8632
f 3355/4630/8633 805/4629/8633 813/4631/8633
f 782/931/8634 758/913/1756 3356/1019/1755
f 787/932/1757 806/4632/8635 3356/1019/1755
f 814/998/8636 800/975/8636 3357/4633/8636
f 732/982/8637 801/981/8616 3398/4634/8593
f 795/971/8638 808/973/8638 821/4635/8638
f 769/923/8639 3347/4615/8639 786/966/8639
f 3354/4624/8640 742/922/8640 3347/4615/8640
f 3411/4636/8641 819/4625/8641 341/4637/8641
f 342/4638/8642 341/4628/8642 3386/4639/8642
f 813/960/8643 773/944/8643 3364/1012/8643
f 3331/4611/8572 3332/4640/8544 3373/4641/8644
f 3383/4642/8645 3329/4597/8646 3374/4605/8647
f 3359/4643/8648 3341/4591/8649 801/4618/8650
f 821/1007/8651 799/951/8652 3367/4644/8653
f 822/4613/8654 809/964/8654 3360/999/8654
f 797/985/8655 3351/4614/8656 3360/999/8657
f 823/1015/8658 802/959/8658 815/1000/8658
f 3368/994/8659 791/925/1703 792/991/1705
f 804/1008/1748 733/1018/1750 3362/4645/8660
f 341/4628/8661 342/4638/8662 343/4646/8663
f 341/4628/8664 818/4627/8665 3386/4639/8666
f 3386/4639/8666 818/4627/8665 3363/4647/8667
f 818/1009/8668 820/1011/8668 3370/4648/8668
f 3370/4648/8669 820/1011/8669 824/4649/8669
f 3357/4633/8670 800/975/8670 3358/4650/8670
f 3382/4651/8671 3331/4611/8572 3373/4641/8644
f 3334/4596/8575 3341/4591/8577 3359/4643/8672
f 799/951/8673 822/4613/8673 3391/4652/8673
f 3353/4620/8621 790/958/8620 817/4621/8674
f 742/922/1668 3361/967/1667 3347/4615/8675
f 340/4653/8676 343/4646/8677 3380/4654/8678
f 749/903/8679 3403/928/8680 3364/1012/8681
f 800/975/8682 807/1005/8682 3358/4650/8682
f 801/1020/8683 795/971/8684 821/4635/8685
f 3375/4655/8686 3360/999/8657 3351/4614/8656
f 817/4621/8624 786/966/8625 3377/4656/8687
f 3411/4636/8688 341/4637/8661 3378/4657/8689
f 3385/4658/8690 343/4646/8677 342/4638/8691
f 3410/4659/8692 3355/4630/8692 813/4631/8692
f 799/951/8652 3391/4652/8693 3367/4644/8653
f 822/4613/8694 3360/999/8694 3391/4652/8694
f 3369/4660/8695 340/4653/8696 3421/4661/8697
f 3380/4654/8698 3421/4661/8697 340/4653/8696
f 3385/4658/8699 342/4638/8699 3386/4639/8699
f 3381/4662/8700 3363/4663/8701 818/1009/8702
f 818/1009/8702 3370/4648/8703 3381/4662/8700
f 813/960/8704 3364/1012/8704 3387/4664/8704
f 828/1032/1785 771/941/8615 3365/1004/8705
s 0
f 3388/4665/1047 3390/4666/1047 3389/4667/1047
s 1
f 3390/4668/8706 3358/4650/8707 3389/4667/8708
f 3373/4641/8709 3329/4597/8646 3383/4642/8645
f 3351/4614/8710 811/986/8710 3352/1014/8710
f 815/1000/8711 803/987/8712 3353/4620/8713
f 804/1008/1736 3394/4669/8714 3393/4670/8715
f 3393/4671/8716 3394/4672/8716 3395/4673/8716
f 3394/4669/8717 804/1008/8717 3395/4673/8717
f 804/1008/1748 3362/4645/8660 3395/4673/8718
f 3362/4645/8719 733/1018/8630 3411/4636/8720
f 733/1018/8630 819/4625/1739 3411/4636/8720
f 3379/4674/8721 343/4646/8663 3369/4660/8722
f 343/4646/8663 340/4653/8723 3369/4660/8722
f 343/4646/8677 3385/4658/8690 3380/4654/8678
f 3370/4648/8724 824/4649/8725 339/4675/8726
f 824/4649/8727 820/1011/8727 3355/4630/8727
f 3357/4633/8728 3358/4650/8728 3397/4676/8728
f 3358/4650/8729 3390/4668/8729 3397/4676/8729
f 3397/4676/8730 3390/4666/8731 3398/4677/8732
f 3390/4666/8733 3388/4665/8733 3398/4677/8733
f 3388/4665/8734 3389/4667/8734 3398/4677/8734
f 3389/4667/8708 3358/4650/8707 3398/4677/8593
f 3392/4678/8735 815/1000/8711 3353/4620/8713
f 804/1008/1736 3393/4670/8715 3399/4679/8736
f 3399/4679/8736 3393/4671/8737 3384/4680/8738
f 3393/4671/8739 3395/4673/8739 3384/4680/8739
f 3395/4673/8718 3362/4645/8660 3384/4680/8740
f 3401/4681/8741 3400/4682/8741 3402/4683/8741
f 3400/4682/8742 3384/4680/8742 3402/4683/8743
f 3402/4683/8744 3384/4680/8744 3396/4684/8744
f 3384/4680/8740 3362/4645/8660 3396/4684/8745
f 3415/4685/8746 3411/4636/8688 3378/4657/8689
f 341/4628/8661 343/4646/8663 3378/4686/8689
f 3378/4686/8689 343/4646/8663 3379/4674/8721
f 3403/4687/8747 782/4688/8748 3423/4689/8749
f 828/1032/8750 3365/1004/8750 3404/4690/8750
f 3365/1004/8751 814/998/8751 3357/4633/8751
f 3357/4633/8752 3397/4676/8730 3398/4677/8732
f 3342/4612/8753 3331/4611/8754 3382/4651/8755
f 3334/4596/8756 3359/4643/8757 3343/4594/8758
f 801/4691/8683 821/1007/8685 3405/4692/8759
f 3360/999/8760 3375/4655/8761 3413/4693/8762
f 3351/4614/8763 3352/1014/8764 3406/4694/8765
f 3434/4695/8766 815/1000/8766 3392/4678/8766
f 804/1008/1736 3399/4679/8736 792/991/1705
f 792/991/1705 3399/4679/8736 3384/4680/8738
f 3384/4680/8738 3400/4682/8767 3407/4696/8768
f 3400/4697/8769 3401/4698/8770 3407/4696/8768
f 3407/4696/8768 3401/4698/8770 3396/4684/8771
f 3401/4698/8772 3402/4683/8772 3396/4684/8772
f 3410/4659/8773 813/4631/8773 3387/4699/8773
f 3398/4700/8593 3358/970/8707 732/980/8637
f 3372/4604/8774 3366/4701/8774 3451/4702/8774
f 3342/4612/8753 3382/4651/8755 3366/4703/8775
f 3382/4651/8671 3373/4641/8644 3452/4704/8776
f 3352/1014/8777 3376/4619/8777 3406/4694/8777
f 3377/4656/8778 786/966/8779 3347/4615/8780
f 3384/4680/8738 3407/4696/8768 792/991/1705
f 792/991/1705 3407/4696/8768 3396/4684/8771
f 3378/4657/8689 3419/4705/8781 3418/4706/8782
f 3378/4686/8689 3379/4674/8721 3419/4707/8781
f 3370/4648/8724 339/4675/8726 3381/4662/8783
f 3381/4662/8784 339/4675/8785 3408/4708/8786
f 339/4675/8787 824/4649/8787 3409/4709/8787
f 3365/1004/8788 3357/4633/8788 3404/4690/8788
f 3391/4652/8789 3360/999/8760 3413/4693/8762
f 3415/4685/8790 3378/4657/8790 3418/4706/8790
f 3379/4674/8721 3369/4660/8722 337/4710/8791
f 3443/4711/8792 3386/4712/8793 3363/4663/8794
f 3355/4630/8795 3410/4659/8796 3422/4713/8797
f 3429/4599/8581 3371/4603/8595 3466/4714/8798
f 3451/4702/8799 3371/4603/8586 3372/4604/8588
f 3452/4704/8800 3373/4641/8709 3383/4642/8645
f 3359/4643/8648 801/4618/8650 3405/4715/8801
f 3414/4716/8802 817/4621/8803 3377/4656/8804
f 3361/418/8805 755/914/8806 3368/994/8807
f 3419/4707/8781 3379/4674/8721 337/4710/8791
f 3421/4661/8808 3380/4654/8809 338/4717/8810
f 3380/4654/8809 3385/4658/8811 338/4717/8810
f 3385/4658/8811 3386/4639/8793 338/4717/8810
f 3408/4708/8812 339/4675/8812 3409/4709/8812
f 3409/4709/8813 824/4649/8813 3355/4630/8813
f 3436/4718/8814 3364/4719/8681 3403/4687/8680
f 3412/4720/8815 3343/4594/8758 3359/4643/8757
f 821/1007/8816 3367/4644/8817 3405/4692/8818
f 3375/4655/8819 3351/4614/8819 3416/4721/8819
f 792/991/1705 3396/4684/8771 3417/4722/8820
f 3409/4709/8821 3355/4630/8795 3422/4713/8797
f 782/4688/8822 3356/4723/8823 3423/4689/8824
f 828/1032/1807 3404/4690/8825 806/1040/1808
f 3451/4724/8826 3366/4703/8827 3424/4725/8828
f 3351/4614/8763 3406/4694/8765 3416/4721/8829
f 3406/4694/8830 3376/4619/8830 3425/4726/8830
f 823/1015/8831 815/1000/8831 3434/4695/8831
f 3353/4620/8832 817/4621/8803 3414/4716/8802
f 3414/4727/8802 3377/4728/8804 3460/4729/8833
f 792/991/1705 3417/4722/8820 3368/994/8659
f 337/4710/8791 3369/4660/8722 3420/4730/8834
f 3462/4731/8835 3443/4711/8792 3363/4663/8794
f 3363/4663/8836 3381/4662/8784 3408/4708/8786
f 3436/4718/8814 3403/4687/8680 3463/4732/8837
f 3366/4703/8775 3382/4651/8755 3424/4725/8838
f 3425/4726/8839 3376/4619/8840 823/1015/8841
f 3396/4684/8745 3362/4645/8660 3417/4722/8842
f 3428/4733/8843 3356/4723/1755 806/4734/8635
f 3367/4644/8844 3391/4652/8844 3432/4735/8844
f 3420/4730/8845 3369/4660/8846 3433/4736/8847
f 3387/4699/8848 3364/4737/8849 3431/4738/8850
f 3405/4692/8818 3367/4644/8817 3432/4735/8851
f 3353/4620/8852 3430/4739/8853 3392/4678/8854
f 3377/4728/8778 3347/4740/8780 3447/4741/8855
f 3435/4742/8856 3418/4706/8782 3419/4705/8781
f 3369/4660/8846 3421/4661/8857 3433/4736/8847
f 3431/4738/8850 3364/4737/8849 3436/4743/8858
f 3343/4594/8570 3412/4720/8859 3467/4744/8860
f 3432/4735/8861 3391/4652/8861 3413/4693/8861
f 3413/4693/8862 3375/4655/8863 3416/4721/8864
f 3353/4620/8865 3414/4716/8865 3427/429/8865
f 3427/429/8866 330/428/8866 3430/4739/8866
f 330/428/760 334/4745/762 3430/4739/8867
f 334/422/755 335/424/754 3437/4746/8868
f 3442/4747/8869 338/4748/8810 3386/4712/8793
f 3499/4749/8870 3408/4708/8871 3409/4709/8872
f 3450/4750/8873 3409/4709/8821 3422/4713/8797
f 3428/4751/8874 806/1040/8874 3404/4690/8874
f 3357/4752/8875 3398/4608/8594 3404/4753/8876
f 3343/4594/8570 3467/4744/8860 3426/4598/8605
f 335/427/763 3427/429/765 3438/4754/8877
f 3440/4755/8878 3362/4645/8878 3441/4756/8878
f 3433/4736/8879 3421/4661/8808 338/4717/8810
f 3386/4712/8793 3443/4711/8792 3442/4747/8869
f 3486/4757/8880 3382/4651/8671 3452/4704/8776
f 3416/4721/8829 3406/4694/8765 3444/4758/8881
f 3353/4620/8852 3427/429/8882 3430/4739/8853
f 3437/4746/8868 335/424/754 3445/4759/8883
f 3347/4740/8884 3361/4760/8884 3446/4761/8884
f 3361/4760/8885 327/4762/8885 3446/4761/8885
f 3446/4761/8886 327/4763/8887 3447/4741/8855
f 327/4764/8887 328/415/8888 3447/4765/8855
f 328/415/8889 329/417/8889 3447/4765/8889
f 3447/4765/8890 329/417/8890 3361/418/8890
f 3362/4645/8660 3440/4755/8891 3417/4722/8842
f 3440/4755/8892 3439/4766/8892 3417/4722/8892
f 3417/4722/8893 3440/4767/8893 3448/4768/8893
f 3440/4769/8894 3441/4756/8895 3448/4768/8896
f 3448/4768/8896 3441/4756/8895 3411/4636/8720
f 3441/4756/8895 3362/4645/8719 3411/4636/8720
f 3456/4770/8897 3418/4706/8782 3435/4742/8856
f 3356/4723/8823 3428/4733/8898 3423/4689/8824
f 3404/4753/8876 3398/4608/8594 3429/4599/8581
f 3451/4702/8799 3466/4714/8899 3371/4603/8586
f 3425/4726/8839 823/1015/8841 3453/4771/8900
f 3445/4772/8901 335/427/763 3438/4754/8877
f 3347/4740/8780 3446/4761/8886 3447/4741/8855
f 3447/4765/8902 3361/418/8903 3455/4773/8904
f 3417/4722/8905 3448/4768/8905 3411/4636/8905
f 3456/4770/8897 3411/4636/8688 3415/4685/8746
f 3415/4685/8906 3418/4706/8906 3456/4770/8906
f 3435/4742/8856 3419/4705/8781 337/4774/8791
f 3363/4663/8836 3408/4708/8786 3462/4731/8907
f 3410/4659/8908 3387/4699/8909 3431/4738/8910
f 3359/4643/8911 3405/4715/8912 3432/4775/8913
f 3434/4695/8914 3392/4678/8914 3454/4776/8914
f 3458/4777/8915 3457/4778/8915 3459/4779/8915
f 3457/4778/8916 3427/429/8916 3459/4779/8916
f 3427/429/8917 3414/4716/8917 3459/4779/8917
f 3377/4728/8804 3447/4741/8902 3460/4729/8833
f 3455/4773/8918 3361/418/8805 3368/994/8807
f 3499/4749/8919 3409/4709/8821 3450/4750/8873
f 3383/4642/8645 3374/4605/8647 3452/4704/8920
f 823/1015/8921 3434/4695/8921 3453/4771/8921
f 3392/4678/8922 3430/4739/8922 3454/4776/8922
f 3427/429/8923 3457/4778/8923 3438/4754/8923
f 3457/4778/8924 3458/4780/8924 3438/4754/8924
f 3438/4754/8925 3458/4780/8926 3464/4781/8927
f 3458/4782/8928 3459/4779/8928 3464/4781/8928
f 3459/4779/8929 3414/4716/8929 3464/4781/8929
f 3420/4783/8834 3449/4784/8930 3480/4785/8931
f 3465/4786/8932 3449/4784/8932 3420/4783/8932
f 3422/4713/8933 3410/4659/8908 3431/4738/8910
f 3404/4753/8934 3429/4599/8581 3466/4714/8798
f 3382/4651/8755 3486/4757/8935 3424/4725/8838
f 3426/4598/8580 3467/4744/8936 3374/4605/8590
f 3359/4643/8911 3432/4775/8913 3483/4787/8937
f 3406/4694/8938 3425/4726/8938 3503/4788/8938
f 334/422/8939 3437/4746/8940 3479/4789/8941
f 3464/4781/8927 3414/4716/8942 3438/4754/8925
f 3438/4790/8943 3414/4727/8943 3460/4729/8943
f 3471/4791/8944 3468/4792/8945 3455/4793/8904
f 3468/4792/8945 3447/4741/8902 3455/4793/8904
f 3417/4722/8946 3411/4636/8688 3456/4770/8897
f 337/4774/8791 3420/4783/8834 3480/4785/8931
f 3483/4794/8947 3432/4735/8947 3413/4693/8947
f 3413/4693/8862 3416/4721/8864 3483/4794/8948
f 3430/4739/8949 334/4745/8939 3479/4795/8941
f 3447/4741/8902 3468/4792/8945 3460/4729/8833
f 3460/4729/8950 3468/4792/8950 3470/4796/8950
s 0
f 3470/4796/1047 3468/4792/1047 3471/4797/1047
s 1
f 3471/4791/8951 3455/4793/8951 3472/4798/8951
f 337/4774/8791 3480/4785/8931 3435/4742/8856
f 3469/4799/8952 3449/4784/8953 3465/4786/8954
f 3465/4800/8955 3420/4730/8955 3433/4736/8955
f 3428/4801/8956 3404/4753/8956 3482/4802/8956
f 3482/4802/8957 3404/4753/8934 3466/4714/8798
f 3474/4803/8958 3466/4714/8899 3451/4702/8799
f 3470/4796/8959 3471/4797/8960 3460/4729/8961
f 3471/4797/8962 3472/4804/8963 3460/4729/8961
f 3460/4729/8964 3472/4804/8965 3477/4805/8966
f 3472/4798/8967 3455/4793/8967 3477/4805/8967
f 3449/4784/8953 3469/4799/8952 3480/4785/8968
f 3478/4806/8969 3443/4711/8969 3462/4731/8969
f 3481/4807/8970 3408/4708/8871 3499/4749/8870
f 3431/4738/8850 3436/4743/8858 3473/4808/8971
f 3479/4795/8972 3454/4776/8973 3430/4739/8974
f 3477/4805/8966 3455/4793/744 3460/4729/8964
f 338/4748/8810 3442/4747/8869 3433/4809/8879
f 3462/4731/8907 3408/4708/8786 3481/4807/8975
f 3473/4808/8976 3436/4743/8976 3463/4810/8976
f 3463/4732/8977 3403/4687/8747 3423/4689/8749
f 3510/4811/8978 3451/4724/8826 3424/4725/8828
f 3452/4704/8920 3374/4605/8647 3485/4812/8979
f 3485/4812/8980 3374/4605/8590 3467/4744/8936
f 3412/4720/8815 3359/4643/8757 3483/4787/8981
f 3483/4794/8948 3416/4721/8864 3444/4758/8982
f 3442/4747/8869 3443/4711/8792 3484/4813/8983
f 3443/4711/8984 3478/4806/8984 3484/4813/8984
f 3412/4720/8859 3501/4814/8985 3467/4744/8860
f 3460/4729/8964 3455/4793/744 326/4815/743
f 3469/4816/8986 3465/4800/8987 3433/4736/8879
f 3423/4689/8988 3428/4733/8989 3482/4817/8990
f 3474/4818/8991 3451/4724/8826 3510/4811/8978
f 3412/4720/8815 3483/4787/8981 3511/4819/8992
f 3444/4758/8993 3406/4694/8994 3503/4788/8995
f 3488/4820/8996 3490/4821/8997 3487/4822/8998
f 3487/4822/8999 3490/4821/8999 3489/4823/8999
f 3489/4824/9000 3490/4825/9000 3491/4826/9000
f 3490/4821/9001 3488/4820/9001 3491/4826/9001
f 3493/4827/9002 3487/4822/9003 3492/4828/9004
f 3487/4822/9003 3489/4823/9005 3492/4828/9004
f 3489/4824/9006 3491/4826/9006 3492/4828/9006
f 3492/4828/9007 3491/4826/9007 3493/4827/9007
f 3493/4827/9008 3491/4826/9008 3488/4820/9008
f 3494/4829/9009 3488/4830/8996 3487/4831/8998
f 326/412/9010 3496/414/9011 3494/4829/9012
f 3493/4827/9013 3488/4820/9014 3505/4832/9015
f 3505/4832/9015 3488/4820/9014 3495/4833/9016
f 3488/4830/9017 3494/4829/9012 3496/414/9011
f 3498/4834/9018 3481/4807/9018 3499/4749/9018
f 3453/4771/9019 3434/4695/9020 3454/4776/9021
f 3437/4746/9022 3445/4759/9023 3502/4835/9024
f 3445/4772/8901 3438/4754/8877 3502/4836/9025
f 3456/4770/8897 3435/4742/8856 3497/4837/9026
f 3450/4750/9027 3422/4713/9027 3514/4838/9027
f 3501/4814/8985 3412/4720/8859 3511/4819/9028
f 3496/4839/745 3455/4773/744 3495/4840/9029
f 3469/4841/8986 3433/4809/8879 3442/4747/8869
f 3482/4802/9030 3466/4714/8899 3474/4803/8958
f 3516/4842/9031 3486/4757/8880 3452/4704/8776
f 3512/4843/9032 3444/4758/8993 3503/4788/8995
f 3532/4844/9033 3487/4831/9003 3493/4845/9002
f 3495/4846/9029 3488/4830/9034 3496/414/745
f 3455/4773/744 3368/994/8659 3417/4722/8820
f 3417/4722/8946 3456/4770/8897 3497/4837/9026
f 3435/4742/8856 3480/4785/8931 3497/4837/9026
f 3507/4847/9035 3473/4808/9036 3463/4810/9037
f 3423/4689/8988 3482/4817/8990 3463/4732/9038
f 3467/4744/8936 3501/4814/9039 3485/4812/8980
f 3502/4848/9040 3460/4729/8964 326/4815/743
f 3517/4849/9041 3497/4837/9042 3480/4785/9043
f 3517/4849/9041 3480/4785/9043 3469/4799/9044
f 3484/4813/9045 3478/4806/9045 3506/4850/9045
f 3507/4847/9035 3463/4810/9037 3482/4851/9046
f 3482/4851/9030 3474/4852/8958 3525/4853/9047
f 3474/4818/8991 3510/4811/8978 3540/4854/9048
f 3424/4725/8838 3486/4757/8935 3510/4811/9049
f 3503/4788/9050 3425/4726/9051 3453/4771/9052
f 3438/4790/9053 3460/4729/8964 3502/4848/9040
f 3532/4855/9033 3493/4856/9002 3508/4857/9054
f 3513/4858/9055 3505/4859/9055 3509/4860/9055
f 3498/4834/9056 3499/4749/9056 3514/4838/9056
f 3422/4713/8933 3431/4738/8910 3514/4838/9057
f 3483/4787/8981 3444/4861/9058 3511/4819/8992
f 3500/4862/9059 326/412/743 3494/4829/9060
f 3455/4773/744 3417/4722/8820 3495/4840/9029
f 3478/4806/9061 3462/4731/9061 3506/4850/9061
f 3431/4738/8910 3473/4808/9062 3514/4838/9057
f 3444/4861/9058 3512/4863/9063 3511/4819/8992
f 3508/4857/9064 3493/4856/9064 3505/4859/9064
f 3495/4840/9029 3417/4722/8820 3497/4837/9065
f 3469/4841/9066 3442/4747/8869 3517/4864/9067
f 3517/4864/9067 3442/4747/8869 3484/4813/8983
f 3514/4838/9068 3499/4749/8919 3450/4750/8873
f 3507/4847/9069 3482/4851/9030 3525/4853/9047
f 3510/4811/9049 3486/4757/8935 3524/4865/9070
f 3516/4842/9031 3452/4704/8776 3515/4866/9071
f 3437/4746/9022 3502/4835/9024 3518/4867/9072
f 3502/4835/9040 326/412/743 3500/4862/9059
f 3494/4829/9073 3487/4831/9074 3532/4844/9075
f 3505/4859/9076 3513/4858/9076 3520/4868/9076
f 3505/4869/9077 3495/4870/9077 3509/4871/9077
f 3506/4850/9078 3462/4731/8907 3481/4807/8975
f 3486/4757/8935 3516/4842/9079 3524/4865/9070
f 3481/4807/9080 3498/4834/9080 3514/4838/9080
f 3473/4808/9036 3507/4847/9035 3514/4838/9081
f 3437/4746/8940 3518/4867/9082 3479/4789/8941
f 3518/4867/9072 3500/4862/9083 3519/4872/9084
f 3500/4862/9083 3494/4829/9085 3519/4872/9084
f 3502/4835/9024 3500/4862/9083 3518/4867/9072
f 3494/4829/9073 3532/4844/9075 3519/4872/9086
f 3508/4857/9087 3505/4859/9087 3520/4868/9087
f 3521/4873/9088 3495/4840/9029 3497/4837/9065
f 3524/4865/9089 3540/4854/9090 3510/4811/9091
f 3501/4814/9092 3511/4819/9093 3526/4874/9094
f 3522/4875/9095 3454/4876/8973 3479/4789/8972
f 3509/4860/9096 3521/4873/9097 3513/4858/9098
f 3509/4871/9099 3495/4870/9029 3521/4877/9088
f 3481/4807/9100 3514/4838/9081 3531/4878/9101
f 3453/4879/9019 3454/4876/9021 3522/4875/9102
f 3506/4850/9103 3481/4807/9100 3531/4878/9101
f 3515/4866/9104 3452/4704/8920 3485/4812/8979
f 3501/4814/9039 3526/4874/9105 3485/4812/8980
f 3507/4847/9035 3531/4878/9101 3514/4838/9081
f 3525/4853/9106 3474/4852/9107 3540/4880/9108
f 3511/4819/8992 3512/4863/9063 3528/4881/9109
f 3503/4788/9050 3453/4771/9052 3529/4882/9110
f 3522/4875/9102 3479/4789/9111 3518/4867/9112
f 3517/4864/9113 3484/4813/9114 3527/4883/9115
f 3531/4878/9116 3507/4847/9069 3525/4853/9047
f 3512/4843/9032 3503/4788/8995 3529/4882/9117
f 3453/4884/9019 3522/4885/9102 3538/4886/9118
f 3518/4867/9112 3519/4872/9119 3532/4844/9120
f 3513/4858/9098 3521/4873/9097 3534/4887/9121
f 3527/4883/9122 3484/4813/9122 3506/4850/9122
f 3534/4887/9123 3521/4873/9124 3497/4837/9125
f 3516/4842/9079 3590/4888/9126 3524/4865/9070
f 3485/4812/8979 3526/4874/9127 3515/4866/9104
f 3512/4863/9063 3529/4889/9128 3528/4881/9109
f 3520/4868/9129 3513/4858/9129 3534/4887/9129
f 3534/4887/9123 3497/4837/9125 3517/4849/9130
f 3518/4867/9112 3532/4844/9120 3522/4875/9102
f 3506/4850/9131 3530/4890/9132 3536/4891/9133
f 3530/4890/9134 3506/4850/9103 3531/4878/9101
f 3508/4857/9135 3520/4868/9136 3536/4892/9137
f 3520/4868/9136 3534/4887/9138 3536/4892/9137
f 3517/4864/9113 3527/4883/9115 3536/4891/9137
f 3527/4883/9139 3506/4850/9139 3536/4891/9139
f 3530/4893/9132 3588/4894/9140 3537/4895/9141
f 3531/4878/9116 3525/4853/9047 3598/4896/9142
f 3522/4875/9102 3532/4844/9120 3538/4897/9118
f 3534/4887/9138 3517/4849/9113 3536/4892/9137
f 3530/4890/9134 3531/4878/9101 3539/4898/9143
f 3538/4897/9118 3532/4844/9033 3508/4899/9054
f 3530/4893/9132 3537/4895/9141 3536/4900/9133
f 3541/4901/9144 3543/4902/9145 3542/4903/9146
f 3541/4901/9144 3542/4903/9146 3545/4904/9147
f 3544/4905/9148 3543/4902/9145 3541/4901/9144
f 3544/4905/9148 3541/4901/9144 3546/4906/9149
f 3542/4903/9150 3543/4902/9151 3547/4907/9152
f 3550/4908/9153 3543/4902/9154 3544/4905/9155
f 3542/4903/9156 3547/4907/9157 3545/4904/9158
f 3543/4902/9151 3550/4908/9159 3548/4909/9160
f 3553/4910/9161 3546/4906/9162 3541/4901/9163
f 3541/4901/9144 3545/4904/9147 3551/4911/9164
f 3547/4907/9152 3543/4902/9151 3548/4909/9160
f 3544/4905/9148 3546/4906/9149 3556/4912/9165
f 3545/4904/9158 3547/4907/9157 3552/4913/9166
f 3560/4914/9167 3550/4908/9153 3544/4905/9155
f 3541/4901/9163 3551/4911/9168 3553/4910/9161
f 3545/4904/9169 3555/4915/9170 3551/4911/9171
f 3560/4914/9167 3544/4905/9155 3556/4912/9172
f 3553/4910/9161 3551/4911/9168 3557/4916/9173
f 3547/4907/9174 3548/4909/9175 3558/4917/9176
f 3567/4918/9177 3553/4910/9161 3557/4916/9173
f 3545/4904/9158 3552/4913/9166 3561/4919/9178
f 3546/4906/9179 3553/4910/9180 3559/4920/9181
f 3561/4919/9182 3555/4915/9170 3545/4904/9169
f 3552/4913/9183 3547/4907/9174 3570/4921/9184
f 3548/4909/9185 3550/4908/9186 3560/4914/9187
f 3556/4912/9188 3546/4906/9189 3559/4920/9190
f 3559/4920/9181 3553/4910/9180 3565/4922/9191
f 3557/4916/9192 3551/4911/9192 3555/4915/9192
f 3570/4921/9184 3547/4907/9174 3558/4917/9176
f 3571/4923/9193 3560/4914/9167 3562/4924/9194
f 3562/4924/9194 3560/4914/9167 3556/4912/9172
f 3548/4909/9185 3564/4925/9195 3558/4917/9196
f 3548/4909/9185 3560/4914/9187 3566/4926/9197
f 3562/4924/9198 3556/4912/9198 3569/4927/9198
f 3556/4912/9188 3559/4920/9190 3569/4927/9199
f 3568/4928/9200 3555/4915/9200 3561/4919/9200
f 3564/4925/9195 3548/4909/9185 3566/4926/9197
f 3553/4910/9180 3567/4918/9201 3565/4922/9191
f 3561/4919/9202 3552/4913/9202 3584/4929/9202
f 3552/4913/9203 3570/4921/9204 3584/4929/9205
f 3558/4917/9206 3564/4925/9207 3575/4930/9208
f 3560/4914/9187 3571/4923/9209 3566/4926/9197
f 3557/4916/9210 3555/4915/9210 3573/4931/9210
f 3559/4920/9211 3565/4922/9212 3574/4932/9213
f 3565/4922/9214 3567/4918/9214 3579/4933/9214
f 3567/4918/9215 3557/4916/9216 3579/4933/9217
f 3568/4928/9218 3561/4919/9218 3584/4929/9218
f 3564/4925/9219 3566/4926/9220 3576/4934/9221
f 3571/4923/9222 3562/4924/9222 3577/4935/9222
f 3570/4921/9223 3558/4917/9224 3582/4936/9225
f 3582/4936/9226 3558/4917/9206 3575/4930/9208
f 3569/4927/9227 3559/4920/9228 3574/4932/9229
f 3574/4937/9213 3565/4938/9212 3578/4939/9230
f 3566/4926/9231 3571/4923/9231 3576/4934/9231
f 3562/4924/9232 3569/4927/9233 3577/4935/9234
f 3579/4933/9217 3557/4916/9216 3573/4931/9235
f 3555/4915/9236 3568/4928/9237 3581/4940/9238
f 3584/4929/9205 3570/4921/9204 3580/4941/9239
f 3565/4938/9240 3579/4942/9241 3578/4939/9242
f 3573/4931/9243 3555/4915/9236 3581/4940/9238
f 3576/4934/9244 3571/4923/9245 3577/4935/9246
f 3586/4943/9247 3569/4927/9227 3574/4932/9229
f 3583/4944/9248 3568/4928/9249 3584/4929/9250
f 3564/4925/9219 3576/4934/9221 3575/4930/9251
f 3580/4941/9252 3570/4921/9223 3582/4936/9225
f 3578/4939/9242 3579/4942/9241 3592/4945/9253
f 3584/4929/9254 3580/4941/9254 3585/4946/9254
f 3577/4935/9234 3569/4927/9233 3586/4943/9255
f 3586/4947/9256 3574/4937/9213 3594/4948/9257
f 3594/4948/9257 3574/4937/9213 3578/4939/9230
f 3587/4949/9258 3580/4941/9252 3582/4936/9225
f 3576/4934/9244 3577/4935/9246 3588/4950/9259
f 3575/4930/9251 3576/4934/9221 3589/4951/9260
f 3525/4853/9106 3540/4880/9108 3598/4896/9261
f 3533/4952/9262 3524/4865/9263 3590/4888/9126
f 3453/4884/9019 3538/4886/9118 3529/4953/9264
f 3577/4935/9234 3586/4943/9255 3537/4954/9265
f 3568/4928/9249 3583/4944/9248 3581/4940/9266
f 3582/4936/9267 3575/4930/9268 3600/4955/9269
f 3540/4854/9090 3524/4865/9089 3533/4952/9270
f 3583/4944/9248 3584/4929/9250 3585/4946/9271
f 3511/4819/9093 3528/4881/9272 3591/4956/9273
f 3588/4950/9259 3577/4935/9246 3537/4954/9274
f 3587/4949/9275 3582/4936/9267 3600/4955/9269
f 3539/4898/9276 3531/4878/9116 3598/4896/9142
f 3526/4874/9094 3511/4819/9093 3591/4956/9273
f 3576/4934/9244 3588/4950/9259 3603/4957/9277
f 3594/4948/9278 3578/4939/9279 3596/4958/9280
f 3592/4945/9281 3579/4942/9282 3573/4959/9283
f 3581/4940/9284 3595/4960/9284 3573/4931/9284
f 3585/4946/9285 3580/4941/9286 3593/4961/9287
f 3603/4962/9288 3588/4894/9289 3530/4893/9134
f 3613/4963/9290 3526/4874/9127 3591/4956/9291
f 3508/4964/9135 3536/4900/9137 3597/4965/9292
f 3604/4966/9293 3586/4947/9294 3594/4948/9295
f 3538/4886/9118 3508/4964/9054 3597/4965/9296
f 3578/4939/9279 3592/4945/9297 3596/4958/9280
f 3573/4959/9283 3595/4967/9298 3592/4945/9281
f 3611/4968/9299 3539/4898/9276 3598/4896/9142
f 3593/4961/9300 3580/4941/9252 3587/4949/9258
f 3575/4930/9268 3589/4951/9301 3600/4955/9269
f 3515/4866/9104 3526/4874/9127 3613/4963/9290
f 3597/4965/9302 3536/4900/9303 3599/4969/9304
f 3595/4960/9305 3581/4940/9306 3583/4944/9307
f 3605/4970/9308 3598/4896/9261 3540/4880/9108
f 3529/4953/9264 3538/4886/9118 3597/4965/9296
f 3536/4900/9303 3537/4895/9309 3599/4969/9304
f 3601/4971/9310 3595/4967/9305 3583/4972/9307
f 3583/4944/9311 3585/4946/9285 3602/4973/9312
f 3589/4951/9313 3576/4934/9244 3603/4957/9277
f 3603/4962/9288 3530/4893/9134 3539/4974/9143
f 3608/4975/9314 3529/4953/9315 3597/4965/9316
f 3537/4976/9265 3586/4947/9255 3604/4966/9317
f 3540/4854/9090 3533/4952/9270 3605/4977/9318
f 3533/4952/9262 3590/4888/9126 3620/4978/9319
f 3583/4972/9307 3602/4979/9320 3601/4971/9310
f 3600/4955/9269 3589/4951/9301 3610/4980/9321
f 3620/4978/9319 3590/4888/9126 3618/4981/9322
f 325/411/742 3618/4981/9322 3590/4888/9126
f 3606/4982/9323 3602/4973/9312 3585/4946/9285
f 3589/4951/9313 3603/4957/9277 3610/4980/9324
f 3603/4962/9325 3539/4974/9276 3611/4983/9299
f 3605/4977/9318 3533/4952/9270 3620/4978/9326
f 325/411/742 323/410/741 3618/4981/9322
f 3618/4981/9322 323/410/741 3607/4984/9327
f 323/4985/741 324/4986/740 3607/4984/9327
f 3607/4984/9327 324/4986/740 3590/4888/9126
f 324/4986/740 325/411/742 3590/4888/9126
f 3516/4842/9031 3515/4866/9071 3613/4963/9328
f 3528/4881/9109 3529/4889/9128 3608/4987/9329
f 3597/4965/9316 3599/4969/9330 3608/4975/9314
f 3609/408/9331 3602/4988/9332 3615/4989/9333
f 3606/4982/9323 3585/4946/9285 3593/4961/9287
f 3611/4968/9334 3598/4896/9261 3605/4970/9308
f 3618/4981/9322 3607/4984/9327 3516/4842/9079
f 3607/4984/9327 3590/4888/9126 3516/4842/9079
f 3599/4969/9304 3537/4895/9309 3604/4990/9335
f 3601/4991/9336 3602/4988/9332 3609/408/9331
f 3591/4956/9273 3528/4881/9272 3619/4992/9337
f 3604/4966/9293 3594/4948/9295 3612/4993/9338
f 3606/4982/9339 3593/4961/9300 3616/4994/9340
f 3610/4995/9341 3603/4962/9325 3611/4983/9299
f 3592/4945/9342 3595/4967/9343 3614/4996/9344
f 3613/4963/9290 3591/4956/9291 3619/4992/9345
f 3528/4881/9272 3608/4987/9346 3619/4992/9337
f 3593/4961/9300 3587/4949/9258 3616/4994/9340
f 3612/4993/9347 3594/4948/9348 3596/4958/9349
f 3592/4945/9342 3614/4996/9344 3596/4958/9350
f 3595/4967/9351 3601/4971/9351 3614/4996/9351
f 295/4997/9352 3601/4991/9352 3609/408/9352
f 3610/4995/9353 3611/4983/9353 3617/4998/9353
f 3615/4989/9354 3602/4988/9354 3606/4999/9354
f 3599/4969/9330 3604/4990/9355 3612/5000/9356
f 3587/4949/9357 3600/4955/9357 3617/5001/9357
f 3600/4955/9269 3610/4980/9321 3617/5001/9358
f 3608/4975/9314 3599/4969/9330 3612/5000/9356
f 3587/4949/9359 3617/5001/9359 3616/4994/9359
f 3611/4983/9334 3605/5002/9308 3650/5003/9360
f 3618/4981/9361 3516/4842/9031 3613/4963/9328
f 3606/4982/9362 3616/4994/9363 3647/5004/9364
f 3617/4998/9365 3611/4983/9334 3650/5003/9360
f 3614/5005/9366 3601/5006/9367 295/5007/9368
f 3609/5008/739 289/5009/738 274/5010/9369
f 290/5011/9370 311/379/9371 320/404/9372
f 3639/5012/9373 314/350/635 315/344/629
f 288/400/713 289/355/730 319/5013/9374
f 3650/5014/9375 3605/4977/9318 3620/4978/9326
f 3596/4958/9376 3614/4996/9376 3626/5015/9376
f 281/367/9377 282/357/9378 316/402/9379
f 3622/375/9380 206/244/9381 303/403/9382
f 317/398/9383 204/378/9383 3627/5016/9383
f 312/361/9384 267/329/9385 321/395/9386
f 304/396/721 3623/5017/9387 321/395/720
f 294/382/9388 308/387/9389 3624/5018/9390
f 308/387/9389 318/5019/9391 3624/5018/9390
f 308/387/705 313/386/707 318/5019/9392
f 313/386/9393 305/385/9393 3629/5020/9393
f 306/384/723 294/382/700 314/350/699
f 3631/406/9394 279/339/9394 298/370/9394
f 291/380/693 3671/5021/9395 299/5022/9396
f 291/380/693 322/397/729 3671/5021/9395
f 287/360/652 288/392/712 319/5023/9397
f 319/5013/9398 289/355/738 3625/407/737
f 3609/408/9331 3615/4989/9333 3625/407/9399
f 3616/4994/9400 3617/5001/9401 3647/5004/9402
f 3647/5004/9402 3617/5001/9401 3698/5024/9403
f 3634/5025/9404 3633/5026/9405 3632/5027/9405
f 3634/5025/9404 3632/5027/9405 3635/5028/9405
f 3632/5027/9406 3608/5029/9346 3635/5028/9407
f 3635/5028/9408 3608/5029/9408 3612/4993/9408
f 217/5030/682 275/401/9409 3663/5031/9410
f 282/341/9378 301/368/9411 316/5032/9379
f 316/5032/9379 301/368/9411 3622/375/9412
f 303/403/9413 207/246/9413 290/348/9413
f 320/404/9414 296/376/9414 317/398/9414
f 204/378/9415 3628/399/9415 3627/5016/9415
f 3628/399/9416 203/377/9417 297/319/9418
f 3636/5033/9419 297/319/587 265/321/589
f 305/385/9420 3630/405/9420 3629/5020/9420
f 299/366/9421 3671/5034/9421 3656/5035/9421
f 3657/5036/9422 287/360/9422 319/5023/9422
f 3608/5029/9346 3632/5027/9406 3640/5037/9423
f 3632/5027/9406 3633/5038/9424 3640/5037/9423
f 3633/5038/9424 3634/5039/9425 3640/5037/9423
f 3634/5039/9426 3635/5028/9426 3640/5037/9426
f 3635/5028/9427 3612/4993/9428 3640/5037/9429
f 274/5010/9430 295/5040/9430 3609/5008/9430
f 309/388/9431 306/384/9432 3639/5012/9373
f 315/351/9433 3631/406/9433 3639/5041/9433
f 3648/5042/9434 3613/4963/9290 3619/4992/9345
f 3614/5005/9366 295/5007/9368 3637/5043/9435
f 246/317/9436 266/316/9437 3658/5044/9438
f 294/382/728 3624/5018/9439 304/381/697
f 3639/5012/9373 306/384/9432 314/350/635
f 3618/4981/9361 3613/4963/9328 3648/5042/9440
f 3619/4992/9337 3608/4987/9346 3640/5045/9423
f 3640/5037/9429 3612/4993/9428 3649/5046/9441
f 3649/5046/9442 3612/4993/9347 3596/4958/9349
f 275/401/9443 316/402/9444 3663/5031/9445
f 316/5032/9446 3622/375/9380 3641/5047/9447
f 3622/375/9380 303/403/9382 3641/5047/9447
f 318/5048/9391 3642/5049/9448 3624/5050/9390
f 318/5048/9449 3638/5051/9450 3660/5052/9451
f 298/389/9452 3646/390/9453 3645/5053/9454
f 3646/390/9455 310/391/9456 3666/5054/9457
f 3649/5046/9442 3596/4958/9349 3626/5015/9458
f 3626/5055/9459 3614/5005/9459 3637/5043/9459
f 303/5056/9460 290/5011/9370 320/404/9372
f 3628/399/9416 297/319/9418 3636/5033/9461
f 266/316/690 312/361/692 3651/5057/9462
f 3624/5018/9390 3659/5058/9463 304/381/9464
f 3642/5049/9465 318/5048/9449 3660/5052/9451
f 3638/5051/9466 318/5048/9466 3653/5059/9466
f 3661/5060/9467 3653/5059/9467 3654/5061/9467
f 3653/5059/9468 318/5048/9469 3654/5061/9470
f 3654/5061/9470 318/5048/9469 3643/5062/9471
f 318/5048/9469 313/5063/9472 3643/5062/9471
f 3625/407/9399 3615/4989/9333 319/5013/9473
f 3668/5064/9474 3650/5014/9475 3620/4978/9319
f 321/395/9386 3652/5065/9476 312/361/9384
f 304/396/9477 3659/5066/9477 3623/5017/9477
f 3638/5051/9478 3653/5059/9478 3661/5067/9478
f 3661/5068/9479 3654/5061/9479 3643/5062/9479
f 313/5063/9480 3629/5069/9480 3643/5062/9480
f 3655/5070/9481 3630/405/9482 309/388/9483
f 3685/5071/9484 3615/5072/9485 3647/5073/9364
f 3615/5074/9485 3606/4982/9362 3647/5004/9364
f 3698/5024/9486 3617/5001/9365 3650/5075/9360
f 3636/5033/9419 265/321/589 3658/5044/9487
f 3658/5044/9488 265/321/9488 246/317/9488
f 3664/5076/9489 266/316/9489 3651/5057/9489
f 321/395/9386 3623/5017/9490 3652/5065/9476
f 3638/5051/9491 3661/5067/9491 3665/5077/9491
f 3661/5068/9492 3643/5062/9492 3665/5077/9492
f 309/388/9483 3644/5078/9493 3655/5070/9481
f 3645/5053/9494 3646/390/9495 3666/5054/9496
f 299/366/9497 3656/5035/9498 3662/5079/9499
f 322/397/725 287/360/649 3657/5036/9500
f 3619/4992/9345 3640/5045/9429 3648/5042/9434
f 316/5032/9444 3641/5047/9501 3663/5080/9445
f 3658/5044/9438 266/316/9437 3664/5076/9502
f 3638/5051/9503 3665/5077/9503 3667/5081/9503
f 3665/5077/9504 3643/5062/9504 3667/5081/9504
f 310/391/9456 3662/5079/9505 3666/5054/9457
f 310/391/9506 299/366/9497 3662/5079/9499
f 319/5013/9507 3615/4989/9485 3657/5082/9508
f 3668/5064/9474 3620/4978/9319 3618/4981/9322
f 3686/5083/9509 3628/399/9509 3636/5033/9509
f 3670/5084/9510 3638/5051/9511 3667/5081/9512
f 3671/5021/9395 322/397/729 3657/5036/9513
f 3637/5043/9514 295/5007/9514 3669/5085/9514
f 295/372/680 217/374/682 3669/5086/9515
f 3764/5087/9516 3698/5024/9517 3675/5088/9518
f 3698/5024/9517 3650/5075/9519 3675/5088/9518
f 3673/5089/9520 3640/5037/9429 3649/5046/9441
f 3669/5090/9515 217/5030/682 3663/5031/9410
f 3641/5047/9521 303/403/9521 3663/5080/9521
f 3627/5016/9522 3628/399/9522 3686/5083/9522
f 3651/5057/9523 312/361/9384 3652/5065/9476
f 3631/406/9524 298/370/9524 3639/5041/9524
f 3639/5012/9525 298/5091/9525 3644/5078/9525
f 3657/5092/9508 3615/5072/9485 3685/5071/9484
f 3648/5093/9434 3640/5037/9429 3673/5089/9520
f 3649/5046/9441 3626/5015/9526 3673/5089/9520
f 3676/5094/9527 3626/5055/9526 3637/5043/9528
f 3652/5065/9476 3623/5017/9490 3696/5095/9529
f 3696/5096/9529 3623/5097/9490 3701/5098/9530
f 3678/5099/9531 3660/5052/9531 3638/5051/9531
f 3670/5084/9510 3667/5081/9512 3784/5100/9532
f 309/388/9533 3639/5012/9533 3644/5078/9533
f 3645/5053/9494 3666/5054/9496 3688/5101/9534
f 3662/5079/9499 3656/5035/9498 3684/5102/9535
f 3656/5035/9536 3671/5034/9536 3684/5102/9536
f 3648/5093/9440 3673/5089/9537 3672/5103/9538
f 303/5056/9539 320/404/9540 3674/5104/9541
f 3623/5097/9490 3659/5105/9463 3701/5098/9530
f 3659/5106/9463 3624/5050/9390 3681/5107/9542
f 3687/5108/9543 3670/5084/9544 3784/5100/9545
f 3667/5081/9546 3643/5062/9547 3784/5100/9548
f 3784/5100/9548 3643/5062/9547 3629/5069/9549
f 3629/5020/9550 3630/405/9551 3829/5109/9552
f 3630/405/9551 3655/5070/9553 3829/5109/9552
f 298/5091/9452 3645/5110/9454 3644/5078/9554
f 3675/5111/9555 3650/5014/9475 3668/5064/9474
f 3637/5043/9528 3677/5112/9556 3689/5113/9557
f 3677/5112/9558 3637/5043/9559 3669/5085/9560
f 320/404/9540 317/398/9561 3674/5104/9541
f 317/398/9562 3627/5016/9562 3699/5114/9562
f 3636/5033/9563 3658/5044/9563 3686/5083/9563
f 3658/5044/9438 3664/5076/9502 3680/5115/9564
f 3680/5115/9565 3664/5076/9565 3690/5116/9565
f 3691/5117/9566 3670/5084/9544 3687/5108/9543
f 3644/5078/9567 3645/5110/9568 3683/5118/9569
f 3764/5087/9570 3647/5004/9402 3698/5024/9403
f 3668/5064/9571 3618/4981/9572 3672/5119/9573
f 3618/4981/9361 3648/5042/9440 3672/5119/9538
f 3690/5116/9574 3664/5076/9575 3694/5120/9576
f 3651/5057/9523 3652/5065/9476 3664/5076/9577
f 3657/5092/9508 3685/5071/9484 3671/5121/9578
f 3673/5089/9520 3626/5015/9526 3676/5122/9527
f 3637/5043/9528 3689/5113/9557 3676/5094/9527
f 3669/5123/9515 3663/5080/9410 3693/5124/9579
f 3663/5080/9410 3679/5125/9580 3693/5124/9579
f 3663/5080/9581 303/403/9582 3679/5125/9583
f 303/5056/9582 3674/5104/9584 3679/5126/9583
f 3699/5114/9585 3627/5016/9585 3765/5127/9585
f 3694/5120/9576 3664/5076/9575 3652/5065/9476
f 3627/5016/9586 3686/5083/9586 3765/5127/9586
f 3686/5083/9587 3658/5044/9587 3680/5115/9587
f 3701/5098/9530 3659/5105/9463 3700/5128/9588
f 3624/5050/9390 3642/5049/9448 3682/5129/9589
f 3629/5069/9590 3829/5130/9591 3784/5100/9592
f 3666/5054/9457 3662/5079/9505 3697/5131/9593
f 3662/5079/9505 3684/5102/9594 3697/5131/9593
f 3675/5111/9555 3668/5064/9474 3704/5132/9595
f 3674/5104/9596 317/398/9597 3705/5133/9598
f 3652/5065/9476 3695/5134/9599 3694/5120/9576
f 3624/5050/9390 3682/5129/9589 3773/5135/9600
f 3678/5099/9601 3638/5051/9511 3670/5084/9510
f 3702/5136/9602 3645/5110/9568 3688/5137/9603
f 3688/5101/9534 3666/5054/9496 3697/5131/9604
f 3684/5138/9605 3671/5121/9578 3685/5071/9484
f 3673/5089/9537 3704/5139/9606 3672/5103/9538
f 317/398/9597 3699/5114/9607 3705/5133/9598
f 3710/5140/9608 3696/5096/9608 3701/5098/9608
f 3682/5129/9609 3642/5049/9610 3777/5141/9611
f 3709/5142/9612 3644/5078/9493 3683/5118/9613
f 3684/5138/9605 3685/5071/9484 3697/5143/9614
f 3703/5144/9615 3675/5088/9555 3778/5145/9616
f 3689/5113/9617 3785/5146/9618 3676/5094/9619
f 3695/5134/9599 3652/5065/9476 3706/5147/9620
f 3763/5148/9621 3685/5071/9622 3647/5073/9623
f 3771/5149/9624 3676/5150/9625 3785/5151/9626
f 3652/5065/9476 3696/5095/9529 3706/5147/9620
f 3710/5140/9627 3701/5098/9627 3711/5152/9627
f 3712/5153/9628 3701/5098/9530 3700/5128/9588
f 3659/5105/9463 3681/5154/9542 3700/5128/9588
f 3718/5155/9629 3721/5156/9629 3719/5157/9629
f 3720/5158/9630 3719/5157/9631 3717/5159/9632
f 3722/5160/9633 3718/5155/9634 3741/5161/9635
f 3724/5162/9636 3717/5159/9637 3728/5163/9638
f 3727/5164/9639 3726/5165/9639 3725/5166/9639
f 3725/5166/9640 3728/5163/9640 3727/5164/9640
f 3729/5167/9641 3718/5155/9634 3723/5168/9642
f 3723/5168/9642 3718/5155/9634 3722/5160/9633
f 3720/5158/9630 3717/5159/9632 3724/5162/9643
f 3724/5162/9644 3728/5163/9644 3725/5166/9644
f 3718/5155/9645 3719/5157/9631 3720/5158/9630
f 3721/5156/9646 3718/5155/9634 3729/5167/9641
f 3733/5169/9647 3730/5170/9648 3737/5171/9649
f 3730/5170/9650 3731/5172/9650 3744/5173/9650
f 3730/5170/9651 3733/5169/9651 3732/5174/9651
f 3735/5175/9652 3722/5160/9633 3733/5169/9647
f 3735/5175/9652 3733/5169/9647 3737/5171/9649
f 3737/5171/9653 3730/5170/9653 3744/5173/9653
f 3731/5172/9654 3730/5170/9655 3740/5176/9656
f 3740/5176/9656 3730/5170/9655 3732/5174/9657
f 3759/5177/9658 3727/5164/9659 3728/5163/9660
f 3733/5169/9647 3722/5160/9633 3741/5161/9635
f 3739/5178/9661 3717/5159/9662 3719/5157/9663
f 3744/5179/9664 3731/5180/9664 3736/5181/9664
f 3736/5181/9665 3731/5180/9665 3738/5182/9665
f 3738/5182/9666 3731/5180/9666 3740/5183/9666
f 3726/5165/9667 3727/5164/9667 3754/5184/9667
f 3724/5162/9668 3725/5166/9669 3726/5165/9670
f 3750/5185/9671 3723/5168/9671 3722/5160/9671
f 3718/5155/9645 3720/5158/9630 3751/5186/9672
f 3742/5187/9673 3726/5165/9673 3754/5184/9673
f 3739/5178/9661 3719/5157/9663 3721/5156/9674
f 3747/5188/9675 3745/5189/9675 3780/5190/9675
f 3723/5168/9676 3750/5185/9677 3716/5191/9678
f 3732/5174/9679 3733/5169/9679 3748/5192/9679
f 3748/5192/9680 3733/5169/9680 3741/5161/9680
f 3724/5162/9668 3726/5165/9670 3720/5158/9681
f 3755/5193/9682 3728/5163/9682 3739/5178/9682
f 3713/5194/9683 3746/5195/9683 3714/5196/9683
f 3780/5190/9684 3745/5189/9684 3746/5195/9684
f 3728/5163/9638 3717/5159/9637 3739/5178/9685
f 3721/5156/9686 3729/5167/9687 3753/5197/9688
f 3737/5198/9689 3744/5179/9690 3756/5199/9691
f 3752/5200/9692 3726/5165/9692 3742/5187/9692
f 3729/5167/9641 3723/5168/9642 3761/5201/9693
f 3715/5202/9694 3714/5196/9695 3745/5189/9696
f 3746/5195/9697 3713/5194/9697 3749/5203/9697
f 3714/5196/9695 3715/5202/9694 3774/5204/9698
f 3738/5182/9699 3740/5183/9699 3757/5205/9699
f 3752/5200/9700 3742/5187/9700 3758/5206/9700
f 3714/5196/9701 3746/5195/9701 3745/5189/9701
f 3749/5203/9702 3713/5194/9703 3714/5196/9704
f 3775/5207/9705 3722/5160/9705 3735/5175/9705
f 3735/5175/9706 3737/5171/9689 3775/5207/9707
f 3741/5161/9708 3718/5155/9709 3751/5186/9710
f 3720/5158/9711 3726/5165/9711 3752/5200/9711
f 3728/5163/9660 3755/5193/9712 3759/5177/9658
f 3739/5178/9661 3721/5156/9674 3753/5197/9713
f 3691/5117/9714 3687/5108/9715 3708/5208/9716
f 3697/5143/9614 3685/5071/9484 3796/5209/9717
f 3778/5145/9616 3675/5088/9555 3704/5210/9595
f 3704/5132/9718 3668/5064/9571 3672/5119/9573
f 3677/5112/9558 3669/5085/9560 3693/5211/9719
f 3686/5083/9720 3680/5115/9720 3707/5212/9720
f 3680/5115/9721 3690/5116/9721 3707/5212/9721
f 3695/5134/9722 3706/5147/9722 3772/5213/9722
f 3700/5128/9723 3681/5154/9724 3828/5214/9725
f 3681/5107/9542 3624/5050/9390 3773/5135/9600
f 3818/5215/9726 3747/5188/9726 3766/5216/9726
f 3715/5217/9727 3716/5218/9678 3750/5219/9677
f 3737/5198/9689 3756/5199/9691 3775/5220/9707
f 3744/5179/9728 3736/5181/9728 3776/5221/9728
f 3736/5181/9729 3738/5182/9729 3776/5221/9729
f 3740/5176/9730 3732/5174/9730 3757/5222/9730
f 3732/5174/9731 3748/5192/9731 3767/5223/9731
f 3745/5189/9732 3747/5188/9733 3773/5224/9734
f 3777/5141/9735 3642/5049/9465 3660/5052/9451
f 3644/5078/9493 3709/5142/9612 3655/5070/9481
f 3645/5110/9568 3702/5136/9602 3683/5118/9569
f 3796/5209/9736 3685/5071/9622 3763/5148/9621
f 3763/5225/9737 3647/5226/9402 3764/5227/9570
f 3764/5087/9516 3675/5088/9518 3703/5144/9738
f 3673/5089/9537 3676/5122/9625 3704/5139/9606
f 3704/5228/9606 3676/5150/9625 3771/5149/9624
f 3789/5229/9739 3695/5134/9740 3772/5213/9741
f 3828/5230/9742 3681/5231/9742 3779/5232/9742
f 3780/5190/9743 3746/5195/9743 3749/5203/9743
f 3749/5203/9702 3714/5196/9704 3774/5204/9744
f 3750/5185/9745 3722/5160/9745 3775/5207/9745
f 3758/5206/9746 3742/5187/9747 3768/5233/9748
f 3754/5184/9749 3727/5164/9750 3759/5177/9751
f 3753/5197/9688 3729/5167/9687 3760/5234/9752
f 3679/5126/9753 3674/5104/9596 3705/5133/9598
f 3699/5114/9754 3765/5127/9755 3705/5133/9756
f 3780/5190/9757 3766/5216/9757 3747/5188/9757
f 3748/5192/9758 3741/5161/9708 3751/5186/9710
f 3808/5235/9759 3742/5187/9760 3754/5184/9761
f 3781/5236/9762 3754/5184/9749 3759/5177/9751
f 3723/5168/9676 3716/5191/9678 3761/5201/9763
f 3679/5126/9580 3705/5133/9764 3797/5237/9765
f 3786/5238/9766 3797/5237/9767 3705/5133/9768
f 3788/5239/9769 3690/5116/9769 3694/5120/9769
f 3773/5224/9770 3747/5188/9770 3818/5215/9770
f 3751/5186/9771 3720/5158/9772 3752/5200/9773
f 3790/5240/9774 3758/5206/9746 3768/5233/9748
f 3782/5241/9775 3759/5177/9775 3755/5193/9775
f 3760/5234/9776 3729/5167/9641 3761/5201/9693
f 3716/5218/9678 3715/5217/9727 3761/5242/9763
f 3745/5189/9732 3773/5224/9734 3761/5243/9763
f 3678/5099/9777 3777/5141/9778 3660/5052/9779
f 3687/5108/9715 3710/5140/9780 3711/5152/9781
f 3772/5213/9782 3706/5147/9782 3795/5244/9782
f 3683/5118/9613 3702/5136/9783 3792/5245/9784
f 3693/5246/9579 3679/5126/9580 3797/5237/9765
f 3772/5213/9785 3712/5247/9628 3700/5248/9588
f 3776/5221/9786 3738/5182/9786 3811/5249/9786
f 3742/5187/9760 3791/5250/9787 3768/5233/9788
f 3742/5187/9760 3808/5235/9759 3791/5250/9787
f 3761/5243/9763 3715/5202/9727 3745/5189/9732
f 3701/5098/9789 3712/5153/9789 3711/5152/9789
f 3712/5247/9790 3772/5213/9791 3795/5244/9792
f 3771/5149/9793 3778/5251/9794 3704/5228/9795
f 3765/5127/9796 3686/5083/9796 3834/5252/9796
f 3834/5252/9797 3686/5083/9797 3707/5212/9797
f 3798/5253/9798 3694/5120/9799 3695/5134/9800
f 3798/5253/9801 3695/5134/9801 3799/5254/9801
f 3695/5134/9802 3789/5229/9803 3793/5255/9804
f 3779/5232/9805 3681/5231/9805 3794/5256/9805
f 3681/5231/9806 3773/5224/9807 3794/5256/9808
f 3757/5222/9809 3732/5174/9809 3767/5223/9809
f 3678/5099/9810 3670/5084/9811 3691/5117/9812
f 3687/5108/9715 3711/5152/9781 3838/5257/9813
f 3800/5258/9814 3706/5147/9814 3801/5259/9814
f 3706/5147/9815 3696/5095/9815 3801/5259/9815
f 3655/5070/9816 3709/5142/9816 3829/5109/9816
f 3709/5142/9612 3683/5118/9613 3792/5245/9784
f 3792/5245/9817 3702/5136/9817 3688/5137/9817
f 3688/5101/9818 3697/5131/9614 3796/5260/9717
f 3693/5211/9719 3797/5261/9819 3677/5112/9558
f 3707/5212/9820 3690/5116/9821 3787/5262/9822
f 3690/5116/9821 3788/5239/9823 3787/5262/9822
f 3695/5134/9802 3793/5255/9804 3799/5254/9824
f 3803/5263/9825 3804/5264/9825 3805/5265/9825
f 3766/5216/9826 202/5266/9826 3818/5215/9826
f 3766/5216/9827 3780/5190/9827 3823/5267/9827
f 3780/5190/9828 3749/5203/9829 3821/5268/9830
f 3749/5203/9831 3774/5204/9831 3819/5269/9831
f 3715/5217/9832 3750/5219/9832 3774/5270/9832
f 3756/5199/9833 3744/5179/9834 3776/5221/9835
f 3691/5271/9714 3708/5272/9716 3809/5273/9836
f 3708/5272/9837 3783/5274/9838 3809/5273/9839
f 3823/5267/9840 3780/5190/9840 3821/5268/9840
f 3791/5250/9841 3808/5235/9841 3815/5275/9841
f 3754/5184/9761 3781/5236/9842 3808/5235/9759
f 3783/5274/9838 3810/5276/9843 3816/5277/9844
f 3783/5278/9845 3828/5230/9846 3810/5279/9847
f 3821/5268/9830 3749/5203/9829 3819/5269/9848
f 3738/5182/9849 3757/5205/9850 3811/5249/9851
f 3820/5280/9852 3767/5223/9853 3748/5192/9854
f 3752/5200/9855 3758/5206/9856 3812/5281/9857
f 3812/5281/9858 3758/5206/9858 3879/5282/9858
f 3813/5283/9859 3758/5206/9859 3790/5240/9859
f 3814/5284/9860 3768/5233/9861 3791/5250/9862
f 3881/5285/9863 3760/5234/9864 3825/5286/9865
f 3901/5287/9866 3777/5141/9778 3678/5099/9777
f 3810/5279/9847 3828/5230/9846 3779/5232/9867
f 3779/5232/9868 3794/5256/9868 3817/5288/9868
f 3887/5289/9869 3819/5290/9870 3774/5270/9871
f 3775/5220/9872 3756/5199/9872 3878/5291/9872
f 3879/5282/9873 3758/5206/9873 3813/5283/9873
f 3790/5240/9874 3768/5233/9861 3814/5284/9860
f 3739/5178/9875 3753/5197/9875 3881/5285/9875
f 3753/5197/9876 3760/5234/9864 3881/5285/9863
f 3773/5292/9600 3682/5293/9589 3761/5294/9693
f 3809/5273/9839 3783/5274/9838 3816/5277/9844
f 3822/5295/9877 202/5296/9877 3766/5297/9877
f 3821/5268/9830 3819/5269/9848 3872/5298/9878
f 3878/5291/9879 3756/5199/9833 3776/5221/9835
f 3820/5280/9852 3748/5192/9854 3751/5186/9771
f 3814/5284/9880 3791/5250/9881 3815/5275/9882
f 3781/5236/9762 3759/5177/9751 3782/5241/9883
f 3755/5193/9884 3739/5178/9884 3881/5285/9884
f 3682/5129/9609 3777/5141/9611 3877/5299/9885
f 3901/5287/9886 3678/5099/9887 3883/5300/9888
f 3816/5277/9844 3826/5301/9889 3809/5273/9839
f 3773/5224/9890 3818/5215/9890 3826/5302/9890
f 3794/5256/9808 3773/5224/9807 3826/5302/9891
f 3818/5215/9892 202/5266/9892 3826/5302/9892
f 3817/5288/9893 3794/5256/9893 3804/5264/9893
f 3827/5303/9894 3826/5301/9894 3816/5277/9894
f 3816/5277/9844 3810/5276/9843 3827/5303/9895
f 3794/5256/9896 3826/5302/9897 3804/5264/9898
f 3827/5303/9899 3810/5276/9900 3842/5304/9901
f 3810/5279/9902 3779/5232/9902 3817/5288/9902
f 3817/5288/9903 3804/5264/9903 3803/5263/9903
f 3844/5305/9904 3789/5229/9739 3772/5213/9741
f 3844/5306/9905 3700/5128/9723 3828/5214/9725
f 3708/5208/9716 3687/5108/9715 3838/5257/9813
f 3763/5225/9737 3764/5227/9570 3852/5307/9906
f 3807/5308/9907 3803/5263/9907 3835/5309/9907
f 3804/5264/9908 3806/5310/9909 3805/5265/9910
f 3842/5311/9911 3810/5279/9911 3817/5288/9911
f 3711/5152/9912 3712/5153/9790 3795/5312/9792
f 3802/5313/9913 3709/5142/9914 3792/5245/9915
f 3807/5314/9916 3835/5315/9916 3789/5229/9916
f 3806/5310/9909 3837/5316/9917 3805/5265/9910
f 3772/5213/9918 3700/5248/9918 3844/5305/9918
f 3795/5244/9919 3706/5147/9919 3800/5258/9919
f 3801/5317/9920 3696/5096/9920 3710/5140/9920
f 3709/5142/9914 3802/5313/9913 3829/5109/9921
f 3852/5318/9906 3851/5319/9922 3763/5320/9737
f 3852/5321/9923 3764/5322/9516 3703/5323/9738
f 3830/5324/9924 3797/5237/9925 3786/5238/9926
f 3705/5133/9756 3765/5127/9755 3833/5325/9927
f 3788/5239/9928 3694/5120/9799 3798/5253/9798
f 3793/5255/9804 3789/5229/9803 3835/5315/9929
f 3806/5310/9930 3804/5264/9898 3826/5302/9897
f 3817/5288/9931 3803/5263/9931 3807/5308/9931
f 3797/5237/9932 3830/5324/9933 3836/5326/9934
f 3807/5314/9935 3789/5229/9739 3844/5305/9904
f 3784/5100/9592 3829/5130/9591 3839/5327/9936
f 201/5328/9937 3778/5251/9794 3771/5149/9793
f 3689/5113/9557 3677/5112/9556 3854/5329/9938
f 3677/5112/9558 3797/5261/9819 3836/5330/9939
f 3786/5238/9766 3705/5133/9768 3833/5325/9940
f 3833/5325/9941 3765/5127/9942 3834/5252/9943
f 3834/5252/9944 3707/5212/9944 3831/5331/9944
f 3831/5331/9945 3707/5212/9945 3787/5262/9945
f 3844/5332/9946 3828/5333/9947 3783/5334/9948
f 3843/5335/9949 3710/5140/9949 3687/5108/9949
f 3840/5336/9950 3786/5238/9950 3833/5325/9950
f 3817/5288/9951 3807/5308/9952 3842/5311/9953
f 3801/5317/9954 3710/5140/9954 3843/5335/9954
f 3835/5309/9955 3803/5263/9955 3805/5265/9955
f 3837/5316/9956 3806/5310/9957 3847/5337/9958
f 3838/5338/9959 3783/5334/9959 3708/5339/9959
f 3848/5340/9960 3711/5152/9961 3795/5312/9962
f 3829/5109/9963 3802/5313/9963 3839/5341/9963
f 3792/5342/9964 3688/5101/9818 3796/5260/9717
f 3786/5238/9926 3840/5336/9965 3830/5324/9924
f 3787/5262/9966 3788/5239/9966 3798/5253/9966
f 3798/5253/9967 3799/5254/9968 3845/5343/9969
f 3845/5343/9969 3799/5254/9968 3846/5344/9970
f 3841/5345/9971 3805/5265/9971 3837/5316/9971
f 3806/5310/9957 3826/5302/9972 3827/5346/9973
f 3856/5347/9974 3783/5334/9975 3838/5338/9976
f 3711/5152/9961 3848/5340/9960 3838/5257/9977
f 3802/5348/9978 3792/5342/9964 3796/5260/9717
f 3796/5260/9736 3763/5320/9621 3851/5319/9979
f 3778/5251/9616 3850/5349/9980 3703/5350/9615
f 3689/5113/9617 3854/5329/9981 3785/5146/9618
f 3799/5254/9968 3793/5255/9982 3846/5344/9970
f 3835/5309/9983 3805/5265/9983 3841/5345/9983
f 3844/5332/9946 3783/5334/9948 3856/5347/9984
f 3795/5244/9985 3800/5258/9985 3848/5351/9985
f 3771/5149/9624 3785/5151/9626 201/5328/9986
f 3833/5325/9941 3834/5252/9943 3840/5336/9987
f 3793/5255/9988 3853/5352/9989 3846/5344/9990
f 3853/5352/9989 3793/5255/9988 3835/5315/9991
f 3847/5337/9958 3806/5310/9957 3827/5346/9973
f 3847/5337/9992 3827/5346/9899 3859/5353/9993
f 3827/5346/9899 3842/5354/9901 3859/5353/9993
f 3842/5311/9953 3807/5308/9952 3855/5355/9994
f 3807/5356/9995 3844/5332/9995 3855/5357/9995
f 3855/5357/9996 3844/5332/9996 3856/5347/9996
f 3677/5112/9556 3836/5330/9997 3854/5329/9938
f 3848/5358/9998 3800/5359/9999 3857/5360/10000
f 3687/5108/10001 3784/5100/10001 3843/5335/10001
f 3835/5309/10002 3841/5345/10002 3853/5361/10002
f 3841/5345/10003 3837/5316/10003 3847/5337/10003
f 3856/5347/9974 3838/5338/9976 3848/5358/10004
f 3857/5360/10000 3800/5359/9999 3801/5362/10005
f 3857/5360/10000 3801/5362/10005 3843/5363/10006
f 3843/5335/10007 3784/5100/9592 3839/5327/9936
f 3850/5349/10008 3778/5251/9794 201/5328/9937
f 3831/5331/10009 3787/5262/10009 3860/5364/10009
f 3787/5262/10010 3798/5253/10010 3860/5364/10010
f 3798/5253/10011 3845/5343/10011 3861/5365/10011
f 3802/5348/9978 3796/5260/9717 3839/5366/10012
f 3851/5319/9922 3852/5318/9906 3863/5367/10013
f 3785/5146/9626 3858/5368/10014 201/5369/9986
f 3785/5146/9618 3854/5329/9981 3858/5368/10015
f 3830/5324/9933 3840/5336/10016 3836/5326/9934
f 3859/5353/10017 3842/5354/10017 3855/5370/10017
f 3860/5364/10018 3798/5253/10018 3861/5365/10018
f 3856/5347/10019 3848/5358/10019 3866/5371/10019
f 3848/5358/9998 3857/5360/10000 3862/5372/10020
f 3840/5336/10021 3834/5252/10022 3860/5364/10023
f 3860/5364/10023 3834/5252/10022 3831/5331/10024
f 3855/5357/10025 3856/5347/10025 3859/5373/10025
f 3857/5360/10026 3843/5363/10027 3873/5374/10028
f 3874/5375/10029 3852/5321/9923 3703/5323/9738
f 3853/5361/10030 3841/5345/10031 3859/5353/10032
f 3841/5345/10031 3847/5337/10033 3859/5353/10032
f 3851/5319/9922 3863/5367/10013 3869/5376/10034
f 3852/5318/9923 3874/5377/10029 3863/5367/10035
f 3861/5378/10036 3845/5379/10037 3864/5380/10038
f 3845/5379/10037 3846/5381/10039 3864/5380/10038
f 3871/5382/10040 3839/5366/10012 3796/5260/9717
f 3846/5381/10041 3853/5383/10041 3868/5384/10041
f 3859/5373/10042 3856/5347/10042 3866/5371/10042
f 3871/5382/10043 3796/5260/9736 3851/5319/9979
f 3840/5336/10016 3860/5364/10044 3836/5326/9934
f 3860/5385/10045 3861/5378/10046 3865/5386/10047
f 3866/5371/10048 3848/5358/9998 3862/5372/10020
f 3843/5363/10027 3839/5387/10049 3873/5374/10028
f 3858/5368/10015 3854/5329/9981 3884/5388/10050
f 3868/5384/10051 3853/5383/10051 3859/5389/10051
f 3871/5382/10052 3851/5319/10053 3869/5376/10054
f 3874/5375/10055 3703/5323/9615 3850/5390/9980
f 3854/5329/9938 3836/5330/9997 3867/5391/10056
f 3836/5392/10057 3860/5385/10045 3865/5386/10047
f 3864/5380/10038 3846/5381/10039 3868/5384/10058
f 3868/5384/10059 3859/5389/10059 3866/5393/10059
f 3873/5394/10060 3839/5366/10012 3871/5382/10040
f 3870/5395/10061 3864/5380/10061 3868/5384/10061
f 3836/5392/9997 3865/5386/10062 3867/5396/10056
f 3865/5386/10047 3861/5378/10046 3870/5395/10063
f 3861/5378/10064 3864/5380/10064 3870/5395/10064
f 3862/5372/10065 3857/5360/10026 3873/5374/10028
f 3867/5391/10066 3884/5388/10050 3854/5329/9981
f 201/5369/9986 3858/5368/10014 3884/5388/10067
f 3862/5372/10020 3819/5397/10068 3866/5371/10048
f 3869/5376/10069 3863/5367/10035 3874/5377/10029
f 3862/5372/10070 3872/5398/10070 3819/5397/10070
f 3850/5399/10008 201/5400/9937 3935/5401/10071
f 3865/5386/10047 3870/5395/10063 3875/5402/10072
f 3887/5289/9869 3774/5270/9871 3750/5219/10073
f 3814/5284/9880 3815/5275/9882 3892/5403/10074
f 3777/5141/10075 3901/5287/10076 3877/5299/10077
f 3826/5301/10078 202/5296/10078 3809/5273/10078
f 3809/5273/10079 202/5296/10079 3822/5295/10079
f 3889/5404/10080 3873/5374/10060 3871/5405/10040
f 3866/5371/10048 3819/5397/10068 3887/5406/10081
f 3887/5289/9869 3750/5219/10073 3904/5407/10082
f 3750/5219/10083 3775/5220/10083 3878/5291/10083
f 3885/5408/10084 3811/5249/9851 3757/5205/9850
f 3885/5409/10085 3767/5223/10086 3820/5280/10087
f 3790/5240/10088 3814/5284/10088 3813/5283/10088
f 3808/5235/10089 3781/5236/10090 3824/5410/10091
f 3760/5234/9776 3761/5201/9693 3882/5411/10092
f 3822/5295/10093 3766/5297/10093 3823/5412/10093
f 3904/5407/10094 3750/5219/10094 3878/5291/10094
f 3757/5222/10095 3767/5223/10086 3885/5409/10085
f 3781/5236/9762 3782/5241/9883 3876/5413/10096
f 3825/5286/9865 3760/5234/9864 3886/5414/10097
f 3678/5099/9810 3691/5117/9812 3883/5300/10098
f 3821/5415/10099 3872/5416/10099 3915/5417/10099
f 3889/5404/10100 3871/5405/10052 3869/5418/10054
f 3870/5395/10101 3868/5384/10101 3866/5393/10101
f 3820/5280/9852 3751/5186/9771 3752/5200/9773
f 3876/5413/10096 3782/5241/9883 3755/5193/10102
f 3866/5371/10103 3887/5406/10104 3890/5419/10105
f 3896/5420/10106 3812/5421/10106 3879/5422/10106
f 3822/5295/10107 3823/5412/10107 3821/5415/10107
f 3872/5398/10108 3862/5372/10065 3903/5423/10109
f 3867/5396/10056 3865/5386/10062 3875/5402/10110
f 3870/5395/10111 3866/5393/10103 3890/5424/10105
f 3891/5425/10112 3878/5291/9879 3776/5221/9835
f 3879/5422/10113 3813/5426/10113 3897/5427/10113
f 3815/5275/10114 3808/5235/10115 3893/5428/10116
f 3808/5235/10115 3824/5410/10117 3893/5428/10116
f 3882/5429/10092 3761/5294/9693 3682/5293/9589
f 3862/5372/10065 3873/5374/10028 3903/5423/10109
f 3891/5425/10118 3904/5407/10118 3878/5291/10118
f 3776/5221/10119 3811/5249/10120 3891/5425/10121
f 3896/5420/10122 3879/5422/10122 3897/5427/10122
f 3824/5410/10091 3781/5236/10090 3876/5413/10123
f 3876/5413/10096 3755/5193/10102 3898/5430/10124
f 3894/5431/10125 3825/5286/10126 3886/5414/10127
f 3882/5429/10092 3682/5293/9589 3877/5432/10128
f 3889/5404/10129 3869/5418/10069 3921/5433/10130
f 3813/5283/10131 3814/5284/10132 3892/5403/10133
f 3921/5434/10130 3869/5376/10069 3874/5377/10029
f 3904/5407/10134 3891/5425/10135 3900/5435/10136
f 3820/5280/10137 3752/5200/10137 3905/5436/10137
f 3905/5436/10138 3752/5200/9855 3812/5281/9857
f 3760/5234/10139 3882/5411/10139 3886/5414/10139
f 3822/5295/10140 3821/5415/10140 3915/5417/10140
f 3904/5407/10141 3890/5437/10105 3887/5289/10104
f 3811/5249/9851 3885/5408/10084 3902/5438/10142
f 3885/5409/10085 3820/5280/10087 3905/5436/10143
f 3905/5436/10144 3812/5281/10144 3906/5439/10144
f 3892/5403/10133 3815/5275/10145 3917/5440/10146
f 3917/5440/10146 3815/5275/10145 3893/5428/10147
f 3898/5430/10124 3755/5193/10102 3881/5285/10148
f 3886/5414/10149 3899/5441/10150 3894/5431/10151
f 3882/5429/10092 3877/5432/10128 3942/5442/10152
f 3903/5423/10153 3873/5374/10060 3889/5404/10080
f 3884/5443/10050 3867/5396/10066 3929/5444/10154
f 3891/5425/10121 3811/5249/10120 3902/5438/10155
f 3885/5408/10156 3905/5445/10156 3907/5446/10156
f 3905/5436/10157 3906/5439/10157 3908/5447/10157
f 3908/5448/10158 3906/5449/10159 3895/5450/10160
f 3906/5449/10159 3812/5451/10161 3895/5450/10160
f 3897/5427/10162 3813/5426/10131 3892/5452/10133
f 3881/5285/10148 3825/5286/10126 3898/5430/10124
f 3898/5430/10124 3825/5286/10126 3894/5431/10125
f 3915/5417/10163 3872/5416/10164 3910/5453/10165
f 3872/5398/10166 3903/5423/10166 3910/5454/10166
f 3874/5455/10055 3850/5399/9980 3935/5401/10167
f 3905/5436/10168 3908/5447/10168 3912/5456/10168
f 3912/5457/10169 3908/5448/10158 3895/5450/10160
f 3812/5421/10170 3896/5420/10170 3922/5458/10170
f 3913/5459/10171 3876/5413/10123 3898/5430/10172
f 3930/5460/10173 3901/5461/9886 3883/5462/9888
f 3927/5463/10174 3883/5462/10098 3691/5271/9812
f 3691/5271/9714 3809/5273/9836 3927/5463/10175
f 3927/5463/10175 3809/5273/9836 3915/5417/10176
f 3911/5464/10177 3884/5443/10050 3929/5444/10154
f 3905/5445/10178 3912/5457/10169 3895/5450/10160
f 3895/5450/10179 3812/5451/10180 3938/5465/10181
f 3876/5413/10123 3913/5459/10171 3824/5410/10091
f 3886/5414/10182 3882/5411/10183 3914/5466/10184
f 3877/5432/10077 3901/5461/10076 3962/5467/10185
f 3901/5461/9886 3930/5460/10173 3962/5467/10186
f 3809/5273/10187 3822/5295/10187 3915/5417/10187
f 3910/5468/10188 2582/3516/6521 3916/3521/6520
f 3938/5465/10181 3812/5451/10180 3922/5469/10189
f 3917/5470/10190 3893/5471/10190 3919/5472/10190
f 3898/5430/10172 3894/5431/10151 3899/5441/10150
f 3899/5441/10191 3886/5414/10182 3914/5466/10184
f 3910/5468/10192 3903/5473/10193 2594/3517/6506
f 2578/3509/10194 2577/3513/10195 2585/3507/10196
f 3935/5401/10197 201/5400/9986 3884/5443/10067
f 3896/5420/10198 3897/5427/10199 3924/5474/10200
f 3897/5427/10162 3892/5452/10133 3924/5474/10201
f 3918/5475/10202 3917/5470/10202 3919/5472/10202
f 3898/5430/10172 3899/5441/10150 3933/5476/10203
f 3910/5468/10192 2594/3517/6506 2582/3516/6505
f 3926/5477/10204 3896/5420/10198 3924/5474/10200
f 3892/5452/10133 3917/5470/10146 3924/5474/10201
f 3893/5471/10205 3923/5478/10205 3919/5472/10205
f 3899/5441/10191 3914/5466/10184 3920/5479/10206
f 3920/5479/10207 3914/5466/10208 3925/5480/10209
f 3903/5423/10153 3889/5404/10080 3934/5481/10210
f 3934/5481/10211 3889/5404/10129 3921/5433/10130
f 3870/5395/10111 3890/5424/10105 3900/5482/10212
f 3890/5424/10105 3904/5483/10213 3900/5482/10212
f 3922/5458/10214 3896/5420/10214 3926/5477/10214
f 3914/5466/10215 3882/5411/10092 3942/5484/10152
f 2581/5485/6517 2594/3517/6519 3903/5473/10216
f 3867/5396/10066 3875/5402/10217 3929/5444/10154
f 3902/5438/10142 3885/5408/10084 3907/5446/10218
f 3907/5446/10219 3905/5445/10220 3895/5450/10221
f 3907/5446/10219 3895/5450/10221 3938/5465/10222
f 3924/5474/10223 3917/5470/10223 3918/5475/10223
f 3933/5476/10203 3913/5459/10171 3898/5430/10172
f 3883/5462/10098 3927/5463/10174 3930/5460/10224
f 3928/5486/10225 3910/5468/10225 2576/3518/10225
f 3910/5468/10226 3916/3521/6516 2576/3518/6515
f 3932/5487/10227 3924/5474/10227 3918/5475/10227
f 3824/5410/10228 3913/5459/10228 3940/5488/10228
f 3933/5476/10229 3899/5441/10191 3920/5479/10206
f 3942/5442/10230 3877/5432/10077 3962/5467/10185
f 3927/5463/10231 3915/5417/10163 3910/5453/10165
f 3936/5489/10232 3920/5490/10207 3925/5491/10209
f 2581/5485/6517 3903/5473/10216 3934/5492/10233
f 3935/5401/10197 3884/5443/10067 3949/5493/10234
f 3870/5395/10063 3900/5482/10235 3875/5402/10072
f 3900/5435/10136 3891/5425/10135 3902/5438/10236
f 3923/5478/10237 3893/5471/10238 3945/5494/10239
f 3824/5410/10117 3940/5488/10240 3893/5428/10116
f 200/5495/10241 3937/5496/10242 3928/5486/10243
f 2576/3518/6508 2587/3520/6510 3947/5497/10244
f 2577/3513/6502 2581/3512/6501 3934/5498/10245
f 3884/5443/10067 3911/5464/10246 3949/5493/10234
f 3929/5444/10154 3875/5402/10217 3953/5499/10247
f 3914/5466/10215 3942/5484/10152 3925/5480/10248
f 3921/5500/10249 3874/5455/10250 3943/5501/10251
f 3875/5402/10072 3900/5482/10235 3950/5502/10252
f 3932/5487/10253 3918/5475/10254 3939/5503/10255
f 3956/5504/10256 3927/5463/10257 3910/5453/10258
f 200/5495/10241 3928/5486/10243 2576/3518/10259
f 3874/5455/10055 3935/5401/10167 3943/5501/10260
f 3926/5477/10204 3924/5474/10200 3944/5505/10261
f 3919/5472/10262 3923/5478/10262 3945/5494/10262
f 3913/5459/10263 3933/5476/10264 3954/5506/10265
f 3933/5507/10266 3920/5490/10266 3946/5508/10266
f 3920/5490/10267 3936/5489/10267 3946/5508/10267
f 3936/5489/10232 3925/5491/10209 3941/5509/10268
f 3969/5510/10269 3942/5442/10269 3962/5467/10269
f 3956/5511/10256 3910/5468/10258 3928/5486/10270
f 2587/3520/6512 2580/3510/6511 3947/5497/10271
f 2580/3510/6497 2585/3507/6499 3952/5512/10272
f 3911/5464/10177 3929/5444/10154 3953/5499/10273
f 3900/5435/10274 3902/5438/10275 3950/5513/10276
f 3939/5503/10255 3918/5475/10254 3919/5472/10277
f 3934/5514/10211 3921/5500/10130 3952/5515/10278
f 3938/5465/10279 3922/5469/10280 3951/5516/10281
f 3924/5474/10282 3932/5487/10282 3939/5503/10282
f 3936/5489/10283 3941/5509/10284 3958/5517/10285
f 3928/5486/10286 3937/5496/10286 3956/5511/10286
f 3950/5513/10276 3902/5438/10275 3907/5446/10287
f 3940/5488/10288 3913/5459/10263 3954/5506/10265
f 3919/5472/10289 3945/5494/10289 3939/5503/10289
f 3946/5508/10290 3936/5489/10283 3958/5517/10285
f 2577/3513/10195 3934/5498/10291 3952/5512/10292
f 3953/5499/10247 3875/5402/10217 3950/5502/10293
f 3907/5446/10219 3938/5465/10222 3950/5513/10294
f 3940/5518/10295 3954/5519/10296 3957/5520/10297
f 3947/5497/10244 200/5495/10298 2576/3518/6508
f 3952/5515/10299 3921/5500/10249 3943/5501/10251
f 3922/5458/10300 3926/5477/10301 3978/5521/10302
f 3945/5494/10239 3893/5471/10238 3957/5520/10303
f 3893/5471/10304 3940/5518/10295 3957/5520/10297
f 3958/5517/10305 3941/5509/10305 3955/5522/10305
f 3955/5522/10306 3941/5509/10307 3925/5491/10248
f 2585/3507/10196 2577/3513/10195 3952/5512/10292
f 3943/5501/10308 3935/5401/10197 3949/5493/10234
f 3951/5523/10309 3922/5458/10300 3978/5521/10302
f 3939/5503/10310 3945/5494/10311 3960/5524/10312
f 3954/5519/10313 3933/5507/10313 3961/5525/10313
f 3933/5507/10314 3946/5508/10314 3961/5525/10314
f 3927/5463/10257 3956/5504/10256 3930/5460/10315
f 3973/5526/10316 3947/5497/10271 2580/3510/6511
f 3953/5499/10247 3950/5502/10293 3971/5527/10317
f 3950/5513/10294 3938/5465/10222 3971/5528/10318
f 3945/5494/10311 3957/5520/10319 3960/5524/10312
f 3937/5496/10320 3963/5529/10321 3956/5511/10322
f 3964/5530/10323 3924/5474/10324 3939/5503/10325
f 3955/5522/10306 3925/5491/10248 3942/5531/10152
f 3937/5496/10326 200/5495/10327 3963/5529/10328
f 3944/5505/10329 3924/5474/10324 3964/5530/10323
f 3946/5508/10330 3958/5517/10330 3967/5532/10330
f 3958/5517/10331 3955/5522/10331 3968/5533/10331
f 3985/5534/10332 3930/5460/10333 3956/5504/10334
f 3956/5511/10335 3959/5535/10335 3985/5536/10335
f 3963/5529/10328 200/5495/10327 3981/5537/10336
f 3965/5538/10337 3981/5537/10338 3947/5497/10339
f 3981/5537/10338 200/5495/10340 3947/5497/10339
f 3954/5519/10341 3961/5525/10341 3957/5520/10341
f 3955/5539/10342 3942/5442/10342 3969/5510/10342
f 3970/5540/10343 3956/5511/10322 3963/5529/10321
f 3973/5526/10344 2580/3510/6497 3952/5512/10272
f 3957/5520/10345 3961/5525/10345 3960/5524/10345
f 3967/5532/10346 3958/5517/10346 3968/5533/10346
f 3959/5535/10347 3956/5511/10347 3970/5540/10347
f 3972/5541/10348 3953/5499/10273 3971/5527/10349
f 3911/5464/10177 3953/5499/10273 3972/5541/10348
f 3961/5525/10350 3946/5508/10350 3967/5532/10350
f 3939/5503/10310 3960/5524/10312 3964/5530/10351
f 3969/5510/10352 3962/5467/10186 3979/5542/10353
f 3962/5467/10186 3930/5460/10173 3979/5542/10353
f 3959/5543/10354 3963/5544/10355 3981/5545/10356
f 3965/5538/10357 3947/5497/10357 3973/5526/10357
f 3974/5546/10358 3969/5510/10359 3979/5542/10360
f 3943/5501/10308 3949/5493/10234 3982/5547/10361
f 3949/5493/10234 3984/5548/10362 3982/5547/10361
f 3960/5524/10363 3961/5525/10363 3975/5549/10363
f 3974/5546/10358 3955/5539/10364 3969/5510/10359
f 3979/5542/10365 3930/5460/10333 3985/5534/10332
f 3970/5550/10366 3963/5544/10366 3959/5543/10366
f 3968/5533/10367 3955/5522/10368 3974/5551/10369
f 3971/5528/10370 3938/5465/10279 3951/5516/10281
f 3926/5477/10371 3944/5505/10372 3964/5530/10373
f 3961/5525/10374 3967/5532/10374 3975/5549/10374
f 3967/5532/10375 3968/5533/10376 3977/5552/10377
f 3949/5493/10234 3911/5464/10246 3972/5541/10378
f 3972/5553/10379 3971/5528/10370 3951/5516/10281
f 3978/5521/10380 3926/5477/10371 3984/5554/10381
f 3984/5554/10381 3926/5477/10371 3964/5530/10373
f 3960/5524/10382 3975/5549/10383 3976/5555/10384
f 3965/5538/10385 3973/5526/10385 3952/5512/10385
f 3943/5501/10251 3982/5547/10386 3952/5515/10299
f 3975/5549/10387 3967/5532/10375 3977/5552/10377
f 3977/5552/10388 3968/5533/10367 3974/5551/10369
f 3984/5548/10389 3949/5493/10234 3972/5541/10378
f 3964/5530/10351 3960/5524/10312 3976/5555/10390
f 3983/5556/10391 3981/5545/10392 3965/5557/10393
f 3972/5558/10378 3951/5523/10394 3978/5521/10395
f 3965/5559/10396 3952/5515/10299 3982/5547/10386
f 3984/5554/10381 3964/5530/10373 3986/5560/10397
f 3964/5530/10398 3976/5555/10399 3986/5560/10400
f 3987/5561/10401 3974/5551/10402 3979/5562/10403
f 3977/5552/10404 3974/5551/10405 3987/5561/10406
f 3987/5561/10401 3979/5562/10403 3993/5563/10407
f 3993/240/10408 3979/5564/10409 3985/5565/10410
f 3959/5543/10411 4036/5566/10412 3985/5567/10413
f 3965/5557/10414 3982/5568/10415 3991/5569/10416
f 3984/5554/10389 3972/5558/10378 3978/5521/10395
f 3986/5560/10400 3976/5555/10399 3988/5570/10417
f 175/222/10418 190/5571/10418 165/187/10418
f 181/209/10419 177/226/10419 175/207/10419
f 102/235/467 101/5572/10420 144/236/318
f 144/236/318 101/5572/10420 3990/5573/10421
f 3990/5573/10421 101/5574/10422 194/237/359
f 101/5574/10422 102/235/467 194/237/359
f 4041/238/470 148/153/304 138/147/293
f 192/221/10423 147/155/384 184/179/386
f 3993/240/10408 3985/5565/10410 4003/5575/10424
f 3975/5549/10425 3977/5552/10404 4012/5576/10426
f 112/115/435 171/198/10427 170/117/436
f 171/172/339 122/128/341 3996/5577/10428
f 193/201/413 177/210/415 3998/5578/10429
f 182/197/448 152/175/392 3992/219/437
f 156/191/418 183/5579/420 168/189/10430
f 3989/5580/10431 183/212/10431 163/181/10431
f 163/181/10432 158/176/10433 3989/5580/10434
f 144/236/318 3990/5573/10421 4006/5581/10435
f 4006/5581/10435 3990/5573/10421 4014/5582/10436
f 3990/5573/10421 194/237/359 4014/5582/10436
f 3981/5545/10356 4036/5566/10437 3959/5543/10354
f 4049/5583/10438 3981/5545/10392 3983/5556/10391
f 3976/5555/10384 3975/5549/10383 4012/5576/10439
f 3995/5584/10440 190/5571/10440 175/222/10440
f 167/174/445 193/201/447 3997/5585/10441
f 3989/5580/10434 158/176/10433 3999/5586/10442
f 158/176/10443 191/220/10444 3999/5586/10445
f 4041/238/10446 138/147/322 192/221/439
f 161/185/10447 149/173/442 185/239/472
f 177/204/10448 170/117/10448 3996/5587/10448
f 177/226/10449 182/197/10450 3998/5588/10451
f 4000/5589/10452 191/220/10453 4001/5590/10454
f 153/177/10455 172/202/10456 191/220/10457
f 154/165/10458 173/178/10459 4002/5591/10460
f 170/117/10461 171/198/10461 3996/5587/10461
f 122/128/10462 120/124/10462 3996/5577/10462
f 3997/5585/10463 193/201/10463 3998/5578/10463
f 3992/219/10464 168/199/10465 4017/5592/10466
f 3999/5586/10445 191/220/10444 4004/5593/10467
f 191/220/10444 4000/5589/10468 4004/5593/10467
f 4004/5593/10469 4000/5594/10470 4005/5595/10471
f 4000/5596/10472 4001/5590/10454 4005/5595/10471
f 4005/5595/10471 4001/5590/10454 191/220/10453
f 199/233/10473 154/165/10458 4002/5591/10460
f 4006/5597/10474 4002/5591/10460 173/178/10459
f 4002/5598/10460 4006/5599/10474 4007/5600/10475
f 4008/5601/10476 4007/5600/10476 4010/5602/10476
f 4007/5600/10475 4006/5599/10474 4010/5602/10477
f 4010/5602/10477 4006/5599/10474 4011/5603/10478
f 179/203/10479 4016/5604/10479 185/239/10479
f 4016/5604/10480 179/203/474 3993/240/473
f 4049/5583/10481 4036/5566/10437 3981/5545/10356
f 3983/5556/10482 3965/5557/10414 3991/5569/10416
f 175/222/10483 177/5605/10484 3995/5584/10485
f 3996/5577/10486 120/124/10486 167/211/10486
f 3999/5586/10487 4004/5593/10488 4018/5606/10489
f 4004/5593/10469 4005/5595/10471 4018/5606/10490
f 4005/5595/10471 191/220/10453 4018/5606/10490
f 4007/5600/10475 4008/5607/10491 4002/5598/10460
f 4008/5607/10491 4009/5608/10492 4002/5598/10460
f 4002/5598/10493 4009/5608/10494 4013/5609/10495
f 4009/5610/10496 4008/5601/10496 4013/5609/10496
f 4008/5601/10497 4010/5602/10497 4013/5609/10497
f 4011/5603/10478 4006/5599/10474 4014/5611/10498
f 194/237/468 178/5612/383 4026/5613/10499
f 3982/5547/10361 3984/5548/10362 3986/5614/10500
f 4022/5615/10501 162/116/10502 164/194/10503
f 180/205/10504 199/233/10505 4018/5606/10506
f 4002/5598/10493 4013/5609/10495 4010/5602/10477
f 4003/5575/10424 3985/5565/10413 4036/5616/10412
f 4022/5615/10507 164/194/402 165/187/377
f 177/5605/10484 3996/5617/10508 3995/5584/10485
f 3998/5588/10451 182/197/10450 4021/5618/10509
f 4021/5618/10509 182/197/10450 3992/219/10510
f 168/189/10511 183/5579/10511 4017/5619/10511
f 4019/5620/10512 192/221/10423 184/179/386
f 3991/5569/10513 3982/5568/10361 4015/5621/10514
f 3986/5560/10500 4015/5621/10514 3982/5568/10361
f 3977/5552/10404 3987/5561/10406 4012/5576/10426
f 167/5622/10515 3997/5623/10515 3996/5617/10515
f 172/202/10456 180/205/10516 4018/5606/10517
f 3976/5555/10384 4012/5576/10439 4020/5624/10518
f 3998/5588/10519 4021/5618/10519 3997/5625/10519
f 3992/219/10464 4017/5592/10466 4021/5618/10520
f 4018/5606/10517 191/220/10457 172/202/10456
f 4035/5626/10521 4041/5627/10446 192/5628/439
f 184/5629/10522 185/239/10522 4016/5604/10522
f 4015/5621/10514 3986/5560/10500 3988/5570/10523
f 3988/5570/10417 3976/5555/10399 4020/5624/10524
f 3987/5630/10525 162/116/10502 4022/5615/10501
f 3996/5617/10526 3997/5623/10526 4023/5631/10526
f 4026/5613/10527 4014/5582/10436 194/237/359
f 4030/5632/10528 192/221/10528 4019/5620/10528
f 4019/5620/10529 184/179/10530 4024/5633/10531
f 4030/5632/10532 4019/5620/10529 4024/5633/10531
f 4016/5604/10533 3993/240/10534 4025/5634/10535
f 3987/5561/10406 4022/5635/10536 4012/5576/10426
f 4022/5615/10507 165/187/377 4037/5636/10537
f 4018/5606/10506 199/233/10505 4027/5637/10538
f 199/233/10539 4002/5591/10539 4027/5637/10539
f 4032/5638/10540 4010/5602/10477 4011/5603/10478
f 4028/5639/10541 4014/5611/10436 4026/5640/10527
f 184/5629/10530 4016/5604/10533 4025/5634/10535
f 165/187/10542 190/5571/10542 4037/5636/10542
f 4031/5641/10543 3989/5642/10543 3999/5643/10543
f 4032/5638/10540 4011/5603/10478 4034/5644/10544
f 4029/5645/10545 4011/5603/10478 4014/5611/10498
f 4035/5626/10521 192/5628/439 4030/5646/10546
f 3996/5617/10547 4023/5631/10548 3995/5584/10549
f 3997/5623/10550 4021/5647/10551 4023/5631/10552
f 4017/5619/10553 183/5579/10554 3989/5642/10555
f 4002/5598/10493 4010/5602/10477 4032/5638/10540
f 4025/5634/10556 3993/240/10408 4003/5575/10424
f 4049/5583/10438 3983/5556/10391 4068/5648/10557
f 4002/5649/10558 4042/5650/10559 4027/5651/10560
f 4034/5644/10544 4011/5603/10478 4029/5645/10561
f 4026/5613/10562 178/5612/10562 4047/5652/10562
f 4039/5653/10563 4025/5634/10556 4003/5575/10424
f 4020/5624/10518 4012/5576/10439 4022/5635/10564
f 4037/5636/10565 190/5571/10566 4050/5654/10567
f 190/5571/10566 3995/5584/10568 4050/5654/10567
f 3995/5584/10549 4023/5631/10548 4050/5654/10569
f 4031/5641/10570 3999/5643/10570 4040/5655/10570
f 4035/5626/10571 4030/5646/10572 4044/5656/10573
f 4024/5633/10574 4044/5657/10573 4030/5632/10572
f 3999/5643/10487 4018/5658/10489 4040/5655/10575
f 4024/5633/10531 184/179/10530 4025/5659/10535
f 4123/5660/10576 4068/5648/10577 3983/5556/10482
f 3988/5570/10417 4020/5624/10524 4083/5661/10578
f 4017/5619/10553 3989/5642/10555 4031/5641/10579
f 4002/5649/10558 4032/5662/10580 4042/5650/10559
f 4033/5663/10581 4038/5664/10581 4045/5665/10581
f 4024/5633/10582 4025/5659/10583 4053/5666/10584
f 4003/5575/10424 4036/5616/10412 4039/5653/10563
f 3983/5556/10482 3991/5569/10416 4123/5660/10576
f 4023/5631/10552 4021/5647/10551 4050/5654/10585
f 4040/5667/10586 4018/5606/10587 4027/5637/10588
f 4034/5644/10589 4033/5663/10590 4045/5665/10591
f 4034/5644/10544 4029/5645/10561 4043/5668/10592
f 178/5612/469 4048/5669/10593 4047/5652/10594
f 178/5612/469 4041/5627/470 4048/5669/10593
f 4044/5657/10595 4024/5633/10582 4053/5666/10584
f 4040/5670/10586 4027/5651/10588 4051/5671/10596
f 4038/5664/10597 4033/5663/10598 4043/5668/10599
f 4033/5663/10590 4034/5644/10589 4043/5668/10600
f 4022/5635/10564 4037/5672/10601 4020/5624/10518
f 4042/5650/10559 4032/5662/10580 4045/5673/10591
f 4045/5665/10591 4032/5638/10580 4034/5644/10589
f 4046/5674/10602 4052/5675/10603 4038/5664/10604
f 4041/5627/10446 4035/5626/10521 4048/5669/10605
f 4051/5671/10596 4027/5651/10588 4055/5676/10606
f 4038/5664/10597 4043/5668/10599 4046/5674/10607
f 4014/5611/10608 4028/5639/10609 4065/5677/10610
f 4054/5678/10611 4031/5641/10612 4040/5655/10613
f 4014/5611/10498 4065/5677/10614 4029/5645/10545
f 4053/5679/10615 4025/5634/10556 4039/5653/10563
f 4057/5680/10616 4044/5657/10616 4053/5666/10616
f 4054/5681/10611 4040/5670/10613 4051/5671/10617
f 4038/5664/10618 4052/5675/10618 4045/5665/10618
f 4056/5682/10619 4052/5675/10603 4046/5674/10602
f 4061/5683/10620 4035/5626/10621 4044/5656/10622
f 4058/5684/10623 4039/5653/10624 4036/5616/10437
f 4063/5685/10625 3991/5569/10513 4015/5621/10514
f 4037/5672/10626 4050/5686/10627 4020/5624/10628
f 4059/5687/10629 4027/5651/10629 4042/5650/10629
f 4087/5688/10630 4053/5679/10615 4039/5653/10563
f 4123/5660/10631 3991/5569/10632 4063/5685/10633
f 4052/5675/10634 4056/5682/10634 4060/5689/10634
f 4047/5652/10594 4048/5669/10593 4090/5690/10635
f 4058/5691/10623 4036/5566/10437 4049/5583/10481
f 4015/5621/10514 3988/5570/10523 4063/5685/10636
f 4084/5692/10637 4017/5619/10638 4031/5641/10639
f 4027/5651/10640 4059/5687/10640 4055/5676/10640
f 4043/5668/10592 4029/5645/10561 4110/5693/10641
f 4085/5694/10642 4028/5639/10541 4026/5640/10527
f 4044/5656/10643 4057/5695/10644 4066/5696/10645
f 4083/5661/10578 4020/5624/10524 4073/5697/10646
f 4051/5671/10647 4055/5676/10647 4054/5681/10647
f 4059/5687/10648 4042/5650/10649 4045/5673/10650
f 4060/5689/10651 4056/5682/10652 4069/5698/10653
f 4056/5699/10619 4046/5700/10602 4062/5701/10654
f 4064/5702/10655 4046/5700/10656 4074/5703/10657
f 4074/5704/10657 4046/5674/10656 4043/5668/10658
f 4072/5705/10659 4070/5706/10659 100/5707/10659
f 4076/5708/10660 4070/5706/10661 4072/5705/10662
f 100/5707/10663 4070/5706/10664 4075/5709/10665
f 4071/5710/10666 4070/5706/10661 4076/5708/10660
f 4067/5711/10667 4058/5691/10668 4049/5583/10438
f 4050/5712/10669 4021/5618/10670 4084/5713/10671
f 4084/5713/10671 4021/5618/10670 4017/5592/10672
f 4045/5665/10673 4052/5675/10673 4060/5689/10673
f 4060/5689/10651 4069/5698/10653 4079/5714/10674
f 4085/5715/10675 4026/5613/10675 4047/5652/10675
f 4061/5683/10676 4044/5656/10643 4066/5696/10645
f 4067/5711/10667 4049/5583/10438 4068/5648/10557
f 4084/5692/10637 4031/5641/10639 4054/5678/10677
f 4054/5681/10678 4055/5676/10679 4086/5716/10680
f 4059/5687/10648 4045/5673/10650 4078/5717/10681
f 4029/5645/10561 4065/5677/10682 4110/5693/10641
f 4065/5677/10610 4028/5639/10609 4080/5718/10683
f 4085/5715/10684 100/5707/10663 4075/5709/10665
f 4082/5719/10685 4048/5669/10605 4035/5626/10521
f 4057/5680/10686 4053/5666/10615 4087/5720/10630
f 4039/5653/10624 4058/5684/10623 4087/5688/10687
f 4058/5721/10623 4077/5722/10688 4087/5723/10687
f 100/5707/10689 4085/5715/10689 4047/5652/10689
f 4078/5724/10690 4045/5665/10690 4060/5689/10690
f 4074/5704/10691 4043/5668/10692 4110/5693/10693
f 4076/5708/10694 4072/5705/10694 4093/5725/10694
f 4081/5726/10695 4072/5705/10696 100/5707/10697
f 3988/5570/10523 4083/5661/10698 4063/5685/10636
f 4050/5727/10627 4084/5728/10699 4073/5729/10700
f 4069/5730/10701 4056/5699/10702 4096/5731/10703
f 4046/5700/10704 4064/5702/10704 4062/5701/10704
f 4070/5706/10705 4071/5710/10706 4121/5732/10707
f 4088/5733/10708 4071/5710/10709 4076/5708/10710
f 4093/5725/10711 4072/5705/10712 4081/5726/10713
f 4082/5719/10714 4035/5626/10621 4061/5683/10620
f 4061/5683/10676 4066/5696/10645 4092/5734/10715
f 4066/5696/10716 4057/5695/10686 4087/5723/10630
f 4020/5624/10628 4050/5686/10627 4073/5697/10700
f 4103/5735/10717 4054/5681/10718 4086/5716/10719
f 4086/5716/10680 4055/5676/10679 4059/5687/10720
f 4078/5724/10721 4060/5689/10722 4095/5736/10723
f 4106/5737/10724 4064/5702/10725 4074/5703/10726
f 4081/5726/10695 100/5707/10697 4090/5690/10727
f 100/5707/10728 4047/5652/10728 4090/5690/10728
f 4095/5736/10723 4060/5689/10722 4079/5714/10729
s 0
f 4098/5738/10730 4099/5739/2088 4100/5740/2088
s 1
f 4100/5740/10731 4099/5739/10732 4101/5741/10733
f 4099/5739/10732 4098/5742/10734 4101/5741/10733
f 4098/5742/10735 4097/5743/10735 4101/5741/10735
f 4101/5741/10736 4097/5743/10736 4105/5744/10736
f 4097/5743/10737 4064/5702/10737 4105/5744/10737
f 4075/5709/10738 4070/5706/10705 4121/5732/10707
f 4082/5719/10714 4061/5683/10620 4091/5745/10739
f 4077/5722/10688 4094/5746/10740 4087/5723/10687
f 4084/5728/10741 4054/5681/10718 4103/5735/10717
f 4095/5747/10742 4059/5687/10720 4078/5717/10743
f 4096/5731/10703 4056/5699/10702 4104/5748/10744
f 4064/5702/10745 4097/5743/10745 4062/5701/10745
f 4097/5743/10746 4098/5738/10746 4062/5701/10746
f 4098/5738/10747 4100/5740/10748 4062/5701/10749
f 4062/5701/10749 4100/5740/10750 4101/5741/10751
f 4064/5702/10725 4106/5737/10724 4105/5744/10752
f 4109/5749/10753 4074/5704/10691 4110/5693/10693
f 4110/5693/10641 4065/5677/10682 4107/5750/10754
f 4121/5732/10755 4071/5710/10709 4088/5733/10708
f 4088/5733/10708 4076/5708/10710 4089/5751/10756
f 4090/5690/10757 4048/5669/10757 4141/5752/10757
f 4141/5752/10758 4048/5669/10605 4082/5719/10685
f 4102/5753/10759 4082/5719/10759 4091/5745/10759
f 4058/5691/10668 4067/5711/10667 4108/5754/10760
f 4067/5711/10761 4068/5648/10577 4123/5660/10576
f 4073/5697/10646 4144/5755/10762 4083/5661/10578
f 4056/5699/10619 4062/5701/10654 4104/5748/10763
f 4091/5745/10764 4061/5683/10676 4092/5734/10715
f 4083/5661/10698 4144/5755/10765 4154/5756/10766
f 4107/5750/10767 4065/5677/10767 4111/5757/10767
f 4111/5757/10768 4113/5758/10768 4107/5750/10768
f 4107/5750/10769 4113/5758/10769 4112/5759/10769
f 4113/5760/10770 4111/5757/10770 4114/5761/10770
f 4111/5757/10771 4065/5677/10771 4114/5761/10771
f 4065/5677/10772 4080/5718/10773 4114/5761/10774
f 4089/5751/10775 4076/5708/10775 4093/5725/10775
f 4093/5725/10711 4081/5726/10713 4116/5762/10776
f 4122/5763/10777 4077/5722/10778 4058/5721/10668
f 4086/5716/10680 4059/5687/10720 4095/5747/10742
f 4101/5741/10779 4105/5744/10779 4117/5764/10779
f 4119/5765/10780 4074/5766/10691 4109/5767/10753
f 4107/5750/10781 4112/5759/10782 4115/5768/10783
f 4112/5759/10782 4113/5769/10784 4115/5768/10783
f 4115/5768/10785 4113/5769/10786 4080/5718/10773
f 4113/5769/10786 4114/5761/10774 4080/5718/10773
f 4094/5746/10787 4077/5722/10778 4122/5763/10777
f 4122/5770/10777 4058/5691/10668 4108/5754/10760
f 4073/5729/10700 4084/5728/10699 4103/5735/10788
f 4105/5771/10789 4069/5730/10790 4117/5772/10791
f 4104/5748/10792 4062/5701/10749 4101/5741/10751
f 4117/5772/10791 4069/5730/10790 4096/5731/10793
f 4118/5773/10794 4104/5774/10795 4101/5775/10796
f 4104/5774/10744 4118/5773/10797 4120/5776/10798
f 4118/5773/10794 4101/5775/10796 4126/5777/10799
f 4080/5718/10800 4028/5639/10541 4085/5694/10642
f 4092/5734/10715 4102/5753/10801 4091/5745/10764
f 4092/5734/10802 4066/5696/10716 4087/5723/10630
f 4138/5778/10803 4094/5746/10787 4122/5763/10777
f 4067/5711/10761 4123/5660/10576 4131/5779/10804
f 4063/5685/10636 4083/5661/10698 4154/5756/10766
f 4079/5714/10805 4069/5698/10806 4129/5780/10807
f 4124/5781/10808 4119/5765/10809 4101/5782/10810
f 4143/5783/10811 4101/5782/10811 4117/5784/10811
f 4096/5785/10703 4104/5774/10744 4120/5776/10798
f 4108/5754/10812 4067/5711/10761 4131/5779/10804
f 4069/5730/10813 4105/5771/10813 4129/5786/10813
f 4116/5762/10814 4081/5726/10815 4090/5690/10816
f 4093/5725/10711 4116/5762/10776 4125/5787/10817
f 4141/5752/10818 4082/5719/10818 4102/5753/10818
f 4079/5714/10805 4129/5780/10807 4095/5736/10819
f 4105/5744/10820 4106/5737/10820 4129/5788/10820
f 4106/5789/10821 4074/5766/10822 4119/5765/10823
f 4117/5784/10791 4096/5785/10793 4143/5783/10824
f 4143/5783/10825 4096/5785/10826 4120/5776/10827
f 4101/5775/10828 4119/5790/10829 4126/5777/10830
f 4085/5715/10831 4075/5709/10832 4127/5791/10833
f 4116/5762/10814 4090/5690/10816 4141/5752/10834
f 4128/5792/10835 4087/5723/10687 4094/5746/10740
f 4131/5779/10836 4063/5685/10633 4154/5756/10837
f 4106/5789/10821 4119/5765/10823 4124/5781/10838
f 4109/5749/10753 4110/5693/10693 4107/5750/10781
f 4075/5709/10738 4121/5732/10707 4127/5791/10839
f 4123/5660/10631 4063/5685/10633 4131/5779/10836
f 4086/5716/10680 4095/5747/10742 4129/5793/10840
f 4124/5781/10808 4101/5782/10810 4143/5783/10841
f 4120/5776/10842 4118/5773/10843 4137/5794/10844
f 4126/5777/10830 4119/5790/10829 4109/5795/10845
f 4130/5796/10846 4102/5753/10847 4092/5734/10848
f 4092/5734/10802 4087/5723/10630 4128/5792/10849
f 4122/5770/10850 4108/5754/10812 4139/5797/10851
f 4073/5729/10700 4103/5735/10788 4132/5798/10852
f 4129/5788/10853 4106/5737/10853 4133/5799/10853
f 4118/5773/10854 4126/5777/10855 4137/5794/10856
f 4157/5800/10857 4122/5770/10850 4139/5797/10851
f 4136/5801/10858 4120/5776/10842 4137/5794/10844
f 4126/5802/10830 4109/5749/10845 4153/5803/10859
f 4106/5789/10860 4134/5804/10861 4133/5805/10862
f 4089/5751/10863 4093/5725/10863 4125/5787/10863
f 4130/5796/10864 4092/5734/10802 4128/5792/10849
f 4122/5763/10865 4157/5806/10866 4138/5778/10867
f 4086/5716/10719 4129/5793/10868 4152/5807/10869
f 4135/5808/10870 4120/5776/10871 4136/5801/10872
f 4073/5697/10646 4132/5809/10873 4144/5755/10762
f 4103/5735/10717 4086/5716/10719 4152/5807/10869
f 4145/5810/10874 4129/5788/10875 4133/5799/10876
f 4134/5804/10861 4106/5789/10860 4124/5781/10877
f 4148/5811/10878 4147/5812/10878 4146/5813/10878
f 4146/5813/10879 4140/5814/10879 4150/5815/10879
f 4121/5732/10880 4088/5733/10881 99/5816/10882
f 4141/5752/10883 4102/5753/10847 4130/5796/10846
f 4108/5754/10812 4131/5779/10804 4139/5797/10851
f 4129/5788/10868 4145/5810/10884 4152/5817/10869
f 4124/5781/10877 4142/5818/10885 4134/5804/10861
f 4124/5781/10886 4143/5783/10886 4142/5818/10886
f 4151/5819/10887 4140/5814/10888 4156/5820/10889
f 4149/5821/10890 4146/5813/10891 4147/5812/10892
f 99/5816/10893 4088/5733/10893 4162/5822/10893
f 4125/5787/10894 4116/5762/10814 4141/5752/10834
f 4143/5783/10825 4120/5776/10827 4135/5808/10895
f 4137/5823/10896 4151/5819/10897 4136/5824/10898
f 4146/5813/10891 4149/5821/10890 4140/5814/10899
f 4115/5768/10900 4080/5718/10800 4085/5694/10642
f 4157/5800/10857 4139/5797/10851 4163/5825/10901
f 4132/5798/10852 4103/5735/10788 4152/5807/10902
f 4150/5815/10903 4140/5814/10903 4151/5819/10903
f 4088/5733/10904 4089/5751/10905 4162/5822/10906
f 4131/5779/10836 4154/5756/10837 4139/5797/10907
f 4145/5826/10874 4133/5805/10876 4134/5804/10908
f 4142/5818/10909 4143/5783/10825 4135/5808/10895
f 4136/5824/10898 4151/5819/10897 4156/5820/10910
f 4156/5820/10889 4140/5814/10888 4149/5821/10911
f 4160/5827/10912 4139/5797/10907 4154/5756/10837
f 4144/5755/10762 4132/5809/10873 4170/5828/10913
f 4147/5812/10914 4158/5829/10914 4149/5821/10914
f 4147/5812/10915 4159/5830/10915 4158/5829/10915
f 4167/5831/10916 4148/5811/10916 4146/5813/10916
f 4151/5832/10917 4137/5833/10918 4180/5834/10919
f 4137/5833/10856 4126/5802/10855 4161/5835/10920
f 4109/5749/10753 4107/5750/10781 4181/5836/10921
f 4115/5768/10900 4085/5694/10642 4181/5836/10922
f 4169/5837/10923 4121/5732/10880 99/5816/10882
f 4166/5838/10924 4135/5839/10870 4136/5824/10872
f 4159/5830/10925 4147/5812/10925 4148/5811/10925
f 4181/5836/10921 4107/5750/10781 4115/5768/10783
f 4163/5825/10926 4139/5797/10907 4160/5827/10912
f 4085/5715/10831 4127/5791/10833 4181/5840/10927
f 4127/5791/10839 4121/5732/10707 4168/5841/10928
f 4141/5752/10883 4130/5796/10846 4125/5787/10929
f 4138/5778/10867 4157/5806/10866 4165/5842/10930
f 4183/5843/10931 4136/5824/10932 4156/5820/10933
f 4180/5834/10919 4137/5833/10918 4161/5835/10934
f 4126/5802/10830 4153/5803/10859 4174/5844/10935
f 98/5845/10936 99/5846/10936 4172/5847/10936
f 4172/5847/10937 99/5846/10937 4162/5848/10937
f 4132/5849/10873 4185/5850/10938 4170/5851/10913
f 4185/5850/10939 4132/5849/10852 4152/5852/10902
f 4142/5853/10909 4135/5839/10895 4166/5838/10940
f 4159/5830/10941 4148/5811/10942 4173/5854/10943
f 4173/5854/10943 4148/5811/10942 4164/5855/10944
f 4164/5855/10945 4148/5811/10945 4167/5831/10945
f 4109/5749/10946 4181/5836/10946 4153/5803/10946
f 4121/5856/10947 4169/5857/10948 4168/5858/10949
f 4217/5859/10950 4163/5860/10926 4160/5861/10912
f 4160/5827/10951 4154/5756/10952 4170/5828/10953
f 4154/5756/10766 4144/5755/10765 4170/5828/10954
f 4171/5862/10955 4149/5821/10955 4158/5829/10955
f 4146/5813/10956 4150/5815/10957 4167/5831/10958
f 4161/5835/10920 4126/5802/10855 4174/5844/10959
f 97/5863/10960 98/5845/10961 4178/5864/10962
f 4158/5829/10963 4159/5830/10964 4173/5854/10965
f 4162/5822/10906 4089/5751/10905 4175/5865/10966
f 4176/5866/10967 4125/5787/10967 4130/5796/10967
f 4176/5866/10968 4130/5796/10864 4128/5792/10849
f 4165/5842/10969 4157/5806/10857 4163/5867/10901
f 4145/5826/10884 4134/5804/10970 4196/5868/10971
f 4196/5868/10972 4134/5804/10973 4177/5869/10974
f 4183/5843/10931 4166/5838/10975 4136/5824/10932
f 4171/5862/10976 4183/5843/10977 4156/5820/10978
f 4169/5857/10979 99/5846/10980 4189/5870/10981
f 99/5846/10980 98/5845/10982 4189/5870/10981
f 97/5863/10983 4189/5870/10983 98/5845/10983
f 4178/5864/10962 98/5845/10961 4172/5847/10984
f 4175/5865/10985 4089/5751/10985 4176/5866/10985
f 4089/5751/10986 4125/5787/10986 4176/5866/10986
f 4156/5820/10987 4149/5821/10987 4171/5862/10987
f 4164/5855/10988 4167/5831/10989 4179/5871/10990
f 4187/5872/10991 97/5863/10992 4178/5864/10993
f 4172/5847/10994 4188/5873/10994 4178/5864/10994
f 4094/5746/10787 4138/5778/10803 4182/5874/10995
f 4138/5778/10867 4165/5842/10930 4182/5874/10996
f 4158/5829/10963 4173/5854/10965 4184/5875/10997
f 4151/5832/10998 4180/5834/10999 4150/5876/10957
f 4172/5847/11000 4162/5848/11001 4188/5873/11002
f 4191/5877/11003 4217/5859/11004 4170/5851/10953
f 4217/5859/11004 4160/5861/10951 4170/5851/10953
f 4191/5877/11005 4170/5851/10913 4185/5850/10938
f 4152/5878/10869 4145/5826/10884 4196/5868/10971
f 4167/5879/10958 4150/5876/10957 4200/5880/11006
f 4153/5803/10859 4181/5836/11007 4193/5881/11008
f 4152/5852/10902 4196/5882/11009 4185/5850/10939
f 4142/5853/10909 4166/5838/10940 4192/5883/11010
f 4186/5884/11011 4166/5838/11011 4183/5843/11011
f 4171/5862/10976 4158/5829/11012 4184/5875/11013
f 4173/5854/11014 4164/5855/11015 4194/5885/11016
f 4194/5885/11016 4164/5855/11015 4179/5871/11017
f 4179/5871/10990 4167/5831/10989 4200/5886/11018
f 4200/5880/11006 4150/5876/10957 4180/5834/10999
f 4162/5822/11019 4175/5865/11019 4190/5887/11019
f 4174/5844/10935 4153/5803/10859 4193/5881/11008
f 4206/5888/11020 4168/5858/10949 4169/5857/10948
f 97/5863/11021 4187/5872/11022 4189/5870/11023
f 4212/5889/11024 4165/5842/10969 4163/5867/10901
f 4134/5804/10973 4142/5818/11025 4177/5869/10974
f 4181/5840/10927 4127/5791/10833 4168/5841/11026
f 4169/5857/10979 4189/5870/10981 4210/5890/11027
f 4199/5891/11028 4182/5892/10996 4165/5893/10930
f 4184/5875/11029 4173/5854/11029 4194/5885/11029
f 4206/5888/11030 4169/5857/10979 4210/5890/11027
f 4162/5848/11001 4190/5894/11031 4188/5873/11002
f 4187/5872/10991 4178/5864/10993 4198/5895/11032
f 4128/5792/10835 4094/5746/10740 4182/5874/11033
f 4177/5896/10974 4142/5853/11025 4192/5883/11034
f 4184/5875/11035 4194/5885/11036 4197/5897/11037
f 4193/5881/11008 4181/5836/10927 4168/5898/11026
f 4210/5890/11038 4189/5870/11023 4201/5899/11039
f 4201/5899/11039 4189/5870/11023 4187/5872/11022
f 4202/5900/11040 4195/5901/11041 4203/5902/11042
f 4176/5866/11043 4128/5792/11043 4175/5865/11043
f 4171/5862/10976 4184/5875/11013 4186/5884/11044
f 4174/5844/10935 4193/5881/11008 4231/5903/11045
f 4212/5904/11046 4163/5860/10926 4217/5859/10950
f 4183/5843/10977 4171/5862/10976 4186/5884/11044
f 4180/5834/10919 4161/5835/10934 4205/5905/11047
f 4195/5901/11048 4187/5872/11049 4198/5895/11050
f 4190/5887/11051 4175/5865/11051 4204/5906/11051
f 4249/5907/11052 4200/5880/11006 4180/5834/10999
f 4207/5908/11053 4203/5902/11054 4195/5901/11055
f 4128/5792/11056 4204/5906/11057 4175/5865/11058
f 4204/5909/11057 4128/5910/11056 4209/5911/11059
f 4209/5911/11060 4128/5910/10835 4182/5892/11033
f 4211/5912/11061 4199/5891/11028 4165/5893/10930
f 4161/5835/10920 4174/5844/10959 4205/5905/11062
f 4174/5844/11063 4231/5903/11063 4205/5905/11063
f 4201/5899/11064 4187/5872/11065 4195/5901/11041
f 4207/5908/11066 4195/5901/11048 4198/5895/11050
f 4229/5913/11067 4198/5895/11068 4188/5873/11069
f 4198/5895/11068 4178/5864/11070 4188/5873/11069
f 4188/5873/11002 4190/5894/11031 4204/5914/11071
f 4207/5908/11053 4214/5915/11072 4203/5902/11054
f 4199/5891/11073 4260/5916/11074 4238/5917/11075
f 4260/5916/11076 4199/5891/11028 4211/5912/11061
f 4185/5850/10939 4196/5882/11009 4219/5918/11077
f 4192/5883/11010 4166/5838/10940 4208/5919/11078
f 96/5920/11079 4203/5902/11054 4214/5915/11072
f 4182/5892/11033 4199/5891/11073 4209/5911/11060
f 4211/5912/11080 4165/5893/10969 4212/5921/11024
f 4177/5896/10974 4192/5883/11034 4220/5922/11081
f 4208/5919/11082 4166/5838/11082 4186/5884/11082
f 4194/5885/11036 4239/5923/11083 4197/5897/11037
f 4194/5885/11084 4179/5871/11085 4239/5923/11086
f 4201/5899/11064 4195/5901/11041 4202/5900/11040
f 4225/5924/11087 4217/5859/11004 4191/5877/11003
f 4191/5877/11005 4185/5850/10938 4219/5918/11088
f 4213/5925/11089 4239/5923/11086 4179/5871/11085
f 96/5920/11090 4214/5915/11091 4232/5926/11092
f 4186/5884/11044 4184/5875/11013 4226/5927/11093
f 4239/5928/11094 94/5929/11094 4216/5930/11094
f 94/5929/11095 4239/5928/11095 4213/5931/11095
f 4214/5915/11096 4207/5908/11097 4245/5932/11098
f 4229/5913/11099 4188/5873/11100 4204/5914/11101
f 4225/5924/11102 4191/5877/11005 4219/5918/11088
f 4215/5933/11103 4208/5919/11104 4186/5884/11105
f 94/5929/11106 95/5934/11106 4216/5930/11106
f 4180/5834/10999 4205/5905/11107 4249/5907/11052
f 4202/5900/11108 4203/5902/11108 4221/5935/11108
f 4207/5908/11097 4198/5895/11109 4245/5932/11098
f 4199/5891/11073 4238/5917/11075 4209/5911/11060
f 4196/5936/11110 4177/5896/10974 4220/5922/11081
f 4213/5925/11111 4179/5871/11111 4200/5886/11111
f 4203/5902/11112 96/5920/11112 88/5937/11112
f 92/5938/11113 4235/5939/11114 93/5940/11115
f 4212/5904/11046 4217/5859/10950 4225/5924/11116
f 95/5934/11117 94/5929/11118 4227/5941/11119
f 4263/5942/11120 4168/5858/10949 4206/5888/11020
f 4223/5943/11121 4222/5944/11122 4244/5945/11123
f 4223/5943/11121 4244/5945/11123 4233/5946/11124
f 4232/5926/11092 4214/5915/11091 4224/5947/11125
f 4260/5916/11076 4211/5912/11061 4271/5948/11126
f 4196/5882/11009 4220/5949/11127 4291/5950/11128
f 4230/5951/11129 95/5934/11117 4227/5941/11119
f 4193/5881/11008 4168/5898/11026 4263/5952/11130
f 4221/5935/11131 4203/5902/11131 88/5937/11131
f 4222/5944/11132 4223/5943/11133 4228/5953/11134
f 89/98/240 4259/103/239 4252/5954/11135
f 4196/5882/11009 4291/5950/11128 4219/5918/11077
f 4227/5955/11136 94/5956/11137 4213/5957/11138
f 4201/5958/11064 4202/5959/11040 4221/5960/11139
f 4229/5913/11099 4204/5914/11101 4255/5961/11140
f 4204/5914/11101 4270/5962/11141 4255/5961/11140
f 4204/5909/11057 4209/5911/11059 4270/5963/11142
f 4209/5911/11143 4238/5917/11144 92/5964/11145
f 93/5940/11146 4234/5965/11146 4272/5966/11146
f 88/5967/11147 96/5968/11148 4243/5969/11149
f 4232/5926/11092 4224/5947/11125 4233/5946/11150
f 4224/5947/11125 4223/5943/11151 4233/5946/11150
f 4228/5953/11134 4223/5943/11133 4224/5947/11152
f 4214/5915/11096 4245/5932/11098 4224/5947/11153
f 4198/5895/11109 4229/5913/11154 4245/5932/11098
f 4241/97/233 4235/101/237 4237/5970/11155
f 4213/5957/11156 4200/5880/11156 4248/5971/11156
f 4249/5907/11052 4205/5905/11107 4231/5903/11045
f 4236/5972/11157 4222/5944/11158 4228/5953/11159
f 4259/103/239 4241/97/241 4240/5973/11160
f 4294/5974/11161 4212/5904/11046 4225/5924/11116
f 4192/5883/11162 4208/5919/11162 4253/5975/11162
f 4215/5933/11163 4186/5884/11044 4226/5927/11093
f 91/100/11164 89/98/11165 4246/5976/11166
f 4211/5912/11080 4212/5921/11024 4294/5977/11167
f 4247/5978/11168 4197/5897/11168 4239/5923/11168
f 4239/5928/11169 4216/5930/11170 95/5934/11171
f 4242/5979/11172 4230/5951/11129 4227/5941/11119
f 4227/5955/11136 4213/5957/11138 4248/5971/11173
f 4200/5880/11174 4249/5907/11175 4248/5971/11176
f 4244/5945/11177 4222/5944/11158 4236/5972/11157
f 4228/5953/11178 4250/5980/11179 4236/5972/11180
f 90/99/11181 91/100/11182 4254/5981/11183
f 89/98/11165 4252/5954/11184 4246/5976/11166
f 4235/5939/11185 92/5938/11145 4268/5982/11186
f 4268/5983/11186 92/5964/11145 4238/5917/11144
f 4271/5948/11187 4211/5912/11080 4294/5977/11167
f 4220/5984/11081 4192/5985/11034 4262/5986/11188
f 4262/5987/11189 4192/5988/11190 4253/5989/11191
f 4197/5897/11037 4226/5927/11192 4184/5875/11035
f 95/5934/11171 4230/5951/11193 4239/5928/11169
f 4231/5903/11045 4193/5881/11008 4263/5952/11130
f 4232/5926/11194 4233/5946/11195 4244/5945/11196
f 92/5938/11113 93/5940/11115 4272/5966/11197
f 4272/5966/11198 4234/5965/11199 4251/5990/11200
f 4263/5942/11201 4206/5888/11030 4210/5890/11027
f 96/5968/11202 4232/5991/11194 4243/5969/11203
f 4224/5947/11152 4245/5932/11098 4228/5953/11134
f 4254/5981/11204 91/100/11205 4266/5992/11206
f 4237/5970/11207 4235/101/11208 4268/5993/11209
f 4243/5969/11149 4221/5960/11210 88/5967/11147
f 4256/5994/11211 4243/5969/11203 4232/5991/11194
f 4257/5995/11212 4236/5996/11180 4250/5997/11179
f 4245/5932/11098 4229/5913/11154 4255/5961/11213
f 4270/5963/11142 4209/5911/11059 92/5964/11214
f 4234/5998/11215 93/102/11215 90/99/11215
f 4268/5983/11216 4238/5917/11075 4260/5916/11074
f 4225/5924/11102 4219/5918/11088 4291/5950/11217
f 4227/5955/11136 4248/5971/11173 4242/5999/11218
f 4256/5994/11211 4232/5991/11194 4269/6000/11219
f 4232/5991/11194 4244/6001/11196 4269/6000/11219
f 4257/5995/11220 4250/5997/11220 4264/6002/11220
f 4265/6003/11221 4250/5980/11222 4228/5953/11223
f 4228/5953/11134 4245/5932/11098 4255/5961/11213
f 4258/6004/11224 4272/5966/11198 4251/5990/11200
f 4269/6000/11225 4244/6001/11225 4236/5996/11225
f 4263/6005/11226 4210/6006/11227 4278/6007/11228
f 4210/6006/11038 4201/5958/11039 4278/6007/11229
f 4228/5953/11223 4255/5961/11230 4265/6003/11221
f 4292/6008/11231 4258/6004/11232 4251/5990/11233
f 91/100/11164 4246/5976/11166 4267/6009/11234
f 4220/5949/11127 4261/6010/11235 4291/5950/11128
f 4292/6008/11236 4261/6011/11237 4220/5984/11081
f 4253/5975/11238 4208/5919/11104 4215/5933/11103
f 4264/6002/11239 4250/5997/11239 4265/6012/11239
f 4270/6013/11240 92/5938/11113 4272/5966/11197
f 4220/5984/11081 4262/5986/11188 4292/6008/11236
f 4273/6014/11241 4239/5928/11169 4230/5951/11193
f 4201/5958/11064 4221/5960/11139 4278/6007/11242
f 4269/6000/11243 4236/5996/11243 4257/5995/11243
f 4262/5987/11189 4253/5989/11191 4274/6015/11244
f 4247/5978/11245 4215/5933/11163 4226/5927/11093
f 4247/6016/11246 4239/5928/11247 4273/6014/11248
f 4275/6017/11249 4243/5969/11203 4256/5994/11211
f 4292/6008/11231 4262/5986/11250 4258/6004/11232
f 4253/5975/11191 4215/5933/11251 4247/5978/11252
f 4226/5927/11192 4197/5897/11037 4247/5978/11253
f 4278/6007/11254 4221/5960/11210 4243/5969/11149
f 4277/6018/11255 4231/5903/11045 4263/5952/11130
f 4230/5951/11129 4242/5979/11172 4273/6014/11256
f 4263/5952/11226 4278/6019/11228 4277/6018/11257
f 4270/6013/11258 4272/5966/11198 4258/6004/11224
f 4274/6015/11244 4253/5989/11191 4247/6016/11252
f 4249/5907/11052 4231/5903/11045 4277/6018/11255
f 4269/6000/11219 4257/5995/11259 4256/5994/11211
f 4249/5907/11175 4277/6018/11260 4248/5971/11176
f 4276/6020/11261 4264/6002/11262 4265/6012/11263
f 4258/6021/11264 4262/5987/11264 4274/6015/11264
f 4256/5994/11211 4257/5995/11259 4264/6002/11265
f 4242/5999/11218 4248/5971/11173 4284/6022/11266
f 4278/6007/11267 4243/5969/11267 4275/6017/11267
f 4276/6020/11261 4265/6012/11263 4279/6023/11268
f 4265/6003/11221 4255/5961/11230 4279/6024/11269
f 4255/5961/11270 4270/5962/11270 4279/6024/11270
f 4279/6025/11271 4270/6026/11272 4258/6021/11273
f 4281/6027/11274 4273/6014/11256 4284/6028/11275
f 4273/6014/11256 4242/5979/11172 4284/6028/11275
f 4274/6015/11276 4247/6016/11246 4281/6027/11277
f 4281/6027/11277 4247/6016/11246 4273/6014/11248
f 4256/5994/11211 4264/6002/11265 4276/6020/11278
f 4258/6021/11273 4274/6015/11279 4279/6025/11271
f 4282/6029/11280 4274/6015/11276 4281/6027/11277
f 4276/6030/11281 4279/6025/11281 4280/6031/11281
f 4283/6032/11282 4279/6025/11282 4274/6015/11282
f 4284/6022/11283 4248/5971/11176 4277/6018/11260
f 4277/6018/11257 4278/6019/11228 4284/6022/11284
f 4275/6017/11285 4256/5994/11211 4276/6020/11278
f 4278/6033/11286 4275/6034/11287 4287/6035/11288
f 4279/6025/11289 4283/6032/11289 4280/6031/11289
f 4285/6036/11290 4281/6027/11274 4284/6028/11275
f 4275/6034/11291 4276/6030/11291 4287/6035/11291
f 4282/6029/11292 4281/6027/11292 4285/6036/11292
f 4274/6015/11293 4282/6029/11294 4283/6032/11295
f 4284/6037/11284 4278/6033/11228 4286/6038/11296
f 4287/6035/11297 4276/6030/11297 4280/6031/11297
f 4286/6038/11298 4278/6033/11286 4287/6035/11288
f 4285/6036/11290 4284/6028/11275 4289/6039/11299
f 4286/6038/11296 4289/6040/11300 4284/6037/11284
f 4287/6035/11301 4280/6031/11302 4283/6032/11303
f 4288/6041/11304 4285/6036/11304 4289/6039/11304
f 4285/6036/11305 4288/6041/11305 4282/6029/11305
f 4283/6032/11295 4282/6029/11294 4254/6042/11306
f 4282/6029/11294 4288/6041/11307 4254/6042/11306
f 4286/6038/11308 4287/6035/11301 4283/6032/11303
f 4283/6032/11309 4254/6042/11309 4286/6038/11309
f 4290/6043/11310 4289/6040/11300 4286/6038/11296
f 4288/6041/11311 4289/6039/11311 4290/6044/11311
f 4286/6038/11312 4254/6042/11312 4290/6043/11312
f 4266/5992/11313 91/100/11314 4267/6009/11315
f 4308/6045/11316 4225/5924/11102 4291/5950/11217
f 4251/5990/11200 4234/5965/11199 4293/6046/11317
f 4254/5981/11204 4266/5992/11206 4290/6047/11318
f 4246/5976/11319 4252/5954/11320 4259/103/11321
f 4240/5973/11322 4241/97/11323 4237/5970/11324
f 4234/5998/11325 90/99/11181 4254/5981/11183
f 4299/6048/11326 4268/5983/11216 4260/5916/11074
f 4260/5916/11076 4271/5948/11126 4303/6049/11327
f 4290/6047/11328 4266/5992/11329 4295/6050/11330
f 4298/6051/11331 4246/5976/11319 4259/103/11321
f 4308/6045/11332 4291/5950/11128 4261/6010/11235
f 4267/6009/11234 4246/5976/11166 4296/6052/11333
f 4309/6053/11334 4303/6049/11327 4271/5948/11126
f 4294/5974/11161 4225/5924/11116 4305/6054/11335
f 4297/6055/11336 4266/5992/11313 4267/6009/11315
f 4259/103/11337 4240/5973/11338 4307/6056/11339
f 4305/6054/11340 4225/5924/11102 4308/6045/11316
f 4261/6011/11237 4292/6008/11236 4300/6057/11341
f 4292/6008/11231 4251/5990/11233 4293/6046/11342
f 4311/6058/11343 4288/6059/11344 4290/6047/11345
f 4307/6060/11339 4240/6061/11338 4301/6062/11346
f 4240/5973/11322 4237/5970/11324 4304/6063/11347
f 4299/6048/11348 4260/5916/11076 4303/6049/11327
f 4234/5998/11349 4254/5981/11350 4293/6064/11351
f 4302/6065/11352 4240/6061/11353 4304/6066/11354
f 4309/6053/11355 4271/5948/11187 4294/5977/11167
f 4254/6067/11350 4288/6059/11356 4311/6058/11357
f 4301/6062/11358 4240/6061/11353 4302/6065/11352
f 4304/6063/11359 4237/5970/11207 4268/5993/11209
f 4309/6053/11360 4294/5977/11161 4305/6068/11335
f 4306/6069/11361 4290/6047/11328 4295/6050/11330
f 4246/5976/11319 4298/6051/11331 4296/6052/11362
f 4308/6045/11332 4261/6010/11235 4300/6070/11363
f 4290/6047/11345 4306/6069/11364 4311/6058/11343
f 4296/6052/11362 4298/6051/11331 4310/6071/11365
f 4268/5983/11216 4299/6048/11326 3346/6072/11366
f 4295/6050/11367 4266/5992/11313 4297/6055/11336
f 4267/6009/11234 4296/6052/11333 4297/6055/11368
f 4309/6053/11360 4305/6068/11335 3980/6073/11369
f 4259/103/11321 4307/6056/11370 4298/6051/11331
f 4313/6074/11371 4268/6075/11209 3346/6076/11372
f 3888/6077/11373 4292/6008/11373 4293/6046/11373
f 4293/6078/11351 4254/6067/11350 4311/6058/11357
f 4312/6079/11374 4310/6080/11365 4298/6081/11331
f 4299/6048/11348 4303/6049/11327 4309/6053/11334
f 4299/6082/11348 4309/6083/11334 3692/6084/11375
f 4300/6057/11341 4292/6008/11236 3888/6077/11376
f 4296/6052/11333 4310/6071/11377 4297/6055/11368
f 4304/6066/11359 4268/6075/11209 4313/6074/11371
f 3113/6085/11378 4301/6062/11358 4302/6065/11352
f 3572/6086/11379 3692/6084/11380 3302/6087/11381
f 4293/6078/11351 4311/6058/11357 3293/6088/11382
f 4311/6058/11343 4306/6069/11364 3504/6089/11383
f 4301/6062/11384 3113/6085/11385 3966/6090/11386
f 4302/6065/11387 4304/6066/11388 4313/6074/11389
f 3980/6091/11390 4305/6054/11340 4308/6045/11316
f 3572/6086/11379 3302/6087/11381 4315/6092/11391
f 4314/6093/11392 3692/6084/11393 4309/6083/11394
f 4312/6079/11395 4298/6081/11396 3182/6094/11397
f 4301/6062/11384 3966/6090/11386 4307/6060/11398
f 4315/6092/11399 2521/3433/6317 3174/3432/6316
f 3476/6095/11400 1950/2636/11400 1949/2635/11400
f 1950/2636/6331 3931/3442/6333 3554/3441/11401
f 2516/3411/11402 2493/3390/6265 2517/3424/6290
f 2489/3394/11403 2464/3335/6206 3549/3425/6291
f 2502/3404/6325 2987/3437/6324 1868/3405/11404
f 2479/3373/6205 2510/3423/6289 2491/3393/6221
f 4314/6093/11405 4309/6083/11360 3980/6096/11369
f 3888/6097/11406 4293/6078/11351 3293/6088/11382
f 3692/6084/11380 3572/6086/11379 4299/6082/11326
f 1949/2635/11407 87/6098/11407 2525/6099/11407
f 1952/2637/6328 3554/3441/6330 2798/6100/11408
f 2483/3399/11409 2512/6101/11410 3151/6102/11411
f 4308/6045/11332 4300/6070/11363 2681/6103/11412
f 2681/6104/11413 4300/6057/11341 3888/6077/11376
f 3880/6105/11414 4295/6050/11367 4297/6055/11336
f 4307/6060/11398 3966/6090/11386 3182/6094/11415
f 87/6098/11416 1949/2635/11416 3160/6106/11416
f 2499/3409/11417 3272/6107/11417 3931/3442/11417
f 3554/3441/11401 3931/3442/6333 4316/6108/11418
f 3272/6107/11419 2499/3409/11419 3016/6109/11419
f 3016/6109/11420 2499/3409/11420 2516/3411/11420
f 2512/3400/11421 2490/3385/6338 2526/3444/6340
f 4314/6093/11405 3980/6096/11369 2767/6110/11422
f 3182/6094/11397 4298/6081/11396 4307/6060/11423
f 3174/3432/11424 2485/3434/6195 2499/6111/6248
f 3476/6095/11425 1949/2635/11425 2525/6099/11425
f 1949/2635/11426 1952/2637/11426 2798/6100/11426
f 3621/6112/11427 4316/6108/11427 3335/6113/11427
f 2517/3424/11428 2505/3375/11428 2489/3394/11428
f 3734/6114/11429 2483/3399/6230 3151/6102/11430
f 3909/6115/6369 2501/6116/6368 2860/6117/11431
f 2491/3393/6287 2510/3423/11432 3994/3431/6315
f 2681/6103/11433 3980/6091/11434 4308/6045/11435
f 4313/6074/11436 3346/6076/11436 2934/6118/11436
f 2499/6111/6248 1950/6119/11437 3174/3432/11424
f 1950/6119/11437 3476/6120/11438 3174/3432/11424
f 4155/6121/11439 3948/6122/11440 3279/6123/11441
f 3769/6124/11442 3948/6122/11440 4155/6121/11439
f 3769/6124/11443 4155/6121/11444 3345/6125/11445
f 3279/6123/11446 3948/6122/11447 3770/6126/11448
f 2483/3399/6230 3734/6114/11429 2506/3413/6258
f 3071/6127/11449 2521/3433/11450 4315/6092/11391
f 4306/6069/11451 4295/6050/11452 3186/6128/11453
f 3476/6129/11454 2525/6130/11455 3475/6131/11456
f 3770/6132/11457 3475/6133/11458 3762/6134/11459
f 3762/6134/11459 3475/6133/11458 3340/6135/11460
f 3213/6136/11461 4316/6108/11461 3621/6112/11461
f 3335/6113/11462 4316/6108/11462 3931/3442/11462
f 2516/3411/11463 2517/3424/11463 2489/3394/11463
f 3832/6137/11464 2512/6101/11464 2526/6138/11464
f 3523/6139/6436 3909/6115/6435 2860/6117/11465
f 2501/6116/6368 3994/6140/11466 2860/6117/11431
f 3692/6084/11393 4314/6093/11392 3244/6141/11467
f 3244/6141/11468 4314/6093/11405 2767/6110/11422
f 4311/6058/11343 3504/6089/11383 3293/6088/11469
f 3880/6105/11470 4297/6055/11471 4310/6071/11472
f 3572/6086/11473 4315/6092/11399 3174/3432/6316
f 3345/6125/11445 4155/6121/11444 2878/6142/11474
f 3563/6143/11475 3770/6126/11475 2802/6144/11475
f 2802/6145/11476 3770/6132/11476 3762/6134/11476
f 3475/6133/11477 2525/6099/11477 3340/6135/11477
f 3461/6146/11478 2525/6099/11478 87/6098/11478
f 3461/6146/11479 87/6098/11479 3101/6147/11479
f 3101/6147/11480 87/6098/11480 3160/6106/11480
f 1949/2635/11481 2798/6100/11481 3160/6106/11481
f 2872/6148/11482 3549/3425/6334 3849/3443/6336
f 3155/6149/11483 4218/6150/11484 2522/3412/11485
f 3994/6140/6315 2510/3440/11432 3071/6127/11449
f 3071/6127/11449 4315/6092/11391 3302/6087/11381
f 2825/6151/11486 4310/6080/11487 4312/6079/11488
f 3113/6085/11489 4302/6065/11490 2362/6152/11491
f 3770/6126/11492 3948/6122/11493 3345/6125/11494
f 3948/6122/11493 3769/6124/11495 3345/6125/11494
f 3279/6123/11446 3770/6126/11448 3563/6143/11496
f 3554/3441/11497 4316/6108/11497 3213/6136/11497
f 2516/3411/11498 2489/3394/11403 3016/6109/11499
f 2506/3413/6258 3734/6114/11429 3155/6149/11500
f 3832/6137/11501 2526/6138/11502 2608/6153/11503
f 3071/6127/11449 2510/3440/11432 2521/3433/11450
f 4306/6069/11451 3186/6128/11453 3504/6089/11504
f 4302/6065/11387 4313/6074/11389 2362/6152/11505
f 2931/6154/11506 3345/6125/11506 3218/6155/11506
f 3345/6125/11507 2878/6142/11507 3218/6155/11507
f 2878/6142/11508 4155/6121/11509 3279/6123/11510
f 2622/6156/11511 3762/6134/11512 3340/6135/11513
f 3155/6149/11514 2522/3412/6224 2506/3413/6300
f 2784/6157/11515 2512/6101/11515 3145/6158/11515
f 3888/6097/11406 3293/6088/11382 2837/6159/11516
f 4295/6050/11452 3880/6105/11517 3186/6128/11453
f 3880/6105/11470 4310/6071/11472 2889/6160/11518
f 3475/6131/11456 3770/6126/11492 3345/6125/11494
f 3155/6149/11500 3734/6114/11429 3090/6161/11519
f 3151/6102/11411 2512/6101/11410 2784/6157/11520
f 86/6162/11521 3535/6163/11521 3083/6164/11521
f 2767/6110/11522 3980/6096/11434 2553/6165/11523
f 2384/6166/11524 3888/6097/11524 2837/6159/11524
f 3346/6167/11366 4299/6082/11326 3572/6086/11379
f 3174/3432/11424 3476/6120/11438 2706/6168/11525
f 3340/6135/11526 2525/6099/11526 2699/6169/11526
f 2525/6099/11527 3461/6146/11527 2699/6169/11527
f 3213/6136/11528 3621/6112/11528 1838/6170/11528
f 3016/6109/11499 2489/3394/11403 3549/3425/6291
f 3016/6109/11529 3549/3425/6334 2872/6148/11482
f 3157/6171/11530 3743/6172/11530 4218/6150/11530
f 2784/6157/11531 3083/6164/11532 3535/6163/11533
f 3083/6164/11532 2784/6157/11531 3145/6158/11534
f 3145/6158/11535 2512/6101/11535 3832/6137/11535
f 2504/3426/6293 1868/3428/6295 1553/6173/11536
f 2860/6117/11465 1821/6174/11537 3523/6139/6436
f 3053/6175/11538 3293/6088/11469 3504/6089/11383
f 4310/6080/11487 2825/6151/11486 2889/6176/11539
f 4312/6079/11540 3182/6094/11541 2248/6177/11542
f 3279/6123/11510 3563/6143/11543 2802/6144/11544
f 1776/6178/11545 3621/6112/11545 3335/6113/11545
f 3157/6171/11546 4218/6150/11484 3155/6149/11483
f 2526/6138/11547 2504/3426/11548 2608/6153/11549
f 2384/6179/11550 2681/6104/11413 3888/6077/11376
f 3186/6128/11551 3880/6105/11552 2889/6160/11553
f 4313/6074/11389 2934/6118/11554 2362/6152/11505
f 2872/6148/11555 3849/3443/11556 3743/3415/11557
f 3090/6161/11519 3734/6114/11429 3151/6102/11430
f 2612/6180/11558 86/6162/11559 3264/6181/11560
f 3523/6139/6320 1821/6174/11561 2987/6182/6321
f 3244/6141/11562 3302/6087/11563 3692/6084/11564
f 4312/6079/11540 2248/6177/11542 2825/6151/11565
f 2283/6183/11566 3182/6094/11567 3966/6090/11568
f 3966/6090/11569 3113/6085/11570 2676/6184/11571
f 3476/6129/11454 3475/6131/11456 2706/6185/11572
f 2706/6185/11572 3475/6131/11456 3345/6125/11494
f 2699/6169/11573 3461/6146/11574 2739/6186/11575
f 3101/6147/11576 3160/6106/11576 2619/6187/11576
f 2872/6148/11555 3743/3415/11557 3157/6188/11577
f 3535/6163/11578 86/6162/11559 2612/6180/11558
f 1027/6189/11579 3264/6190/11580 2692/6191/11581
f 2692/6192/11582 3264/6181/11583 86/6162/11584
f 3994/6140/11466 3071/6127/11585 2496/6193/11586
f 3504/6089/11504 3186/6128/11453 2541/6194/11587
f 2934/6195/11588 3346/6167/11589 3572/6086/11473
f 2934/6195/11588 3572/6086/11473 3174/3432/6316
f 2934/6195/11590 3177/6196/11591 2224/6197/11592
f 2878/6142/11508 3279/6123/11510 1729/6198/11593
f 2622/6156/11511 3340/6135/11513 2699/6169/11594
f 3461/6146/11595 3101/6147/11595 2739/6186/11595
f 2798/6100/11596 3213/6136/11596 1677/6199/11596
f 3621/6112/11597 1776/6178/11597 1838/6170/11597
f 3335/6113/11598 3931/3442/11599 3272/6107/11600
f 846/88/11601 3315/6200/11602 1939/89/11603
f 727/6201/11604 846/88/11604 82/90/11604
f 82/90/11605 83/92/225 3263/6202/11606
f 83/92/225 84/94/227 3263/6202/11606
f 3263/6202/11607 84/6203/11608 883/96/11609
f 84/6203/11610 85/95/11610 883/96/11610
f 1939/89/11603 3315/6200/11602 2692/6191/11611
f 3315/6200/11612 1027/6189/11579 2692/6191/11581
f 86/6162/11584 2908/6204/11613 2692/6192/11582
f 2908/6204/11614 86/6162/11614 3083/6164/11614
f 3071/6127/11585 3302/6087/11563 3244/6141/11562
f 2837/6159/11615 3293/6088/11616 3053/6175/11617
f 2541/6194/11587 3053/6175/11618 3504/6089/11504
f 2372/6205/11619 2889/6176/11539 2825/6151/11486
f 2934/6195/11590 3174/3432/11424 3177/6196/11591
f 2706/6185/11620 3345/6125/11621 2931/6154/11622
f 1776/6178/11623 3335/6113/11623 2872/6148/11623
f 3335/6113/11598 3272/6107/11600 2872/6148/11624
f 2872/6148/11624 3272/6107/11600 3016/6109/11625
f 2784/6157/11626 3535/6163/11626 1716/6206/11626
f 883/6207/231 2570/6208/230 1027/6209/11627
f 3083/6164/11628 3145/6158/11628 2608/6153/11628
f 3145/6158/11629 3832/6137/11501 2608/6153/11503
f 2860/6117/11431 3994/6140/11466 2496/6193/11586
f 2553/6165/11523 3980/6096/11434 2681/6210/11433
f 2283/6183/11630 3966/6090/11569 2676/6184/11571
f 2931/6154/11631 3218/6155/11632 2705/6211/11633
f 1729/6198/11593 3279/6123/11510 2802/6144/11544
f 3554/3441/6330 3213/6136/11634 2798/6100/11408
f 3090/6161/11519 3151/6102/11430 2910/6212/11635
f 2541/6213/11636 3186/6214/11637 2271/6215/11638
f 2271/6215/11639 3186/6214/11551 2889/6176/11553
f 3182/6094/11567 2283/6183/11566 2248/6177/11640
f 3177/6196/11591 3174/3432/11424 2706/6168/11525
f 3160/6106/11641 2798/6100/11641 2619/6187/11641
f 2515/6216/11642 2872/6148/11555 3157/6188/11577
f 3155/6149/11500 3090/6161/11519 1632/6217/11643
f 3535/6163/11644 2612/6180/11644 1716/6206/11644
f 3264/6218/11645 1027/6209/11645 2612/6219/11645
f 1868/3405/11404 2987/3437/6324 1548/6220/11646
f 1814/6221/11647 2767/6110/11522 2553/6165/11523
f 2676/6184/11648 3113/6085/11489 2362/6152/11491
f 2705/6211/11633 3218/6155/11632 2740/6222/11649
f 3101/6147/11650 2619/6187/11650 2739/6186/11650
f 2608/6153/11549 2504/3426/11548 1553/6173/11651
f 2496/6193/11586 3071/6127/11585 3244/6141/11562
f 2354/6223/11652 2553/6165/11653 2681/6210/11654
f 3053/6224/11617 2272/6225/11655 2837/6226/11615
f 2114/6227/11656 2224/6228/11657 3177/6229/11658
f 1677/6199/11659 3213/6136/11660 1838/6170/11661
f 2511/6230/11662 1632/6217/11662 3090/6161/11662
f 2910/6212/11663 3151/6102/11411 2784/6157/11520
f 2372/6205/11664 2271/6215/11639 2889/6176/11553
f 2114/6227/11656 3177/6229/11658 1581/6231/11665
f 2706/6185/11620 2931/6154/11622 2705/6211/11666
f 1729/6198/11593 2802/6144/11544 1841/6232/11667
f 1776/6178/11668 2872/6148/11668 2515/6216/11668
f 3157/6233/11546 3155/6234/11483 1951/6235/11669
f 2612/6219/11670 1027/6209/11627 2570/6208/230
f 2908/6204/11671 3083/6164/11671 2608/6153/11671
f 2987/6182/6321 1821/6174/11561 1548/6236/11672
f 2837/6226/11615 2272/6225/11655 2384/6237/11673
f 2910/6212/11663 2784/6157/11520 2616/6238/11674
f 2908/6204/11675 1938/6239/11676 2692/6192/11611
f 3053/6224/11677 2207/6240/11678 2272/6225/11679
f 3053/6224/11677 2541/6213/11680 2207/6240/11678
f 2740/6222/11681 3218/6155/11682 1729/6198/11593
f 3218/6155/11682 2878/6142/11508 1729/6198/11593
f 1841/6241/11683 2802/6145/11683 3762/6134/11683
f 1841/6241/11684 3762/6134/11512 2622/6156/11511
f 2622/6156/11511 2699/6169/11594 1367/6242/11685
f 2798/6100/11686 1677/6199/11686 2619/6187/11686
f 2515/6243/11687 3157/6233/11687 1951/6235/11687
f 2908/6204/11675 2608/6153/11688 1938/6239/11676
f 1312/6244/11689 2553/6165/11653 2354/6223/11652
f 2233/6245/11690 2372/6205/11619 2825/6151/11486
f 2739/6186/11691 2619/6187/11692 2584/6246/11693
f 1951/6235/11694 3155/6234/11500 1632/6247/11643
f 2616/6238/11695 2784/6157/11695 1716/6206/11695
f 2496/6193/11696 3244/6141/11468 1817/6248/11697
f 2233/6245/11698 2825/6151/11699 2248/6177/11700
f 1379/6249/11701 2114/6227/11701 1581/6231/11701
f 3177/6229/11658 2706/6250/11702 1581/6231/11665
f 2705/6251/11703 2740/6252/11704 1683/6253/11705
f 1367/6242/11706 2699/6169/11573 2739/6186/11575
f 1783/6254/11707 2739/6186/11691 2584/6246/11693
f 1558/6255/11708 1939/6256/11708 1873/6257/11708
f 1939/6258/11603 2692/6192/11611 1938/6239/11676
f 2860/6117/11465 2496/6193/11696 1821/6174/11537
f 3244/6141/11468 2767/6110/11422 1817/6248/11697
f 2541/6213/11636 2271/6215/11638 2254/6259/11709
f 2706/6185/11620 2705/6211/11666 1655/6260/11710
f 1655/6261/11711 2705/6251/11703 1683/6253/11705
f 1683/6253/11712 2740/6252/11713 1729/6262/11714
f 3090/6161/11715 2910/6212/11716 2511/6230/11717
f 2570/6208/11718 1939/6256/11718 1558/6255/11718
f 1817/6248/11719 2767/6110/11522 1814/6221/11647
f 1367/6242/11706 2739/6186/11575 1783/6254/11720
f 2612/6219/11670 2570/6208/230 1558/6255/11721
f 1249/6263/11722 2553/6165/11653 1312/6244/11689
f 1312/6244/11723 2354/6223/11724 1620/6264/11725
f 1620/6264/11725 2354/6223/11724 2274/6265/11726
f 2362/6152/11727 2934/6118/11727 2224/6266/11727
f 2114/6267/11728 1379/6268/11729 1620/6264/11730
f 1581/6231/11731 2706/6250/11731 1655/6269/11731
f 1783/6254/11732 2584/6246/11733 1570/6270/11734
f 2584/6246/11735 2619/6187/11736 1677/6199/11737
f 1938/6239/11738 2608/6153/11738 1588/6271/11738
f 2608/6153/11549 1553/6173/11651 1588/6271/11739
f 2372/6205/11619 2233/6245/11690 2154/6272/11740
f 2170/6273/11741 2233/6245/11698 2248/6177/11700
f 2274/6265/11742 2114/6267/11728 1620/6264/11730
f 1683/6253/11712 1729/6262/11714 1204/6274/11743
f 2511/6230/11717 2910/6212/11716 1561/6275/11744
f 1716/6276/11745 2612/6219/11670 1558/6255/11721
f 2496/6193/11696 1817/6248/11697 1821/6174/11537
f 1814/6221/11746 2553/6165/11747 1249/6263/11748
f 2681/6210/11413 2384/6277/11550 2354/6223/11749
f 2354/6223/11724 2384/6277/11750 2274/6265/11726
f 2271/6215/11638 2372/6205/11619 2154/6272/11740
f 2676/6184/11751 2362/6152/11752 2213/6278/11753
f 2384/6237/11673 2272/6225/11655 2111/6279/11754
f 2207/6240/11678 2541/6213/11680 2254/6259/11755
f 2283/6183/11756 2676/6184/11757 2213/6278/11758
f 2213/6278/11753 2362/6152/11752 2224/6266/11759
f 2274/6280/11760 2384/6237/11673 2111/6279/11754
f 2170/6273/11761 2283/6183/11756 2213/6278/11758
f 2248/6177/11762 2283/6183/11756 2170/6273/11761
f 2254/6259/11709 2271/6215/11638 2154/6272/11740
f 2111/6279/11754 2272/6225/11655 2207/6240/11763
f 2135/6281/11764 2213/6278/11753 2224/6266/11759
f 2233/6245/11698 2170/6273/11741 2154/6272/11765
f 2170/6273/11741 2213/6278/11766 2135/6281/11767
f 2274/6280/11768 2111/6279/11769 2114/6282/11770
f 2135/6281/11764 2224/6266/11759 2114/6283/11771
f 2111/6279/11754 2207/6240/11763 2254/6259/11772
f 2154/6272/11765 2170/6273/11741 2086/6284/11773
f 2086/6284/11774 2254/6259/11709 2154/6272/11740
f 2086/6284/11773 2170/6273/11741 2135/6281/11767
f 2254/6259/11709 2086/6284/11774 2058/6285/11775
f 2114/6282/11770 2111/6279/11769 2070/6286/11776
f 2135/6281/11777 2114/6283/11770 2070/6287/11776
f 2111/6279/11754 2254/6259/11772 2070/6286/11778
f 2254/6288/11779 2058/6289/11779 2070/6290/11779
f 2086/6284/11780 2135/6281/11777 2070/6287/11776
f 1684/6291/11781 2058/6292/11782 2086/6293/11783
f 1978/6294/11784 2086/6293/11784 2070/6295/11784
f 1978/6294/11785 2070/6295/11786 1687/6296/11787
f 2070/6290/11788 2058/6289/11789 1687/6297/11790
f 1684/6291/11781 2086/6293/11783 1978/6294/11791
f 2058/6289/11792 1684/6298/11792 625/6299/11792
f 900/6300/11793 1684/6291/11781 1978/6294/11791
f 1687/6297/11790 2058/6289/11789 625/6299/11794
f 1978/6294/11785 1687/6296/11787 1975/6301/11795
f 1683/6253/11796 1619/6302/11796 1655/6261/11796
f 1838/6170/11797 1776/6178/11798 1229/6303/11799
f 1389/6304/11800 1873/6257/11800 1939/6256/11800
f 1683/6253/11801 1975/6301/11801 1619/6302/11801
f 1975/6301/11795 1687/6296/11787 1619/6302/11802
f 625/6299/11803 1684/6298/11804 1181/6305/11805
f 900/6300/11806 1978/6294/11807 1975/6301/11808
f 1561/6275/11744 2616/6238/11809 1716/6206/11810
f 1389/6306/11811 1939/6258/11603 1938/6239/11676
f 1868/3428/11812 1548/6307/11813 1553/6173/11814
f 1975/6301/11808 1204/6274/11815 900/6300/11806
f 1561/6275/11816 2910/6212/11816 2616/6238/11816
f 1162/6308/11817 1873/6257/11817 1389/6304/11817
f 1489/6309/11818 1841/6310/11818 2622/6311/11818
f 1873/6257/11819 1162/6308/11819 1558/6255/11819
f 1821/6174/11561 1817/6248/11719 1504/6312/11820
f 1335/6313/11821 1619/6314/11822 1687/6297/11823
f 1687/6297/11790 625/6299/11794 1498/6315/11824
f 1975/6301/11825 1683/6253/11712 1204/6274/11743
f 1489/6309/11826 2622/6311/11827 1367/6316/11828
f 1570/6270/11829 2584/6246/11735 1328/6317/11830
f 1677/6199/11659 1838/6170/11661 1229/6303/11831
f 1229/6303/11799 1776/6178/11798 1951/6318/11832
f 1951/6318/11833 1776/6178/11833 2515/6216/11833
f 1389/6306/11834 1938/6239/11835 1588/6271/11836
f 1489/6309/11837 1729/6262/11838 1841/6310/11839
f 1328/6317/11840 1677/6199/11840 1229/6303/11840
f 1632/6319/11841 2511/6320/11842 1483/6321/11843
f 2511/6320/11717 1561/6322/11744 1165/6323/11844
f 1553/6324/11814 1548/6325/11813 1060/6326/11845
f 1655/6269/11846 1619/6314/11822 1335/6313/11821
f 1335/6313/11847 1687/6297/11848 1498/6315/11849
f 1181/6305/11850 1684/6298/11851 900/6327/11852
f 2584/6246/11735 1677/6199/11737 1328/6317/11830
f 1103/6328/11853 1558/6255/11853 1162/6308/11853
f 1821/6174/11561 1504/6312/11820 1548/6236/11672
f 1504/6312/11820 1817/6248/11719 1814/6221/11647
f 1379/6249/11854 1655/6269/11846 1335/6313/11821
f 1483/6321/11855 2511/6320/11717 1165/6323/11844
f 1504/6312/11856 1814/6221/11746 1249/6263/11748
f 1581/6231/11857 1655/6269/11857 1379/6249/11857
f 1367/6242/11858 1783/6254/11732 1570/6270/11734
f 1228/6329/11859 1632/6319/11841 1483/6321/11843
f 1162/6330/11860 1389/6331/11860 1252/6332/11860
f 625/6299/11803 1181/6305/11805 1112/6333/11861
f 1951/6235/11862 1632/6247/11862 1228/6334/11862
f 1548/6236/11813 1504/6312/11856 1060/6335/11845
f 1204/6274/11863 1729/6262/11838 1489/6309/11837
f 1588/6336/11739 1553/6324/11651 912/6337/11864
f 1379/6268/11729 1282/6338/11865 1620/6264/11730
f 1079/6339/11866 1489/6309/11826 1367/6316/11828
f 1561/6322/11744 1716/6276/11810 1165/6323/11844
f 1558/6255/11721 1103/6328/11867 1716/6276/11745
f 1165/6323/11868 1716/6276/11868 1103/6328/11868
f 1389/6331/11834 1588/6336/11836 1252/6332/11869
f 1282/6340/11870 1379/6249/11871 1335/6313/11847
f 1079/6341/11872 1367/6242/11872 1570/6270/11872
f 1119/6342/11873 1312/6244/11723 1620/6264/11725
f 832/6343/11874 1181/6305/11850 900/6327/11852
f 900/6300/11806 1204/6274/11815 829/6344/11875
f 1328/6317/11876 1229/6303/11799 970/6345/11877
f 912/6337/11878 1553/6324/11879 1060/6326/11880
f 1620/6264/11730 1282/6338/11865 1119/6342/11881
f 625/6299/11882 1112/6333/11883 1498/6315/11884
f 1489/6309/11826 1079/6339/11866 1204/6274/11815
f 1570/6270/11829 1328/6317/11830 1079/6341/11885
f 81/6346/11886 1229/6303/11799 1228/6347/11887
f 1229/6303/11799 1951/6318/11832 1228/6347/11887
f 1228/6329/11888 1483/6321/11855 1165/6323/11844
f 1002/6348/11889 1588/6336/11739 912/6337/11864
f 1504/6312/11856 1249/6263/11748 1060/6335/11845
f 1119/6342/11890 1249/6263/11891 1312/6244/11892
f 1282/6340/11870 1335/6313/11847 1498/6315/11849
f 1229/6303/11799 81/6346/11886 970/6345/11877
f 81/6346/11893 80/6349/11893 970/6345/11893
f 970/6345/11894 80/6349/11894 1264/6350/11894
f 1264/6350/11895 80/6351/11896 1263/6352/11897
f 80/6353/11898 81/6346/11898 1263/6352/11898
f 81/6346/11899 1228/6347/11899 1263/6352/11899
f 1022/6354/11900 1103/6355/11901 1162/6330/11902
f 1252/6332/11869 1588/6336/11836 1002/6348/11903
f 990/6356/11904 1282/6340/11870 1498/6315/11849
f 1079/6341/11866 1328/6317/11876 970/6345/11877
f 970/6345/11905 1264/6350/11905 1228/6347/11905
f 1264/6350/11895 1263/6352/11897 1228/6347/11906
f 970/6357/11907 1228/6329/11888 1165/6323/11844
f 1060/6335/11880 1249/6263/11891 1119/6342/11890
f 1498/6315/11884 1112/6333/11883 547/6358/11908
f 1112/6333/11909 1181/6305/11910 832/6343/11911
f 829/6344/11875 1204/6274/11815 1079/6339/11866
f 1162/6330/11912 1252/6332/11913 1022/6354/11914
f 1252/6332/11913 1002/6348/11915 1022/6354/11914
f 912/6359/11878 1060/6335/11880 1119/6342/11890
f 1119/6342/11881 1282/6338/11865 840/6360/11916
f 840/6361/11917 1282/6340/11870 990/6356/11904
f 829/6344/11875 774/6362/11918 932/6363/11919
f 1165/6323/11920 1103/6328/11921 727/6364/11922
f 82/90/11923 3263/6202/11607 883/96/11609
f 1027/6365/11924 3315/6366/11924 965/6367/11924
f 900/6300/11806 829/6344/11875 932/6363/11919
f 829/6368/11875 1079/6369/11866 970/6370/11877
f 727/6371/11925 1103/6355/11901 1022/6354/11900
f 965/6367/11926 3315/6366/11927 846/6372/11928
f 846/88/11929 727/6201/11929 1022/6373/11929
f 990/6356/11904 1498/6315/11849 588/6374/11930
f 649/6375/11931 970/6370/11931 727/6376/11931
f 970/6357/11932 1165/6323/11920 727/6364/11922
f 727/6376/11933 82/6377/11933 883/6378/11933
f 1027/6365/11934 564/6379/11934 883/6378/11934
f 564/6379/11935 1027/6365/11935 965/6367/11935
f 1112/6333/11909 832/6343/11911 547/6358/11936
f 840/6361/11917 990/6356/11904 756/6380/11937
f 588/6374/11938 1498/6315/11884 547/6358/11908
f 1022/6373/11939 1002/6381/11939 846/88/11939
f 756/6380/11940 990/6356/11941 555/6382/11942
f 547/6358/11936 832/6343/11911 573/6383/11943
f 829/6368/11875 970/6370/11877 649/6375/11944
f 990/6356/11904 588/6374/11930 555/6382/11945
f 900/6327/11852 286/6384/11946 832/6343/11874
f 433/6385/11947 829/6368/11875 649/6375/11944
f 965/6367/11926 846/6372/11928 473/6386/11948
f 645/6387/11949 912/6359/11950 1119/6342/11881
f 900/6327/11852 932/6388/11951 286/6384/11946
f 645/6387/11949 1119/6342/11881 840/6360/11916
f 252/6389/11952 555/6382/11952 588/6374/11952
f 573/6383/11953 832/6343/11954 286/6384/11955
f 846/6372/11928 1002/6390/11956 645/6391/11957
f 1002/6348/11889 912/6337/11864 645/6392/11958
f 932/6388/11959 774/6393/11960 223/6394/11961
f 829/6368/11962 433/6385/11962 774/6393/11962
f 774/6393/11963 433/6385/11963 490/6395/11963
f 846/6372/11928 645/6391/11957 473/6386/11948
f 645/6391/11957 840/6361/11917 756/6380/11937
f 588/6374/11938 547/6358/11908 499/6396/11964
f 883/6378/11965 564/6379/11966 433/6385/11947
f 401/6397/11967 756/6380/11940 555/6382/11942
f 774/6393/11968 490/6395/11969 223/6394/11970
f 649/6375/11944 727/6376/11971 433/6385/11947
f 727/6376/11971 883/6378/11965 433/6385/11947
f 547/6358/11972 573/6383/11973 582/6398/11974
f 582/6398/11974 573/6383/11973 510/6399/11975
f 473/6386/11948 645/6391/11957 756/6380/11937
f 564/6379/11976 965/6367/11977 353/6400/11978
f 582/6398/11979 510/6399/11979 365/6401/11979
f 353/6400/11978 965/6367/11977 302/6402/11980
f 965/6367/11981 473/6386/11982 302/6402/11983
f 401/6397/11984 555/6382/11985 252/6389/11986
f 582/6398/11987 365/6401/11987 499/6396/11987
f 433/6385/11988 564/6379/11988 353/6400/11988
f 473/6386/11989 756/6380/11989 401/6397/11989
f 547/6358/11990 582/6398/11990 499/6396/11990
f 510/6399/11991 573/6383/11953 286/6384/11955
f 433/6385/11992 292/6403/11992 490/6395/11992
f 302/6402/11993 401/6397/11984 252/6389/11986
f 365/6401/11994 510/6399/11991 286/6384/11955
f 223/6394/11961 169/6404/11995 932/6388/11959
f 490/6395/11969 292/6403/11996 223/6394/11970
f 108/6405/11997 588/6374/11938 499/6396/11964
f 433/6385/11998 353/6400/11998 292/6403/11998
f 302/6402/11983 473/6386/11982 401/6397/11999
f 932/6388/11951 169/6404/12000 286/6384/11946
f 215/6406/12001 278/6407/12002 353/6400/12003
f 302/6402/12004 215/6406/12004 353/6400/12004
f 261/6408/12005 499/6396/12005 365/6401/12005
f 252/6389/12006 588/6374/12006 108/6405/12006
f 261/6408/12007 365/6401/12007 286/6384/12007
f 39/6409/12008 261/6408/12009 286/6384/12010
f 353/6400/12011 278/6407/12011 292/6403/12011
f 78/6410/12012 278/6407/12002 215/6406/12001
f 499/6396/12013 261/6408/12009 139/6411/12014
f 286/6384/11946 169/6404/12000 39/6409/12015
f 176/6412/12016 252/6389/12017 108/6405/11997
f 50/6413/12018 223/6394/11961 292/6403/12019
f 215/6406/12020 302/6402/12021 176/6412/12022
f 215/6406/12023 75/6414/12023 78/6410/12023
f 302/6402/12021 252/6389/12024 176/6412/12022
f 39/6409/12008 139/6411/12014 261/6408/12009
f 169/6404/11995 223/6394/11961 50/6413/12018
f 50/6413/12018 292/6403/12019 278/6407/12025
f 215/6406/12020 176/6412/12022 75/6414/12026
f 169/6404/12027 50/6413/12027 73/6415/12027
f 108/6405/11997 499/6396/11964 139/6411/12028
f 73/6415/12029 39/6409/12015 169/6404/12000
f 278/6407/12030 78/6410/12030 9/6416/12030
f 31/6417/12031 78/6410/12032 75/6414/12033
f 75/6414/12026 176/6412/12022 31/6417/12034
f 176/6412/12016 108/6405/11997 139/6411/12028
f 50/6413/12035 278/6407/12035 9/6416/12035
f 6/6418/12036 73/6415/12037 50/6413/12038
f 78/6410/12032 31/6417/12031 9/6416/12039
f 39/6409/12040 73/6415/12037 6/6418/12036
f 31/6417/12041 176/6412/12042 139/6411/12043
f 139/6411/12044 39/6409/12045 6/6418/12046
f 6/6418/12047 50/6413/12047 9/6416/12047
f 31/6417/12041 139/6411/12043 2/6419/12048
f 2/6419/12049 139/6411/12044 6/6418/12046
f 9/6416/12050 31/6417/12050 2/6419/12050
f 6/6418/12051 9/6416/12051 2/6419/12051
