# Blender 4.5.9 LTS
# www.blender.org
mtllib mirror03color.mtl
o model
v -0.490658 0.118507 -0.124383
v -0.490862 0.118507 -0.124383
v -0.493313 0.118507 -0.124383
v -0.495764 0.118507 -0.124383
v -0.485029 0.119056 -0.124117
v -0.475749 0.118507 -0.124383
v -0.477383 0.118507 -0.124383
v -0.475953 0.118507 -0.124383
v -0.468614 0.118777 -0.123727
v -0.462270 0.118507 -0.124383
v -0.460636 0.118507 -0.124383
v -0.460840 0.118507 -0.124383
v -1.044780 1.479533 -0.124571
v -1.010113 1.208174 -0.043575
v -0.829828 1.736458 -0.124521
v -0.999765 0.241960 0.062357
v -0.937035 0.262318 0.123056
v -1.210193 0.420668 -0.124546
v -1.003885 0.309142 0.112824
v -1.234796 0.433027 -0.124776
v -1.014015 0.395148 0.116443
v -1.017480 0.363392 0.095176
v -0.977594 0.421290 0.104479
v -0.966715 0.351771 0.081764
v -0.887145 0.321673 0.107340
v -0.919360 0.362940 0.092160
v -1.229154 0.538496 -0.124222
v -1.100553 0.419866 0.105415
v -1.092972 0.644017 0.114920
v -1.055898 0.474513 0.114198
v -0.872150 1.932680 -0.124374
v -1.071498 0.817469 0.105150
v -0.851171 1.306263 0.050486
v -0.974411 1.367729 0.012019
v -0.899123 2.122442 -0.124306
v -0.841883 1.592533 0.050986
v -0.926747 1.263474 0.070795
v -0.951819 1.423479 0.072868
v -1.034863 1.468054 0.040096
v -0.999540 1.404994 0.050306
v -0.995226 1.467573 0.011146
v -0.950584 1.433678 0.034905
v -0.966618 1.356300 0.070337
v -1.043744 1.413664 0.020315
v -0.954382 1.669535 0.074293
v -0.945479 1.652278 0.074334
v -0.945479 1.652074 0.074334
v -0.945479 1.651665 0.074334
v -0.946705 1.650236 0.074129
v -0.952759 1.634410 0.072336
v -0.950468 1.647237 0.073131
v -0.942095 1.648279 0.073419
v -0.946909 1.638594 0.074129
v -0.945479 1.637573 0.074334
v -0.945479 1.636144 0.074334
v -0.946705 1.634918 0.074129
v -0.944105 1.630399 0.073911
v -0.946705 1.623481 0.074129
v -0.945479 1.621848 0.074334
v -0.946705 1.620214 0.074129
v -0.952831 1.639820 0.072291
v -0.952627 1.642475 0.072291
v -0.952627 1.644517 0.072291
v -1.062500 2.020301 0.038118
v -1.025640 1.997659 0.099118
v -1.191354 2.353947 0.115576
v -1.196744 2.507668 0.010944
v -0.551682 2.696268 0.067317
v -0.524901 2.771733 0.010573
v 0.000833 2.678706 0.059895
v -0.213235 3.042947 -0.049400
v 0.196417 3.203206 -0.059492
v 0.029749 3.347703 -0.123692
v -0.253625 2.867995 0.005566
v 0.118219 2.764041 0.072099
v -0.208960 2.897579 0.045988
v 0.175778 2.994141 0.012882
v 0.292513 2.796719 0.033227
v 0.148319 3.112378 0.047995
v -0.071195 2.920853 0.057801
v 0.206427 2.838931 0.024216
v 0.015173 3.232955 0.057472
v 0.009706 3.154626 0.071652
v 0.079025 2.974293 0.061772
v 0.046067 3.006133 0.044421
v 0.043099 3.035870 0.055427
v 0.040747 3.057050 0.044912
v 0.000701 2.989354 0.062153
v 0.118770 2.906966 0.036217
v 0.105944 2.906487 0.040060
v 0.158590 2.900165 0.057554
v -1.227469 0.426615 -0.070575
v 0.132806 2.965205 0.027177
v 0.133266 2.933619 0.031649
v 0.134900 2.935253 0.030424
v 0.200904 2.885715 0.046383
v 0.136125 2.937092 0.030220
v 0.239825 2.956669 0.032497
v -1.180090 0.331334 -0.052887
v -0.094853 3.031133 0.062694
v 0.167045 3.002461 0.012090
v 0.256453 2.869665 0.002522
v 0.066635 3.084959 0.036291
v -0.040375 3.055731 0.045190
v 0.150824 3.039954 0.043764
v 0.120546 2.773275 0.039579
v -1.120239 0.221668 -0.124471
v -1.060703 1.080631 -0.124497
v -0.058194 3.058967 0.038811
v -1.206460 0.706029 -0.124567
v -0.033386 2.960986 0.054932
v -0.033386 2.961395 0.054932
v -0.033999 2.959352 0.053911
v -0.104081 2.913806 0.038036
v -0.095768 2.861433 0.040140
v -0.128167 2.933055 0.035062
v -0.032978 2.962825 0.054115
v -0.029597 2.880192 0.045191
v -0.179228 2.927295 0.051580
v -0.103422 2.782262 0.049502
v -0.899750 0.413404 -0.124387
v -0.047976 3.052874 0.051291
v 0.077219 3.152633 0.014316
v -0.038369 3.289063 0.017397
v 0.083649 3.243679 0.013111
v -0.063165 3.236749 0.034948
v 0.031301 2.868456 0.044612
v 0.062701 3.279373 0.012330
v -0.934075 0.545428 -0.124564
v 0.049544 2.792037 0.040299
v 0.094420 3.176055 -0.013688
v 0.334610 2.855759 -0.013724
v -1.239280 0.500139 -0.002640
v 0.158182 2.791883 0.036551
v 0.157365 2.793313 0.035326
v -0.070125 2.785977 0.036059
v -0.132558 3.088130 0.055371
v 0.286801 3.007520 -0.021976
v 0.378838 2.759348 -0.000608
v 0.309867 2.733171 0.031891
v 0.158999 2.790863 0.035734
v -0.171920 2.989837 0.012096
v 0.199221 3.170174 -0.010189
v -0.078265 3.132973 0.018801
v 0.903455 2.036875 0.053275
v 1.195415 2.507326 0.011425
v 1.093502 1.636582 -0.107442
v 1.068121 1.651811 -0.069968
v 1.063586 1.647442 -0.120107
v 1.019665 1.629048 -0.056166
v 0.818170 1.323554 -0.124498
v 0.909381 1.937914 0.056592
v 1.012235 1.893560 0.022979
v 1.008058 1.585533 -0.020024
v 0.850115 1.673086 0.048893
v 1.007055 1.891013 0.087031
v 0.923813 0.814459 -0.124697
v 0.964075 1.801774 0.078010
v 0.965301 1.800345 0.077601
v 1.101727 1.385888 -0.010054
v 0.956723 1.631242 0.072087
v 0.957145 1.633828 0.072301
v 0.950284 1.711346 0.073353
v 0.956927 1.627362 0.072087
v 0.956927 1.625524 0.072087
v 0.906951 1.073582 0.050215
v 1.081715 0.916400 0.022230
v 0.888918 0.376042 0.077806
v 0.890348 0.374817 0.077397
v 0.711347 0.111972 -0.124439
v 0.501871 0.118622 -0.122675
v 0.515789 0.118507 -0.124178
v 1.198818 0.467409 -0.008450
v 1.198081 0.631205 0.035254
v 1.201019 0.477640 0.116007
v -0.041147 0.271884 -0.084353
v -0.041147 0.271884 -0.084149
v -0.041147 0.271884 -0.082720
v -0.042781 0.273110 -0.081086
v 1.130598 0.444891 0.113078
v 0.040996 0.272489 -0.005783
v -0.358380 0.139989 -0.021593
v 1.077592 0.385077 0.104574
v 0.975875 0.324333 0.107966
v 0.984109 0.253442 0.120393
v 0.923650 0.273881 0.120781
v 1.020158 0.361642 0.095415
v 0.974047 0.410250 0.110521
v -0.968807 0.114645 -0.124811
v -0.764827 0.108436 -0.124079
v 1.110508 0.445684 0.105581
v 0.887665 0.326909 0.106021
v 1.131088 0.501563 0.109765
v 1.110508 0.447523 0.105581
v 1.110508 0.443642 0.105581
v 0.933522 0.252626 0.066044
v 1.112142 0.448952 0.105785
v -0.037480 0.229570 0.071982
v -0.057527 0.176862 0.066945
v 0.111288 0.185335 0.061060
v 0.045016 0.192695 0.069826
v -0.924601 0.809814 -0.124640
v 0.123172 0.188769 0.074301
v 0.123234 0.170433 0.058852
v 0.057026 0.163831 0.061947
v 0.033054 0.238458 0.062957
v 0.044967 0.239853 0.071098
v -0.028974 0.083540 0.039588
v -0.115465 0.178366 0.072302
v 0.148521 0.112472 0.040732
v 0.347559 0.188463 0.023543
v 0.109440 0.241871 0.068408
v 0.318388 0.279690 0.057300
v -0.101509 0.234700 0.062596
v -0.032189 0.238493 0.063281
v 0.045411 0.274816 0.058131
v -0.128374 0.175337 0.059678
v -0.025451 0.294360 0.062249
v 0.017838 0.301196 0.061065
v 0.120403 0.292451 0.069929
v -1.136302 0.253892 -0.039595
v -0.063180 0.250063 0.067181
v 0.256259 0.089728 -0.007833
v -0.080482 0.042595 0.003345
v -0.121021 0.237274 0.064916
v 0.358966 0.127185 -0.037636
v 0.098749 0.035649 -0.009775
v -0.185999 0.141356 0.044087
v -0.041020 0.274427 0.055336
v -0.244567 0.103615 0.009438
v -1.186813 0.776034 -0.052346
v -0.341072 0.196683 0.030123
v -0.115894 0.283327 0.064168
v 0.537372 0.235851 0.060910
v 0.336407 0.290719 0.074548
v 0.128129 0.310308 0.058412
v 0.305698 0.085267 -0.056024
v 0.163904 0.026169 -0.058771
v -0.251213 0.288808 0.060926
v 0.668349 0.162152 0.015974
v 0.735319 0.247956 0.060295
v 0.934256 0.178551 0.038507
v 0.293423 0.307764 0.057872
v 0.878267 0.315178 0.071248
v 1.036143 0.453576 0.113481
v 1.076948 0.523718 0.114305
v -0.098680 0.290426 0.073461
v 0.524724 0.248330 0.074919
v 1.042122 0.256264 0.056882
v -0.186851 0.039141 -0.044211
v 0.982983 0.369134 0.071422
v 1.085844 0.287128 0.117086
v -1.205066 0.433293 -0.048699
v 0.920046 0.381511 0.071126
v 0.040353 0.274837 -0.122623
v 0.041158 0.271884 -0.046979
v 0.041158 0.271884 -0.044528
v 0.041158 0.271884 -0.046775
v 0.424950 0.283342 0.056936
v -0.832429 0.323365 -0.124444
v 0.042588 0.272906 -0.043303
v 0.841744 0.111062 -0.030567
v 0.706573 0.251770 0.074743
v -1.147818 0.915613 -0.124577
v 1.147147 0.339750 0.025117
v 1.019278 0.179927 0.011054
v -0.034585 0.003776 -0.051829
v -0.288044 0.077112 -0.052631
v 0.012752 0.301965 -0.124883
v 0.331090 0.305144 -0.124713
v 1.182397 0.436698 0.115792
v 1.182397 0.436086 0.115588
v 1.165341 0.379103 0.113556
v 0.979838 0.122452 -0.043057
v 0.361115 0.119445 -0.124348
v 0.145986 0.017648 -0.124572
v -0.699260 0.162404 0.016047
v -0.448194 0.256804 0.062259
v 0.123260 0.308756 -0.124623
v 1.183827 0.438128 0.115588
v 1.183827 0.434656 0.115180
v -0.316815 0.293324 0.074747
v -0.067887 0.291268 -0.124621
v -0.029575 0.290617 -0.123863
v -1.064532 0.179514 -0.035331
v 0.550264 0.257938 0.056012
v 0.811941 0.302161 0.074226
v -0.041147 0.271884 -0.086396
v -0.936494 0.718732 0.054243
v -0.039921 0.273314 -0.087825
v 1.069781 0.830876 0.105013
v 1.057817 0.890294 0.100475
v 1.057817 0.890090 0.100475
v 1.059042 0.888660 0.100679
v 1.128335 0.802857 0.106229
v 1.210189 0.515213 0.021658
v 0.612251 0.122803 -0.042427
v 0.273833 0.063007 -0.124415
v -0.016018 -0.000000 -0.124574
v -0.145624 0.310803 0.059639
v 1.044977 0.903790 0.091361
v 1.059247 0.891724 0.100475
v 1.106696 0.252089 0.009602
v 0.711408 0.263236 0.056611
v 0.850865 0.336655 0.075973
v 1.089656 0.693698 0.112972
v -0.984102 0.123874 -0.044682
v 0.490950 0.267182 -0.124377
v 0.977952 0.420917 0.070248
v 1.028840 0.454754 0.066349
v 1.188482 0.648239 0.114359
v 1.076381 0.550258 0.059254
v 1.223702 0.434266 -0.037209
v 1.077656 0.753650 0.055114
v 1.144806 0.275874 -0.026349
v 0.902397 0.422612 0.064948
v 1.054395 0.862507 0.053723
v 1.237070 0.553169 0.005932
v 1.083959 0.667070 0.056566
v 1.020290 0.982889 0.091154
v 1.065336 0.174790 -0.043785
v 0.512113 0.118507 -0.124383
v 0.510071 0.118507 -0.124383
v 0.499247 0.118507 -0.124383
v 0.499043 0.118507 -0.124383
v 0.498838 0.118507 -0.124383
v 0.927323 0.459977 0.076692
v 1.083959 0.663394 0.056566
v 1.083959 0.669113 0.056566
v 1.002010 1.015673 0.051323
v 0.508641 0.119120 -0.124383
v 0.500976 0.119271 -0.124382
v 0.497409 0.119120 -0.124383
v 0.674311 0.257383 -0.124349
v 0.887489 0.374612 0.077601
v 0.890348 0.377676 0.077601
v 1.082529 0.670542 0.056157
v -0.828305 0.110598 -0.030237
v 1.076936 0.919324 0.095199
v 0.804353 0.298656 -0.124720
v 0.956666 0.770208 0.054665
v 0.964834 0.653163 0.057119
v 1.029225 0.918682 0.052685
v 1.027999 0.919908 0.052685
v 1.027999 0.920112 0.052685
v 1.029633 0.921541 0.052685
v 0.953761 0.574592 0.076751
v 0.958251 0.532362 0.062672
v 0.965201 1.130777 0.077373
v 0.928948 1.258551 0.072193
v 0.954469 1.420735 0.073033
v 0.977490 1.389945 0.065814
v 0.975268 1.186156 0.072378
v 1.237769 0.433410 -0.118217
v 0.964075 0.655838 0.056566
v 0.963871 0.659514 0.056566
v 0.964887 1.328386 0.067282
v 1.150174 0.263296 -0.124550
v 0.964075 0.653795 0.056770
v 0.952335 0.806608 0.070053
v 0.932555 0.922958 0.051333
v 1.019130 1.056300 0.082422
v 1.163945 0.726637 0.011879
v 0.991109 0.120375 -0.124458
v 0.963258 0.652366 0.057995
v 1.207935 0.430638 -0.054428
v 0.938344 0.556767 0.059113
v 0.924071 1.377174 0.048462
v 1.040692 1.417106 0.024266
v -0.727282 0.265190 -0.124527
v 0.929547 1.228671 0.046053
v 1.013413 1.077857 0.013671
v 1.208657 0.422783 -0.124454
v -0.901221 0.420491 0.060838
v 0.961796 1.121300 0.049183
v 1.216735 0.592848 -0.035736
v 1.232856 0.535144 -0.124056
v 1.168157 0.840217 -0.050366
v 0.920311 1.317593 0.047574
v 0.937278 0.788169 0.065147
v 0.904855 1.081281 0.069468
v 0.878812 1.185535 0.048523
v 0.974490 1.364480 0.010506
v 1.011644 1.377260 -0.019480
v 0.930655 0.514315 -0.124696
v 0.945562 0.686198 0.056145
v 0.916741 0.913852 0.061234
v 0.919144 1.313868 0.045537
v 0.919144 1.314072 0.045537
v 0.919144 1.321220 0.045537
v 0.919144 1.321016 0.045537
v 0.919144 1.322037 0.045537
v 0.919144 1.322241 0.045537
v 0.977629 1.524917 0.064912
v 0.945774 1.573875 0.073171
v 1.018109 1.502410 0.053783
v 0.977309 1.460244 0.021347
v 0.964849 1.525976 0.029610
v 1.113053 0.976124 -0.042575
v 0.882006 0.383792 -0.124454
v 0.917405 1.298077 0.046228
v 0.917715 1.312438 0.045946
v 0.917715 1.315706 0.045946
v 0.917715 1.319587 0.045946
v 0.853507 1.296718 0.051064
v 0.972112 1.217713 0.007157
v 0.958561 1.624094 0.072700
v 0.982824 1.584671 0.061132
v 0.936913 0.691374 0.055136
v 0.936913 0.690353 0.055136
v 0.923772 0.808783 0.052362
v 0.968364 1.301001 0.012860
v 0.968364 1.298755 0.011431
v 0.968364 1.299776 0.011431
v 0.968364 1.298959 0.011431
v 1.042460 1.103335 -0.046427
v 0.936504 0.689331 0.054523
v 0.936300 0.692803 0.054523
v 0.848354 1.307536 0.066443
v 1.014699 1.492104 -0.006669
v 1.056093 1.357809 -0.008968
v 0.929315 1.684546 0.063391
v -0.883054 1.037831 -0.124520
v 1.023560 1.472453 -0.026070
v 0.860800 1.189029 0.067559
v 1.005601 1.202922 -0.033797
v 1.208838 0.696267 -0.124545
v 0.962850 1.803408 0.077397
v 0.965301 1.803408 0.078010
v 0.975633 1.729261 0.075605
v 1.019297 1.560183 0.026061
v 0.895519 1.042810 0.051827
v 0.839583 1.476521 0.052297
v 1.161351 0.875923 -0.124708
v 0.981836 1.602250 0.009360
v -1.181602 0.406500 0.000050
v 0.906891 0.909288 0.051256
v 0.906891 0.909083 0.051256
v 0.906891 0.908675 0.051256
v 0.896127 0.966021 0.050191
v 0.984216 1.888657 0.088586
v 0.906482 0.907245 0.050643
v 0.932529 1.597769 0.039887
v 0.977494 1.886979 0.077184
v 1.026073 1.484487 -0.077510
v 1.050757 1.475153 0.030770
v 1.094427 1.568428 -0.006215
v -0.490021 0.251603 -0.124022
v 0.869004 1.132423 0.049530
v 0.827843 1.372573 0.066229
v 0.968988 1.868401 0.054666
v 0.862984 1.127928 -0.124396
v 0.929560 1.669025 0.042882
v 0.930173 1.670454 0.041453
v 0.935772 1.739334 0.043879
v -0.939330 0.548971 0.064770
v 1.059784 2.016629 0.100642
v 1.026816 2.005632 0.098889
v 1.061809 1.590575 -0.009017
v 1.046387 1.480183 -0.089919
v 0.928743 1.672088 0.041248
v 0.875653 1.797148 0.055330
v 1.079682 2.183204 0.113555
v 1.101415 1.524032 -0.000554
v -0.904967 0.916229 0.050638
v 1.066271 1.487434 0.009768
v 1.080987 1.043455 -0.124331
v 0.841956 1.224514 0.047860
v 0.845161 1.660939 0.065345
v 0.988723 1.760717 0.010467
v 1.000229 1.333937 -0.022342
v 0.824336 1.403685 0.049020
v 1.099263 1.443681 -0.007447
v -1.200877 0.462233 -0.004026
v 1.015728 1.206499 -0.124250
v 0.815666 1.356796 0.047374
v 1.025748 1.733350 -0.034367
v 1.004610 2.578183 0.117130
v 1.114557 2.521596 0.107757
v 1.059179 2.583280 0.103121
v 1.035924 2.510901 0.115335
v 0.970598 2.551776 0.102276
v 1.081335 2.426031 0.112685
v 1.071861 2.042449 0.037760
v 1.025754 2.021282 0.059464
v 1.086366 1.581589 -0.124352
v 1.109183 1.411451 -0.124700
v 1.134869 2.203123 0.113575
v 0.970841 2.638563 0.107049
v 1.191882 2.523205 0.115050
v 1.009886 2.696367 0.115312
v 1.067639 1.359057 -0.124888
v 0.849668 1.765290 0.069442
v 1.195887 2.370840 0.115471
v 1.097191 1.976945 -0.029336
v 1.100429 1.511553 -0.124318
v 1.076559 1.470244 -0.119353
v 1.015336 1.369559 -0.124375
v 1.076095 2.195426 0.057821
v 1.001011 2.603067 0.093294
v 1.127461 2.180605 0.033696
v 0.906063 1.948589 0.073859
v 0.935194 2.133059 0.056303
v 1.106368 2.645824 0.112995
v 1.146679 2.131728 -0.001157
v 1.056849 1.909391 -0.042907
v 0.825407 1.602714 0.059961
v 1.072285 2.428721 0.058625
v 1.030959 2.505681 0.065635
v 1.046832 1.479677 -0.124240
v 1.020483 1.481875 -0.124276
v 0.843321 1.748109 0.049824
v 0.936719 2.160761 0.072539
v 1.026045 1.638270 -0.120932
v 0.818148 1.661469 -0.124419
v 0.816965 1.630832 0.046885
v -0.695588 0.260119 0.056365
v 0.978969 2.541068 0.070115
v 0.978577 2.600774 0.069495
v 1.018355 1.586777 -0.124343
v 1.035617 1.476964 -0.124470
v -0.851439 0.337853 0.075275
v 0.897084 2.630806 0.102072
v 1.204505 2.374808 0.029107
v 1.039312 1.483881 -0.124064
v 0.883562 1.902041 0.068644
v 0.912408 2.097316 0.070046
v 0.841370 1.782978 0.048568
v 0.962998 2.337963 0.069981
v 0.929450 2.682196 0.115559
v 0.882360 1.892590 0.052688
v 1.227497 2.500589 0.008530
v 1.162661 2.118841 -0.038655
v -1.198371 0.640034 -0.011355
v 1.023557 1.642105 -0.059226
v 0.960165 2.302776 0.056047
v 0.951384 2.497998 0.068125
v 1.144109 2.620527 0.024771
v 0.949041 2.705402 0.055160
v 1.238213 2.463251 -0.008308
v 0.882032 1.993864 0.050715
v 0.941225 2.308734 0.063309
v 1.031402 2.698837 0.046740
v 1.074821 2.720270 0.000683
v -0.578011 0.117719 -0.124406
v 0.860018 1.862515 -0.124530
v 0.928497 2.210179 0.052500
v 0.890935 2.656809 0.067646
v 1.228389 2.571803 -0.047251
v 1.207383 2.284071 -0.054415
v 0.896714 2.572720 0.075490
v 1.058171 1.899859 -0.124227
v 1.205040 2.373897 -0.017877
v 0.905541 2.153625 0.050219
v 0.944429 2.466779 0.074677
v 0.906670 2.593963 0.074336
v 0.880062 2.809713 -0.023298
v 0.895391 2.090361 -0.124754
v 0.934827 2.466187 0.059486
v -1.014441 1.211595 -0.124583
v 0.759885 2.682995 0.068720
v 0.989646 2.787625 -0.034099
v 1.142711 2.672683 -0.024760
v -1.131303 0.939453 -0.045203
v 1.151001 2.060975 -0.124093
v 0.920966 2.310466 0.048971
v 0.832502 2.635176 0.075933
v 1.203066 2.565248 -0.046068
v 0.919481 2.278200 -0.124410
v 0.921595 2.310921 -0.101305
v 0.921595 2.310921 -0.101509
v 1.234266 2.569630 -0.124778
v 1.205366 2.238290 -0.124522
v 0.920983 2.310512 -0.099875
v 0.921187 2.310512 -0.102938
v 0.921125 2.310913 -0.116417
v 0.537739 2.693273 0.067794
v 0.937565 2.309220 -0.124332
v 0.920574 2.307857 -0.122953
v 0.920574 2.309287 -0.124178
v 0.934226 2.449562 -0.124605
v 1.204612 2.575395 -0.124065
v 0.920983 2.307653 -0.124383
v 0.921391 2.310104 -0.124383
v 1.167925 2.652493 -0.124544
v 1.226080 2.445189 -0.124502
v 0.751299 2.667291 0.060078
v 0.131666 2.759629 0.041879
v -0.206334 2.843448 0.022567
v -0.582766 0.258405 -0.124383
v -0.773198 0.285438 0.058989
v -0.246255 2.992220 0.016541
v 0.298456 2.889600 -0.032930
v 0.720799 2.825038 -0.043005
v 0.282136 2.928928 0.001353
v 0.601126 2.781409 0.008602
v 0.422303 2.667433 0.071337
v 0.120098 2.708199 0.067743
v 0.077194 2.764743 0.058837
v 0.068048 2.785242 0.037130
v -0.165771 2.999926 0.013845
v 0.165128 3.192687 -0.021913
v 1.078141 2.746848 -0.123323
v -0.114001 2.757141 0.070264
v 0.896050 2.572230 -0.124366
v -0.041869 2.799802 0.038370
v -0.158448 2.797130 0.032817
v -1.229911 0.573928 0.001940
v 0.641590 2.688382 0.072872
v 0.052566 2.776024 0.052496
v -0.056268 2.758538 0.069311
v 0.319607 2.962885 -0.046650
v 0.520357 2.796989 -0.026306
v 0.291867 2.657849 0.067599
v 0.066814 3.315256 -0.036044
v -0.058148 2.774970 0.054616
v -0.579498 0.259018 -0.124383
v -0.003411 3.330160 -0.021888
v 0.068626 2.693379 0.069182
v 0.042849 2.743274 0.067415
v -0.528351 0.261982 -0.124433
v -0.015032 2.849019 0.049527
v -0.575618 0.259222 -0.124383
v -0.581336 0.259018 -0.124383
v -0.588176 0.258289 -0.124315
v 0.488166 2.671026 0.063073
v 0.229967 3.110044 -0.031639
v 0.985642 2.795691 -0.124385
v 0.575822 2.679991 0.057148
v -0.124235 2.711918 0.073228
v -0.183172 3.021593 -0.008952
v -0.092871 3.173321 -0.012581
v -0.292076 2.814090 0.031733
v -0.174798 3.081899 0.032788
v -0.170234 3.162861 0.014171
v 0.100497 3.293486 -0.063551
v 0.202434 3.034488 -0.031424
v 0.797440 2.649295 -0.124556
v -0.231412 3.120459 -0.037250
v -0.089922 3.293516 -0.028993
v 0.825993 2.827618 -0.124461
v 0.118889 2.664804 0.069425
v -0.303468 2.990710 -0.028516
v 0.364491 2.872014 -0.072865
v 0.429604 2.788249 -0.064189
v 0.661764 2.677703 -0.124821
v 0.137204 2.648857 0.063476
v -0.061701 2.697159 0.067977
v -0.199667 3.194163 -0.042241
v -0.178731 3.206786 -0.054407
v 0.321368 2.895087 -0.074202
v 0.333938 2.645472 0.065052
v -0.135124 2.743440 0.047488
v -0.036079 2.709845 0.060988
v 0.307760 3.019670 -0.122436
v 0.063874 2.677538 0.057519
v -0.362977 0.123577 -0.063838
v 0.333819 2.967895 -0.124022
v -0.368014 2.751934 0.008913
v -0.290252 2.885689 -0.023491
v 0.590862 2.825182 -0.124030
v -0.101302 2.685040 0.060603
v -0.273023 2.734486 0.038349
v 0.240617 3.143009 -0.123341
v 0.397671 2.651093 -0.124525
v -0.206191 2.658947 0.063819
v -0.108085 3.285601 -0.123555
v -0.922392 0.881834 0.053674
v -0.118637 2.662865 0.074716
v -0.276498 3.030604 -0.064549
v -0.857645 1.152340 0.048003
v 0.018124 2.684502 -0.124416
v -0.838400 1.219542 -0.124365
v -0.318483 2.895633 -0.064575
v 0.102013 3.299310 -0.124062
v 0.040074 2.707705 0.056220
v -0.273404 2.918900 0.007417
v -0.119832 3.214243 -0.122066
v 0.039898 2.706466 -0.124298
v 0.331825 2.899974 -0.124671
v -0.039049 2.706038 -0.123888
v -0.050387 3.339499 -0.123761
v 0.120641 3.210031 -0.123112
v 0.195233 3.204471 -0.124424
v 0.439043 2.790696 -0.124503
v -0.229475 3.172937 -0.124517
v 0.232134 3.055404 -0.123115
v 0.104901 2.652782 -0.124737
v -0.057952 2.683190 0.056945
v -0.116746 2.651995 0.058160
v -0.371362 2.659750 0.072424
v -0.325803 2.997992 -0.122321
v -0.021022 2.687288 -0.124849
v -0.432483 2.789391 -0.072375
v -0.956677 2.730871 0.039125
v -1.070660 2.673797 0.113611
v -0.960505 2.694439 0.116759
v -0.894302 2.644773 0.104409
v -1.076421 2.566306 0.102522
v -1.001364 2.600304 0.096117
v -1.004158 2.569989 0.118722
v -0.881130 2.639521 0.070112
v -0.949573 2.707776 0.054652
v -1.106617 2.529652 0.105581
v -1.104983 2.531081 0.105377
v -1.102088 2.574194 0.110661
v -1.108047 2.528018 0.105989
v -0.921605 2.584327 0.076025
v -1.104983 2.528018 0.105785
v -1.029832 2.514269 0.110436
v -1.125981 2.482591 0.110701
v -0.981313 2.639360 0.106988
v -1.075636 2.442984 0.114223
v -0.967721 2.555490 0.100528
v -1.156021 2.586442 0.113400
v -0.228485 3.052342 -0.124456
v -0.291058 2.640890 0.060563
v -1.200348 2.480559 0.115391
v -1.062903 2.684944 0.042316
v -0.347510 2.865494 -0.034451
v -0.119746 2.648497 -0.124514
v -0.577166 2.809829 -0.030262
v -0.431026 2.662417 0.066512
v -0.773083 2.677896 0.069948
v -0.798655 2.805078 -0.009705
v -0.979992 2.599500 0.070518
v -0.918974 2.809259 -0.036846
v -1.087531 2.239416 0.113013
v -0.369406 2.873391 -0.122242
v -0.329193 2.897057 -0.124169
v -0.660100 2.680178 0.064727
v -1.055942 2.470654 0.062049
v -0.514363 2.675998 0.062682
v -0.983897 2.537171 0.069397
v -0.496989 0.119120 -0.124383
v -0.874368 2.598915 0.076682
v -1.145386 2.612708 0.028464
v -0.816759 2.639955 0.068299
v -1.081777 2.351326 0.057304
v -1.021150 2.773534 -0.028649
v -0.438472 2.791276 -0.124520
v -1.133494 2.199629 0.113462
v -1.209507 2.439898 0.028782
v -1.224991 2.529026 -0.002806
v -1.222055 2.573372 -0.051290
v -1.100746 2.717480 -0.028369
v -0.755065 2.666495 0.063898
v -0.646207 2.828927 -0.069081
v -0.957704 2.477463 0.064346
v -0.936312 0.809862 0.070293
v -1.070547 2.177309 0.058970
v -0.894640 1.047609 0.051545
v -0.376357 2.647548 -0.124571
v -0.929014 2.528905 0.078124
v -1.070054 2.042694 0.103269
v -1.242143 2.532399 -0.041599
v -1.230417 2.437478 0.004646
v -0.560089 2.677626 -0.124686
v -1.128347 2.181947 0.033896
v -1.181764 2.313636 0.009221
v -1.168255 2.641845 -0.048258
v -0.547603 2.816320 -0.124401
v -0.961521 2.303035 0.061231
v -1.024434 2.016700 0.059131
v -1.013988 1.911597 0.088505
v -1.202906 2.563030 -0.040528
v -1.001438 1.925742 0.092919
v -1.001438 1.925946 0.092919
v -0.777752 2.657366 -0.124536
v -1.024108 2.188179 0.056361
v -1.024516 2.188179 0.056361
v -1.025946 2.186749 0.056361
v -0.971342 1.853297 0.081568
v -1.002664 1.924313 0.092714
v -1.002868 1.927580 0.092919
v -0.941050 2.172519 0.055652
v -1.022678 2.186749 0.056361
v -0.965944 1.862116 0.054032
v -0.947086 1.688821 0.074771
v -0.952627 1.685567 0.072291
v -0.952627 1.686180 0.072291
v -0.977972 1.722022 0.074426
v -0.914830 2.532848 0.062281
v -0.944050 1.620418 0.073721
v -0.939314 1.581077 0.067594
v -0.976682 1.526699 0.069088
v -0.954261 1.645947 0.072700
v -0.954261 1.683934 0.072700
v -0.954261 1.687610 0.072700
v -0.757894 2.831973 -0.124624
v -0.933264 1.711032 0.062827
v -1.022399 1.546075 0.035860
v -0.990998 1.835696 0.081426
v -1.214080 2.408894 -0.042227
v -0.929561 2.811526 -0.124590
v -0.934161 2.233841 0.069326
v -0.921683 2.048769 0.056456
v -0.478404 0.119120 -0.124383
v -0.463291 0.119120 -0.124383
v -1.169049 2.162764 -0.020671
v -0.362151 0.120298 -0.124214
v -1.231211 2.462530 -0.124345
v -0.940185 2.457192 0.069740
v -0.938892 2.308589 0.054643
v -1.059116 2.757996 -0.124468
v -0.893600 2.574822 -0.124315
v -0.936927 2.158842 0.071317
v -0.982659 1.506820 0.019773
v -1.159705 2.661865 -0.124465
v -0.911264 1.948435 0.057370
v -0.977738 1.595631 0.065999
v -0.934106 1.734581 0.042727
v -1.203348 2.574373 -0.124377
v -0.936996 1.566883 0.039163
v -1.005662 1.871003 0.019278
v -1.126923 2.025302 -0.037029
v -0.903396 1.926036 0.073470
v -1.231902 2.573161 -0.125091
v -0.934517 2.456694 -0.124531
v -0.930443 2.215840 0.053519
v -0.887574 1.847203 0.056618
v -1.098179 1.512193 0.000950
v -1.204066 2.250800 -0.061370
v -1.014812 1.368371 -0.124311
v -0.930162 1.644517 0.041657
v -0.930366 1.642475 0.041657
v -0.930366 1.638799 0.041453
v -0.928936 1.645947 0.041044
v -0.928013 1.622408 0.040133
v -1.051249 1.901914 -0.034686
v -0.983150 1.599054 0.006877
v -1.208720 2.262684 -0.124518
v -0.906088 2.054648 0.053671
v -0.855562 1.719345 0.049966
v -0.906778 2.170877 0.050258
v -0.883832 1.908690 0.062620
v -1.056737 1.485432 0.022586
v -0.859481 1.752417 0.067946
v -0.933535 2.310421 -0.124433
v -0.927978 2.308716 0.043802
v -0.921411 1.352771 0.046001
v -1.053049 1.359076 -0.008692
v -1.077994 1.587689 -0.008574
v -1.010709 1.587939 -0.030568
v -1.029093 1.782553 -0.028320
v -1.081170 1.464366 0.007771
v -0.837730 1.530280 0.066869
v -1.030932 1.479989 -0.050998
v -0.946318 1.204466 0.072778
v -1.014756 1.376663 -0.022244
v -0.877980 1.965413 0.050727
v -0.968864 1.215131 0.071006
v -1.152895 2.065077 -0.124408
v -0.924251 1.252053 0.045384
v -0.846429 1.761675 0.067021
v -1.090526 1.373009 -0.011990
v -0.852977 1.806784 0.050375
v -0.975099 1.098667 0.080502
v -1.024547 1.040351 0.084083
v -1.105758 1.420805 -0.009905
v -0.823731 1.545218 0.065971
v -1.080085 0.909170 0.096076
v -0.952959 1.144985 0.047723
v -1.033455 0.947070 0.094223
v -1.058539 1.902006 -0.124512
v -0.830076 1.717285 0.047492
v -0.817272 1.565931 0.047350
v -1.006501 1.007914 0.051669
v -1.077465 1.586126 -0.124684
v -0.883362 1.163104 0.065761
v -0.979871 0.375882 0.073237
v -1.042454 1.481109 -0.098673
v -0.829751 1.344038 0.065490
v -1.052520 0.867557 0.053763
v -1.105784 1.531465 -0.124625
v -0.876342 1.193231 0.049010
v -1.079261 0.744259 0.055363
v -1.204991 0.542030 0.026926
v -1.005079 1.342372 -0.032451
v -1.076387 0.558583 0.058528
v -0.681628 0.232540 0.056248
v -0.903469 1.089510 0.049869
v -0.892726 0.281050 0.069805
v -1.142906 0.343149 0.114570
v -1.034295 0.463168 0.066087
v -0.457789 0.264742 0.072042
v -0.925307 0.153959 0.022191
v -1.018848 1.587574 -0.124455
v -0.909603 0.381121 0.073290
v -1.070383 0.942009 0.022614
v -0.822787 1.336174 0.047507
v -0.926762 0.974511 0.056561
v -0.287630 0.308533 0.058135
v -0.174953 0.024982 -0.124541
v -1.062497 0.275304 0.118861
v -1.193074 0.624224 0.115124
v -1.136903 0.785871 0.107065
v -1.021554 1.057471 0.014483
v -0.973783 1.209154 0.006988
v -1.088299 1.461434 -0.124500
v -0.979876 0.425887 0.070027
v -0.700018 0.121535 -0.034821
v -1.106410 1.399725 -0.124547
v -0.947363 0.833702 0.053030
v -0.693345 0.250525 0.074698
v -0.534766 0.247268 0.074630
v -1.127498 0.813167 0.020629
v -1.061149 1.357014 -0.124889
v -0.858124 1.207430 0.069262
v -0.963041 0.687852 0.056193
v -0.817870 0.285927 0.067797
v -0.779352 0.278512 0.076929
v -0.407936 0.287716 0.056682
v -0.810737 1.414570 -0.124543
v -0.861547 1.177014 0.049372
v -0.898548 1.041770 0.071003
v -0.242684 0.315823 -0.124502
v -0.307655 0.081907 -0.124481
v -1.077571 0.224549 0.016453
v -1.188083 0.662457 0.036433
v -1.041516 1.105413 -0.050101
v -0.954620 0.784211 0.070421
v -1.115685 0.306006 0.036975
v -1.197870 0.458914 0.115012
v -0.955067 0.536616 0.071019
v -0.918035 0.436045 0.075808
v -0.440694 0.279430 -0.124398
vn -0.0000 -0.0000 1.0000
vn 0.0046 -0.5078 0.8615
vn 0.0045 -0.5065 0.8622
vn 0.0021 -0.4689 0.8832
vn -0.0000 -0.4360 0.9000
vn 0.0021 -0.4690 0.8832
vn -0.0000 -0.4357 0.9001
vn -0.0000 -0.4361 0.8999
vn 0.0021 -0.4688 0.8833
vn 1.0000 0.0001 0.0001
vn -0.0000 -0.4360 0.8999
vn -0.0282 -0.7731 0.6336
vn 1.0000 0.0001 -0.0001
vn 0.0140 0.9999 -0.0000
vn -0.0158 -0.9999 -0.0000
vn -0.0000 -0.9247 0.3806
vn 0.0141 -0.8544 0.5195
vn 0.0120 -0.8666 0.4988
vn 0.0146 -0.8520 0.5233
vn -0.3064 0.7269 0.6146
vn -0.3065 0.7205 0.6221
vn -0.3056 0.7514 0.5848
vn 0.0113 0.1922 0.9813
vn 0.0121 0.2299 0.9731
vn 0.0121 0.3039 0.9526
vn 0.3453 -0.9375 -0.0424
vn -0.1390 -0.0454 0.9892
vn -0.1457 -0.0398 0.9885
vn 0.0063 0.0180 0.9998
vn 0.2159 0.1413 0.9661
vn 0.3243 0.4677 0.8222
vn 0.3400 0.3813 0.8597
vn 0.3201 0.4161 0.8511
vn 0.0065 0.3497 0.9368
vn -0.1074 -0.9039 0.4141
vn -0.2524 -0.5193 0.8165
vn 0.0263 0.1263 0.9916
vn 0.3304 0.3658 0.8701
vn -0.3013 0.0341 0.9529
vn -0.3475 0.0413 0.9368
vn -0.1903 0.0060 0.9817
vn -0.8301 -0.4025 0.3859
vn 0.4187 0.8520 0.3142
vn 0.5031 0.8304 0.2395
vn 0.3470 0.8613 0.3713
vn 0.0046 -0.0000 -1.0000
vn -1.0000 -0.0000 -0.0000
vn -0.1648 -0.0000 0.9863
vn -0.1064 -0.0356 0.9937
vn -0.1592 -0.0674 0.9849
vn -0.1063 -0.0356 0.9937
vn -0.1402 -0.0669 0.9879
vn -0.1591 -0.0674 0.9850
vn -0.3813 0.0098 0.9244
vn -0.2896 -0.0576 0.9554
vn -0.3284 -0.0015 0.9445
vn -0.0489 0.0972 0.9941
vn -0.0461 0.0958 0.9943
vn -0.0596 0.1025 0.9929
vn -0.2527 -0.0102 0.9675
vn -0.1646 -0.0000 0.9864
vn -0.1506 -0.0065 0.9886
vn -0.1993 -0.0940 0.9754
vn -0.2062 -0.1652 0.9645
vn -0.1344 0.0816 0.9876
vn -0.2379 0.0216 0.9710
vn -0.1836 0.0331 0.9824
vn -0.2276 0.0158 0.9736
vn -0.2826 0.0339 0.9586
vn -0.2992 0.0369 0.9535
vn -0.1866 0.0131 0.9823
vn -0.0901 0.0069 0.9959
vn -0.3626 -0.0000 0.9319
vn 0.0320 -0.2734 0.9614
vn 0.0308 -0.2759 0.9607
vn 0.0079 -0.3246 0.9458
vn -0.1094 -0.1111 0.9878
vn 0.7987 -0.1372 0.5860
vn 0.8568 -0.1016 0.5055
vn 0.7871 -0.1435 0.5999
vn 0.4422 -0.0333 0.8963
vn 0.5273 -0.0550 0.8479
vn 0.5922 0.0068 0.8058
vn -0.3646 0.1051 0.9252
vn -0.2245 0.1947 0.9548
vn -0.3538 0.1379 0.9251
vn -0.2038 0.1979 0.9588
vn 0.8566 -0.2997 0.4201
vn 0.3139 -0.1215 0.9417
vn 0.2880 -0.0346 0.9570
vn 0.2867 0.0082 0.9580
vn 0.7476 -0.3056 0.5896
vn 0.0532 0.2568 0.9650
vn -0.0003 0.2963 0.9551
vn 0.1091 0.2140 0.9707
vn 0.7671 -0.3778 0.5185
vn -0.8321 0.5408 -0.1231
vn 0.5912 -0.1759 0.7871
vn -0.3596 0.4534 0.8155
vn 0.2682 0.0413 0.9625
vn 0.2200 -0.1055 0.9698
vn 0.2362 -0.0581 0.9700
vn 0.5112 -0.2675 0.8168
vn 0.4167 -0.3486 0.8396
vn 0.4647 -0.3337 0.8201
vn 0.1884 -0.1929 0.9630
vn 0.1130 0.2110 0.9709
vn 0.2994 -0.0663 0.9518
vn 0.3495 -0.1381 0.9267
vn 0.2826 -0.0462 0.9581
vn 0.3728 0.0329 0.9273
vn 0.1526 -0.0715 0.9857
vn -0.8055 -0.1070 0.5828
vn -0.7923 -0.0902 0.6034
vn -0.7873 -0.0645 0.6131
vn 0.4836 0.1084 0.8686
vn 0.4663 0.0997 0.8790
vn 0.2356 -0.0713 0.9692
vn -0.4385 0.1893 0.8786
vn -0.8574 -0.0000 0.5147
vn -0.7773 -0.0787 0.6242
vn -0.7929 -0.1066 0.5999
vn -0.1040 0.0234 0.9943
vn -0.3096 0.3950 0.8649
vn -0.0229 0.4326 0.9013
vn 0.5925 0.1236 0.7960
vn 0.5936 0.1238 0.7952
vn 0.7526 0.1455 0.6422
vn 0.7586 0.1463 0.6349
vn 0.8946 -0.0000 0.4468
vn 0.9016 -0.0080 0.4326
vn 0.9017 -0.0080 0.4323
vn 0.9030 -0.0095 0.4296
vn -0.7620 -0.1126 0.6377
vn 0.2714 -0.0105 0.9624
vn -0.1131 -0.0733 0.9909
vn 0.3263 0.3288 0.8862
vn 0.3266 0.3299 0.8857
vn 0.3264 0.3290 0.8862
vn 0.9807 0.0602 -0.1860
vn 0.2820 0.1942 0.9395
vn 0.2565 0.1594 0.9533
vn 0.3518 0.1091 0.9297
vn 0.3187 0.0809 0.9444
vn 0.1899 0.2762 0.9421
vn 0.5935 -0.2642 0.7602
vn -0.4150 -0.0273 0.9094
vn -0.4495 -0.0114 0.8932
vn -0.4498 -0.0251 0.8928
vn -0.2462 0.3287 0.9118
vn -0.2553 0.2592 0.9315
vn -0.2341 0.4072 0.8828
vn 0.5490 0.1685 0.8187
vn 0.5196 0.1566 0.8399
vn -0.2628 0.1896 0.9460
vn 0.3397 0.3335 0.8794
vn 0.2020 0.5095 0.8364
vn 0.1198 0.4349 0.8925
vn -0.9504 0.0471 0.3075
vn -0.4957 -0.1667 0.8523
vn -0.4748 -0.1542 0.8665
vn -0.4844 -0.1806 0.8560
vn 0.7018 -0.0402 0.7112
vn 0.5321 -0.1281 0.8370
vn 0.6857 -0.1929 0.7018
vn 0.1788 -0.0861 0.9801
vn -0.7836 -0.0450 0.6196
vn 0.8648 -0.0363 0.5008
vn 0.8437 0.0218 0.5364
vn 0.8322 0.0492 0.5523
vn -0.2987 0.5167 0.8024
vn -0.0394 0.2763 0.9603
vn 0.0106 0.1890 0.9819
vn -0.0324 0.2641 0.9639
vn 0.8697 -0.0926 0.4848
vn -0.3676 -0.0379 0.9292
vn 0.4020 0.4681 0.7869
vn 0.2634 0.6734 0.6907
vn 0.4201 -0.2025 0.8846
vn 0.4924 -0.2684 0.8279
vn 0.4258 -0.2038 0.8816
vn 0.4245 -0.1976 0.8836
vn -0.3954 0.4567 0.7970
vn 0.0162 0.1790 0.9837
vn 0.7341 0.6376 0.2336
vn 0.3713 0.0761 0.9254
vn 0.3261 0.3282 0.8865
vn 0.4354 0.4749 0.7648
vn -0.4872 -0.1427 0.8615
vn 0.1547 0.5144 0.8435
vn 0.2140 0.5035 0.8371
vn 0.1168 0.5204 0.8459
vn -0.3851 0.0753 0.9198
vn 0.1019 0.6407 0.7610
vn 0.0994 0.6406 0.7614
vn 0.0999 0.6406 0.7613
vn 0.0978 0.6405 0.7617
vn 0.4845 0.3023 0.8209
vn -0.2913 0.5269 0.7985
vn 0.3814 0.9173 -0.1144
vn 0.4750 -0.6548 0.5878
vn 0.1963 0.1684 0.9660
vn -0.0168 -0.0928 0.9955
vn 0.0776 -0.0973 0.9922
vn 0.0716 -0.1031 0.9921
vn 0.0787 0.0038 0.9969
vn 0.0774 0.0041 0.9970
vn 0.0831 0.0029 0.9965
vn 0.9499 -0.1764 0.2580
vn 0.1004 -0.0046 0.9949
vn -0.0675 0.0003 0.9977
vn -0.0642 -0.0239 0.9977
vn -0.3580 -0.0188 0.9335
vn 0.0968 -0.0000 0.9953
vn -0.0328 -0.9728 -0.2294
vn -0.0027 -0.9987 0.0513
vn -0.0028 -0.9987 0.0504
vn -0.0017 -0.9984 0.0573
vn 0.6013 0.7989 -0.0135
vn 0.5906 0.8068 -0.0130
vn 0.5869 0.8096 -0.0000
vn -0.0000 -0.0000 -0.0000
vn 0.5967 0.8023 -0.0136
vn -0.0444 0.1338 0.9900
vn -0.0038 0.2195 0.9756
vn 0.0196 0.0389 0.9990
vn -0.0114 0.2195 0.9755
vn -0.0794 0.0761 0.9939
vn 0.0087 -0.1960 0.9806
vn -0.0223 -0.3160 0.9485
vn 0.0359 -0.1508 0.9879
vn 0.0322 -0.9994 -0.0150
vn 0.3120 -0.9182 0.2442
vn -0.0137 0.2595 0.9657
vn -0.3397 0.6363 0.6926
vn -0.3738 0.6621 0.6495
vn -0.3604 0.6521 0.6670
vn -0.3041 -0.9053 0.2967
vn 0.3776 -0.2135 0.9010
vn -0.0306 -0.0000 0.9995
vn -0.3534 0.1071 0.9293
vn -0.3537 0.1830 0.9173
vn -0.3541 0.1008 0.9298
vn -0.0116 -0.0068 0.9999
vn 0.0769 -0.0323 0.9965
vn -0.0853 -0.0446 0.9954
vn -0.3318 0.1613 0.9295
vn -0.3385 0.0856 0.9371
vn -0.3496 -0.0000 0.9369
vn 0.0700 -0.0868 0.9938
vn -0.3559 0.0576 0.9327
vn 0.0652 0.9501 -0.3049
vn -0.0692 -0.2894 0.9547
vn 0.0995 -0.6409 0.7611
vn 0.0763 -0.0713 0.9945
vn 0.1165 -0.1243 0.9854
vn 0.0658 -0.0722 0.9952
vn -0.7249 -0.1120 0.6797
vn 0.0269 0.0143 0.9995
vn 0.0329 0.0138 0.9994
vn 0.0209 0.0198 0.9996
vn 0.0480 0.0396 0.9981
vn -0.9003 -0.2847 -0.3292
vn -0.5622 -0.0229 0.8267
vn 0.0426 -0.0302 0.9986
vn 0.0967 -0.2196 0.9708
vn 0.0406 -0.2953 0.9546
vn 0.1523 -0.4467 0.8816
vn -0.0164 -0.2951 0.9553
vn -0.0512 -0.2953 0.9540
vn 0.9432 0.2159 -0.2525
vn 0.9133 -0.3647 0.1814
vn -0.0033 -0.9716 0.2366
vn 0.1485 -0.2222 0.9636
vn 0.2796 -0.4322 0.8573
vn -0.0996 -0.2257 0.9691
vn -0.1457 -0.0087 0.9893
vn -0.1454 -0.0051 0.9894
vn -0.1479 -0.0382 0.9883
vn 0.0133 0.0266 0.9996
vn -0.5625 0.2938 0.7728
vn 0.0948 0.1462 0.9847
vn 0.0612 0.0449 0.9971
vn 0.0554 -0.0420 0.9976
vn -0.1405 0.0554 0.9885
vn 0.3216 -0.6925 0.6457
vn -0.1340 -0.2136 0.9677
vn 0.2003 -0.2143 -0.9560
vn 0.1730 0.0716 0.9823
vn -0.0649 0.1181 0.9909
vn -0.0541 0.0681 0.9962
vn -0.0506 0.0182 0.9986
vn -0.2239 0.3414 0.9129
vn 0.4207 -0.6505 0.6324
vn 0.1006 -0.6462 0.7565
vn -0.1694 -0.5251 0.8340
vn -0.1855 -0.4949 0.8489
vn -0.1677 -0.5238 0.8352
vn -0.7017 0.0231 0.7121
vn -0.4826 0.0743 0.8727
vn 0.0432 -0.6588 0.7511
vn 0.7106 0.7019 -0.0489
vn 0.6853 0.7245 -0.0737
vn 0.7719 0.6357 -0.0056
vn -0.0185 -0.8335 0.5523
vn -0.0640 -0.8107 0.5819
vn -0.1269 -0.7702 0.6251
vn -0.2873 -0.6168 0.7328
vn -0.3372 -0.5236 0.7824
vn -0.5791 -0.5959 0.5564
vn -0.2601 0.6003 0.7563
vn 0.6351 0.3123 0.7065
vn -0.0635 -0.5415 0.8383
vn -0.0264 -0.6518 0.7579
vn -0.0239 -0.5152 0.8567
vn 0.2719 -0.8107 0.5185
vn 0.2858 -0.8168 0.5011
vn -0.1061 -0.8105 0.5761
vn -0.1510 -0.1778 0.9724
vn -0.1193 -0.1338 0.9838
vn -0.0320 0.0198 0.9993
vn -0.3020 -0.4003 0.8652
vn -0.0367 -0.7269 0.6858
vn 0.3961 -0.7834 0.4789
vn -0.0894 -0.3707 0.9244
vn -0.0135 0.5461 0.8376
vn 0.0077 0.6834 0.7300
vn -0.0120 0.5568 0.8305
vn -0.3843 -0.6147 0.6889
vn 0.3678 0.3489 0.8620
vn -0.1558 0.9878 0.0083
vn -0.2442 0.9697 -0.0104
vn -0.1711 0.9852 0.0051
vn -0.0226 -0.3998 0.9163
vn 0.0133 0.7162 0.6978
vn -0.7385 -0.6627 0.1241
vn -0.8131 -0.4485 0.3711
vn -0.2610 -0.7713 0.5805
vn 0.6139 -0.7882 -0.0418
vn -0.0232 -0.8186 0.5738
vn -0.1156 -0.7891 0.6032
vn -0.0409 -0.7642 0.6437
vn 0.0904 -0.3462 0.9338
vn 0.0318 -0.3001 0.9534
vn 0.0157 -0.3618 0.9321
vn 0.2315 -0.9655 0.1191
vn 0.1172 -0.9343 0.3366
vn 0.1120 -0.9840 0.1388
vn -0.0484 -0.8354 0.5475
vn -0.3289 0.6277 0.7056
vn -0.4997 -0.6515 0.5709
vn -0.0808 0.0147 0.9966
vn 0.7129 0.7011 -0.0132
vn 0.9653 0.2611 -0.0004
vn 0.9653 0.2613 -0.0000
vn 0.9659 0.2587 -0.0000
vn 0.1649 0.8701 0.4644
vn 0.1663 0.8649 0.4736
vn 0.1776 0.8066 0.5637
vn -0.0821 -0.0361 0.9960
vn -0.2592 0.9657 -0.0137
vn -0.9647 -0.2632 -0.0000
vn -0.9645 -0.2641 0.0006
vn -0.9644 -0.2645 -0.0000
vn -0.9648 -0.2630 -0.0000
vn -0.6015 0.7980 0.0364
vn -0.5727 0.8196 -0.0152
vn -0.3949 0.9187 -0.0065
vn -0.5669 0.8236 -0.0149
vn -0.3920 0.9199 -0.0064
vn -0.0606 0.0446 0.9972
vn -0.0709 0.0209 0.9973
vn 0.3810 -0.6688 0.6384
vn 0.4381 -0.5122 0.7387
vn 0.1493 -0.7179 0.6800
vn -0.0430 -0.9919 0.1198
vn -0.9996 -0.0077 0.0280
vn -0.3897 0.9209 0.0085
vn -0.3786 0.9256 0.0022
vn -0.3832 0.9237 0.0048
vn 0.0146 -0.7400 0.6724
vn 0.0580 -0.9307 0.3612
vn -0.0028 0.5397 0.8419
vn 0.0564 0.5791 0.8133
vn 0.0438 0.5709 0.8198
vn 0.7524 -0.6453 0.1323
vn -0.3640 -0.7369 0.5696
vn 0.0511 -0.3984 0.9158
vn 0.0671 -0.3747 0.9247
vn 0.0239 -0.4447 0.8954
vn -0.3943 0.9189 0.0111
vn 0.1631 0.7771 0.6079
vn -0.0992 -0.3147 0.9440
vn 0.0510 -0.0508 0.9974
vn 0.1635 -0.7678 0.6195
vn 0.5706 -0.8196 0.0528
vn 0.5976 -0.7972 0.0860
vn 0.5131 -0.8552 0.0727
vn 0.0352 -0.4998 0.8654
vn -0.0068 -0.7885 0.6150
vn 0.7016 0.7124 -0.0162
vn -0.0392 0.0616 0.9973
vn -0.0254 0.1660 0.9858
vn 0.4116 -0.2882 0.8646
vn 0.2237 -0.1138 0.9680
vn 0.1644 -0.1151 0.9797
vn 0.1679 -0.0889 0.9818
vn 0.1903 -0.0949 0.9771
vn 0.0121 -0.7392 0.6734
vn 0.4297 -0.9001 0.0728
vn 0.2051 -0.9764 0.0681
vn 0.0303 -0.4655 0.8846
vn 0.1369 -0.6992 0.7017
vn 0.1166 -0.6568 0.7450
vn 0.1576 -0.6831 0.7131
vn -0.0243 0.0035 0.9997
vn 0.1156 -0.6417 0.7582
vn 0.0110 0.5901 0.8072
vn -0.1261 0.8217 0.5559
vn 0.0125 0.5809 0.8139
vn 0.1726 0.9844 0.0342
vn 0.3279 0.9149 0.2354
vn 0.3302 0.9413 0.0696
vn 0.6024 0.7980 -0.0155
vn -0.9988 0.0498 -0.0000
vn -0.1019 0.0233 0.9945
vn -0.9988 0.0499 -0.0000
vn 0.1276 0.9918 -0.0001
vn 0.0174 0.9998 -0.0089
vn 0.0164 0.9998 -0.0100
vn 0.0882 0.9961 0.0039
vn 0.1615 0.7744 0.6117
vn -0.0173 0.8977 0.4404
vn -0.0166 0.9003 0.4350
vn -0.0289 0.8526 0.5218
vn 0.5306 -0.3790 0.7582
vn 0.6265 -0.5276 0.5737
vn 0.0067 0.9007 0.4344
vn -0.2481 0.7829 0.5706
vn -0.7645 0.6446 -0.0109
vn -0.7940 0.6079 0.0041
vn -0.8435 0.5370 -0.0107
vn -0.8490 0.5283 -0.0065
vn 0.2019 0.9794 0.0017
vn 0.0057 -0.1713 0.9852
vn 0.1176 0.6164 0.7786
vn -0.5786 -0.0000 0.8156
vn -0.0968 0.0515 0.9940
vn -0.1642 -0.0000 0.9864
vn -0.0429 0.0679 0.9968
vn -0.7622 -0.6368 0.1164
vn -0.5874 -0.0486 0.8078
vn 0.0078 0.0309 0.9995
vn 0.1080 -0.9910 0.0790
vn 0.2925 -0.6040 0.7414
vn 0.0765 -0.0661 0.9949
vn -0.6411 -0.1981 0.7414
vn -0.3108 0.3108 0.8982
vn 0.0833 0.1007 0.9914
vn 0.0323 0.0919 0.9952
vn -0.7889 0.6144 0.0051
vn -0.9876 -0.0987 -0.1219
vn 0.0657 0.1207 0.9905
vn 0.0812 0.1240 0.9889
vn 0.9893 0.0822 0.1203
vn 0.9875 0.0877 0.1309
vn 0.9905 0.0783 0.1129
vn 0.9726 -0.2326 0.0019
vn 0.9441 -0.3297 -0.0042
vn 0.9483 -0.3172 0.0093
vn 0.6012 -0.6862 0.4096
vn 0.1539 0.9880 0.0091
vn -0.0299 0.8484 0.5285
vn -0.8451 0.5324 0.0488
vn -0.5527 0.8212 0.1418
vn -0.5723 0.8128 0.1090
vn -0.5616 0.8176 0.1270
vn -0.8560 0.4963 0.1450
vn -0.8638 0.4608 0.2038
vn -0.8605 0.4784 0.1753
vn 0.0140 0.0698 0.9975
vn 0.9918 0.0739 0.1044
vn 0.0014 -0.0013 -1.0000
vn 0.0018 -0.0017 -1.0000
vn 0.0010 -0.0012 -1.0000
vn 0.0851 0.9964 -0.0041
vn -0.5370 0.8269 0.1669
vn -0.9960 0.0732 0.0506
vn -0.9961 0.0748 0.0463
vn -0.9958 0.0672 0.0629
vn 0.1945 -0.5555 0.8085
vn 0.8638 -0.3275 0.3830
vn 0.8329 -0.4775 0.2798
vn -0.3908 0.8215 0.4153
vn 0.0744 -0.0726 0.9946
vn -0.8656 0.4476 0.2247
vn 0.9398 -0.3392 -0.0424
vn 0.9335 -0.3585 -0.0094
vn 0.0061 0.0981 0.9952
vn 0.5470 -0.0409 0.8362
vn 0.4659 -0.7547 0.4620
vn -0.0212 0.1397 0.9900
vn -0.0128 -0.9963 0.0844
vn -0.0069 -0.9960 0.0887
vn -0.0270 -0.9981 0.0551
vn 0.1627 0.0245 0.9864
vn 0.1350 -0.0611 0.9890
vn 0.0640 0.0211 0.9977
vn -0.0002 0.0226 0.9997
vn -0.9958 0.0422 0.0806
vn -0.9875 -0.1019 0.1206
vn -0.9675 -0.1759 0.1817
vn -0.9581 -0.2626 0.1147
vn -0.9424 -0.3130 0.1177
vn -0.0281 -0.8619 0.5062
vn -0.0000 -0.9977 0.0672
vn -0.0000 -0.0000 -1.0000
vn -0.0000 -0.9978 0.0667
vn 0.0006 -0.0008 -1.0000
vn 0.0143 0.9999 0.0068
vn -0.0328 0.9991 -0.0256
vn -0.3348 -0.0000 -0.9423
vn -0.9949 -0.0000 0.1005
vn -0.3983 -0.7532 0.5234
vn -0.0242 -0.9945 0.1022
vn -0.0302 -0.9984 0.0481
vn -0.0008 -0.0003 -1.0000
vn -0.0001 0.0003 -1.0000
vn -0.0014 0.0001 -1.0000
vn 0.0001 0.0002 -1.0000
vn -0.1890 -0.4408 -0.8775
vn -0.0185 -0.9377 -0.3468
vn 0.3228 -0.8160 -0.4795
vn -0.0000 -0.0010 1.0000
vn -0.0000 0.0008 -1.0000
vn 0.0006 0.0013 -1.0000
vn -0.0002 0.0007 -1.0000
vn 0.0003 0.0006 -1.0000
vn -0.0002 0.0097 -1.0000
vn -0.3132 -0.7317 0.6055
vn -0.0024 -0.9617 -0.2742
vn -0.3023 0.9527 0.0312
vn -0.3396 0.9405 0.0096
vn -0.3222 0.9465 0.0197
vn -0.1480 -0.2089 -0.9667
vn -0.0049 -0.6719 -0.7406
vn 0.0854 -0.2245 0.9707
vn -0.4739 0.3591 0.8040
vn -0.2367 0.3216 0.9168
vn 0.2189 -0.0694 0.9733
vn 0.2197 -0.0698 0.9731
vn 0.2212 -0.0754 0.9723
vn 0.0525 0.0646 0.9965
vn 0.0239 0.0690 0.9973
vn 0.3343 -0.0000 0.9425
vn -0.2399 0.0372 0.9701
vn -0.7117 -0.6148 0.3399
vn -0.9876 -0.0561 0.1467
vn -0.9846 -0.1732 0.0247
vn -0.9317 -0.3256 0.1611
vn -0.3607 0.9327 -0.0027
vn -0.7769 0.3548 0.5202
vn 0.0161 0.0431 0.9989
vn 0.1194 0.0195 0.9927
vn 0.0363 0.0201 0.9991
vn 0.0661 0.1158 0.9911
vn 0.7580 -0.2961 0.5811
vn -0.6635 0.7481 0.0121
vn -0.7622 0.6472 0.0082
vn -0.7266 0.6860 0.0385
vn -0.9360 -0.3019 0.1811
vn 0.0028 0.0252 0.9997
vn -0.0079 0.0176 0.9998
vn -0.0095 0.0203 0.9997
vn -0.0189 0.0041 0.9998
vn -0.0190 0.0078 0.9998
vn -0.0081 0.0105 0.9999
vn -0.0110 0.0125 0.9999
vn -0.0144 -0.0089 0.9999
vn -0.0139 0.0094 0.9999
vn 0.0409 0.0861 0.9954
vn 0.9157 0.3995 0.0440
vn 0.9205 0.3890 0.0378
vn 0.9167 0.3975 0.0407
vn 0.9273 0.3697 0.0579
vn 0.8870 -0.2584 0.3826
vn 0.9214 -0.3101 0.2343
vn -0.9331 -0.2952 0.2053
vn 0.0672 0.0302 0.9973
vn 0.2757 0.0013 0.9613
vn 0.3263 0.0224 0.9450
vn 0.0840 0.0660 0.9943
vn 0.9338 0.3545 0.0476
vn 0.9200 0.3644 0.1442
vn 0.9705 -0.1709 0.1703
vn 0.0855 -0.9956 0.0372
vn 0.0226 -0.9996 -0.0150
vn 0.0639 -0.9980 0.0026
vn 0.6937 -0.1604 0.7022
vn -0.6712 -0.0373 0.7403
vn -0.6551 -0.0336 0.7548
vn -0.6304 -0.0280 0.7758
vn 0.7699 -0.6264 0.1223
vn 0.5204 -0.8488 0.0937
vn -0.3510 0.0930 0.9317
vn 0.7954 0.0615 0.6029
vn 0.7885 0.0613 0.6120
vn 0.7692 0.0610 0.6361
vn -0.8716 -0.0483 0.4879
vn -0.6286 -0.0276 0.7772
vn -0.8554 0.5171 0.0290
vn -0.9181 0.3963 -0.0058
vn 0.4809 0.0141 0.8767
vn 0.1358 0.5989 0.7892
vn 0.7724 0.0611 0.6321
vn 0.7657 0.0609 0.6403
vn 0.9701 0.0130 0.2424
vn -0.9252 -0.3085 0.2208
vn 0.0431 -0.0326 -0.9985
vn 0.9301 0.3654 0.0369
vn 0.0004 -0.0001 -1.0000
vn 0.9290 -0.0244 0.3693
vn -0.9779 -0.1508 0.1446
vn -0.7146 0.1089 0.6910
vn 0.9178 0.3895 -0.0770
vn 0.9188 0.3866 -0.0803
vn 0.9186 0.3870 -0.0798
vn 0.6641 -0.7392 -0.1124
vn -0.6531 0.2067 0.7285
vn 0.9847 0.1545 -0.0802
vn 0.9844 0.1535 -0.0861
vn 0.9854 0.1696 0.0141
vn -0.0002 0.0153 0.9999
vn -0.9419 -0.2317 0.2433
vn 0.9041 0.3740 0.2067
vn 0.9305 -0.3566 0.0845
vn 0.9384 0.3429 0.0430
vn 0.7662 0.3337 0.5492
vn 0.7210 0.2996 0.6248
vn 0.7209 0.3273 0.6109
vn 0.3003 -0.9510 0.0734
vn 0.1939 -0.9764 0.0951
vn 0.1051 -0.9881 0.1119
vn -0.3373 0.0251 0.9410
vn -0.3108 -0.0105 0.9504
vn -0.3247 0.0135 0.9457
vn 0.9791 -0.1995 0.0388
vn 0.9868 -0.1432 0.0755
vn 0.9864 -0.1472 0.0732
vn 0.9743 0.2206 0.0444
vn 0.8578 0.2198 0.4647
vn 0.9982 0.0460 -0.0387
vn 0.3294 -0.9418 0.0672
vn 0.9378 -0.3439 0.0482
vn -0.8264 0.1903 0.5300
vn -0.7951 0.0949 0.5990
vn -0.8150 0.1516 0.5592
vn 0.9764 0.2153 0.0189
vn 0.0060 0.0215 0.9998
vn -0.2335 0.8195 0.5233
vn 0.9196 0.3840 -0.0831
vn 0.0005 -0.0005 -1.0000
vn 0.0304 0.0186 0.9994
vn 0.0302 0.0146 0.9994
vn 0.9863 0.1621 0.0307
vn 0.7952 0.2684 0.5436
vn 0.9801 0.1968 0.0280
vn -0.9898 -0.1045 0.0967
vn -0.8987 0.0502 0.4357
vn 0.3721 0.0610 0.9262
vn 0.5488 -0.7665 0.3337
vn 0.5429 -0.7714 0.3321
vn 0.5430 -0.7713 0.3321
vn 0.5338 -0.7787 0.3296
vn 0.8844 0.1987 0.4223
vn 0.0011 0.0010 -1.0000
vn -0.9493 0.3142 0.0105
vn -0.9660 0.2580 -0.0192
vn -0.9965 -0.0784 -0.0284
vn -0.4403 -0.0725 0.8949
vn -0.8673 -0.0000 0.4978
vn -0.0000 1.0000 -0.0000
vn -0.8680 -0.0000 0.4965
vn -0.8328 0.5511 0.0533
vn 0.3140 -0.0189 0.9492
vn 0.2877 0.0355 0.9570
vn 0.3125 -0.0224 0.9496
vn 0.2835 0.0360 0.9583
vn -0.7799 0.0578 0.6233
vn -0.2009 -0.0376 0.9789
vn -0.0542 -0.0149 0.9984
vn -0.5710 0.0284 0.8205
vn -0.6644 0.5078 -0.5484
vn 0.2743 -0.0000 0.9616
vn 0.2749 -0.0000 0.9615
vn -0.2376 -0.4262 0.8729
vn -0.5313 -0.0000 0.8472
vn -0.2005 0.4496 0.8704
vn 0.2751 -0.0000 0.9614
vn 0.0149 0.1783 0.9839
vn -0.0131 0.2534 0.9673
vn 0.0747 0.0001 0.9972
vn 0.0839 -0.0000 0.9965
vn 0.0723 -0.3851 -0.9201
vn 0.0579 -0.0185 0.9981
vn 0.1132 0.0527 0.9922
vn 0.0479 -0.0097 0.9988
vn 0.3285 -0.0779 0.9413
vn 0.9973 0.0723 -0.0133
vn 0.6725 -0.0000 0.7401
vn 0.6737 -0.0002 0.7390
vn 0.6730 -0.0000 0.7397
vn 0.6739 -0.0000 0.7388
vn -0.0673 -0.0320 0.9972
vn -0.7022 -0.0000 0.7120
vn -0.3623 -0.0145 0.9319
vn -0.3199 -0.0077 0.9474
vn -0.2865 0.0819 0.9546
vn 0.7555 0.2707 0.5966
vn -0.1159 -0.0000 0.9933
vn -0.4485 -0.0756 0.8906
vn 0.9704 0.2414 0.0068
vn 0.9654 0.1185 0.2322
vn -0.7863 -0.5568 0.2679
vn -0.3708 0.0857 -0.9248
vn 0.5934 0.0113 0.8048
vn 0.9938 -0.0642 0.0911
vn 0.9986 -0.0285 0.0447
vn 1.0000 -0.0000 -0.0000
vn -0.9981 -0.0000 -0.0622
vn -0.0000 -0.0002 -1.0000
vn 0.0003 -0.0004 -1.0000
vn -0.1655 0.0318 0.9857
vn -0.2944 -0.4022 0.8669
vn -0.8319 -0.0000 0.5550
vn -0.7675 -0.0386 0.6399
vn -0.7898 -0.0257 0.6128
vn -0.7563 -0.0444 0.6527
vn 0.1653 0.4476 0.8788
vn -0.2778 -0.0121 0.9605
vn -0.1727 -0.0003 0.9850
vn -0.1766 -0.0007 0.9843
vn 0.1616 0.0201 0.9866
vn 0.2227 0.0314 0.9744
vn 0.7174 -0.1312 0.6842
vn 0.7632 -0.0498 0.6443
vn 0.7184 -0.1296 0.6834
vn 0.8327 -0.4204 0.3604
vn 0.7273 -0.0000 0.6863
vn -0.8312 0.4688 -0.2988
vn 0.9248 -0.1333 0.3564
vn 0.7886 0.3279 0.5202
vn 0.1755 0.0365 0.9838
vn -0.3542 -0.0208 0.9349
vn -0.7716 -0.1179 0.6251
vn -0.7700 -0.1153 0.6276
vn -0.7613 -0.1075 0.6394
vn -0.4429 0.0133 0.8965
vn -0.4773 0.0473 0.8775
vn -0.4506 0.0208 0.8925
vn -0.4522 -0.8813 0.1373
vn -0.4583 -0.8749 0.1568
vn -0.4597 -0.8733 0.1615
vn 0.5951 -0.1907 0.7807
vn 0.5101 -0.1826 0.8405
vn 0.5048 -0.1821 0.8438
vn 0.6574 -0.2208 0.7205
vn 0.9811 0.1635 0.1031
vn 0.9856 0.1472 0.0837
vn 0.9738 0.1958 0.1153
vn 0.0362 -0.0043 -0.9993
vn 0.2250 -0.0450 -0.9733
vn 0.0588 -0.0114 -0.9982
vn 0.9641 0.1729 0.2014
vn -0.9068 -0.4170 0.0615
vn 0.7209 -0.2943 0.6274
vn -0.9986 -0.0228 0.0470
vn -0.9989 -0.0345 0.0306
vn -0.9929 -0.1189 0.0055
vn -0.9928 -0.1195 0.0009
vn -0.1859 -0.0586 0.9808
vn 0.0242 0.0114 0.9996
vn -0.0362 0.0025 0.9993
vn -0.0624 -0.0371 0.9974
vn -0.4635 -0.8688 0.1743
vn 0.2757 -0.4145 0.8673
vn 0.7914 0.2595 0.5534
vn 0.8015 0.2553 0.5407
vn -0.0019 -0.0005 -1.0000
vn -0.6724 -0.1035 0.7329
vn -0.1938 -0.0619 0.9791
vn 0.9599 0.0725 0.2707
vn 0.2032 -0.0665 0.9769
vn 0.2251 -0.0843 0.9707
vn -0.4270 0.0186 0.9041
vn -0.2415 0.0973 0.9655
vn -0.2387 0.1791 0.9544
vn -0.2416 0.0931 0.9659
vn 0.1737 -0.1303 0.9761
vn -0.5831 -0.1074 0.8053
vn -0.2453 -0.0656 0.9672
vn 0.7696 -0.0242 0.6381
vn -0.9486 -0.1150 0.2949
vn -0.4862 0.0563 0.8720
vn -0.7615 0.1318 -0.6346
vn -0.2424 0.0449 0.9691
vn -0.8624 0.1307 0.4892
vn -0.8548 0.2151 0.4723
vn -0.8583 0.1840 0.4789
vn 0.4189 0.3282 0.8466
vn 0.4330 0.3827 0.8161
vn 0.3982 0.2560 0.8809
vn -0.4065 -0.5248 0.7479
vn 0.9547 0.2884 0.0735
vn 0.0764 -0.0850 0.9934
vn 0.3724 0.1748 0.9115
vn 0.9379 0.3427 0.0538
vn -0.6991 -0.0486 0.7134
vn -0.6888 -0.0791 0.7207
vn -0.9126 -0.1771 -0.3684
vn 0.6837 0.6960 0.2194
vn 0.6822 0.6962 0.2234
vn 0.6835 0.6960 0.2200
vn -0.6787 -0.1101 0.7261
vn -0.6886 -0.0792 0.7208
vn -0.6295 -0.1050 0.7699
vn 0.0986 -0.0000 -0.9951
vn -0.5307 -0.0304 0.8470
vn -0.5154 -0.0223 0.8566
vn -0.8862 -0.2522 0.3887
vn -0.8781 -0.2345 0.4171
vn -0.8860 -0.2523 0.3890
vn -0.2001 0.9785 0.0492
vn -0.2050 0.9774 0.0517
vn -0.2028 0.9779 0.0506
vn 0.0012 0.0006 -1.0000
vn 0.9831 0.1736 0.0587
vn 0.1412 -0.0210 0.9898
vn 0.9438 0.3087 0.1183
vn -0.8433 -0.1636 0.5120
vn 0.0007 0.0035 1.0000
vn 0.8829 0.0065 -0.4696
vn -0.0212 -0.0814 0.9965
vn -0.1146 -0.9886 0.0979
vn 0.0461 -0.9862 0.1588
vn -0.1595 -0.9839 0.0802
vn 0.8997 0.4352 0.0344
vn -0.0147 -0.0048 -0.9999
vn -0.9781 -0.2070 0.0197
vn -0.9851 -0.1696 0.0297
vn -0.1608 -0.0223 0.9867
vn -0.9989 -0.0425 0.0202
vn -0.9971 0.0548 -0.0534
vn -0.9973 0.0143 -0.0719
vn -0.9443 0.0879 -0.3171
vn -0.9917 0.0889 -0.0932
vn -0.9397 0.2154 0.2656
vn -0.9430 0.3157 0.1055
vn -0.9551 0.2494 0.1601
vn 0.0151 -0.0504 0.9986
vn 0.9824 -0.1388 0.1250
vn 0.9878 -0.0908 0.1265
vn 0.9987 0.0262 0.0433
vn 0.9988 0.0499 -0.0021
vn 0.6852 0.6957 0.2156
vn -0.1974 0.9791 0.0480
vn 0.4145 -0.1720 0.8936
vn 0.8944 0.4411 0.0739
vn -0.9113 -0.0207 -0.4112
vn -0.1713 -0.0268 0.9849
vn -0.1641 -0.0205 0.9862
vn -0.1725 -0.0275 0.9846
vn -0.1652 -0.0213 0.9860
vn -0.2012 -0.9732 0.1109
vn 0.0615 -0.9845 0.1644
vn 0.0717 -0.0407 0.9966
vn 0.2283 -0.0127 0.9735
vn 0.0795 -0.0677 0.9945
vn 0.1214 -0.0698 0.9901
vn -0.9309 0.2149 0.2953
vn 0.2870 0.5241 0.8019
vn -0.8327 -0.1456 0.5342
vn 0.0022 -0.0168 0.9999
vn 0.9563 -0.2852 0.0652
vn 0.5741 -0.3413 0.7443
vn 0.6151 -0.0093 0.7884
vn 0.9113 0.3908 0.1294
vn 0.9656 -0.0473 0.2558
vn 0.9716 -0.1598 0.1746
vn 0.9702 -0.0927 0.2237
vn -0.8467 0.2679 0.4597
vn 0.7352 -0.0367 0.6769
vn 0.7425 -0.0345 0.6690
vn 0.7221 -0.1304 0.6794
vn 0.9279 0.3458 0.1396
vn 0.9361 0.3315 0.1179
vn -0.9744 -0.2214 0.0394
vn -0.9949 -0.0980 0.0256
vn -0.9952 -0.0832 0.0524
vn -0.9863 -0.0206 0.1638
vn -0.0006 0.0031 1.0000
vn 0.9253 -0.3784 0.0259
vn 0.9583 -0.2778 0.0665
vn -0.9720 -0.2336 0.0234
vn -0.3236 0.0223 0.9459
vn -0.1902 -0.0262 0.9814
vn -0.3149 0.0191 0.9489
vn 0.9234 -0.3832 0.0200
vn 0.7595 -0.0845 0.6450
vn -0.1829 0.8419 0.5077
vn 0.3342 0.9140 0.2301
vn 0.0008 0.0003 -1.0000
vn -0.1006 -0.0163 0.9948
vn -0.1919 0.0010 0.9814
vn -0.1068 -0.0152 0.9942
vn 0.0251 -0.0378 0.9990
vn 0.0935 0.0177 0.9955
vn -0.0313 -0.0110 0.9994
vn 0.0936 0.0170 0.9955
vn 0.1169 0.6958 0.7087
vn 0.2165 0.2650 0.9396
vn 0.0781 0.0210 0.9967
vn -0.2885 -0.1595 0.9441
vn -0.3210 -0.5668 0.7587
vn 0.9880 0.1525 -0.0233
vn 0.9817 0.1862 -0.0398
vn 0.9856 0.1665 -0.0301
vn 0.8704 0.4885 -0.0606
vn 0.9965 0.0392 0.0735
vn 0.5243 -0.8504 0.0431
vn 0.9648 -0.2577 0.0529
vn -0.0036 -0.0163 0.9999
vn -0.9356 0.3189 0.1518
vn -0.9421 0.3045 0.1404
vn 0.5831 0.8091 0.0738
vn -0.0732 0.0115 0.9972
vn 0.9300 -0.3666 0.0273
vn 0.5577 0.8283 0.0542
vn 0.0010 -0.0001 -1.0000
vn 0.9685 -0.2066 0.1391
vn -0.0118 -0.1621 0.9867
vn -0.0904 -0.0862 0.9922
vn -0.0137 -0.1355 0.9907
vn 0.8110 -0.1353 0.5692
vn 0.9794 0.1967 -0.0449
vn -0.9929 -0.1193 0.0011
vn -0.9816 -0.0052 0.1907
vn -0.9531 0.2761 0.1236
vn -0.0935 -0.0183 0.9955
vn 0.4858 -0.8734 -0.0334
vn 0.4952 -0.8687 -0.0143
vn 0.4960 -0.8682 -0.0125
vn 0.2671 0.9623 -0.0511
vn 0.2887 0.9570 -0.0272
vn 0.3365 0.9413 0.0270
vn -0.2519 -0.9677 -0.0096
vn -0.3473 -0.9374 0.0272
vn -0.4107 -0.9103 0.0524
vn 0.9906 0.0117 0.1360
vn 0.9932 0.0309 0.1124
vn 0.9917 0.0189 0.1272
vn -0.9963 -0.0854 0.0035
vn -0.1768 -0.0310 0.9838
vn -0.9532 0.2767 0.1220
vn 0.9285 -0.3708 0.0184
vn 0.7113 -0.3294 0.6209
vn 0.7144 -0.3465 0.6079
vn 0.7272 -0.3449 0.5935
vn 0.7287 -0.6820 0.0630
vn 0.7810 -0.2487 0.5729
vn -0.1971 -0.9799 -0.0302
vn 0.9891 0.0025 0.1473
vn -0.2006 0.0027 0.9797
vn -0.8619 -0.0232 0.5065
vn 0.5287 -0.0561 0.8469
vn 0.6402 -0.1927 0.7437
vn 0.5545 -0.0855 0.8278
vn -0.0196 -0.0021 0.9998
vn 0.7807 -0.6187 -0.0872
vn 0.9221 -0.2238 0.3155
vn 0.9353 -0.1910 0.2978
vn 0.9481 -0.1577 0.2760
vn -0.5180 -0.6540 0.5513
vn -0.0099 -0.2004 0.9797
vn -0.0784 -0.0896 0.9929
vn 0.8698 -0.1490 0.4704
vn -0.0016 0.0014 -1.0000
vn 0.6602 -0.2204 0.7180
vn -0.0285 0.0053 0.9996
vn 0.7374 -0.1753 0.6524
vn -0.0326 0.9993 -0.0206
vn 0.0293 0.9986 -0.0439
vn -0.0939 0.9956 0.0026
vn 0.2112 0.9711 -0.1114
vn 0.0260 -0.0442 0.9987
vn 0.0421 -0.0028 0.9991
vn -0.9978 0.0070 0.0658
vn -0.9886 -0.0132 0.1500
vn -0.9969 0.0039 0.0787
vn -0.8705 -0.4757 0.1268
vn -0.8717 -0.4707 0.1365
vn -0.8711 -0.4731 0.1318
vn -0.5452 -0.8263 0.1413
vn -0.5479 -0.8255 0.1359
vn -0.5465 -0.8259 0.1388
vn 0.9946 0.0264 0.1005
vn 0.9965 0.0434 0.0714
vn 0.9971 0.0548 0.0519
vn 0.8352 -0.1215 0.5363
vn 0.1513 -0.5450 -0.8247
vn 0.0034 -0.9901 -0.1406
vn 0.0759 0.9952 -0.0614
vn -0.0036 0.0039 -1.0000
vn -0.0078 0.0098 -0.9999
vn 0.0007 -0.0000 -1.0000
vn -0.9946 0.1035 -0.0022
vn -0.9712 0.1334 0.1974
vn -0.9680 0.2267 0.1078
vn -0.9715 0.1670 0.1681
vn -0.4445 0.1154 0.8883
vn -0.3028 0.0415 0.9521
vn -0.4307 0.1078 0.8960
vn 0.9783 -0.1407 0.1522
vn -0.8698 -0.4782 0.1218
vn -0.5500 -0.8247 0.1314
vn -0.6470 0.4864 0.5872
vn -0.6373 0.4830 0.6005
vn -0.6494 0.4873 0.5838
vn 0.9337 -0.3565 0.0327
vn 0.9366 -0.3416 0.0778
vn 0.7563 -0.5290 0.3850
vn 0.9796 -0.1538 0.1295
vn 0.9758 -0.0978 0.1956
vn 0.9810 -0.1449 0.1290
vn 0.5111 -0.8593 0.0193
vn 0.1978 0.6389 -0.7435
vn 0.0119 -0.0123 -0.9999
vn -0.0285 -0.0091 -0.9996
vn 0.2232 0.2104 -0.9518
vn -0.9973 0.0733 0.0062
vn 0.9779 -0.1430 0.1525
vn -0.9863 -0.0167 0.1643
vn -0.6574 0.4900 0.5725
vn -0.2283 0.9711 -0.0696
vn -0.2309 0.9707 -0.0673
vn -0.2321 0.9704 -0.0662
vn -0.2356 0.9698 -0.0632
vn -0.0799 0.2484 0.9654
vn 0.2348 -0.9719 0.0174
vn -0.8644 0.4484 0.2276
vn 0.1065 -0.9859 -0.1288
vn 0.0079 0.0168 -0.9998
vn -0.0018 -0.0016 -1.0000
vn -0.6763 0.1338 0.7244
vn 0.9972 0.0715 0.0230
vn 0.9350 -0.3546 0.0005
vn -0.2126 0.0233 0.9769
vn -0.2081 0.0236 0.9778
vn -0.1708 0.0255 0.9850
vn 0.9766 -0.1425 0.1610
vn -0.9684 -0.0089 -0.2491
vn -0.0415 -0.2291 0.9725
vn 0.4601 0.8703 0.1757
vn 0.5389 0.8400 0.0623
vn 0.5072 0.8548 0.1101
vn 0.1180 0.1393 0.9832
vn 0.9823 -0.1652 0.0888
vn -0.9839 0.1763 -0.0298
vn -0.9768 0.2099 -0.0430
vn 0.9766 -0.1425 0.1613
vn 0.5718 0.8203 0.0094
vn 0.8466 -0.2754 0.4555
vn 0.9836 -0.1532 0.0953
vn -0.0005 -0.0010 -1.0000
vn 0.0072 0.0007 -1.0000
vn -0.1979 0.0360 0.9796
vn -0.0125 -0.0094 0.9999
vn 0.8341 -0.1647 0.5265
vn -0.0002 -0.0006 -1.0000
vn -0.2741 0.0658 0.9595
vn 0.0380 -0.0704 0.9968
vn 0.1414 0.0178 0.9898
vn -0.0403 -0.0204 0.9990
vn 0.0857 0.9943 0.0627
vn 0.1964 0.6031 0.7731
vn 0.0068 0.0174 -0.9998
vn -0.9827 0.1850 -0.0044
vn -0.1505 0.0190 0.9884
vn -0.1642 0.9375 0.3069
vn 0.9864 -0.1517 0.0629
vn 0.9793 -0.0941 0.1791
vn 0.9898 -0.1100 0.0910
vn -0.9893 0.1458 0.0020
vn -0.9897 0.1429 0.0093
vn -0.2417 -0.0413 0.9695
vn -0.3418 0.0431 0.9388
vn 0.1134 -0.6886 0.7162
vn 0.0754 -0.6580 0.7493
vn 0.0500 -0.6365 0.7697
vn 0.0091 -0.5999 0.8000
vn -0.8072 0.3927 0.4408
vn 0.5260 0.5267 0.6678
vn 0.4930 0.5123 0.7032
vn 0.5619 0.5414 0.6254
vn 0.0194 0.0235 -0.9995
vn -0.1573 0.0198 0.9874
vn 0.8050 0.5645 0.1825
vn 0.9089 0.4158 -0.0327
vn 0.7936 -0.0458 0.6067
vn 0.9915 -0.1212 0.0475
vn 0.0045 -0.0031 -1.0000
vn -0.9829 0.1841 -0.0080
vn 0.0420 -0.0244 0.9988
vn -0.1505 0.7064 0.6916
vn 0.9401 -0.3238 0.1069
vn 0.8722 -0.4824 0.0802
vn 0.9131 -0.3950 0.1011
vn 0.9844 -0.1722 0.0362
vn -0.9899 0.1338 -0.0470
vn 0.5567 0.0500 0.8292
vn 0.0707 0.0037 0.9975
vn -0.1733 0.0279 0.9845
vn 0.9342 0.0637 -0.3509
vn 0.8605 -0.1758 0.4781
vn 0.0017 -0.0010 -1.0000
vn -0.9869 0.1613 -0.0005
vn -0.9898 0.1333 -0.0500
vn 0.1078 0.0174 0.9940
vn 0.6041 0.5572 0.5697
vn 0.9876 0.1239 0.0962
vn 0.9576 0.1700 0.2324
vn 0.9962 0.0609 0.0619
vn 0.8494 -0.5223 0.0750
vn 0.8586 -0.5091 0.0605
vn -0.1562 0.0236 0.9874
vn -0.1679 0.0283 0.9854
vn 0.0722 0.6547 0.7524
vn 0.0841 0.5696 0.8176
vn 0.2335 0.6978 0.6772
vn -0.2104 -0.0659 0.9754
vn -0.6267 0.7736 0.0939
vn 0.2317 0.7122 0.6626
vn 0.3104 0.7157 0.6257
vn 0.9381 -0.3453 -0.0279
vn -0.9900 0.1411 0.0089
vn 0.3049 0.1301 0.9435
vn -0.9697 -0.2440 -0.0111
vn 0.8360 0.3270 0.4407
vn 0.8360 0.3466 0.4253
vn 0.8353 0.3711 0.4056
vn -0.1551 0.0231 0.9876
vn -0.5785 -0.0147 0.8156
vn -0.8447 -0.0213 0.5348
vn 0.0308 0.1134 0.9931
vn 0.0394 0.1568 0.9868
vn 0.0199 0.3714 0.9283
vn -0.9921 0.1256 0.0025
vn -0.7833 -0.3567 0.5090
vn 0.8341 0.3915 0.3887
vn 0.0037 0.0004 -1.0000
vn 0.0410 0.0350 0.9985
vn 0.9736 -0.2096 0.0906
vn 0.0013 -0.0001 -1.0000
vn -0.0451 0.7067 0.7061
vn 0.1035 0.9946 -0.0000
vn 0.0793 0.9968 0.0004
vn 0.0843 0.9964 0.0009
vn 0.0845 0.9964 0.0009
vn 0.9997 0.0218 -0.0140
vn 0.9867 -0.1319 0.0949
vn -0.9964 0.0852 0.0045
vn -0.9957 0.0918 -0.0086
vn 0.0781 0.9969 0.0003
vn 0.7162 0.5273 0.4572
vn -0.6188 0.7845 -0.0413
vn -0.6311 0.7748 -0.0361
vn -0.6287 0.7768 -0.0371
vn -0.7067 0.7075 -0.0000
vn -0.2049 0.9550 -0.2144
vn 0.1159 0.9928 0.0288
vn 0.0862 0.9957 -0.0339
vn 0.0948 0.9954 -0.0159
vn 0.4006 0.6978 0.5938
vn -0.0735 0.5889 0.8048
vn 0.0004 -0.0006 -1.0000
vn -0.9979 0.0612 -0.0196
vn -0.9958 0.0812 -0.0430
vn -0.9986 0.0442 0.0295
vn -0.0010 -0.0010 -1.0000
vn -0.9970 0.0419 0.0645
vn -0.9969 0.0514 0.0600
vn 0.5874 0.7880 0.1846
vn 0.6696 0.7340 0.1137
vn 0.5952 0.7947 0.1195
vn 0.8753 0.4666 0.1268
vn 0.8875 0.4493 0.1020
vn 0.8852 0.4527 0.1069
vn -0.2435 0.9624 0.1204
vn -0.9584 0.0491 -0.2811
vn -0.9619 -0.0599 -0.2666
vn -0.9619 -0.0603 -0.2665
vn -0.9482 -0.2069 -0.2412
vn -0.2870 0.0478 -0.9567
vn -0.7156 0.6921 -0.0942
vn 0.0546 0.9936 -0.0992
vn -0.9994 -0.0335 0.0121
vn -0.9992 -0.0404 0.0069
vn -0.9994 -0.0311 0.0139
vn 0.9381 -0.3435 -0.0446
vn 0.0017 0.0015 -1.0000
vn 0.0031 0.0002 -1.0000
vn 0.0031 -0.0005 -1.0000
vn -0.0137 0.7790 0.6269
vn 0.5193 0.8448 0.1290
vn 0.9852 -0.0420 0.1663
vn 0.9915 -0.0662 0.1123
vn -0.9462 -0.3232 0.0132
vn -0.9414 -0.3374 0.0040
vn -0.9501 -0.3113 0.0208
vn -0.3039 -0.3264 0.8951
vn -0.5134 -0.0161 0.8580
vn 0.6948 0.1665 0.6997
vn 0.6565 0.1786 0.7329
vn 0.6819 0.1707 0.7113
vn 0.3967 0.0891 0.9136
vn 0.5358 0.3003 0.7891
vn 0.1905 0.9816 -0.0131
vn 0.9935 -0.0656 -0.0935
vn -0.9995 -0.0237 0.0194
vn 0.4589 0.1083 0.8818
vn -0.4228 -0.1381 0.8957
vn 0.9003 0.4289 0.0736
vn -0.4292 0.0473 0.9020
vn 0.4277 -0.0229 0.9036
vn 0.2106 0.4013 0.8914
vn 0.8266 -0.1397 0.5451
vn 0.6984 0.0195 0.7155
vn 0.7198 -0.1630 0.6747
vn -0.0418 0.6088 0.7922
vn 0.0150 0.6207 0.7839
vn -0.3078 -0.0843 0.9477
vn -0.0732 -0.1183 0.9903
vn -0.1509 -0.0916 0.9843
vn -0.3328 0.1581 0.9296
vn -0.5306 0.1176 0.8394
vn -0.3999 0.1249 0.9080
vn -0.6263 -0.2403 0.7416
vn 0.6960 0.1024 0.7107
vn 0.8014 -0.2009 0.5634
vn -0.1037 0.7966 0.5955
vn -0.0977 0.8050 0.5852
vn 0.7240 0.6884 0.0437
vn -0.9544 -0.2971 0.0299
vn 0.1116 0.6447 0.7562
vn 0.0396 0.0610 0.9974
vn 0.0030 0.2147 0.9767
vn 0.0233 0.1304 0.9912
vn -0.4430 -0.1802 0.8782
vn 0.1467 0.5759 0.8043
vn 0.1293 0.5279 0.8394
vn 0.1500 0.5849 0.7971
vn 0.0123 0.6551 0.7555
vn 0.1544 0.6301 0.7610
vn 0.0398 0.6513 0.7578
vn 0.6453 -0.3104 0.6980
vn 0.7205 -0.2672 0.6399
vn 0.0001 -0.0014 -1.0000
vn -0.0105 0.0103 -0.9999
vn 0.0086 -0.4857 0.8741
vn 0.0461 0.9988 0.0187
vn 0.9136 -0.0010 0.4067
vn 0.0313 -0.1510 0.9880
vn -0.0029 -0.1592 0.9872
vn 0.0033 0.6448 0.7644
vn -0.0027 0.6377 0.7702
vn 0.0130 0.6560 0.7547
vn 0.1474 0.6707 0.7270
vn 0.1544 0.6523 0.7421
vn 0.1481 0.6689 0.7285
vn -0.0083 0.0093 -0.9999
vn 0.0034 0.0012 -1.0000
vn -0.2469 -0.9685 0.0327
vn -0.3676 -0.9300 -0.0012
vn -0.2360 -0.9717 0.0018
vn 0.2240 -0.6488 -0.7272
vn 0.2008 0.9385 0.2809
vn 0.1484 -0.1051 0.9833
vn 0.0735 0.0231 0.9970
vn 0.1110 -0.0132 0.9937
vn -0.3456 -0.0310 0.9379
vn 0.0236 0.6679 0.7438
vn 0.4312 0.5227 0.7354
vn -0.6972 -0.7168 0.0041
vn -0.6701 -0.7420 0.0206
vn -0.6378 -0.7692 0.0394
vn -0.6150 -0.7868 0.0521
vn -0.0579 0.4389 0.8967
vn -0.0199 0.4322 0.9016
vn -0.0095 0.4302 0.9027
vn 0.0551 -0.0059 0.9985
vn -0.1787 0.4513 0.8743
vn -0.2058 0.4556 0.8661
vn -0.2363 0.4600 0.8559
vn -0.4955 -0.3209 0.8072
vn -0.5022 -0.3638 0.7845
vn -0.3772 -0.3044 0.8747
vn -0.6156 -0.0329 0.7874
vn -0.5595 0.4896 0.6688
vn 0.7214 0.1574 0.6744
vn 0.0009 -0.0007 -1.0000
vn 0.0022 0.8565 0.5161
vn 0.0894 0.8809 0.4648
vn -0.3490 -0.2922 0.8904
vn -0.4850 0.2219 0.8459
vn 0.2796 0.7596 0.5872
vn -0.0693 0.6632 0.7452
vn 0.4656 0.8831 0.0582
vn -0.0002 0.0005 -1.0000
vn 0.0385 0.1069 0.9935
vn 0.0762 0.0672 0.9948
vn 0.0840 0.1331 0.9875
vn 0.6302 0.3811 0.6764
vn 0.1600 0.9828 0.0918
vn 0.2044 0.9758 0.0781
vn 0.2003 0.9770 0.0737
vn 0.0367 0.0479 -0.9982
vn 0.0020 0.0031 -1.0000
vn -0.0530 -0.0929 0.9943
vn 0.0266 0.4230 0.9057
vn -0.2009 0.9645 0.1712
vn -0.2022 0.9423 0.2669
vn -0.1585 0.9688 0.1907
vn 0.1349 -0.4840 0.8646
vn -0.3791 0.6677 0.6407
vn -0.5710 -0.2955 0.7659
vn 0.0676 0.5270 0.8472
vn -0.8773 0.0534 0.4770
vn -0.9140 0.1439 0.3793
vn -0.9111 0.1349 0.3894
vn -0.3737 0.7871 0.4908
vn -0.3887 0.8475 0.3615
vn -0.3889 0.8487 0.3585
vn 0.0729 -0.9958 0.0558
vn 0.1069 -0.9909 0.0817
vn 0.1241 -0.9911 0.0485
vn 0.1037 0.0356 0.9940
vn 0.1813 0.0330 0.9829
vn 0.1135 0.4259 0.8976
vn 0.7148 0.5312 0.4548
vn 0.7479 0.4774 0.4613
vn 0.7326 0.5031 0.4585
vn 0.7598 0.4561 0.4633
vn -0.0108 0.9968 0.0797
vn 0.1001 0.9911 0.0872
vn -0.0648 -0.7420 0.6672
vn 0.9717 0.2286 0.0594
vn 0.0171 -0.0232 0.9996
vn 0.0569 0.0116 0.9983
vn 0.0506 0.0061 0.9987
vn 0.0939 0.0439 0.9946
vn -0.9494 0.1989 -0.2431
vn -0.2486 0.1534 0.9564
vn 0.0259 0.2657 0.9637
vn 0.0223 0.2380 0.9710
vn -0.1376 0.0951 0.9859
vn -0.5418 0.0967 0.8349
vn -0.7224 0.2704 0.6365
vn -0.7334 0.3551 0.5797
vn -0.7230 0.2740 0.6342
vn 0.1713 0.6428 0.7467
vn 0.8707 -0.0550 0.4888
vn 0.0006 0.0018 -1.0000
vn -0.3396 -0.0279 0.9401
vn -0.8623 0.4947 -0.1080
vn -0.0688 0.4750 0.8773
vn -0.1201 0.9833 0.1366
vn -0.0571 -0.9979 0.0310
vn -0.0115 -0.2434 0.9699
vn -0.0044 -0.3539 0.9353
vn -0.0046 -0.3503 0.9366
vn 0.1683 0.1216 0.9782
vn -0.8575 -0.1826 0.4810
vn -0.8270 -0.2378 0.5094
vn -0.8335 -0.1430 0.5337
vn -0.7070 0.1961 0.6795
vn -0.0592 0.8373 0.5436
vn -0.1762 0.8188 0.5463
vn 0.0209 0.8431 0.5374
vn 0.8475 -0.1493 0.5093
vn 0.3459 0.6090 0.7138
vn -0.5465 0.4083 0.7312
vn -0.0329 0.2140 0.9763
vn 0.8711 -0.3164 0.3756
vn 0.1404 0.6885 0.7115
vn 0.8715 -0.1651 0.4618
vn 0.5125 0.7668 0.3864
vn 0.4647 0.7854 0.4089
vn 0.4568 0.7881 0.4125
vn 0.6627 0.5660 0.4904
vn -0.0105 -0.2358 0.9718
vn -0.0107 -0.2362 0.9717
vn 0.0303 0.0833 0.9961
vn -0.6188 -0.2673 0.7386
vn 0.9077 0.3326 0.2558
vn -0.8356 -0.2603 0.4837
vn 0.3458 0.7885 0.5086
vn 0.0002 0.0030 -1.0000
vn -0.0017 -0.0110 -0.9999
vn 0.8406 0.4883 0.2344
vn 0.8536 0.4721 0.2203
vn 0.8649 0.4571 0.2073
vn 0.4155 0.8014 0.4302
vn 0.0016 0.0062 -1.0000
vn 0.1259 -0.7062 0.6968
vn 0.0183 0.0828 0.9964
vn -0.1986 0.0859 0.9763
vn -0.6767 -0.2876 0.6778
vn -0.6637 0.2846 0.6917
vn 0.2479 0.9380 0.2424
vn -0.0301 -0.4459 0.8946
vn -0.2914 0.0266 0.9562
vn -0.8238 -0.2574 0.5050
vn -0.3945 0.8805 0.2627
vn -0.2996 -0.6036 0.7389
vn -0.2929 -0.5084 0.8098
vn -0.2941 -0.5221 0.8006
vn -0.5358 -0.3905 0.7486
vn -0.5246 -0.3387 0.7811
vn -0.5058 -0.2653 0.8208
vn -0.7901 -0.5276 -0.3119
vn -0.3330 0.5777 0.7452
vn -0.3324 0.5802 0.7436
vn -0.3399 0.5496 0.7631
vn 0.0624 0.7757 0.6280
vn -0.9295 0.2061 0.3059
vn 0.9787 0.1145 0.1704
vn 0.9670 0.0555 0.2486
vn 0.9670 0.0556 0.2488
vn 0.8990 0.3857 0.2073
vn 0.8915 0.3900 0.2306
vn 0.8921 0.3896 0.2287
vn -0.4943 -0.2257 0.8395
vn -0.2653 0.4638 0.8453
vn 0.0181 0.1034 0.9945
vn 0.2840 -0.0460 0.9577
vn -0.1652 0.6182 0.7684
vn -0.3297 0.6767 0.6583
vn -0.2795 0.6614 0.6960
vn -0.6155 0.1312 0.7771
vn 0.3488 0.9059 0.2404
vn 0.2609 0.9194 0.2943
vn 0.3324 0.9092 0.2508
vn 0.4176 0.8876 0.1945
vn 0.0742 -0.9971 0.0143
vn 0.3113 -0.3073 0.8992
vn -0.0441 -0.0872 0.9952
vn 0.0698 0.8439 0.5319
vn -0.9369 -0.0523 0.3456
vn 0.9816 -0.0401 0.1867
vn 0.9830 -0.0466 0.1775
vn 0.9814 -0.0392 0.1880
vn -0.4227 0.7480 0.5117
vn -0.3497 0.7896 0.5042
vn -0.3429 0.7931 0.5033
vn -0.8905 0.3984 0.2198
vn 0.5636 0.8223 0.0783
vn 0.5753 0.8158 0.0587
vn 0.5662 0.8210 0.0741
vn 0.8869 0.3923 0.2440
vn -0.2215 0.9751 0.0049
vn -0.3002 -0.6164 0.7280
vn -0.0215 0.2072 0.9781
vn -0.0620 0.2394 0.9689
vn 0.2196 0.9304 0.2937
vn 0.5543 0.8270 0.0935
vn -0.1944 0.9490 0.2481
vn -0.1444 0.9628 0.2285
vn -0.0616 0.9870 0.1487
vn -0.0282 0.9898 0.1398
vn 0.9166 -0.3334 0.2208
vn 0.8793 0.4368 0.1898
vn 0.0008 0.0006 -1.0000
vn 0.0590 -0.9982 -0.0059
vn -0.1252 0.6005 0.7898
vn 0.7602 0.6444 0.0827
vn 0.7295 0.6836 -0.0233
vn 0.7737 0.6165 0.1461
vn 0.0023 -0.0005 -1.0000
vn -0.7507 -0.6606 -0.0061
vn -0.7852 -0.6192 0.0050
vn -0.6578 -0.7525 -0.0330
vn 0.4203 -0.4902 0.7636
vn 0.4144 -0.4930 0.7650
vn 0.4438 -0.4790 0.7574
vn -0.3293 0.5920 0.7356
vn -0.6808 0.7291 0.0697
vn 0.9793 -0.0307 0.1999
vn 0.7730 -0.6344 0.0006
vn 0.3937 -0.5023 0.7699
vn -0.2831 0.0720 0.9564
vn -0.9713 0.1635 0.1729
vn -0.1010 0.9854 0.1369
vn 0.9776 0.1064 0.1815
vn 0.4598 0.8697 0.1795
vn 0.7120 0.6985 -0.0720
vn -0.8369 -0.0794 0.5415
vn -0.8336 -0.0787 0.5468
vn -0.8332 -0.0787 0.5474
vn -0.2789 0.8236 0.4939
vn 0.9921 -0.0959 0.0808
vn 0.0746 0.9970 0.0181
vn 0.8045 0.5940 -0.0031
vn 0.6929 -0.7210 0.0084
vn 0.6083 -0.7932 0.0280
vn 0.5959 -0.8025 0.0307
vn 0.0010 0.0032 -1.0000
vn -0.0115 -0.9996 -0.0247
vn -0.0171 -0.9997 -0.0179
vn -0.3670 -0.9292 0.0436
vn -0.0705 -0.9968 -0.0380
vn 0.4049 -0.7424 0.5337
vn -0.5893 0.3789 0.7136
vn -0.5926 0.3785 0.7110
vn -0.5393 0.3836 0.7497
vn 0.9779 0.2045 0.0442
vn -0.6365 -0.7703 -0.0386
vn 0.7102 -0.7040 0.0041
vn 0.0675 0.5644 0.8227
vn 0.0456 0.5656 0.8234
vn 0.0718 0.5673 0.8204
vn -0.0014 -0.0010 -1.0000
vn -0.6507 -0.7583 0.0393
vn -0.7200 -0.6935 0.0258
vn -0.7085 -0.7051 0.0282
vn -0.6356 0.3729 0.6760
vn -0.8304 -0.0781 0.5517
vn -0.7043 0.6749 0.2201
vn -0.6436 -0.7643 0.0406
vn -0.0094 0.9627 -0.2705
vn -0.5279 0.8488 -0.0277
vn -0.4361 0.8925 -0.1153
vn -0.3924 0.9068 -0.1538
vn 0.0721 0.6915 0.7188
vn 0.0400 0.5754 0.8169
vn -0.3724 0.8105 0.4521
vn -0.9697 0.0637 0.2358
vn -0.9752 0.0517 0.2152
vn -0.9777 0.0456 0.2048
vn -0.3418 0.9190 -0.1963
vn 0.0188 -0.0240 -0.9995
vn -0.0012 -0.0098 -1.0000
vn 0.0044 0.0002 -1.0000
vn 0.0001 0.0077 -1.0000
vn -0.0040 -0.0087 -1.0000
vn -0.0200 -0.0324 -0.9993
vn -0.0061 -0.0076 -1.0000
vn -0.0059 -0.0085 -0.9999
vn 0.0027 0.0109 -0.9999
vn 0.0307 0.0460 -0.9985
vn 0.0066 0.0158 -0.9999
vn -0.0021 0.0021 -1.0000
vn 0.0409 -0.1895 0.9810
vn 0.0248 -0.1837 0.9827
vn 0.0289 -0.1498 0.9883
vn -0.2043 0.5972 0.7756
vn 0.2243 -0.3609 0.9052
vn 0.2254 -0.3669 0.9025
vn 0.2726 -0.1998 0.9412
vn 0.6097 0.7461 0.2675
vn 0.6580 0.7283 0.1913
vn 0.6303 0.7395 0.2362
vn 0.2271 -0.2361 0.9448
vn 0.0419 -0.0750 0.9963
vn 0.6806 0.7168 0.1516
vn 0.3785 -0.1428 0.9145
vn 0.2425 -0.1341 0.9609
vn -0.1823 0.0683 -0.9809
vn 0.5709 -0.1552 0.8062
vn -0.2132 0.2191 0.9521
vn -0.0226 0.1016 0.9946
vn -0.0222 0.1281 0.9915
vn 0.0653 0.1876 0.9801
vn 0.0660 0.1108 0.9916
vn -0.1726 0.1983 0.9648
vn 0.6031 -0.1570 0.7821
vn -0.2019 0.9688 0.1437
vn -0.1862 0.9668 0.1749
vn -0.1949 0.9681 0.1577
vn 0.0541 -0.4444 0.8942
vn 0.0493 -0.0297 0.9983
vn -0.2240 0.2253 0.9482
vn -0.2093 0.9693 0.1288
vn 0.3339 -0.2874 0.8977
vn -0.1183 0.6041 0.7881
vn -0.0276 0.6152 0.7879
vn -0.9546 -0.2494 0.1627
vn 0.5803 -0.8133 -0.0421
vn 0.5036 -0.8639 -0.0063
vn 0.5561 -0.8306 -0.0306
vn 0.4688 -0.8832 0.0092
vn 0.0606 -0.8312 0.5527
vn -0.0389 0.3812 0.9237
vn 0.6797 -0.4042 0.6121
vn 0.2104 0.9406 0.2665
vn 0.2102 0.9630 0.1688
vn 0.1870 0.9670 0.1732
vn -0.0011 -0.5356 0.8445
vn 0.6082 0.5160 0.6032
vn 0.5369 0.4719 0.6993
vn 0.5930 0.5068 0.6257
vn 0.0468 -0.0171 0.9988
vn 0.0610 -0.0014 0.9981
vn 0.1062 0.7912 0.6022
vn 0.0556 0.7646 0.6421
vn -0.2270 0.9596 0.1662
vn -0.9996 -0.0082 -0.0271
vn 0.0105 0.0093 0.9999
vn -0.4875 0.8699 -0.0750
vn -0.0693 0.1951 0.9783
vn 0.4356 0.5907 0.6792
vn -0.6943 0.7130 0.0979
vn -0.6830 0.7262 0.0784
vn -0.6624 0.7478 0.0449
vn -0.2387 -0.6598 0.7125
vn 0.6532 0.5424 0.5283
vn -0.1551 0.7250 0.6711
vn -0.9837 0.0298 0.1775
vn -0.0113 -0.0092 -0.9999
vn -0.0332 0.0187 0.9993
vn -0.0676 0.0027 0.9977
vn -0.5720 0.3292 0.7513
vn -0.6493 0.7257 0.2272
vn -0.5621 0.8060 0.1855
vn -0.6417 0.7452 0.1813
vn 0.0225 -0.0003 -0.9997
vn 0.0066 0.0043 -1.0000
vn -0.0028 -0.0005 -1.0000
vn -0.0058 -0.2330 0.9725
vn -0.0913 -0.3787 0.9210
vn -0.1080 -0.4068 0.9071
vn -0.2124 0.6700 0.7114
vn -0.0774 -0.0440 -0.9960
vn -0.0954 -0.7885 0.6076
vn -0.1081 -0.4075 0.9068
vn 0.6589 -0.4958 0.5657
vn 0.0185 0.0047 0.9998
vn -0.9465 0.3189 0.0501
vn -0.9094 0.4135 0.0435
vn -0.9451 0.3247 0.0360
vn -0.5002 0.8589 0.1104
vn 0.0327 -0.9994 -0.0109
vn 0.0638 -0.9978 0.0181
vn -0.0386 -0.9993 0.0032
vn 0.0077 -0.2094 0.9778
vn 0.8977 -0.0484 -0.4380
vn 0.8416 -0.5391 0.0318
vn -0.7097 0.6932 0.1255
vn -0.7408 0.6521 0.1614
vn 0.0017 0.0027 -1.0000
vn 0.0502 -0.4760 0.8780
vn 0.0502 -0.4791 0.8763
vn 0.1384 -0.2869 0.9479
vn 0.7665 -0.5220 0.3743
vn -0.2029 0.7300 0.6526
vn -0.0515 0.1307 0.9901
vn 0.5879 -0.7772 0.2243
vn 0.6140 -0.7401 0.2742
vn 0.6290 -0.7150 0.3051
vn 0.0269 -0.0194 0.9995
vn -0.0024 -0.0007 -1.0000
vn -0.0088 0.0011 -1.0000
vn -0.0995 -0.9950 0.0067
vn 0.5369 -0.6419 0.5474
vn 0.5637 -0.8058 0.1813
vn 0.9459 -0.2145 0.2433
vn 0.9982 -0.0582 -0.0139
vn 0.0360 -0.0304 0.9989
vn -0.2339 0.2884 0.9285
vn 0.1440 0.6916 0.7078
vn 0.1682 0.6812 0.7125
vn 0.0508 0.7268 0.6850
vn -0.8996 0.4361 0.0222
vn -0.4739 0.6757 0.5647
vn -0.5750 0.6142 0.5405
vn -0.5460 0.6108 0.5734
vn 0.1705 -0.2379 0.9562
vn 0.0856 -0.3580 0.9298
vn -0.9819 0.1889 0.0151
vn -0.7621 0.6379 0.1106
vn -0.0348 0.0679 0.9971
vn -0.0267 0.0414 0.9988
vn 0.9709 0.0649 0.2306
vn -0.0311 -0.1150 0.9929
vn -0.9880 -0.0700 0.1373
vn -0.9883 -0.1330 0.0750
vn -0.9715 -0.2315 0.0507
vn 0.0186 0.7372 0.6754
vn -0.0281 0.9505 0.3096
vn 0.0189 0.9100 0.4141
vn 0.0006 0.9342 0.3568
vn 0.1092 0.9937 -0.0234
vn -0.0969 -0.0118 0.9952
vn -0.0414 -0.0771 0.9962
vn -0.0710 -0.0462 0.9964
vn 0.0367 -0.0557 0.9978
vn -0.1574 -0.9870 0.0318
vn -0.0259 -0.0648 0.9976
vn -0.0199 -0.0503 0.9985
vn -0.7545 0.4671 0.4611
vn -0.0097 -0.0007 -1.0000
vn -0.9521 -0.3048 0.0231
vn 0.0022 0.0062 -1.0000
vn -0.0319 -0.0109 0.9994
vn -0.7173 -0.2579 0.6473
vn 0.1709 0.9836 0.0583
vn 0.2237 0.9746 0.0095
vn 0.0002 0.0007 -1.0000
vn -0.1061 -0.9942 0.0171
vn -0.5814 0.1083 0.8064
vn -0.0433 -0.9985 0.0344
vn -0.1087 -0.1653 0.9802
vn -0.7570 0.0975 0.6461
vn -0.0192 -0.0106 0.9998
vn 0.9688 0.2468 0.0208
vn 0.9348 0.3111 0.1716
vn 0.9679 0.2493 0.0330
vn -0.9290 -0.3690 0.0291
vn -0.9083 0.0871 0.4092
vn -0.7761 0.4770 0.4125
vn -0.0901 0.9897 0.1115
vn -0.0001 0.0010 -1.0000
vn 0.0670 -0.9973 0.0303
vn 0.9389 0.2989 0.1706
vn -0.9232 -0.3835 0.0251
vn -0.9270 -0.3743 0.0230
vn -0.7872 0.4781 0.3896
vn -0.8276 0.3581 0.4322
vn -0.8282 0.3293 0.4534
vn 0.6928 -0.5307 0.4882
vn -0.3510 -0.0546 0.9348
vn -0.3378 -0.0417 0.9403
vn -0.3179 -0.0225 0.9478
vn 0.3544 -0.0000 0.9351
vn 0.6639 0.1609 0.7303
vn -0.9226 -0.3839 0.0384
vn -0.0000 0.0021 -1.0000
vn 0.1076 -0.9928 0.0528
vn 0.5097 -0.8600 0.0241
vn 0.5442 -0.8382 0.0344
vn 0.3950 -0.9187 -0.0031
vn 0.0185 -0.0340 0.9993
vn 0.0678 -0.0793 0.9945
vn -0.0130 -0.0353 0.9993
vn 0.0777 -0.0847 0.9934
vn 0.0323 -0.0790 0.9964
vn 0.0107 -0.1504 0.9886
vn -0.1319 -0.1235 0.9835
vn -0.0999 -0.0489 0.9938
vn -0.1690 -0.1262 0.9775
vn -0.1572 -0.1376 0.9779
vn 0.0740 0.9928 -0.0944
vn 0.7545 -0.1909 0.6279
vn -0.0481 0.0158 0.9987
vn -0.0000 0.2664 0.9639
vn 0.0508 0.0181 0.9985
vn 0.9270 0.2719 0.2584
vn 0.8640 -0.3362 0.3748
vn -0.4084 -0.0000 0.9128
vn -0.0003 -0.0001 -1.0000
vn 0.1423 -0.9893 0.0308
vn 0.0791 -0.0201 0.9967
vn 0.0165 -0.0018 0.9999
vn 0.9283 0.2606 0.2654
vn 0.5178 0.2659 0.8131
vn 0.2609 -0.0000 0.9654
vn 0.0671 -0.1972 0.9781
vn -0.0662 0.1057 0.9922
vn 0.2737 -0.0043 0.9618
vn 0.2751 -0.0040 0.9614
vn 0.2764 -0.0037 0.9610
vn 0.2942 -0.0000 0.9557
vn -0.0750 -0.0911 0.9930
vn -0.0830 0.0625 0.9946
vn 0.3811 -0.0155 0.9244
vn 0.1659 -0.2437 0.9555
vn 0.1619 -0.1480 0.9756
vn 0.1729 -0.1560 0.9725
vn 0.2145 -0.1226 0.9690
vn 0.2195 -0.1243 0.9677
vn -0.2483 0.0030 0.9687
vn -0.2430 -0.0000 0.9700
vn -0.1220 -0.0753 0.9897
vn 0.0931 -0.1740 0.9803
vn -0.0603 -0.1277 0.9900
vn -0.0113 -0.2869 0.9579
vn -0.3418 0.1062 0.9337
vn -0.5912 0.6940 0.4109
vn 0.2422 -0.0000 0.9702
vn 0.2428 -0.0000 0.9701
vn 0.2423 -0.0000 0.9702
vn -0.1763 -0.4516 0.8746
vn -0.1761 -0.1985 0.9641
vn -0.2190 -0.2939 0.9304
vn -0.0628 -0.0602 0.9962
vn -0.2995 -0.0067 0.9541
vn -0.2169 0.0284 0.9758
vn 0.6002 0.0555 0.7979
vn 0.2782 0.1217 0.9528
vn 0.6042 -0.0432 0.7957
vn 0.7656 -0.0080 0.6433
vn 0.6572 -0.0326 0.7530
vn 0.9971 -0.0000 0.0757
vn 0.1943 0.0848 0.9773
vn 0.1042 -0.0529 0.9931
vn -0.7381 -0.2341 0.6328
vn -0.7544 -0.1882 0.6289
vn -0.7380 -0.2452 0.6287
vn -0.0646 0.9884 0.1372
vn 0.0006 -0.0065 -1.0000
vn -0.0001 -0.0008 -1.0000
vn -0.9809 -0.1537 0.1194
vn -0.9801 -0.1588 0.1193
vn -0.9802 -0.1572 0.1208
vn 0.0227 0.0107 0.9997
vn 0.5955 -0.0449 0.8021
vn -0.5604 0.0896 0.8233
vn -0.5800 0.0276 0.8141
vn -0.5183 0.1963 0.8324
vn -0.3545 0.9348 0.0201
vn -0.3315 0.9432 -0.0216
vn -0.3620 0.9316 0.0339
vn 0.9276 -0.3729 0.0217
vn 0.8545 -0.5191 -0.0195
vn 0.9120 -0.4100 0.0083
vn -0.9186 -0.3860 -0.0847
vn -0.9250 -0.3670 -0.0986
vn -0.9197 -0.3828 -0.0871
vn -0.8458 0.5303 0.0587
vn -0.6680 0.7421 0.0556
vn -0.8042 0.5933 0.0355
vn -0.5730 0.8141 0.0950
vn -0.6373 0.7691 0.0482
vn -0.3809 0.9220 0.0698
vn -0.1182 0.9922 0.0399
vn 0.5837 -0.8109 0.0414
vn 0.5807 -0.8130 0.0432
vn 0.9496 0.2185 0.2246
vn 0.8142 -0.0166 0.5804
vn -0.1415 -0.0661 0.9877
vn -0.9465 -0.3175 0.0576
vn -0.8807 0.4593 0.1162
vn 0.9998 0.0075 0.0161
vn 0.9833 0.0269 -0.1801
vn 0.9945 0.0191 -0.1031
vn -0.0051 -0.0173 0.9998
vn -0.9681 -0.2489 0.0295
vn -0.7336 -0.3588 0.5772
vn -0.9355 -0.1429 0.3231
vn -0.9123 -0.1330 0.3873
vn -0.8985 -0.1276 0.4201
vn 0.4189 0.9001 0.1196
vn -0.2047 0.0335 0.9783
vn -0.9889 -0.1426 0.0420
vn -0.0330 -0.0512 0.9981
vn 0.8192 -0.5595 0.1262
vn -0.8619 -0.1144 0.4941
vn -0.9042 0.4253 0.0398
vn -0.9116 0.4067 0.0598
vn 0.9486 -0.3151 0.0285
vn 0.9455 -0.3241 0.0325
vn 0.9516 0.2184 0.2160
vn 0.9959 -0.0391 0.0813
vn 0.9987 -0.0181 -0.0473
vn 0.9938 -0.0425 0.1023
vn -0.0425 0.9991 0.0028
vn -0.9891 -0.1421 0.0380
vn 0.6771 -0.6349 0.3722
vn -0.7231 -0.3477 0.5968
vn -0.9911 -0.1319 -0.0195
vn -0.9949 -0.0740 -0.0690
vn -0.9949 -0.0704 -0.0720
vn -0.9921 -0.0070 -0.1251
vn -0.9400 -0.0946 0.3277
vn -0.9478 -0.1208 0.2951
vn -0.9596 -0.2065 0.1910
vn -0.0572 -0.0654 0.9962
vn -0.9125 -0.4025 -0.0726
vn 0.0002 -0.0001 -1.0000
vn 0.9874 0.0883 0.1316
vn 0.9881 0.1029 0.1145
vn 0.9877 0.1356 0.0779
vn 0.9980 -0.0159 -0.0605
vn -0.9345 -0.2434 0.2597
vn -0.0973 -0.0566 0.9936
vn -0.9332 0.0933 -0.3470
vn 0.2485 -0.0537 0.9672
vn 0.2049 -0.0500 0.9775
vn 0.2100 -0.0540 0.9762
vn -0.4929 0.2409 0.8361
vn -0.0016 0.0017 -1.0000
vn -0.0003 -0.0000 -1.0000
vn -0.0299 -0.0207 0.9993
vn -0.5125 0.0726 -0.8556
vn 0.4622 -0.0162 0.8866
vn 0.4514 -0.0176 0.8921
vn 0.2086 -0.0490 0.9768
vn 0.3240 -0.0338 0.9455
vn -0.4041 0.0120 0.9146
vn -0.4296 -0.0016 0.9030
vn -0.4466 -0.0107 0.8947
vn -0.4899 -0.0346 0.8711
vn 0.7168 0.0550 -0.6952
vn 0.0949 0.0020 0.9955
vn -0.0397 0.0475 0.9981
vn -0.9825 -0.1860 -0.0091
vn -0.8037 -0.3652 0.4697
vn -0.7745 -0.3831 0.5033
vn -0.0008 -0.0001 -1.0000
vn 0.0253 -0.0066 -0.9997
vn 0.0057 -0.0017 -1.0000
vn 0.9996 0.0067 0.0291
vn 0.9995 0.0063 0.0295
vn 0.7033 0.0555 0.7087
vn 0.9879 0.1523 0.0288
vn 0.0952 0.0229 0.9952
vn -0.0977 -0.0309 0.9947
vn -0.9903 -0.0325 0.1351
vn -0.9958 -0.0079 0.0907
vn -0.9733 -0.0776 0.2160
vn -0.8966 -0.4360 0.0777
vn -0.9406 -0.3058 0.1477
vn -0.9783 -0.1979 0.0611
vn -0.9846 -0.1661 0.0548
vn -0.9875 -0.1032 0.1190
vn 0.0002 0.0003 -1.0000
vn -0.0015 0.9999 0.0102
vn 0.3039 0.0912 0.9483
vn 0.2912 0.0842 0.9530
vn 0.2049 0.0368 0.9781
vn 0.5268 0.0641 0.8475
vn 0.5412 0.0872 0.8364
vn 0.5766 0.1478 0.8035
vn -0.1306 -0.0165 0.9913
vn -0.1203 -0.0113 0.9927
vn -0.1253 -0.0105 0.9921
vn 0.7965 0.1171 0.5932
vn -0.0593 0.0382 0.9975
vn -0.5200 -0.1773 0.8356
vn -0.5766 -0.1945 0.7936
vn -0.5605 -0.2007 0.8035
vn 0.2783 -0.9353 0.2186
vn 0.2764 -0.9212 0.2739
vn 0.2733 -0.9032 0.3310
vn -0.4846 -0.0442 0.8736
vn -0.9849 -0.1110 0.1330
vn -0.9356 -0.2472 0.2520
vn -0.1232 0.0160 0.9922
vn -0.8426 0.1565 0.5154
vn -0.7355 0.6498 0.1917
vn -0.7700 0.6290 0.1069
vn -0.7251 0.6545 0.2144
vn -0.9666 -0.0909 0.2396
vn 0.9879 0.1523 0.0278
vn 0.9278 0.3516 0.1247
vn 0.3045 0.8633 0.4026
vn -0.6797 0.6686 0.3018
vn -0.7967 -0.1089 0.5945
vn -0.7903 -0.1146 0.6020
vn -0.8070 -0.0971 0.5826
vn 0.1974 0.0299 0.9799
vn -0.4933 -0.1522 0.8564
vn 0.0004 0.0001 -1.0000
vn -0.9358 -0.2474 0.2510
vn -0.4920 0.2372 0.8377
vn -0.0768 0.0160 0.9969
vn 0.2793 -0.9454 0.1679
vn 0.1757 0.8186 0.5468
vn -0.9236 -0.3726 0.0904
vn 0.0006 -0.0006 -1.0000
vn 0.5911 0.1740 0.7876
vn 0.0790 -0.0117 0.9968
vn 0.0729 -0.0031 0.9973
vn 0.0753 -0.0068 0.9971
vn -0.9944 -0.0975 -0.0419
vn -0.9807 -0.1071 -0.1634
vn -0.9876 -0.1037 -0.1178
vn -0.8286 -0.5598 0.0010
vn -0.4682 -0.7854 0.4049
vn -0.4329 -0.8052 0.4052
vn -0.4746 -0.7816 0.4048
vn 0.9881 0.1505 -0.0311
vn 0.9879 0.1548 -0.0085
vn 0.9857 0.1674 -0.0173
vn 0.1977 0.0299 0.9798
vn -0.9945 -0.0972 -0.0380
vn 0.0057 0.1045 0.9945
vn -0.5108 -0.7591 0.4036
vn -0.7946 -0.0836 0.6014
vn 0.5127 0.1252 0.8494
vn 0.4978 0.1285 0.8577
vn 0.6154 0.1004 0.7818
vn 0.9935 -0.0287 0.1105
vn 0.9799 -0.1233 0.1566
vn 0.9708 -0.1683 0.1710
vn -0.0303 0.0861 0.9958
vn 0.1097 0.9849 0.1338
vn 0.0013 -0.0000 -1.0000
vn 0.9877 0.1564 0.0005
vn 0.0694 -0.0028 0.9976
vn -0.0504 0.1096 0.9927
vn -0.0569 0.1099 0.9923
vn -0.2348 -0.4246 0.8744
vn -0.9581 0.2687 0.0993
vn -0.9431 0.3254 0.0682
vn -0.9192 0.3928 0.0298
vn 0.9608 0.2268 0.1597
vn 0.9231 0.2438 0.2974
vn 0.9360 0.2332 0.2636
vn -0.0371 0.0939 0.9949
vn 0.9892 0.1468 0.0049
vn 0.0638 0.0002 0.9980
vn -0.9325 0.0296 0.3599
vn -0.9959 -0.0014 0.0902
vn -0.9906 0.0164 0.1356
vn -0.9928 0.0099 0.1190
vn -0.4469 -0.1472 0.8824
vn -0.4476 -0.1808 0.8758
vn -0.8561 -0.5139 0.0550
vn -0.8510 -0.5206 0.0685
vn 0.6276 0.0972 0.7724
vn -0.0606 0.0091 0.9981
vn 0.9322 -0.2749 0.2355
vn 0.9295 -0.3412 0.1403
vn -0.5394 0.2063 0.8164
vn -0.2170 0.9719 0.0912
vn -0.1626 0.9792 0.1213
vn -0.2031 0.9754 0.0857
vn -0.9970 -0.0064 0.0772
vn -0.7910 -0.0817 0.6064
vn 0.9845 0.1693 0.0448
vn -0.9973 0.0627 -0.0392
vn -0.0444 0.0193 0.9988
vn 0.9333 -0.3437 0.1043
vn 0.9420 -0.3073 0.1350
vn -0.1743 0.0808 0.9814
vn 0.4792 -0.4742 0.7386
vn 0.9860 0.1657 0.0173
vn 0.8543 0.0756 0.5142
vn 0.9418 0.0063 0.3360
vn 0.9770 0.0546 0.2064
vn -0.4466 0.1851 0.8754
vn -0.4652 0.1967 0.8631
vn -0.2877 0.0885 0.9536
vn -0.1623 -0.9866 0.0161
vn -0.9759 0.2176 -0.0177
vn -0.9747 0.2232 -0.0071
vn -0.9678 0.2462 0.0520
vn 0.5672 -0.4859 0.6649
vn 0.5613 -0.4942 0.6639
vn 0.5611 -0.4944 0.6639
vn 0.5539 -0.5042 0.6626
vn 0.3564 0.3686 0.8585
vn -0.0101 0.0117 0.9999
vn -0.3514 -0.9353 0.0411
vn 0.0003 0.0004 -1.0000
vn 0.0007 0.0005 -1.0000
vn -0.0224 0.0246 0.9994
vn -0.0122 0.9999 -0.0072
vn -0.0048 1.0000 -0.0035
vn -0.0180 0.9998 -0.0102
vn 0.8377 0.0704 0.5416
vn 0.1367 -0.0015 0.9906
vn 0.1384 -0.0014 0.9904
vn 0.9580 -0.2629 0.1142
vn 0.9723 -0.2047 0.1124
vn 0.9884 -0.1420 0.0546
vn 0.0328 0.0654 0.9973
vn -0.5787 -0.0641 0.8130
vn 0.9882 0.1519 0.0201
vn -0.0192 0.0340 0.9992
vn 0.9923 -0.1215 0.0239
vn 0.5662 0.8220 0.0604
vn 0.5625 0.8240 0.0681
vn 0.5649 0.8228 0.0632
vn -0.9323 0.3584 0.0486
vn -0.9509 0.3063 0.0445
vn -0.9513 0.3053 0.0420
vn -0.8173 -0.0215 0.5759
vn -0.8161 -0.0207 0.5775
vn -0.8131 -0.0188 0.5818
vn -0.6463 -0.3794 0.6621
vn -0.8879 0.4600 -0.0102
vn -0.0294 0.0261 0.9992
vn -0.9399 0.3388 0.0429
vn 0.7417 -0.5073 0.4387
vn 0.0333 -0.1025 0.9942
vn 0.0199 -0.1437 0.9894
vn 0.0075 -0.3542 0.9352
vn 0.0106 -0.4252 0.9050
vn 0.0174 -0.0014 0.9998
vn -0.9147 0.4024 0.0383
vn -0.8118 -0.0179 0.5836
vn -0.3597 0.9330 0.0076
vn -0.0246 0.9996 -0.0136
vn 0.9699 -0.1182 0.2127
vn -0.0532 0.0193 0.9984
vn 0.9667 0.0193 0.2551
vn -0.3052 0.7597 0.5742
vn -0.0439 0.7741 0.6316
vn -0.0110 -0.0010 -0.9999
vn -0.0001 0.0005 -1.0000
vn -0.5303 -0.7692 0.3565
vn -0.9887 -0.1266 0.0801
vn -0.9887 -0.1263 0.0812
vn -0.9885 -0.1251 0.0851
vn -0.9884 -0.1248 0.0862
vn 0.9762 0.2137 -0.0366
vn 0.2034 0.9789 -0.0180
vn -0.9170 0.3976 0.0316
vn -0.9140 0.4004 0.0649
vn -0.9502 -0.3055 0.0616
vn -0.9424 0.3336 -0.0253
vn -0.9585 0.2813 -0.0463
vn -0.9024 0.4306 0.0152
vn -0.6207 -0.7817 -0.0606
vn -0.5388 -0.8424 -0.0100
vn -0.5705 -0.8208 -0.0291
vn 0.9157 -0.0865 0.3924
vn -0.9501 0.2097 0.2311
vn -0.9475 0.2061 0.2443
vn -0.0031 0.0100 0.9999
vn 0.9978 -0.0042 -0.0666
vn 0.1768 -0.6723 0.7189
vn -0.1675 0.7802 0.6027
vn 0.0857 0.0428 -0.9954
vn -0.1553 -0.9878 0.0116
vn -0.1731 -0.9838 0.0472
vn -0.2771 -0.9560 0.0965
vn 0.3740 -0.9274 0.0085
vn 0.4136 -0.9104 -0.0127
vn 0.2833 -0.9574 0.0552
vn -0.3914 0.9202 -0.0062
vn 0.1204 -0.9915 0.0495
vn 0.0018 0.0026 -1.0000
vn -0.0007 0.0004 -1.0000
vn 0.0105 0.0111 0.9999
vn 0.5601 0.8252 0.0730
vn -0.2962 -0.9472 0.1231
vn 0.0138 -0.6908 0.7230
vn 0.0622 -0.7709 0.6339
vn 0.0672 -0.7720 0.6321
vn -0.9220 0.3852 0.0389
vn 0.9527 -0.2295 0.1990
vn 0.8659 0.4052 0.2933
vn 0.1042 -0.9939 -0.0366
vn 0.0079 -0.6752 0.7376
vn -0.4808 -0.8767 -0.0164
vn -0.5447 -0.8377 0.0397
vn -0.5842 -0.8080 0.0765
vn -0.6432 -0.7537 0.1352
vn -0.8765 0.4799 0.0366
vn -0.6462 -0.7592 -0.0774
vn 0.9988 -0.0439 0.0198
vn 0.9506 -0.2377 0.1999
vn 0.0043 0.0169 0.9998
vn -0.2742 -0.8135 0.5128
vn -0.0861 -0.7428 0.6639
vn -0.1610 -0.7559 0.6346
vn 0.0049 0.0057 -1.0000
vn 0.0078 0.0025 -1.0000
vn -0.4421 -0.8938 0.0757
vn 0.0537 -0.7363 0.6745
vn 0.0458 -0.7265 0.6856
vn 0.1030 0.0123 0.9946
vn -0.6604 0.1178 0.7416
vn -0.6548 0.1142 0.7472
vn -0.7120 0.1515 0.6856
vn -0.0184 0.0365 0.9992
vn -0.2772 -0.8168 0.5059
vn -0.0145 -0.7206 0.6932
vn -0.1686 0.7740 0.6103
vn 0.0049 0.0036 -1.0000
vn 0.0625 0.0842 0.9945
vn -0.8239 0.3025 0.4792
vn -0.7678 0.3495 0.5369
vn -0.8067 0.2648 0.5283
vn -0.7835 0.2743 0.5576
vn -0.6847 -0.7249 -0.0754
vn -0.3839 0.9231 -0.0217
vn -0.2645 0.0746 0.9615
vn -0.9895 0.1448 -0.0009
vn -0.9900 0.1407 -0.0127
vn -0.9885 0.1074 -0.1068
vn -0.0660 0.0526 0.9964
vn -0.0247 0.3213 0.9466
vn 0.9321 0.1684 -0.3208
vn -0.0306 0.9995 -0.0115
vn -0.0009 -0.0004 -1.0000
vn -0.4874 -0.8711 0.0597
vn -0.9603 -0.2779 0.0231
vn 0.1700 -0.0272 0.9851
vn 0.1649 -0.0286 0.9859
vn 0.1659 -0.0285 0.9857
vn -0.9877 0.1036 -0.1172
vn -0.0542 0.0131 0.9984
vn -0.0460 -0.0528 0.9975
vn -0.0668 -0.0038 0.9978
vn 0.3746 0.5633 0.7364
vn -0.1051 0.9944 0.0138
vn -0.0001 0.0002 -1.0000
vn -0.0015 -0.0003 -1.0000
vn -0.0001 0.0009 -1.0000
vn -0.5548 -0.8295 0.0639
vn -0.0000 -0.0011 -1.0000
vn 0.0010 0.0007 -1.0000
vn 0.0001 -0.0005 -1.0000
vn -0.7164 0.1544 0.6804
vn -0.0813 0.0208 0.9965
vn -0.0868 0.0490 0.9950
vn -0.0907 0.0322 0.9954
vn -0.2536 -0.2965 0.9207
vn -0.2733 -0.3079 0.9113
vn -0.2753 -0.3091 0.9103
vn -0.7365 0.3214 0.5952
vn -0.7090 0.3276 0.6245
vn 0.0146 -0.0054 0.9999
vn 0.0051 0.0013 1.0000
vn 0.0127 -0.0041 0.9999
vn 0.0288 -0.0299 0.9991
vn -0.5754 -0.8170 0.0365
vn -0.3346 -0.6677 0.6650
vn -0.3346 -0.5403 0.7721
vn -0.3838 -0.5518 0.7404
vn -0.3995 -0.3953 0.8271
vn -0.9455 0.3235 0.0371
vn -0.9982 0.0217 0.0565
vn -0.9818 0.1779 0.0659
vn 0.2364 -0.9685 0.0786
vn -0.0041 0.0029 -1.0000
vn -0.0022 0.0014 -1.0000
vn -0.2509 -0.2950 0.9220
vn -0.2917 0.9565 0.0119
vn -0.9113 0.4107 -0.0299
vn 0.9693 -0.2051 0.1358
vn -0.2092 0.9776 0.0239
vn 0.0365 -0.9328 0.3584
vn -0.7904 0.2587 0.5553
vn 0.1495 -0.0188 0.9886
vn 0.9721 -0.1891 0.1385
vn 0.9785 -0.1614 0.1280
vn 0.9798 -0.1625 0.1168
vn -0.0767 -0.0574 0.9954
vn 0.2928 0.8552 0.4277
vn 0.2912 0.8618 0.4154
vn 0.2914 0.8608 0.4172
vn 0.0184 0.8868 0.4618
vn -0.0677 0.4314 0.8996
vn -0.2172 0.9759 0.0201
vn -0.9976 -0.0133 0.0681
vn 0.0031 0.0001 -1.0000
vn 0.0048 0.0020 -1.0000
vn 0.9812 -0.1920 0.0191
vn -0.8687 0.0028 0.4954
vn 0.2931 0.8538 0.4302
vn -0.9856 0.1586 0.0594
vn -0.9959 0.0082 0.0896
vn -0.9835 0.1609 0.0824
vn -0.9945 -0.0025 0.1047
vn 0.9785 -0.2059 0.0144
vn -0.0093 -0.0076 -0.9999
vn 0.0017 -0.0098 -1.0000
vn -0.3206 -0.3569 0.8774
vn 0.5585 0.6913 0.4585
vn -0.0140 -0.9944 0.1044
vn 0.0145 -0.9984 0.0544
vn 0.0126 -0.9983 0.0562
vn -0.3690 -0.7081 0.6020
vn -0.9979 -0.0606 0.0235
vn -0.6815 0.0390 0.7308
vn -0.6783 0.0373 0.7338
vn -0.6823 0.0395 0.7300
vn 0.2124 -0.0226 0.9769
vn 0.0036 0.0024 1.0000
vn -0.0994 0.9950 0.0073
vn 0.0031 -0.0190 -0.9998
vn -0.0000 -0.0946 0.9955
vn 0.0015 0.0064 -1.0000
vn -0.0714 -0.0772 -0.9945
vn -0.1088 -0.1812 -0.9774
vn -0.0385 -0.0140 -0.9992
vn -0.0000 -0.9244 0.3814
vn 0.0745 0.3228 -0.9435
vn -0.0394 -0.0656 -0.9971
vn -0.0098 -0.0005 -1.0000
vn -0.0084 -0.0272 -0.9996
vn -0.6874 0.0423 0.7251
vn -0.8095 0.2388 0.5364
vn 0.0007 -0.0005 -1.0000
vn 0.1997 -0.0147 0.9797
vn 0.0029 1.0000 -0.0014
vn -0.0000 -0.4358 0.9000
vn -0.0000 0.4354 -0.9002
vn 0.0225 0.0449 -0.9987
vn 0.0072 0.0046 -1.0000
vn 0.0003 0.0005 -1.0000
vn -0.0013 0.0037 -1.0000
vn 0.0191 -0.9976 0.0671
vn 0.0095 -0.9984 0.0557
vn -0.9077 -0.4189 0.0235
vn -0.8315 -0.5550 -0.0260
vn -0.8678 -0.4966 0.0185
vn -0.8092 0.2315 0.5399
vn -0.9211 0.3779 0.0936
vn 0.3852 -0.0240 0.9225
vn 0.3053 0.0906 0.9479
vn 0.3475 0.0314 0.9372
vn 0.7823 0.5288 0.3292
vn -0.0250 0.9994 -0.0250
vn -0.1191 -0.8621 0.4926
vn -0.4434 -0.7286 0.5220
vn -0.9158 -0.3982 0.0520
vn -0.9058 0.4135 -0.0929
vn 0.9023 -0.0765 0.4243
vn 0.2660 0.1433 0.9533
vn 0.3092 0.9506 -0.0275
vn 0.0495 0.9986 0.0193
vn -0.9027 0.4211 0.0883
vn -0.9089 0.4111 0.0697
vn 0.9789 -0.2044 -0.0010
vn -0.0069 0.1742 0.9847
vn -0.0123 0.2370 0.9714
vn -0.0000 0.0929 0.9957
vn -0.0143 0.2624 0.9649
vn -0.0143 0.2625 0.9648
vn 0.0016 -0.0338 -0.9994
vn 0.0547 -0.9943 0.0918
vn -0.7004 -0.5624 0.4395
vn -0.7791 -0.4004 0.4823
vn -0.7517 -0.4646 0.4681
vn -0.9453 -0.3258 0.0148
vn 0.1978 -0.0137 0.9802
vn 0.9980 -0.0129 0.0616
vn 0.9994 -0.0149 0.0298
vn 0.9982 -0.0436 0.0407
vn 0.5327 0.8460 0.0234
vn 0.5630 0.8249 0.0498
vn 0.5065 0.8623 0.0011
vn -0.0028 -0.0785 -0.9969
vn -0.0132 0.0308 -0.9994
vn -0.0098 -0.0704 -0.9975
vn 0.0032 -0.0090 -1.0000
vn 0.0001 -0.0478 -0.9989
vn 0.0015 -0.0301 -0.9995
vn -0.8878 -0.2931 0.3548
vn 0.9841 -0.1775 -0.0095
vn -0.6768 -0.6313 0.3786
vn -0.9270 0.3696 0.0642
vn 0.0170 -0.0033 -0.9999
vn 0.7491 0.2029 0.6306
vn 0.4840 0.8749 -0.0174
vn 0.0395 -0.9971 0.0657
vn 0.9027 0.4299 0.0163
vn 0.9147 0.4041 -0.0082
vn 0.8388 0.5444 0.0031
vn -0.0001 -0.0030 -1.0000
vn -0.9141 -0.2958 0.2774
vn -0.9404 -0.2582 0.2212
vn 0.9924 -0.1224 0.0116
vn -0.8613 -0.3228 0.3923
vn 0.9625 0.2712 0.0071
vn 0.0010 -0.0007 -1.0000
vn -0.9706 0.2329 0.0603
vn -0.0040 -0.9991 0.0431
vn -0.0004 0.0002 -1.0000
vn -0.0724 -0.9953 0.0650
vn -0.9052 0.4077 -0.1199
vn 0.8005 0.5985 0.0328
vn -0.0934 -0.9910 0.0963
vn -0.2910 -0.7903 0.5392
vn -0.0047 -0.0032 -1.0000
vn -0.5700 -0.8215 -0.0142
vn -0.6203 -0.7841 0.0203
vn -0.5734 -0.8190 -0.0197
vn -0.6568 -0.7521 0.0548
vn 0.9989 -0.0257 0.0384
vn -0.7176 -0.6853 0.1244
vn -0.5753 -0.6030 0.5526
vn -0.9801 0.1652 0.1099
vn 0.9676 0.2516 0.0221
vn 0.0004 -0.0003 -1.0000
vn -0.9806 0.1307 0.1463
vn -0.8718 -0.4894 0.0208
vn -0.8980 -0.4303 -0.0916
vn -0.8893 -0.4549 -0.0467
vn -0.9937 0.1001 -0.0512
vn -0.9908 0.1284 -0.0420
vn -0.9953 0.0773 -0.0585
vn -0.9801 0.1331 0.1476
vn 0.0021 -0.0006 -1.0000
vn 0.0001 -0.0001 -1.0000
vn 0.0023 0.0009 -1.0000
vn 0.0014 0.0011 -1.0000
vn 0.0002 -0.0007 -1.0000
vn -0.9035 -0.4085 -0.1297
vn 0.1419 -0.9780 0.1532
vn -0.0003 0.0008 -1.0000
vn -0.9649 -0.2407 0.1053
vn -0.0143 0.0005 -0.9999
vn -0.4481 -0.8929 -0.0451
vn -0.9635 -0.2480 0.1009
vn -0.9964 0.0536 -0.0661
vn 0.0117 0.0046 -0.9999
vt 0.275505 0.926228
vt 0.275973 0.926269
vt 0.276270 0.926646
vt 0.298505 0.927117
vt 0.278094 0.926360
vt 0.274202 0.925770
vt 0.276666 0.926312
vt 0.271576 0.925962
vt 0.271446 0.925706
vt 0.272382 0.926045
vt 0.269174 0.925279
vt 0.266814 0.925689
vt 0.267590 0.925299
vt 0.267778 0.925557
vt 0.249009 0.924463
vt 0.851065 0.170112
vt 0.858334 0.155729
vt 0.859148 0.179010
vt 0.878689 0.162844
vt 0.872160 0.175350
vt 0.889800 0.145699
vt 0.892703 0.174904
vt 0.834914 0.160205
vt 0.812474 0.151274
vt 0.825339 0.138917
vt 0.830276 0.169025
vt 0.843831 0.172241
vt 0.843725 0.157789
vt 0.864816 0.140006
vt 0.634629 0.578082
vt 0.623487 0.593038
vt 0.628131 0.559606
vt 0.623575 0.572055
vt 0.641911 0.593072
vt 0.631648 0.599971
vt 0.637218 0.665007
vt 0.639489 0.661534
vt 0.639802 0.661172
vt 0.639404 0.661302
vt 0.638958 0.661148
vt 0.637977 0.659254
vt 0.638303 0.656419
vt 0.638322 0.660287
vt 0.640920 0.660020
vt 0.639585 0.658243
vt 0.640239 0.656796
vt 0.640079 0.657428
vt 0.639909 0.656348
vt 0.640570 0.654047
vt 0.639445 0.653705
vt 0.639715 0.652685
vt 0.639465 0.652213
vt 0.631634 0.630235
vt 0.630713 0.652027
vt 0.637429 0.658226
vt 0.637525 0.659524
vt 0.947703 0.634060
vt 0.938550 0.633686
vt 0.960910 0.627169
vt 0.936549 0.649825
vt 0.953570 0.634972
vt 0.976732 0.646583
vt 0.927585 0.627041
vt 0.961157 0.605186
vt 0.940547 0.608231
vt 0.907876 0.623237
vt 0.920795 0.612979
vt 0.905992 0.620357
vt 0.912041 0.615273
vt 0.911526 0.615035
vt 0.922878 0.602056
vt 0.912257 0.614838
vt 0.912809 0.613910
vt 0.897641 0.612574
vt 0.905172 0.589750
vt 0.889368 0.603010
vt 0.866796 0.630339
vt 0.875055 0.604084
vt 0.927293 0.602462
vt 0.875592 0.641816
vt 0.720518 0.500449
vt 0.758818 0.506134
vt 0.761724 0.510465
vt 0.758057 0.521743
vt 0.742728 0.500567
vt 0.743669 0.500447
vt 0.740884 0.501241
vt 0.732744 0.534218
vt 0.712189 0.525733
vt 0.727047 0.527249
vt 0.975052 0.625468
vt 0.761659 0.492752
vt 0.743880 0.499738
vt 0.743227 0.500252
vt 0.741990 0.500478
vt 0.729221 0.517079
vt 0.681797 0.529837
vt 0.726212 0.544128
vt 0.713855 0.552608
vt 0.774811 0.527511
vt 0.878981 0.587242
vt 0.738477 0.486561
vt 0.789951 0.472652
vt 0.765066 0.291886
vt 0.800593 0.278961
vt 0.782221 0.299314
vt 0.828430 0.281188
vt 0.802009 0.263427
vt 0.845536 0.251634
vt 0.855152 0.588077
vt 0.905036 0.646002
vt 0.774892 0.543190
vt 0.845804 0.268949
vt 0.893928 0.578858
vt 0.880214 0.645063
vt 0.786807 0.503136
vt 0.852674 0.280866
vt 0.858343 0.256338
vt 0.867625 0.619394
vt 0.867975 0.620130
vt 0.864133 0.570529
vt 0.880108 0.571971
vt 0.867062 0.619405
vt 0.867370 0.620176
vt 0.861871 0.628287
vt 0.861763 0.636607
vt 0.694309 0.519001
vt 0.750631 0.549079
vt 0.753737 0.547418
vt 0.798059 0.305690
vt 0.817993 0.286214
vt 0.879792 0.264033
vt 0.245290 0.679443
vt 0.245854 0.674314
vt 0.251015 0.674362
vt 0.234154 0.668966
vt 0.246706 0.693407
vt 0.224016 0.165032
vt 0.283945 0.175481
vt 0.273853 0.180548
vt 0.386151 0.186999
vt 0.382857 0.186474
vt 0.426010 0.190136
vt 0.380443 0.186189
vt 0.343716 0.180012
vt 0.385453 0.187734
vt 0.387161 0.188196
vt 0.667435 0.871559
vt 0.633293 0.912636
vt 0.634829 0.907451
vt 0.634235 0.908555
vt 0.173998 0.767022
vt 0.167403 0.779340
vt 0.167458 0.778758
vt 0.167017 0.779741
vt 0.167631 0.780527
vt 0.026379 0.287388
vt 0.029169 0.324362
vt 0.021832 0.310948
vt 0.042858 0.311689
vt 0.053464 0.286202
vt 0.066340 0.307651
vt 0.051979 0.302693
vt 0.005000 0.290404
vt 0.015047 0.331468
vt 0.041258 0.330543
vt 0.080712 0.268852
vt 0.068438 0.275365
vt 0.067625 0.275385
vt 0.066958 0.275664
vt 0.065683 0.270303
vt 0.093942 0.280641
vt 0.068267 0.274586
vt 0.068151 0.274922
vt 0.067640 0.275006
vt 0.075780 0.292839
vt 0.106769 0.837404
vt 0.110934 0.833982
vt 0.128185 0.833262
vt 0.123013 0.843512
vt 0.098090 0.841927
vt 0.108003 0.821352
vt 0.138035 0.823734
vt 0.158305 0.825202
vt 0.156844 0.843018
vt 0.132367 0.821779
vt 0.087837 0.854932
vt 0.144900 0.866354
vt 0.160203 0.825441
vt 0.177339 0.844486
vt 0.178472 0.846688
vt 0.046959 0.810153
vt 0.030027 0.837630
vt 0.169776 0.831314
vt 0.157555 0.812765
vt 0.135070 0.812070
vt 0.145741 0.810012
vt 0.104947 0.807913
vt 0.173231 0.825128
vt 0.053946 0.864781
vt 0.191835 0.863051
vt 0.185699 0.832233
vt 0.019729 0.858842
vt 0.100872 0.879992
vt 0.156072 0.883581
vt 0.165146 0.813290
vt 0.140619 0.794029
vt 0.479486 0.934694
vt 0.510691 0.890919
vt 0.518686 0.890759
vt 0.207423 0.883162
vt 0.240702 0.871902
vt 0.183464 0.820436
vt 0.468690 0.954497
vt 0.485347 0.935705
vt 0.655934 0.963203
vt 0.698181 0.895105
vt 0.699028 0.931844
vt 0.080542 0.891306
vt 0.224897 0.838908
vt 0.189259 0.824947
vt 0.633973 0.953672
vt 0.038151 0.872627
vt 0.499091 0.870222
vt 0.548641 0.847780
vt 0.245210 0.895709
vt 0.154347 0.765553
vt 0.734537 0.892188
vt 0.515546 0.902115
vt 0.039655 0.337669
vt 0.187140 0.898729
vt 0.019344 0.255173
vt 0.672168 0.899993
vt 0.551239 0.852973
vt 0.783974 0.820525
vt 0.770473 0.850168
vt 0.750827 0.841388
vt 0.139939 0.900485
vt 0.057811 0.316690
vt 0.045355 0.265010
vt 0.142829 0.765743
vt 0.141179 0.784148
vt 0.140989 0.784185
vt 0.140657 0.785728
vt 0.538881 0.876475
vt 0.163765 0.770661
vt 0.140550 0.785179
vt 0.139774 0.786219
vt 0.069440 0.252123
vt 0.757158 0.817243
vt 0.239637 0.839440
vt 0.524706 0.963459
vt 0.519468 0.983720
vt 0.577482 0.816253
vt 0.733052 0.899793
vt 0.056608 0.334080
vt 0.219337 0.904097
vt 0.268490 0.856837
vt 0.059836 0.258854
vt 0.058819 0.259026
vt 0.731748 0.821393
vt 0.016414 0.881545
vt 0.337867 0.898460
vt 0.060031 0.258004
vt 0.059689 0.258572
vt 0.059268 0.258578
vt 0.058796 0.258591
vt 0.712201 0.852067
vt 0.044295 0.894272
vt 0.076242 0.914081
vt 0.938147 0.191439
vt 0.960078 0.180935
vt 0.980941 0.226315
vt 0.270362 0.853444
vt 0.113909 0.241422
vt 0.197084 0.818117
vt 0.166974 0.778321
vt 0.166894 0.779355
vt 0.167198 0.780160
vt 0.554151 0.928131
vt 0.560997 0.851506
vt 0.790535 0.762587
vt 0.773255 0.790732
vt 0.166685 0.778395
vt 0.762148 0.882965
vt 0.192307 0.249386
vt 0.188220 0.244629
vt 0.188551 0.244456
vt 0.188334 0.244310
vt 0.188061 0.244461
vt 0.187588 0.244478
vt 0.170911 0.250552
vt 0.132776 0.260462
vt 0.145927 0.921479
vt 0.043062 0.350117
vt 0.214515 0.243520
vt 0.188819 0.243914
vt 0.073593 0.313823
vt 0.192810 0.236185
vt 0.069913 0.229647
vt 0.104677 0.224673
vt 0.050505 0.229975
vt 0.746606 0.799349
vt 0.588493 0.897590
vt 0.584715 0.818293
vt 0.084135 0.302110
vt 0.158723 0.239458
vt 0.594305 0.957638
vt 0.595095 0.972862
vt 0.111364 0.290618
vt 0.043980 0.221458
vt 0.768358 0.773605
vt 0.592743 0.792950
vt 0.050397 0.344627
vt 0.081036 0.219849
vt 0.077136 0.340500
vt 0.084995 0.322760
vt 0.133767 0.274776
vt 0.180979 0.263571
vt 0.633890 0.907952
vt 0.633547 0.908460
vt 0.632122 0.910577
vt 0.632240 0.910704
vt 0.631875 0.910849
vt 0.632130 0.911280
vt 0.624075 0.856034
vt 0.133421 0.275263
vt 0.134306 0.274285
vt 0.036628 0.220538
vt 0.633418 0.907755
vt 0.633331 0.908136
vt 0.632161 0.910165
vt 0.631135 0.912024
vt 0.642555 0.817072
vt 0.066609 0.334494
vt 0.066462 0.334185
vt 0.066821 0.334411
vt 0.067668 0.334681
vt 0.068233 0.333574
vt 0.067238 0.334107
vt 0.111718 0.315689
vt 0.134317 0.274878
vt 0.134697 0.274821
vt 0.135766 0.274615
vt 0.152686 0.268617
vt 0.233548 0.249827
vt 0.231396 0.234544
vt 0.597853 0.781977
vt 0.141787 0.306570
vt 0.169754 0.302035
vt 0.201294 0.259632
vt 0.201479 0.260102
vt 0.200864 0.260573
vt 0.201309 0.259281
vt 0.217025 0.270636
vt 0.202286 0.260694
vt 0.201473 0.259509
vt 0.889653 0.489881
vt 0.903190 0.468089
vt 0.895798 0.505776
vt 0.192634 0.215765
vt 0.134675 0.215174
vt 0.754890 0.728885
vt 0.904215 0.500209
vt 0.525107 0.157828
vt 0.502301 0.175570
vt 0.495477 0.175739
vt 0.916275 0.428812
vt 0.899708 0.450688
vt 0.041373 0.205432
vt 0.713047 0.812209
vt 0.131588 0.317813
vt 0.142579 0.306897
vt 0.143657 0.306813
vt 0.905748 0.394130
vt 0.734453 0.764973
vt 0.142156 0.307259
vt 0.142450 0.307521
vt 0.142685 0.307269
vt 0.651137 0.782651
vt 0.608785 0.762043
vt 0.141760 0.307911
vt 0.181886 0.303509
vt 0.911907 0.470174
vt 0.899922 0.409829
vt 0.499107 0.168208
vt 0.095608 0.208534
vt 0.118902 0.324694
vt 0.255730 0.265920
vt 0.920609 0.441733
vt 0.873031 0.478543
vt 0.856705 0.524479
vt 0.839145 0.508054
vt 0.026286 0.198211
vt 0.178137 0.309559
vt 0.893320 0.396685
vt 0.204658 0.188659
vt 0.066757 0.198203
vt 0.727728 0.728668
vt 0.258620 0.270671
vt 0.927229 0.485129
vt 0.461942 0.179465
vt 0.490651 0.188120
vt 0.933644 0.457749
vt 0.881419 0.439695
vt 0.159150 0.194901
vt 0.939044 0.430192
vt 0.512640 0.161257
vt 0.506901 0.180251
vt 0.524096 0.170458
vt 0.883032 0.390475
vt 0.658087 0.746518
vt 0.617903 0.731928
vt 0.154231 0.316795
vt 0.229469 0.293643
vt 0.938885 0.431107
vt 0.939278 0.430863
vt 0.941767 0.431229
vt 0.941497 0.431162
vt 0.942402 0.431089
vt 0.942093 0.431038
vt 0.434521 0.201378
vt 0.407681 0.205527
vt 0.442466 0.212813
vt 0.933609 0.436016
vt 0.937799 0.432172
vt 0.939006 0.431728
vt 0.940681 0.431551
vt 0.939275 0.431189
vt 0.941253 0.431462
vt 0.953952 0.431285
vt 0.508833 0.154209
vt 0.342695 0.201024
vt 0.385400 0.188136
vt 0.386547 0.189622
vt 0.411959 0.225081
vt 0.154444 0.317914
vt 0.154912 0.317839
vt 0.931149 0.480891
vt 0.954792 0.436606
vt 0.444429 0.187872
vt 0.458031 0.218917
vt 0.890800 0.400545
vt 0.890977 0.401276
vt 0.890574 0.400818
vt 0.890094 0.400734
vt 0.890622 0.401104
vt 0.154192 0.318457
vt 0.154562 0.318092
vt 0.155061 0.318070
vt 0.156646 0.317958
vt 0.193512 0.316036
vt 0.444086 0.158310
vt 0.876547 0.400217
vt 0.854035 0.470556
vt 0.357854 0.177658
vt 0.113370 0.188522
vt 0.394473 0.176411
vt 0.732411 0.075372
vt 0.748184 0.075530
vt 0.731699 0.087072
vt 0.658009 0.684485
vt 0.344230 0.431117
vt 0.361798 0.369978
vt 0.378060 0.404102
vt 0.317967 0.278125
vt 0.285785 0.276598
vt 0.312719 0.179054
vt 0.526660 0.172419
vt 0.525504 0.178133
vt 0.863733 0.443357
vt 0.505673 0.152527
vt 0.313043 0.178241
vt 0.312963 0.176931
vt 0.312316 0.178289
vt 0.311180 0.178932
vt 0.312374 0.178735
vt 0.286288 0.171417
vt 0.431071 0.241644
vt 0.418938 0.248518
vt 0.167346 0.174699
vt 0.378600 0.457124
vt 0.378992 0.456131
vt 0.378967 0.457577
vt 0.379468 0.456060
vt 0.385844 0.459681
vt 0.385483 0.542337
vt 0.381278 0.501250
vt 0.389965 0.226211
vt 0.378191 0.451605
vt 0.376850 0.477122
vt 0.378090 0.530259
vt 0.744218 0.095775
vt 0.720326 0.083640
vt 0.218083 0.152481
vt 0.302877 0.457147
vt 0.328063 0.317113
vt 0.380436 0.554706
vt 0.394220 0.571054
vt 0.390052 0.591515
vt 0.377183 0.157516
vt 0.823862 0.893806
vt 0.813853 0.897849
vt 0.800937 0.879860
vt 0.706191 0.085725
vt 0.339860 0.539198
vt 0.370289 0.173555
vt 0.370429 0.172911
vt 0.343134 0.169980
vt 0.286164 0.165261
vt 0.857743 0.916754
vt 0.320766 0.216717
vt 0.389662 0.239973
vt 0.372881 0.172566
vt 0.371419 0.171559
vt 0.443106 0.233267
vt 0.466393 0.252825
vt 0.374668 0.160196
vt 0.333382 0.156241
vt 0.405495 0.246554
vt 0.870728 0.909793
vt 0.726762 0.121722
vt 0.727622 0.107059
vt 0.824675 0.482644
vt 0.840895 0.438337
vt 0.384697 0.598929
vt 0.395697 0.672985
vt 0.835776 0.879489
vt 0.804581 0.867086
vt 0.388016 0.655416
vt 0.225571 0.735321
vt 0.228835 0.663272
vt 0.243015 0.728000
vt 0.380226 0.586354
vt 0.934415 0.967366
vt 0.945402 0.952827
vt 0.946184 0.979457
vt 0.956257 0.968975
vt 0.950043 0.986176
vt 0.916622 0.948547
vt 0.936182 0.984279
vt 0.535985 0.218510
vt 0.542008 0.246779
vt 0.533949 0.240515
vt 0.270260 0.194605
vt 0.449047 0.268551
vt 0.694555 0.112048
vt 0.699716 0.093449
vt 0.241776 0.584990
vt 0.211949 0.577639
vt 0.228034 0.560355
vt 0.852530 0.396878
vt 0.741829 0.928088
vt 0.767896 0.911338
vt 0.778055 0.924340
vt 0.219272 0.157890
vt 0.919137 0.919809
vt 0.418186 0.274805
vt 0.785229 0.437804
vt 0.561045 0.235194
vt 0.217044 0.756059
vt 0.326223 0.586909
vt 0.800883 0.908878
vt 0.955283 0.937491
vt 0.556403 0.155863
vt 0.393195 0.704166
vt 0.853931 0.927158
vt 0.871101 0.890532
vt 0.825809 0.846624
vt 0.863689 0.876191
vt 0.256938 0.587612
vt 0.381848 0.662877
vt 0.706469 0.935884
vt 0.733185 0.933329
vt 0.241248 0.596467
vt 0.778349 0.927935
vt 0.529213 0.253675
vt 0.558678 0.253478
vt 0.557397 0.204882
vt 0.820413 0.945252
vt 0.972090 0.969777
vt 0.396740 0.289358
vt 0.694069 0.080012
vt 0.906570 0.959944
vt 0.922491 0.973977
vt 0.926658 0.902220
vt 0.245883 0.760371
vt 0.260004 0.672185
vt 0.319439 0.671049
vt 0.386608 0.698690
vt 0.766883 0.930530
vt 0.926982 0.987920
vt 0.218416 0.774608
vt 0.463191 0.274468
vt 0.694684 0.083202
vt 0.252866 0.620472
vt 0.251462 0.618531
vt 0.244035 0.613115
vt 0.825217 0.951634
vt 0.942382 0.994092
vt 0.693887 0.085396
vt 0.699328 0.078699
vt 0.697699 0.079614
vt 0.697135 0.080041
vt 0.255208 0.620986
vt 0.259079 0.624222
vt 0.961903 0.914085
vt 0.928286 0.891499
vt 0.383850 0.708587
vt 0.862305 0.966447
vt 0.551229 0.263938
vt 0.579274 0.227626
vt 0.960099 0.905884
vt 0.392430 0.745306
vt 0.387674 0.742309
vt 0.869832 0.974069
vt 0.582768 0.183550
vt 0.866324 0.864683
vt 0.260843 0.656358
vt 0.460264 0.278289
vt 0.807714 0.946493
vt 0.459551 0.283970
vt 0.912105 0.989589
vt 0.576881 0.254003
vt 0.980874 0.899130
vt 0.289280 0.759098
vt 0.384360 0.786933
vt 0.392269 0.801758
vt 0.859855 0.973942
vt 0.543681 0.269739
vt 0.564831 0.270426
vt 0.596897 0.215407
vt 0.379112 0.774549
vt 0.554617 0.160557
vt 0.587076 0.152507
vt 0.952397 0.899225
vt 0.336522 0.732346
vt 0.984387 0.903381
vt 0.857291 0.835199
vt 0.393736 0.832286
vt 0.790593 0.173045
vt 0.779145 0.210733
vt 0.776416 0.204487
vt 0.788896 0.221973
vt 0.773867 0.235269
vt 0.909349 0.875794
vt 0.405113 0.856998
vt 0.769420 0.232395
vt 0.603997 0.193739
vt 0.383430 0.819600
vt 0.621844 0.265250
vt 0.788100 0.166598
vt 0.619121 0.239464
vt 0.320169 0.799665
vt 0.612010 0.164826
vt 0.397147 0.858660
vt 0.789246 0.797817
vt 0.771513 0.204871
vt 0.581376 0.300499
vt 0.764902 0.256065
vt 0.904132 0.856979
vt 0.830643 0.756999
vt 0.939735 0.798780
vt 0.630517 0.331863
vt 0.938392 0.791419
vt 0.938528 0.791183
vt 0.949029 0.759512
vt 0.954066 0.755353
vt 0.986660 0.882879
vt 0.922189 0.786791
vt 0.897926 0.740233
vt 0.938635 0.789971
vt 0.938334 0.790692
vt 0.937984 0.791031
vt 0.938277 0.791141
vt 0.936957 0.793192
vt 0.560947 0.286095
vt 0.604037 0.349744
vt 0.935199 0.793093
vt 0.936279 0.793522
vt 0.639528 0.217046
vt 0.639949 0.191638
vt 0.995000 0.882565
vt 0.935113 0.793506
vt 0.935588 0.793369
vt 0.935788 0.793665
vt 0.936656 0.794624
vt 0.728391 0.197344
vt 0.955863 0.872951
vt 0.641507 0.301558
vt 0.721922 0.229569
vt 0.576742 0.304286
vt 0.819600 0.487284
vt 0.915423 0.571183
vt 0.837340 0.590071
vt 0.836955 0.568955
vt 0.747801 0.166800
vt 0.640289 0.175702
vt 0.958237 0.583312
vt 0.606985 0.372219
vt 0.647843 0.375445
vt 0.847272 0.636535
vt 0.860346 0.646182
vt 0.741748 0.562231
vt 0.883566 0.287635
vt 0.905599 0.288103
vt 0.650771 0.346855
vt 0.805696 0.574227
vt 0.797078 0.532916
vt 0.870691 0.290655
vt 0.592117 0.327272
vt 0.700322 0.512355
vt 0.669778 0.526502
vt 0.674460 0.518324
vt 0.712062 0.271019
vt 0.759708 0.278946
vt 0.864917 0.654592
vt 0.898754 0.657839
vt 0.715442 0.499412
vt 0.684286 0.519040
vt 0.934674 0.587139
vt 0.817904 0.602456
vt 0.873989 0.648704
vt 0.698031 0.555700
vt 0.684992 0.543671
vt 0.779981 0.322048
vt 0.902410 0.563250
vt 0.819080 0.300330
vt 0.653969 0.238457
vt 0.844822 0.651840
vt 0.840680 0.547415
vt 0.601722 0.360937
vt 0.836132 0.640939
vt 0.668491 0.370559
vt 0.705953 0.569271
vt 0.804269 0.507884
vt 0.593196 0.343826
vt 0.832305 0.303354
vt 0.656832 0.274911
vt 0.654344 0.513647
vt 0.660454 0.527983
vt 0.669034 0.536107
vt 0.685472 0.574039
vt 0.721107 0.571398
vt 0.809106 0.544944
vt 0.793625 0.557584
vt 0.676628 0.328408
vt 0.713693 0.311213
vt 0.778660 0.399959
vt 0.783610 0.446898
vt 0.779331 0.441672
vt 0.764112 0.555872
vt 0.814215 0.539940
vt 0.880751 0.560276
vt 0.865497 0.556395
vt 0.771269 0.364985
vt 0.773628 0.390108
vt 0.657876 0.510864
vt 0.771095 0.566517
vt 0.879156 0.300087
vt 0.926397 0.546016
vt 0.760863 0.324902
vt 0.765622 0.347840
vt 0.881478 0.673319
vt 0.661790 0.566180
vt 0.713499 0.582345
vt 0.812426 0.321385
vt 0.649638 0.526996
vt 0.667065 0.592014
vt 0.799080 0.329215
vt 0.786065 0.462331
vt 0.781163 0.461278
vt 0.781856 0.471896
vt 0.705840 0.595267
vt 0.832099 0.530451
vt 0.855411 0.659323
vt 0.863745 0.675053
vt 0.638870 0.531320
vt 0.743999 0.577279
vt 0.944951 0.563105
vt 0.731410 0.376155
vt 0.853376 0.670752
vt 0.775538 0.362835
vt 0.905549 0.546423
vt 0.761157 0.578211
vt 0.825547 0.560320
vt 0.898226 0.318999
vt 0.689821 0.368878
vt 0.638874 0.543054
vt 0.824540 0.329046
vt 0.857187 0.329141
vt 0.843180 0.533262
vt 0.739608 0.475401
vt 0.043133 0.725252
vt 0.048170 0.722570
vt 0.043854 0.729948
vt 0.785773 0.341680
vt 0.962037 0.345000
vt 0.988173 0.354542
vt 0.972491 0.358452
vt 0.070982 0.752160
vt 0.049039 0.704067
vt 0.875720 0.549148
vt 0.918387 0.334965
vt 0.877913 0.316662
vt 0.798047 0.700357
vt 0.801425 0.748777
vt 0.790722 0.742133
vt 0.689888 0.400926
vt 0.732974 0.453551
vt 0.789689 0.694792
vt 0.054096 0.705968
vt 0.805802 0.704907
vt 0.088177 0.649351
vt 0.060838 0.683622
vt 0.065042 0.636633
vt 0.784770 0.739838
vt 0.783441 0.694494
vt 0.684441 0.612976
vt 0.721055 0.595665
vt 0.751725 0.595679
vt 0.087128 0.599905
vt 0.115987 0.603656
vt 0.944132 0.337570
vt 0.809274 0.406387
vt 0.172596 0.521070
vt 0.166974 0.503381
vt 0.183749 0.501816
vt 0.195939 0.497329
vt 0.204828 0.477460
vt 0.207709 0.494446
vt 0.201199 0.469432
vt 0.148482 0.506819
vt 0.172969 0.476276
vt 0.168601 0.529859
vt 0.213102 0.467682
vt 0.212717 0.468207
vt 0.213076 0.468256
vt 0.213568 0.467392
vt 0.213956 0.468621
vt 0.213472 0.468080
vt 0.223972 0.462358
vt 0.193660 0.522499
vt 0.151595 0.467191
vt 0.222874 0.487977
vt 0.209863 0.501875
vt 0.141566 0.505572
vt 0.103599 0.537108
vt 0.786725 0.580805
vt 0.878101 0.712608
vt 0.812647 0.727490
vt 0.087214 0.729772
vt 0.079068 0.669715
vt 0.147887 0.554493
vt 0.238986 0.474466
vt 0.048963 0.610540
vt 0.076681 0.582136
vt 0.190802 0.454232
vt 0.212009 0.436739
vt 0.166014 0.440986
vt 0.196977 0.507808
vt 0.103788 0.497097
vt 0.734095 0.615032
vt 0.117671 0.472638
vt 0.718717 0.616249
vt 0.781712 0.399298
vt 0.113385 0.615014
vt 0.099970 0.636145
vt 0.239626 0.433666
vt 0.184987 0.415548
vt 0.134770 0.580842
vt 0.215540 0.507962
vt 0.239588 0.489078
vt 0.759555 0.694715
vt 0.183409 0.532865
vt 0.274689 0.445522
vt 0.123430 0.667843
vt 0.166323 0.545816
vt 0.265398 0.477391
vt 0.269378 0.425360
vt 0.177387 0.409283
vt 0.202258 0.407028
vt 0.159312 0.413915
vt 0.129844 0.444714
vt 0.152129 0.559910
vt 0.692734 0.628110
vt 0.211994 0.520134
vt 0.296235 0.454211
vt 0.308436 0.406127
vt 0.158350 0.409086
vt 0.071507 0.561222
vt 0.294360 0.404072
vt 0.232197 0.511740
vt 0.226043 0.393601
vt 0.195862 0.397044
vt 0.045987 0.575634
vt 0.035923 0.601255
vt 0.155099 0.670623
vt 0.153579 0.628650
vt 0.312528 0.379521
vt 0.283777 0.494870
vt 0.166099 0.402663
vt 0.135719 0.423773
vt 0.173610 0.651531
vt 0.395077 0.786002
vt 0.402965 0.737599
vt 0.410870 0.751004
vt 0.253453 0.393509
vt 0.210164 0.524891
vt 0.234921 0.514322
vt 0.402456 0.719163
vt 0.405057 0.700588
vt 0.403006 0.719516
vt 0.276469 0.378361
vt 0.191993 0.583788
vt 0.302080 0.466196
vt 0.302784 0.466158
vt 0.302495 0.465796
vt 0.302190 0.465959
vt 0.301738 0.465638
vt 0.401067 0.718127
vt 0.401910 0.719258
vt 0.401781 0.719848
vt 0.401718 0.719997
vt 0.063731 0.526324
vt 0.431960 0.813497
vt 0.407736 0.786864
vt 0.407992 0.786376
vt 0.302715 0.465581
vt 0.415336 0.702409
vt 0.644323 0.676351
vt 0.636739 0.669594
vt 0.635620 0.669007
vt 0.635618 0.669111
vt 0.397186 0.712590
vt 0.432186 0.779001
vt 0.639646 0.660952
vt 0.640531 0.657294
vt 0.640367 0.656347
vt 0.640081 0.652667
vt 0.640183 0.650170
vt 0.640014 0.651903
vt 0.641691 0.639139
vt 0.637578 0.658980
vt 0.637543 0.659293
vt 0.636740 0.660152
vt 0.635475 0.668611
vt 0.635304 0.669026
vt 0.634506 0.669606
vt 0.635368 0.669084
vt 0.624668 0.678636
vt 0.629255 0.705193
vt 0.445662 0.858457
vt 0.440343 0.793530
vt 0.625386 0.702554
vt 0.228557 0.362660
vt 0.067519 0.482720
vt 0.437546 0.775131
vt 0.434769 0.748493
vt 0.619117 0.642301
vt 0.623354 0.719258
vt 0.092877 0.453845
vt 0.015947 0.484821
vt 0.222632 0.559653
vt 0.195455 0.383095
vt 0.101128 0.413292
vt 0.413979 0.667249
vt 0.146823 0.397946
vt 0.448910 0.815611
vt 0.435558 0.722374
vt 0.602479 0.707791
vt 0.606002 0.741196
vt 0.135003 0.399549
vt 0.633908 0.609424
vt 0.199351 0.357788
vt 0.250174 0.541907
vt 0.421495 0.671997
vt 0.647344 0.629536
vt 0.441530 0.717473
vt 0.239711 0.340798
vt 0.158654 0.381519
vt 0.439718 0.696943
vt 0.034986 0.434660
vt 0.445206 0.790119
vt 0.405178 0.615403
vt 0.418582 0.644444
vt 0.418833 0.646451
vt 0.418186 0.642543
vt 0.609864 0.623035
vt 0.418951 0.647882
vt 0.418964 0.645876
vt 0.420576 0.641742
vt 0.418681 0.644285
vt 0.634981 0.542585
vt 0.630807 0.531260
vt 0.580352 0.712327
vt 0.498874 0.856076
vt 0.502049 0.818661
vt 0.452600 0.813165
vt 0.447936 0.750486
vt 0.443077 0.663541
vt 0.607192 0.658044
vt 0.588640 0.752410
vt 0.175987 0.352653
vt 0.017265 0.374981
vt 0.450723 0.779536
vt 0.447712 0.713427
vt 0.444205 0.628757
vt 0.644889 0.566231
vt 0.620110 0.529780
vt 0.616666 0.579238
vt 0.617791 0.616760
vt 0.447744 0.672507
vt 0.401683 0.592714
vt 0.610978 0.607543
vt 0.588778 0.655578
vt 0.586369 0.690624
vt 0.611525 0.596529
vt 0.192821 0.321132
vt 0.598512 0.640723
vt 0.446684 0.559063
vt 0.573412 0.766925
vt 0.451914 0.674609
vt 0.450315 0.614438
vt 0.613217 0.559692
vt 0.603640 0.564684
vt 0.453086 0.727249
vt 0.424159 0.568822
vt 0.419427 0.544774
vt 0.427388 0.541940
vt 0.629134 0.507358
vt 0.502441 0.769588
vt 0.408270 0.458173
vt 0.414613 0.500466
vt 0.405423 0.481846
vt 0.602885 0.573602
vt 0.603877 0.580308
vt 0.582557 0.622496
vt 0.455998 0.687223
vt 0.397343 0.445999
vt 0.456224 0.617932
vt 0.627039 0.494783
vt 0.606451 0.589083
vt 0.557285 0.713356
vt 0.425388 0.512873
vt 0.602565 0.530835
vt 0.459259 0.663247
vt 0.453971 0.532843
vt 0.444893 0.528498
vt 0.421131 0.475090
vt 0.403163 0.424072
vt 0.506669 0.719523
vt 0.462709 0.624600
vt 0.449389 0.520028
vt 0.590267 0.607597
vt 0.402705 0.379284
vt 0.577892 0.577640
vt 0.564981 0.643060
vt 0.457912 0.568365
vt 0.417197 0.437713
vt 0.416943 0.406088
vt 0.387179 0.412154
vt 0.506086 0.669741
vt 0.444322 0.501011
vt 0.813081 0.166890
vt 0.594208 0.557944
vt 0.575194 0.631242
vt 0.606178 0.498819
vt 0.901763 0.187549
vt 0.924028 0.145854
vt 0.768447 0.138405
vt 0.734673 0.116181
vt 0.775652 0.112491
vt 0.614648 0.472195
vt 0.584651 0.530382
vt 0.463487 0.566188
vt 0.446132 0.470951
vt 0.427008 0.360361
vt 0.856877 0.187208
vt 0.232782 0.830454
vt 0.583771 0.994957
vt 0.247593 0.909610
vt 0.788126 0.160258
vt 0.618656 0.438072
vt 0.634477 0.464406
vt 0.585689 0.587897
vt 0.583051 0.599651
vt 0.573842 0.606203
vt 0.448160 0.435048
vt 0.830090 0.177936
vt 0.287213 0.852674
vt 0.261065 0.840022
vt 0.182813 0.917817
vt 0.336901 0.912571
vt 0.640626 0.432266
vt 0.964647 0.215635
vt 0.865937 0.114099
vt 0.844171 0.124222
vt 0.514179 0.587559
vt 0.460295 0.523984
vt 0.909501 0.192680
vt 0.932459 0.198492
vt 0.134184 0.992648
vt 0.121270 0.995000
vt 0.112335 0.987636
vt 0.960045 0.149549
vt 0.815467 0.111985
vt 0.452342 0.488179
vt 0.451671 0.398092
vt 0.146429 0.992443
vt 0.584989 0.506498
vt 0.454156 0.422834
vt 0.232220 0.780534
vt 0.195167 0.980676
vt 0.224085 0.924177
vt 0.566655 0.571523
vt 0.463184 0.517870
vt 0.839508 0.192293
vt 0.808158 0.191650
vt 0.878728 0.190798
vt 0.595526 0.463288
vt 0.458457 0.429793
vt 0.890765 0.121889
vt 0.768208 0.090997
vt 0.799773 0.087989
vt 0.772526 0.076866
vt 0.617301 0.387974
vt 0.458705 0.490022
vt 0.459746 0.360723
vt 0.280894 0.803745
vt 0.461847 0.448013
vt 0.928849 0.202204
vt 0.319129 0.834717
vt 0.978375 0.169799
vt 0.514111 0.537401
vt 0.906654 0.197454
vt 0.560816 0.534516
vt 0.277154 0.952851
vt 0.824970 0.083033
vt 0.810751 0.076397
vt 0.929751 0.125917
vt 0.465190 0.457588
vt 0.293008 0.811717
vt 0.265032 0.960526
vt 0.267305 0.925984
vt 0.267554 0.925663
vt 0.272431 0.926832
vt 0.272241 0.926199
vt 0.791816 0.078147
vt 0.601102 0.419792
vt 0.277185 0.927481
vt 0.277782 0.927998
vt 0.839858 0.089980
vt 0.463874 0.364334
vt 0.846979 0.196031
vt 0.301998 0.810835
vt 0.907208 0.114209
vt 0.465347 0.408273
vt 0.806952 0.196973
vt 0.908732 0.239744
vt 0.939999 0.248435
vt 0.567441 0.494456
vt 0.519583 0.489947
vt 0.306240 0.960572
vt 0.302703 0.960600
vt 0.303089 0.960387
vt 0.300366 0.960820
vt 0.287322 0.963439
vt 0.884189 0.100010
vt 0.302976 0.960104
vt 0.302548 0.960169
vt 0.301656 0.960281
vt 0.580737 0.451391
vt 0.879326 0.237822
vt 0.343286 0.934263
vt 0.850686 0.238200
vt 0.348637 0.970432
vt 0.837522 0.074340
vt 0.518467 0.432952
vt 0.864040 0.085214
vt 0.994884 0.143433
vt 0.944496 0.111863
vt 0.811680 0.044598
vt 0.835693 0.068224
vt 0.381587 0.976206
vt 0.904259 0.086180
vt 0.514722 0.364245
vt 0.586587 0.398328
vt 0.814641 0.241480
vt 0.408440 0.992105
vt 0.586533 0.355664
vt 0.576736 0.327030
vt 0.960004 0.024054
vt 0.850203 0.056942
vt 0.937935 0.005000
vt 0.835258 0.057871
s 0
usemtl Material.001
f 1/1/1 2/2/1 3/3/1
s 1
f 545/4/2 4/5/3 5/6/4
f 4/5/3 3/7/5 5/6/6
f 3/7/7 2/2/8 5/6/9
s 0
f 6/8/10 8/9/1 7/10/1
s 1
f 7/10/11 8/9/11 5/6/11
f 5/6/12 8/9/12 9/11/12
s 0
f 11/12/13 12/13/14 10/14/15
s 1
f 10/14/16 12/13/17 9/11/18
f 9/11/18 12/13/17 801/15/19
f 24/16/20 19/17/21 26/18/22
f 19/17/23 17/19/24 25/20/25
f 17/19/26 16/21/26 883/22/26
f 21/23/27 30/24/28 28/25/29
f 30/24/30 21/23/30 23/26/30
f 871/27/31 22/28/32 24/16/33
f 26/18/34 19/17/23 25/20/25
f 17/19/35 895/29/35 16/21/35
f 22/28/36 21/23/36 28/25/36
f 17/19/24 19/17/23 895/29/37
f 24/16/33 22/28/32 19/17/38
f 38/30/39 39/31/40 43/32/41
f 43/32/42 39/31/42 40/33/42
f 38/30/43 42/34/44 41/35/45
f 45/36/46 46/37/46 47/38/46
s 0
f 46/37/47 48/39/47 47/38/47
s 1
f 48/39/48 46/37/49 49/40/50
f 46/37/51 45/36/52 49/40/53
f 62/41/54 50/42/55 51/43/56
f 52/44/57 51/43/58 53/45/59
f 51/43/56 50/42/55 53/45/60
f 55/46/61 54/47/62 56/48/63
f 54/47/62 53/45/60 56/48/63
f 53/45/60 50/42/55 56/48/63
f 56/48/63 50/42/55 57/49/64
f 57/49/65 50/42/66 58/50/67
f 59/51/61 58/50/67 60/52/68
f 58/50/67 50/42/66 60/52/68
f 50/42/66 786/53/69 60/52/68
f 811/54/70 50/42/66 61/55/71
f 50/42/66 62/41/72 61/55/71
f 62/41/54 51/43/56 63/56/73
f 52/44/74 49/40/75 51/43/76
f 49/40/53 45/36/52 51/43/77
f 86/57/78 85/58/79 103/59/80
f 88/60/81 87/61/82 83/62/83
f 84/63/84 103/59/85 85/58/86
f 79/64/87 103/59/85 84/63/84
f 105/65/88 90/66/88 93/67/88
f 90/66/89 89/68/90 94/69/91
f 95/70/92 94/69/92 89/68/92
f 90/66/93 94/69/94 77/71/95
f 94/69/96 95/72/96 77/71/96
f 77/71/97 95/72/97 97/73/97
f 95/70/98 89/68/98 77/71/98
f 89/68/99 91/74/99 77/71/99
f 98/75/100 91/74/101 96/76/102
f 96/76/103 106/77/104 81/78/105
f 96/76/102 91/74/101 106/77/106
f 90/66/93 77/71/95 101/79/107
f 90/66/89 105/65/108 84/63/109
f 79/64/110 84/63/109 105/65/108
f 93/67/111 90/66/111 101/79/111
f 600/80/112 89/68/90 90/66/89
f 118/81/113 122/82/114 109/83/115
f 109/83/116 100/84/117 118/81/118
f 91/74/119 89/68/119 600/80/119
f 111/85/120 112/86/121 113/87/122
f 112/86/121 122/82/114 113/87/122
f 113/87/122 122/82/114 118/81/113
f 116/88/123 115/89/123 114/90/123
f 86/57/124 123/91/124 87/61/124
f 77/71/125 91/74/125 98/75/125
f 104/92/126 122/82/127 117/93/128
f 122/82/127 112/86/129 117/93/128
f 112/94/130 111/95/131 117/93/132
f 117/93/132 111/95/131 118/81/133
f 111/95/134 113/87/122 118/81/113
f 118/81/118 100/84/117 80/96/135
f 120/97/136 119/98/136 76/99/136
f 137/100/137 100/84/138 109/83/139
f 104/92/140 117/93/140 118/81/140
f 116/88/141 119/98/142 115/89/143
f 115/89/143 119/98/142 120/97/144
f 123/91/145 86/57/145 103/59/145
f 102/101/146 96/76/103 81/78/105
f 88/102/147 83/103/148 104/92/149
f 126/104/150 82/105/151 124/106/152
f 125/107/153 82/105/154 83/108/83
f 83/108/155 82/105/151 126/104/150
f 83/108/83 87/109/82 125/107/153
f 78/110/156 102/101/157 81/78/158
f 127/111/159 86/57/159 87/61/159
f 114/90/160 80/96/161 634/112/162
f 125/107/153 87/109/82 123/113/163
f 98/75/164 96/76/103 595/114/165
f 130/115/166 90/66/89 84/63/109
f 109/83/115 122/82/114 144/116/167
f 131/117/168 123/113/169 103/118/170
f 134/119/171 81/78/171 135/120/171
f 81/78/172 106/77/173 135/120/174
f 86/57/78 127/111/175 85/58/79
f 104/92/149 118/81/176 88/102/147
f 595/114/165 96/76/103 102/101/146
f 102/101/157 132/121/177 593/122/178
f 132/121/177 102/101/157 78/110/156
f 81/78/179 134/119/180 141/123/181
f 141/123/181 134/124/180 588/125/182
f 134/124/183 135/120/183 588/125/183
f 135/120/174 106/77/173 588/125/184
f 588/125/185 106/77/185 75/126/185
f 136/127/186 115/89/143 120/97/144
f 137/100/137 109/83/139 144/116/187
f 144/116/188 122/82/188 104/92/188
f 141/123/181 588/125/182 81/78/179
f 80/96/161 114/90/160 136/127/189
f 119/98/190 116/88/191 142/128/192
f 601/129/193 142/128/193 116/88/193
f 124/106/194 82/105/195 618/130/196
f 618/130/196 82/105/195 128/131/197
f 82/105/154 125/107/153 128/131/198
f 103/118/199 79/132/199 131/117/199
f 148/133/200 147/134/200 149/135/200
f 147/134/201 148/133/201 150/136/201
f 150/136/202 148/133/202 535/137/202
f 458/138/203 441/139/204 156/140/205
f 164/141/206 161/142/207 395/143/208
f 161/142/209 162/144/209 395/143/209
f 395/143/210 162/144/211 163/145/212
f 162/144/213 161/142/213 164/146/213
f 164/141/206 395/143/208 165/147/214
f 170/148/215 171/149/215 172/150/215
f 322/151/216 172/150/217 171/149/218
f 283/152/219 178/153/220 176/154/221
s 0
f 176/154/222 178/153/222 177/155/222
s 1
f 178/153/220 283/152/219 179/156/223
f 252/157/224 186/158/225 185/159/226
f 184/160/227 186/158/225 252/157/224
f 183/161/228 184/160/227 252/157/224
f 188/162/229 187/163/230 183/161/231
f 249/164/232 185/159/232 196/165/232
f 185/159/233 249/164/233 252/157/233
f 186/158/225 184/160/227 192/166/234
f 184/160/235 183/161/236 187/163/237
f 185/159/238 186/158/238 196/165/238
f 193/167/239 183/161/239 194/168/239
f 183/161/240 191/169/240 194/168/240
f 191/169/240 183/161/240 195/170/240
f 195/170/241 183/161/242 180/171/243
f 183/161/231 193/167/244 246/172/245
f 193/167/246 194/168/246 197/173/246
f 197/173/247 194/174/248 180/171/243
f 194/174/248 191/175/249 180/171/243
f 191/175/249 195/170/241 180/171/243
f 188/162/229 183/161/231 245/176/250
f 197/173/247 180/171/243 193/167/251
f 203/177/252 200/178/252 201/179/252
f 203/177/253 201/179/253 205/180/253
f 204/181/254 203/177/254 205/180/254
f 201/179/255 200/178/256 212/182/257
f 212/182/258 200/178/258 203/177/258
f 205/180/259 206/183/260 215/184/261
f 199/185/262 205/180/259 215/184/261
f 205/180/263 201/179/263 206/183/263
f 206/183/264 201/179/264 207/186/264
f 201/179/255 212/182/257 207/186/265
f 204/181/266 205/180/267 210/187/268
f 208/188/269 205/180/267 199/185/270
f 212/182/271 203/177/271 204/181/271
f 198/189/272 199/185/272 215/184/272
f 199/185/273 209/190/273 217/191/273
f 213/192/274 210/187/268 211/193/275
f 217/191/276 208/188/269 199/185/270
f 198/189/277 214/194/278 199/185/279
f 215/184/261 206/183/260 218/195/280
f 216/196/281 206/183/281 207/186/281
f 209/190/282 199/185/282 214/194/282
f 218/195/280 206/183/260 219/197/283
f 212/182/257 220/198/284 207/186/265
f 204/181/266 210/187/268 213/192/274
f 210/187/268 205/180/267 208/188/269
f 214/194/278 198/189/277 222/199/285
f 220/198/284 212/182/257 213/192/274
f 213/192/274 212/182/257 204/181/266
f 211/193/275 210/187/268 223/200/286
f 208/188/269 217/191/276 228/201/287
f 209/190/288 214/194/288 222/199/288
f 219/197/283 206/183/260 216/196/289
f 209/190/290 222/199/291 225/202/292
f 207/186/293 220/198/293 216/196/293
f 211/193/275 223/200/286 226/203/294
f 210/187/268 227/204/295 223/200/286
f 208/188/296 228/201/297 224/205/298
f 217/191/299 209/190/299 225/202/299
f 215/184/300 218/195/300 229/206/300
f 227/204/295 210/187/268 208/188/301
f 219/197/302 216/196/303 181/207/304
f 220/208/305 213/209/306 235/210/307
f 224/205/298 228/201/297 230/211/308
f 230/211/308 228/201/297 232/212/309
f 247/213/310 222/199/310 198/189/310
f 216/214/311 220/208/311 236/215/311
f 198/189/312 215/184/312 229/206/312
f 211/216/313 240/217/314 234/218/315
f 223/200/286 227/204/316 238/219/317
f 227/204/295 208/188/301 224/205/318
f 232/212/319 228/201/287 239/220/320
f 225/202/292 222/199/291 233/221/321
f 228/201/287 217/191/276 239/220/320
f 233/221/322 222/199/322 247/213/322
f 240/217/314 211/216/313 226/222/323
f 237/223/324 226/203/294 223/200/286
f 239/220/320 217/191/276 225/202/292
f 211/224/313 234/225/315 213/209/325
f 239/220/320 225/202/292 233/221/321
f 220/208/326 235/210/327 236/215/328
f 182/226/329 230/211/308 232/212/309
f 247/213/330 198/189/330 229/206/330
f 219/197/331 269/227/332 218/195/333
f 241/228/334 234/218/315 240/217/314
f 236/215/328 235/210/327 243/229/335
f 244/230/336 196/165/336 186/158/336
f 186/158/337 192/166/337 244/230/337
f 223/200/286 238/219/317 237/223/324
f 224/205/318 230/211/308 250/231/338
f 265/232/339 252/157/339 249/164/339
f 240/217/314 226/222/323 297/233/340
f 235/210/307 213/209/306 248/234/341
f 213/209/306 234/225/342 248/234/341
f 249/235/343 196/236/344 242/237/345
f 245/176/250 183/161/231 246/172/245
f 238/219/346 227/204/347 267/238/348
f 227/204/295 224/205/318 267/238/349
f 224/205/318 250/231/338 267/238/349
f 184/160/235 187/163/237 251/239/350
f 251/239/351 187/163/351 188/162/351
f 183/161/228 252/157/224 273/240/352
f 219/197/302 181/207/304 255/241/353
f 255/241/354 181/207/355 256/242/355
s 0
f 258/243/222 256/242/222 257/244/222
s 1
f 256/242/356 181/207/356 257/244/356
f 243/229/357 235/210/358 259/245/359
f 180/171/360 183/161/228 273/240/352
f 284/246/361 218/195/333 269/227/332
f 256/242/362 258/243/363 255/241/364
f 258/243/363 257/247/365 255/241/364
f 255/241/366 257/247/366 261/248/366
f 257/244/367 181/207/368 261/248/369
f 261/248/369 181/207/368 216/196/370
f 193/167/244 180/171/371 175/249/372
f 266/250/373 249/235/374 242/237/375
f 282/251/376 239/220/376 233/221/376
f 255/241/377 261/248/377 216/196/377
f 236/215/378 279/252/379 255/253/380
f 248/234/341 234/225/342 263/254/381
f 234/218/382 241/228/382 263/255/382
f 240/217/314 242/237/345 241/228/334
f 192/166/383 184/160/384 254/256/385
f 273/240/386 252/157/386 265/232/386
f 268/257/387 250/231/338 230/211/308
f 230/211/308 182/226/329 268/257/387
f 232/212/388 239/220/389 278/258/390
f 236/215/378 255/253/380 216/214/391
f 235/210/358 248/234/392 259/245/359
f 242/237/345 196/236/344 241/228/334
f 271/259/393 180/171/393 272/260/393
f 272/260/394 180/171/360 273/240/352
f 266/250/373 242/237/375 274/261/395
f 275/262/396 226/203/397 237/223/398
f 232/212/388 278/258/390 277/263/399
f 282/251/400 233/221/400 247/213/400
f 219/197/302 255/241/353 269/227/401
f 175/249/372 180/171/371 280/264/402
f 180/171/371 271/259/403 280/264/402
f 271/265/404 272/266/404 280/264/404
f 280/264/405 272/266/406 281/267/407
f 272/260/394 273/240/352 281/267/407
f 175/249/408 281/267/407 273/240/352
f 274/261/395 242/237/375 262/268/409
f 242/237/375 240/217/314 262/268/409
f 237/223/398 238/219/346 298/269/410
f 298/269/410 238/219/346 276/270/411
f 881/271/412 277/272/399 278/273/390
f 278/258/413 239/220/414 886/274/415
f 193/167/244 175/249/372 311/275/416
f 280/264/405 281/267/407 175/249/408
f 276/270/411 238/219/346 267/238/348
f 886/274/415 239/220/414 282/251/417
f 300/276/418 282/251/419 247/213/420
f 300/276/421 247/213/422 229/206/423
f 179/156/223 283/152/219 229/206/424
f 283/152/219 176/154/221 288/277/221
s 0
f 176/154/222 177/155/222 288/278/222
s 1
f 288/278/425 177/155/425 229/206/426
f 177/155/425 178/279/427 229/206/426
f 178/279/220 179/156/223 229/206/424
f 270/280/428 279/252/429 236/215/430
f 236/215/430 243/229/431 270/280/428
f 259/245/359 248/234/392 286/281/432
f 286/281/433 248/234/434 263/254/435
f 265/282/436 249/235/374 303/283/437
f 303/283/437 249/235/374 266/250/373
f 284/246/438 283/152/438 290/284/438
f 283/152/439 288/277/439 290/284/439
f 288/278/440 229/206/441 290/284/442
f 290/284/442 229/206/441 284/246/443
f 270/280/428 243/229/431 259/245/444
f 287/285/445 241/228/334 196/236/344
f 254/256/385 184/160/384 251/239/446
f 301/286/447 293/287/447 292/288/447
f 292/289/448 293/290/449 294/291/450
f 293/287/451 301/286/451 294/291/451
f 301/286/452 291/292/452 294/291/452
f 306/293/453 246/172/245 193/167/244
f 275/262/396 237/223/398 298/269/410
f 276/270/411 267/238/348 299/294/454
f 263/255/455 241/228/455 287/285/455
f 287/295/445 196/165/344 244/230/456
f 320/296/457 301/286/457 302/297/457
f 301/286/458 292/288/458 302/297/458
f 292/289/448 294/291/450 302/297/459
f 302/297/459 294/291/450 291/292/460
f 193/167/244 311/275/416 306/293/453
f 262/268/409 240/217/314 297/233/340
f 229/206/441 218/195/461 284/246/443
f 251/239/462 188/162/462 309/298/462
f 320/296/463 302/297/459 339/299/464
f 302/297/459 291/292/460 339/299/464
f 175/249/465 296/300/466 174/301/467
f 296/300/468 175/249/469 173/302/470
f 303/283/437 266/250/373 321/303/471
f 308/304/472 270/280/428 259/245/444
f 286/281/433 263/254/435 304/305/473
f 244/230/474 192/166/474 254/256/474
f 188/162/475 245/176/476 310/306/477
f 245/176/478 246/172/479 310/306/480
f 339/299/464 291/292/460 295/307/481
f 295/307/481 291/292/460 306/293/453
f 175/249/465 174/301/467 311/275/482
f 275/308/483 298/309/484 270/280/485
f 259/245/444 286/281/486 308/304/472
f 188/162/475 310/306/477 309/298/487
f 312/310/488 246/172/489 306/293/490
f 296/300/491 173/302/491 313/311/491
f 265/282/492 303/283/437 315/312/493
f 263/254/494 287/313/494 304/305/494
f 305/314/495 287/295/445 244/230/456
f 246/172/479 312/310/496 310/306/480
f 295/307/481 306/293/453 311/275/416
f 175/249/469 273/240/497 265/232/498
f 244/230/456 254/256/499 305/314/495
f 318/315/500 174/301/500 296/300/500
f 266/250/373 274/261/501 321/303/471
f 305/314/495 254/256/499 316/316/502
f 226/222/503 275/308/504 171/149/505
f 327/317/506 254/256/507 309/298/508
f 254/256/507 251/239/509 309/298/508
f 319/318/510 312/310/488 306/293/490
f 306/293/511 291/292/512 317/319/513
f 291/292/512 301/286/514 317/319/513
f 315/312/493 303/283/437 321/303/471
f 170/148/515 172/150/515 322/320/515
f 322/151/216 171/149/218 323/321/516
s 0
f 324/322/517 325/323/517 326/324/517
s 1
f 326/325/518 325/323/518 171/149/518
f 270/280/485 308/304/519 275/308/483
f 308/304/472 286/281/486 334/326/520
f 334/326/520 286/281/486 304/305/521
f 312/310/522 319/318/522 328/327/522
f 319/318/510 306/293/490 329/328/523
f 366/329/524 313/311/524 173/302/524
f 173/302/470 175/249/469 265/232/498
f 297/233/525 226/222/503 170/148/526
f 226/222/503 171/149/505 170/148/526
f 170/148/527 322/320/528 334/326/529
f 322/320/528 323/330/530 334/326/529
f 334/326/529 323/330/530 331/331/528
f 323/321/531 171/149/531 331/331/531
f 331/331/532 171/149/532 332/332/532
f 171/149/533 325/323/533 332/332/533
f 325/323/534 324/322/534 332/332/534
f 324/322/535 326/324/536 332/332/535
f 332/332/537 326/324/538 333/333/539
f 326/325/540 171/149/540 333/333/540
f 333/333/541 171/149/541 275/308/541
f 334/326/529 275/308/483 308/304/519
f 334/326/542 304/305/543 340/334/544
f 316/316/545 254/256/545 335/335/545
f 254/256/546 169/336/546 335/335/546
f 169/336/547 168/337/547 335/335/547
f 335/335/548 168/338/548 316/316/548
f 316/316/549 168/338/549 336/339/549
f 168/340/550 169/336/551 336/339/552
f 169/336/551 254/256/507 336/339/552
f 336/339/552 254/256/507 327/317/506
f 348/341/553 309/298/508 310/306/554
f 319/342/555 329/343/555 312/310/555
f 312/310/556 329/343/556 337/344/556
f 329/328/557 306/293/557 337/344/557
f 337/344/558 306/293/511 314/345/559
f 314/345/559 306/293/511 317/319/513
f 301/286/514 330/346/560 317/319/513
f 334/326/529 331/331/528 332/332/537
f 333/333/539 275/308/483 332/332/537
f 304/305/543 287/313/561 340/334/544
f 316/316/562 336/339/562 327/317/562
f 327/317/506 309/298/508 348/341/553
f 310/306/554 312/310/563 348/341/553
f 337/344/564 314/345/565 312/310/563
f 362/347/566 320/296/463 339/299/464
f 296/300/567 313/311/567 318/315/567
f 332/332/537 275/308/483 334/326/529
f 287/313/568 305/348/569 340/334/570
f 301/286/514 320/296/571 330/346/560
f 342/349/572 317/319/573 341/350/574
f 312/310/563 314/345/565 317/319/573
f 345/351/1 344/352/1 343/353/575
f 345/351/1 343/353/575 346/354/576
f 343/353/575 317/319/573 346/354/576
f 317/319/573 330/346/577 346/354/576
f 348/341/553 312/310/563 342/349/572
f 342/349/572 312/310/563 317/319/573
f 317/319/573 343/353/575 361/355/578
f 343/353/575 344/356/579 361/355/578
f 344/356/579 345/357/580 361/355/578
f 345/357/580 346/354/576 361/355/578
f 346/354/576 330/346/577 361/355/578
f 362/358/566 349/359/581 320/360/463
f 339/299/582 295/307/583 167/361/584
f 167/361/584 295/307/583 363/362/585
f 173/302/586 265/232/492 366/329/587
f 366/363/587 265/282/492 315/312/493
f 330/364/560 320/360/571 349/359/588
f 350/365/589 352/366/590 351/367/591
f 350/368/589 349/359/581 353/369/592
f 353/369/592 349/359/581 362/358/566
f 295/307/583 311/275/593 363/362/585
f 311/275/593 174/301/594 363/362/585
f 318/315/595 313/311/595 354/370/595
f 274/261/596 262/268/597 364/371/598
f 327/317/599 348/341/599 347/372/599
f 355/373/600 342/349/601 356/374/602
f 361/355/578 341/350/574 317/319/573
f 352/375/590 350/368/589 353/369/592
f 358/376/603 315/312/493 321/303/471
f 364/371/604 321/303/604 274/261/604
f 364/371/598 262/268/597 170/148/526
f 262/268/597 297/233/525 170/148/526
f 342/349/605 355/373/605 359/377/605
f 359/378/606 355/379/607 341/350/608
f 355/379/609 356/374/609 341/350/609
f 356/374/602 342/349/601 341/350/610
f 400/380/611 305/348/569 316/381/612
f 348/341/613 342/349/613 365/382/613
f 342/349/614 359/377/614 365/382/614
f 359/378/606 341/350/608 365/382/615
f 365/382/615 341/350/608 347/372/616
f 347/372/617 341/350/617 360/383/617
f 330/364/560 349/359/588 375/384/618
f 352/375/619 353/369/619 357/385/619
f 362/347/620 339/299/582 167/361/584
f 334/326/529 340/334/621 170/148/527
f 348/341/622 365/382/622 347/372/622
f 349/359/588 350/368/623 375/384/618
f 350/365/624 351/367/624 368/386/624
f 363/362/625 318/315/626 376/387/627
f 358/376/628 321/303/628 364/371/628
f 316/316/629 327/317/629 367/388/629
f 360/383/630 341/350/631 361/355/632
f 361/355/578 330/346/577 166/389/633
f 375/384/618 350/368/623 371/390/634
f 174/301/594 318/315/635 363/362/585
f 366/363/587 315/312/493 358/376/636
f 372/391/637 362/358/620 167/392/584
f 400/380/611 340/334/570 305/348/569
f 372/391/638 167/392/639 399/393/640
f 373/394/641 313/311/642 366/329/643
f 347/372/644 360/383/645 380/395/646
f 352/375/647 357/385/648 383/396/649
f 362/358/620 372/391/637 353/369/650
f 399/397/640 167/361/639 363/362/651
f 318/315/652 354/370/652 377/398/652
f 313/311/642 373/394/641 354/370/653
f 366/363/587 358/376/636 373/399/654
f 327/317/655 347/372/656 367/388/657
f 360/383/630 361/355/632 381/400/658
f 166/401/633 330/364/577 375/384/659
f 397/402/660 351/367/660 446/403/660
f 376/387/627 318/315/626 377/398/661
f 364/371/662 170/148/527 340/334/621
f 166/401/633 375/384/659 382/404/663
f 382/404/663 375/384/659 371/390/664
f 406/405/665 353/369/650 372/391/637
f 399/397/640 363/362/651 378/406/666
f 361/355/632 166/389/667 381/400/658
f 371/390/634 350/368/623 379/407/668
f 368/386/669 379/408/669 350/365/669
f 446/403/670 351/367/591 352/366/590
f 369/409/671 352/366/672 384/410/673
f 352/375/672 383/396/674 384/411/673
f 376/387/675 378/406/666 363/362/651
f 364/371/662 340/334/621 400/380/676
f 385/412/677 316/381/612 367/413/678
f 386/414/679 347/372/679 380/395/679
f 380/395/646 360/383/645 387/415/680
f 388/416/681 379/407/681 389/417/681
s 0
f 390/418/1 391/419/682 392/420/1
f 392/420/517 391/419/682 393/421/517
s 1
f 391/419/683 379/407/683 393/421/683
f 368/386/684 351/367/684 397/402/684
f 395/143/685 394/422/686 408/423/687
f 408/423/687 394/422/686 396/424/688
f 400/380/611 316/381/612 385/412/677
f 347/372/656 386/414/689 367/388/657
f 371/390/664 379/407/690 401/425/691
f 401/425/692 379/407/692 402/426/692
f 379/407/693 388/416/693 402/426/693
f 402/426/694 388/427/695 403/428/695
f 388/427/695 389/429/695 403/428/695
f 389/417/696 379/407/696 403/428/696
f 403/428/697 379/407/697 404/430/697
f 379/407/698 391/419/698 404/430/698
f 391/419/699 390/418/699 404/430/699
f 404/430/700 390/418/701 405/431/702
f 390/418/703 392/420/703 405/431/703
f 392/420/703 393/421/703 405/431/703
f 393/421/704 379/407/704 405/431/704
f 379/408/705 368/386/706 405/432/707
f 430/433/708 395/143/685 408/423/687
f 406/405/665 357/385/709 353/369/650
f 402/426/710 403/428/711 401/425/712
f 403/428/711 404/430/713 401/425/712
f 401/425/691 404/430/700 405/431/702
f 430/433/714 163/145/212 162/144/211
f 164/146/715 165/434/715 162/144/715
f 162/144/211 165/434/716 407/435/717
f 165/147/718 395/143/718 407/435/718
f 396/424/719 431/436/719 408/423/719
f 410/437/720 386/414/720 409/438/720
f 360/383/645 381/400/721 387/415/680
f 381/439/658 382/404/722 419/440/723
f 371/390/664 401/425/691 382/404/663
f 398/441/724 394/422/724 395/143/724
f 162/144/211 407/435/717 430/433/714
f 407/435/725 395/143/725 430/433/725
f 398/441/726 397/402/726 420/442/726
f 383/396/649 357/385/648 412/443/727
f 413/444/728 414/445/729 412/443/727
s 0
f 414/446/1 413/444/1 415/447/1
s 1
f 415/447/730 413/444/730 357/385/730
f 413/444/728 412/443/727 357/385/648
f 364/371/662 400/380/676 358/376/731
f 400/380/676 385/412/732 358/376/731
f 367/388/733 386/414/733 417/448/733
f 386/414/734 410/437/734 417/448/734
f 410/449/735 409/450/736 417/448/737
f 417/448/737 409/450/736 418/451/738
f 409/438/739 386/414/739 418/451/739
f 418/451/740 386/414/741 411/452/742
f 166/401/667 382/404/722 381/439/658
f 382/404/663 401/425/691 405/431/702
f 433/453/743 368/386/706 397/402/744
f 383/396/745 412/443/746 471/454/747
f 412/443/748 414/446/748 471/454/748
f 414/446/749 415/447/749 471/454/749
f 415/447/750 357/385/750 471/454/750
f 471/454/751 357/385/751 406/405/751
f 416/455/752 372/391/638 399/393/640
f 367/388/753 417/448/753 411/452/753
f 417/448/754 418/451/740 411/452/742
f 386/414/755 380/395/756 411/452/757
f 395/143/758 163/145/759 422/456/760
f 394/422/761 398/441/762 396/424/763
f 352/366/764 369/409/765 446/403/766
f 384/411/767 383/396/745 471/454/747
f 376/387/768 377/398/769 427/457/770
f 368/386/706 433/453/743 405/432/707
f 377/398/771 354/370/772 373/394/773
f 382/404/722 405/431/774 419/440/723
f 398/441/775 395/143/775 443/458/775
f 420/459/776 397/460/776 424/461/776
f 373/399/773 358/376/731 385/412/732
f 385/412/777 367/413/778 157/462/779
f 157/463/779 367/464/778 411/465/780
f 381/400/781 419/466/782 425/467/783
f 159/468/784 163/145/212 430/433/714
f 396/424/763 398/441/762 420/442/785
f 421/469/786 160/470/786 369/409/786
f 406/405/787 372/391/638 426/471/788
f 427/457/789 377/398/771 373/394/773
f 411/452/757 380/395/756 387/415/790
f 387/415/791 381/400/781 425/467/783
f 419/472/723 405/432/774 433/453/792
f 433/453/743 397/402/744 398/441/793
f 159/468/794 158/473/794 163/145/794
f 163/145/795 158/473/795 428/474/795
f 428/474/796 158/475/797 429/476/798
f 158/477/799 159/468/799 429/476/799
f 159/468/800 430/433/800 429/476/800
f 430/433/801 441/139/801 429/476/801
f 406/405/802 426/471/802 471/454/802
f 395/143/803 422/456/803 443/458/803
f 422/456/760 163/145/759 444/478/804
f 163/145/805 428/474/805 444/478/805
f 428/474/796 429/476/798 444/478/806
f 429/476/807 441/139/808 444/478/809
f 431/436/810 396/424/811 464/479/812
f 421/469/813 369/409/813 384/410/813
f 378/406/814 376/387/768 427/457/770
f 156/140/205 441/139/204 430/433/815
f 464/479/812 447/480/816 431/436/810
f 426/471/788 372/391/638 416/455/752
f 378/406/814 427/457/770 434/481/817
s 0
f 437/482/47 439/483/47 438/484/47
s 1
f 438/484/818 439/485/819 387/486/790
f 387/486/820 425/487/820 432/488/820
f 435/489/821 408/423/822 431/436/823
f 411/465/757 387/486/790 442/490/824
f 387/486/790 439/485/825 442/490/824
f 439/483/735 437/482/735 442/490/735
f 442/490/826 437/482/826 440/491/826
f 437/482/827 438/484/827 440/491/827
f 438/484/818 387/486/790 440/491/828
f 387/486/790 432/488/829 440/491/828
f 432/488/830 425/487/831 449/492/832
f 424/461/833 397/460/834 446/493/835
f 385/412/732 157/462/836 373/399/773
f 442/490/837 440/491/837 411/465/837
f 433/453/743 398/441/793 443/458/838
f 420/459/839 424/461/839 445/494/839
f 427/457/789 373/394/773 467/495/538
f 467/496/538 373/497/773 157/463/836
f 425/487/831 468/498/840 449/492/832
f 425/487/783 419/499/782 450/500/841
f 433/453/842 469/501/842 419/472/842
f 457/502/843 458/503/203 156/504/205
f 460/505/844 420/459/845 445/494/846
f 399/397/847 378/406/814 434/481/817
f 434/481/848 427/457/789 467/495/538
f 452/506/849 411/465/780 440/491/850
f 440/491/851 432/488/851 449/492/851
f 443/458/852 422/456/853 453/507/854
f 454/508/855 453/507/854 455/509/856
f 453/507/854 422/456/853 455/509/856
f 422/456/857 444/478/858 451/510/859
f 463/511/860 458/503/203 457/502/843
f 470/512/861 430/433/862 435/489/863
f 430/433/862 408/423/864 435/489/863
f 435/489/821 431/436/823 154/513/865
f 424/461/833 446/493/835 460/505/866
f 369/409/765 160/470/867 446/403/766
f 399/397/847 434/481/817 467/495/868
f 411/465/780 452/506/849 157/463/779
f 453/507/869 454/514/869 443/458/869
f 443/458/870 454/514/871 461/515/872
f 454/508/871 455/509/873 461/515/872
f 466/516/874 396/424/874 460/517/874
f 396/424/875 420/442/845 460/517/844
f 433/453/743 443/458/838 155/518/876
f 443/458/838 461/515/877 462/519/878
f 461/515/877 455/509/879 462/519/878
f 422/456/857 451/510/859 455/509/880
f 431/436/881 447/480/881 459/520/881
f 425/487/831 450/500/882 468/498/840
f 488/521/883 463/511/860 457/502/843
f 430/433/862 470/512/861 156/140/884
f 396/424/885 466/516/885 464/479/885
f 446/493/886 160/522/886 473/523/886
f 416/455/887 399/393/847 467/524/868
f 433/453/888 155/518/889 469/501/890
f 444/478/809 441/139/808 458/138/891
f 435/489/892 154/513/893 470/512/894
f 475/525/895 426/471/896 416/455/887
f 475/525/895 416/455/887 467/524/868
f 440/491/850 449/492/897 452/506/849
f 468/498/898 450/500/899 472/526/900
f 419/499/782 469/527/901 450/500/841
f 443/458/838 462/519/878 155/518/876
f 484/528/902 156/504/884 153/529/903
f 449/492/897 468/498/904 452/506/849
f 450/500/905 469/527/906 507/530/907
f 457/502/908 156/504/884 484/528/902
f 470/531/894 154/532/893 477/533/909
f 154/513/910 431/436/910 459/520/910
f 445/494/911 424/461/911 460/505/911
f 467/496/538 157/463/836 452/506/912
f 468/498/913 472/526/914 476/534/915
f 455/509/879 451/510/916 462/519/878
f 481/535/917 479/536/918 478/537/919
f 478/537/920 480/538/920 500/539/920
f 480/538/921 478/537/921 479/536/921
f 479/536/918 481/535/917 483/540/922
f 481/535/923 478/537/923 482/541/923
f 480/542/924 489/543/924 500/544/924
f 156/140/884 470/512/861 153/545/903
f 464/479/925 496/546/926 447/480/927
f 473/523/928 487/547/928 497/548/928
f 473/523/929 160/522/929 487/547/929
f 492/549/930 160/550/930 421/551/930
f 384/411/931 471/454/931 498/552/931
f 462/553/878 451/554/916 152/555/932
f 444/478/858 458/138/933 485/556/934
f 446/493/935 473/523/935 497/548/935
f 451/510/859 444/478/858 485/556/934
f 494/557/936 479/536/918 488/521/883
f 479/536/918 483/540/922 488/521/883
f 488/521/937 457/502/908 484/528/902
f 459/520/938 447/480/938 486/558/938
f 475/525/939 467/524/538 452/559/912
f 469/501/890 155/518/889 462/519/940
f 489/543/941 480/542/942 491/560/943
f 483/540/922 463/511/860 488/521/883
f 153/561/944 470/531/894 477/533/909
f 496/546/926 486/558/945 447/480/927
f 452/506/849 468/498/904 151/562/946
f 450/500/899 507/530/947 472/526/900
f 458/503/933 463/511/948 485/563/934
f 494/557/936 490/564/949 479/536/918
f 466/516/950 460/517/951 496/546/952
f 497/548/953 460/505/954 446/493/955
f 498/565/956 421/469/957 384/410/958
f 471/454/959 426/471/960 475/525/961
f 151/562/946 468/498/904 476/534/962
f 469/527/906 493/566/963 507/530/907
f 485/563/934 463/511/948 499/567/964
f 488/521/937 484/528/902 501/568/965
f 484/528/966 153/529/967 495/569/968
f 496/546/969 464/479/969 466/516/969
f 505/570/970 484/528/966 495/569/968
f 492/549/971 421/551/957 498/571/956
f 471/454/959 475/525/961 498/552/972
f 476/534/915 472/526/914 516/572/973
f 472/526/974 507/530/974 516/572/974
f 469/573/975 462/553/976 493/574/977
f 152/555/932 451/554/916 485/563/978
f 160/550/979 492/549/979 487/575/979
f 462/553/980 152/555/981 502/576/982
f 500/544/983 489/543/983 519/577/983
f 530/578/984 489/543/941 491/560/943
f 504/579/985 491/560/943 480/542/942
f 535/137/986 477/533/986 150/136/986
f 475/525/939 452/559/912 498/552/987
f 493/574/977 462/553/976 502/576/988
f 503/580/989 152/555/932 485/563/978
f 480/538/942 479/536/918 504/581/985
f 501/568/990 484/528/966 505/570/970
f 459/520/991 520/582/992 154/513/993
f 511/583/994 460/505/954 497/548/953
f 503/580/989 485/563/978 508/584/995
f 508/584/995 485/563/978 499/567/996
f 463/511/997 483/540/998 499/567/999
f 483/540/1000 481/535/1001 509/585/1002
f 481/535/1003 482/541/1004 509/585/1005
f 494/557/1006 524/586/1007 490/564/1008
f 153/561/944 477/533/909 506/587/1009
f 149/135/1010 147/134/1010 514/588/1010
f 147/134/1011 150/136/1011 514/588/1011
f 459/520/991 486/558/1012 520/582/992
f 487/575/1013 492/549/1014 498/571/987
f 498/571/987 452/506/912 151/562/1015
f 515/589/1016 151/562/946 476/534/962
f 507/530/1017 493/566/1018 512/590/1019
f 493/574/1020 502/576/1021 526/591/1022
f 152/555/981 503/580/1023 502/576/982
f 508/584/1024 483/540/1000 509/585/1002
f 509/585/1005 482/541/1004 518/592/1025
f 482/541/1026 478/537/1027 500/539/1028
f 479/536/918 490/564/949 504/581/985
f 524/586/1029 494/557/1030 488/521/937
f 153/561/1031 506/587/1031 495/593/1031
f 150/136/1032 477/533/1033 154/532/1034
f 496/546/952 460/517/951 510/594/1035
f 511/583/1036 497/548/1036 521/595/1036
f 525/596/1037 510/597/1038 487/575/1013
f 510/597/1039 497/598/1039 487/575/1039
f 515/589/1016 476/534/962 516/572/1040
f 502/576/982 503/580/1023 513/599/1041
f 499/567/999 483/540/998 508/584/1042
f 482/541/1026 500/539/1028 519/600/1043
f 535/137/1044 148/133/1045 514/588/1046
f 514/588/1046 148/133/1045 149/135/1047
f 497/548/1048 510/601/1048 521/595/1048
f 510/602/1049 460/505/1049 521/603/1049
f 521/603/1050 460/505/1050 525/604/1050
f 525/604/1051 460/505/1051 511/583/1051
f 525/596/1037 487/575/1013 521/605/1052
f 487/575/1013 498/571/987 521/605/1052
f 498/571/987 511/606/1053 521/605/1052
f 498/571/987 151/562/1015 511/606/1053
f 507/530/1054 512/590/1054 516/572/1054
f 490/564/1008 524/586/1007 146/607/1055
f 524/586/1029 488/521/937 553/608/1056
f 488/521/937 501/568/965 553/608/1056
f 516/572/1057 512/590/1058 528/609/1059
f 513/599/1041 503/580/1023 536/610/1060
f 518/592/1061 482/541/1061 519/600/1061
f 523/611/1062 489/543/941 530/578/984
f 491/560/1063 504/579/1064 543/612/1065
f 146/607/1066 524/586/1066 532/613/1066
f 150/136/1032 154/532/1034 514/588/1067
f 493/566/1018 526/614/1068 531/615/1069
f 536/610/1060 529/616/1070 513/599/1041
f 543/612/1065 504/579/1064 538/617/1071
f 505/570/970 495/569/968 533/618/1072
f 154/532/1034 520/619/1073 514/588/1067
f 496/546/1074 510/594/1038 525/620/1037
f 511/606/1053 151/562/1015 515/589/1075
f 512/590/1019 493/566/1018 531/615/1069
f 502/576/1021 527/621/1076 526/591/1022
f 536/610/1077 503/580/989 508/584/995
f 553/608/1078 501/568/990 505/570/970
f 486/558/1079 496/546/1074 511/622/1053
f 525/620/1037 511/622/1053 496/546/1074
f 502/576/1021 513/599/1080 527/621/1076
f 508/584/995 509/585/1081 537/623/1082
f 537/623/1082 509/585/1081 518/592/1083
f 543/612/1084 539/624/1084 491/560/1084
f 549/625/1085 146/607/1085 532/613/1085
f 520/582/1086 486/558/1079 511/622/1053
f 520/619/1086 511/606/1053 515/589/1075
f 515/589/1016 516/572/1040 528/609/1087
f 512/590/1058 531/615/1088 528/609/1059
f 530/578/1089 491/560/1089 539/624/1089
f 552/626/1090 477/533/1091 535/137/1092
f 531/615/1069 526/614/1068 145/627/1093
f 526/614/1068 527/628/1094 145/627/1093
f 513/599/1080 529/616/1095 542/629/1096
f 519/577/1097 489/543/1098 556/630/1099
f 556/630/1099 489/543/1098 523/611/1100
f 523/611/1101 530/578/1101 548/631/1101
f 544/632/1102 543/612/1103 538/617/1104
f 520/619/1086 515/589/1075 514/588/1105
f 528/609/1059 531/615/1088 541/633/1106
f 513/599/1080 542/629/1096 527/621/1076
f 536/610/1077 508/584/995 537/623/1082
f 504/579/1107 490/634/1107 538/617/1107
f 538/617/1108 490/634/1108 146/635/1108
f 532/613/1109 524/586/1109 540/636/1109
f 552/626/1090 535/137/1092 514/588/1110
f 514/588/1105 515/589/1075 552/626/1111
f 515/589/1016 528/609/1087 546/637/1112
f 518/592/1083 519/600/1113 537/623/1082
f 568/638/1114 146/607/1114 549/625/1114
f 533/618/1115 495/569/1116 565/639/1117
f 506/587/1118 477/533/1091 552/626/1090
f 145/627/1093 527/628/1094 547/640/1119
f 529/641/1120 537/642/1120 555/643/1120
f 537/642/1082 519/644/1113 556/645/1121
f 531/615/1088 145/627/1122 541/633/1106
f 536/610/1123 537/623/1123 529/616/1123
f 553/608/1078 505/570/970 550/646/1124
f 550/646/1124 505/570/970 533/618/1072
f 552/626/1111 515/589/1075 546/637/1125
f 546/637/1112 528/609/1087 541/633/1126
f 527/628/1094 542/647/1127 547/640/1119
f 551/648/1128 537/642/1082 556/645/1121
f 544/632/1102 538/617/1104 563/649/1129
f 549/625/1130 532/613/1131 540/636/1132
f 495/593/1116 506/587/1133 552/626/1134
f 145/627/1122 547/640/1135 554/650/1136
f 557/651/1137 539/624/1138 543/612/1139
f 541/633/1106 145/627/1122 554/650/1136
f 542/652/1096 529/641/1095 555/643/1140
f 539/624/1141 548/631/1141 530/578/1141
f 557/651/1137 543/612/1139 562/653/1142
f 543/612/1139 544/632/1143 562/653/1142
f 540/636/1144 524/586/1029 553/608/1056
f 546/637/1112 541/633/1126 558/654/1145
f 555/643/1146 537/642/1082 551/648/1128
f 523/611/1147 548/631/1147 556/630/1147
f 146/635/1148 568/655/1149 538/617/1150
f 554/650/1136 547/640/1135 566/656/1151
f 566/656/1152 547/640/1152 542/647/1152
f 565/639/1117 495/569/1116 552/657/1134
f 542/652/1153 555/643/1153 559/658/1153
f 556/630/1154 548/631/1155 561/659/1156
f 558/654/1145 541/633/1126 554/650/1157
f 555/643/1158 551/648/1158 559/658/1158
f 563/649/1159 538/617/1150 568/655/1149
f 552/626/1111 546/637/1125 558/654/1160
f 551/648/1128 556/645/1121 567/660/1161
f 561/659/1156 548/631/1155 539/624/1138
f 573/661/1162 533/618/1115 565/639/1117
f 552/657/1111 558/662/1160 578/663/1163
f 596/664/1164 539/624/1138 557/651/1137
f 571/665/1165 570/666/1165 578/663/1165
f 578/663/1166 566/667/1167 542/668/1168
f 549/625/1130 540/636/1132 572/669/1169
f 573/661/1162 550/646/1170 533/618/1115
f 569/670/1171 554/671/1157 566/667/1172
f 566/667/1167 578/663/1166 574/672/1173
f 578/663/1174 570/666/1174 574/672/1174
f 574/672/1175 570/673/1176 575/674/1177
f 570/673/1176 571/675/1178 575/674/1177
f 571/665/1179 578/663/1179 575/674/1179
f 575/674/1180 578/663/1181 576/676/1182
f 556/630/1183 561/659/1183 567/677/1183
f 577/678/1184 539/624/1138 596/664/1164
f 565/639/1185 552/657/1111 578/663/1163
f 569/670/1171 558/662/1145 554/671/1157
f 566/667/1172 574/672/1186 569/670/1171
f 574/672/1186 575/674/1187 569/670/1171
f 575/674/1187 576/676/1188 569/670/1171
f 573/661/1189 565/639/1185 578/663/1163
f 569/670/1171 576/676/1188 579/679/1190
f 580/680/1191 579/679/1190 576/676/1188
f 544/632/1192 563/649/1193 603/681/1194
f 563/649/1195 568/655/1196 585/682/1197
f 568/638/1198 549/625/1198 582/683/1198
f 569/670/1199 579/679/1200 583/684/1201
f 579/679/1200 580/685/1202 583/684/1201
f 583/684/1203 580/686/1203 584/687/1203
f 580/680/1204 576/676/1204 584/687/1204
f 576/676/1182 578/663/1181 584/687/1205
f 542/652/1206 559/658/1207 581/688/1208
f 540/636/1144 553/608/1056 586/689/1209
f 569/670/1210 583/684/1211 578/663/1163
f 583/684/1211 584/687/1212 578/663/1163
f 596/664/1164 557/651/1137 594/690/1213
f 544/632/1192 603/681/1194 562/653/1214
f 553/608/1215 550/646/1170 586/689/1216
f 550/646/1170 573/661/1162 586/689/1216
f 558/662/1160 569/670/1210 578/663/1163
f 559/658/1217 551/648/1218 605/691/1219
f 567/677/1220 561/659/1220 587/692/1220
f 539/624/1138 577/678/1184 561/659/1156
f 104/92/149 83/103/148 126/693/1221
f 138/694/1222 98/75/1223 595/114/1224
f 78/110/156 140/695/1225 139/696/1226
f 582/683/1227 549/625/1227 572/669/1227
f 572/669/1169 540/636/1132 586/689/1228
f 578/697/1229 542/652/1206 581/688/1208
f 114/90/1230 115/89/143 136/127/186
f 80/96/161 100/84/1231 634/112/162
f 585/682/1197 568/655/1196 582/698/1232
f 84/63/84 85/58/86 127/111/1233
f 127/111/1234 87/61/82 88/60/81
f 116/88/1235 114/90/1235 601/129/1235
f 627/699/1236 79/64/1237 105/65/1238
f 577/678/1184 596/664/1164 597/700/1239
f 596/664/1164 139/701/1240 597/700/1239
f 598/702/1241 75/126/1241 599/703/1241
f 91/74/1242 600/80/1242 106/77/1242
f 130/115/1243 84/63/1243 127/111/1243
f 119/98/1244 592/704/1245 76/99/1246
f 114/90/160 634/112/162 601/129/1247
f 143/705/1248 79/132/1237 627/706/1236
f 102/101/146 593/122/1249 595/114/165
f 132/121/177 78/110/156 139/696/1226
f 139/701/1250 596/664/1164 613/707/1251
f 603/681/1194 563/649/1193 585/682/1252
f 581/688/1253 559/658/1217 605/691/1219
f 597/708/1239 139/696/1240 140/695/1254
f 78/110/1255 81/78/1256 588/125/1257
f 600/80/112 90/66/89 130/115/166
f 634/112/162 100/84/1231 137/100/1258
f 635/709/1259 137/100/1260 144/116/1261
f 79/132/1262 143/705/1263 602/710/1264
f 105/65/1238 93/67/1265 101/79/1266
f 586/689/1267 578/663/1163 572/669/1268
f 586/689/1267 573/661/1189 578/663/1163
f 587/692/1269 561/659/1269 609/711/1269
f 561/659/1270 577/678/1270 609/711/1270
f 75/126/1271 598/702/1271 588/125/1271
f 606/712/1272 80/96/135 136/127/1273
f 120/97/1274 604/713/1275 611/714/1276
f 77/71/1277 98/75/1278 138/694/1279
f 572/669/1268 578/663/1163 582/683/1280
f 582/698/1280 578/697/1163 585/682/1281
f 638/715/1282 567/660/1283 587/716/1284
f 620/717/1285 599/703/1285 75/126/1285
f 75/126/1286 106/77/1286 600/80/1286
f 88/60/1287 622/718/1288 127/111/1289
f 622/719/1290 88/102/147 118/81/176
f 80/96/135 606/712/1272 118/81/118
f 120/97/1274 611/714/1276 616/720/1291
f 637/721/1292 101/79/1292 77/71/1292
f 551/648/1293 567/660/1294 605/691/1295
f 605/691/1295 567/660/1294 638/715/1296
f 597/708/1297 140/695/1298 614/722/1299
f 140/695/1300 78/110/1255 588/125/1257
f 75/126/1301 610/723/1302 620/717/1303
f 76/99/1304 589/724/1305 607/725/1306
f 144/116/1307 104/92/149 126/693/1221
f 126/104/1308 124/106/1308 640/726/1308
f 612/727/1309 138/694/1222 595/114/1224
f 578/697/1163 581/688/1310 585/682/1281
f 75/126/1311 600/80/1311 610/723/1311
f 136/127/1312 120/97/1312 616/720/1312
f 120/97/1313 76/99/1304 607/725/1306
f 137/100/1314 635/709/1314 634/112/1314
f 615/728/1315 618/130/1315 128/131/1315
f 131/117/1316 79/132/1262 602/710/1264
f 596/664/1164 594/690/1213 613/707/1251
f 562/653/1214 603/681/1194 628/729/1317
f 581/688/1310 605/691/1318 585/682/1281
f 619/730/1319 598/702/1320 599/703/1321
f 132/121/177 139/696/1226 645/731/1322
f 557/651/1323 562/653/1324 628/729/1325
f 603/681/1326 585/682/1281 628/729/1327
f 609/711/1328 577/678/1328 626/732/1328
f 614/722/1299 140/695/1298 642/733/1329
f 645/734/1330 139/701/1331 613/707/1332
f 626/732/1333 577/678/1333 597/700/1333
f 606/712/1334 136/127/1334 616/720/1334
f 74/735/1335 589/724/1305 76/99/1304
f 119/98/190 142/128/192 592/704/1336
f 144/116/1337 126/693/1338 632/736/1339
f 124/106/1340 618/130/1341 640/726/1342
f 629/737/1343 609/711/1344 626/732/1345
f 642/733/1346 140/695/1347 598/702/1320
f 140/695/1348 588/125/1348 598/702/1348
f 615/728/1349 128/131/1350 636/738/1351
f 128/131/1350 125/107/1352 636/738/1351
f 594/690/1353 557/651/1323 641/739/1354
f 587/692/1355 609/711/1355 629/737/1355
f 642/733/1346 598/702/1320 619/730/1319
f 130/115/1356 127/111/1356 610/723/1356
f 611/714/1357 604/713/1358 648/740/1359
f 604/713/1358 630/741/1360 648/740/1359
f 630/741/1361 604/713/1361 120/97/1361
f 120/97/1362 607/725/1362 653/742/1362
f 607/725/1363 589/724/1364 633/743/1365
f 677/744/1366 76/99/1246 592/704/1245
f 635/709/1367 649/745/1368 639/746/1369
f 632/736/1370 635/709/1259 144/116/1261
f 123/113/169 131/117/168 125/107/1371
f 557/651/1323 628/729/1325 641/739/1354
f 605/691/1318 638/715/1372 628/729/1327
f 622/719/1290 118/81/176 606/712/1373
f 622/719/1374 606/712/1374 616/720/1374
f 633/743/1375 589/724/1375 74/735/1375
f 613/707/1332 594/690/1353 661/747/1376
f 585/682/1281 605/691/1318 628/729/1327
f 638/715/1282 587/716/1284 646/748/1377
f 614/749/1378 642/750/1379 647/751/1380
f 619/730/1319 599/703/1321 620/717/1381
f 601/129/1382 634/112/1383 631/752/1384
f 634/112/1385 635/709/1367 639/746/1369
f 650/753/1386 649/745/1387 635/709/1388
f 627/699/1236 105/65/1238 101/79/1266
f 612/727/1389 595/114/165 593/122/1249
f 600/80/1390 130/115/1390 610/723/1390
f 630/741/1391 120/97/1391 653/742/1391
f 607/725/1363 633/743/1365 653/742/1392
f 627/699/1236 101/79/1266 637/721/1393
f 77/71/1277 138/694/1279 637/721/1394
f 612/727/1389 593/122/1249 651/754/1395
f 593/122/1396 132/121/1397 651/754/1398
f 132/121/1399 645/731/1399 644/755/1399
f 594/690/1353 641/739/1354 661/747/1376
f 597/756/1400 614/749/1378 652/757/1401
f 610/723/1402 127/111/1289 622/718/1288
f 74/735/1335 76/99/1304 677/744/1403
f 652/757/1401 614/749/1378 647/751/1380
f 616/720/1404 611/714/1404 654/758/1404
f 71/759/1405 601/129/1382 631/752/1384
f 72/760/1406 602/710/1406 143/705/1406
f 628/729/1327 661/747/1407 641/739/1408
f 628/729/1327 638/715/1372 661/747/1407
f 138/694/1409 612/727/1410 655/761/1411
f 651/754/1398 132/121/1397 644/755/1412
f 638/715/1372 646/748/1413 661/747/1407
f 587/716/1284 629/762/1343 646/748/1377
f 626/763/1414 597/756/1414 652/757/1414
f 622/718/1288 616/764/1415 610/723/1402
f 653/742/1392 633/743/1365 663/765/1416
f 74/735/1335 677/744/1403 660/766/1417
f 142/128/1418 601/129/1418 71/759/1418
f 73/767/1419 618/130/1419 615/728/1419
f 630/741/1420 662/768/1420 648/740/1420
f 663/765/1416 633/743/1365 659/769/1421
f 631/752/1384 634/112/1383 639/746/1422
f 640/726/1342 618/130/1341 682/770/1423
f 646/748/1377 629/762/1343 626/763/1345
f 642/750/1424 619/771/1425 656/772/1426
f 656/772/1427 619/771/1428 676/773/1429
f 662/768/1430 630/741/1430 653/742/1430
f 720/774/1431 74/735/1432 660/766/1433
f 592/704/1434 142/128/1434 71/759/1434
f 678/775/1435 632/736/1339 126/693/1338
f 636/738/1436 125/107/1437 131/117/1438
f 143/705/1439 627/706/1440 72/760/1441
f 645/734/1330 613/707/1332 661/747/1376
f 619/730/1428 620/717/1442 676/776/1429
f 620/717/1303 610/723/1302 654/777/1443
f 610/723/1402 616/764/1415 654/777/1444
f 611/714/1445 648/740/1445 654/758/1445
f 669/778/1446 648/740/1447 662/768/1448
f 677/744/1366 592/704/1245 643/779/1449
f 687/780/1450 637/721/1451 138/694/1452
f 687/780/1450 138/694/1452 655/761/1453
f 665/781/1454 646/748/1377 626/763/1345
f 620/717/1455 70/782/1455 676/776/1455
f 70/782/1456 620/717/1456 654/777/1456
f 650/753/1386 635/709/1388 632/736/1457
f 678/783/1458 126/104/1458 640/726/1458
f 658/784/1459 612/727/1460 651/754/1461
f 643/779/1462 592/704/1463 670/785/1464
f 686/786/1465 639/746/1465 649/745/1465
f 73/767/1466 615/728/1467 636/738/1468
f 627/706/1440 664/787/1469 72/760/1441
f 645/734/1330 661/747/1376 685/788/1470
f 642/750/1424 656/772/1426 647/751/1471
f 662/768/1472 653/742/1392 666/789/1473
f 666/789/1473 653/742/1392 663/765/1416
f 650/753/1474 632/736/1474 678/775/1474
f 675/790/1475 73/767/1466 636/738/1468
f 131/117/1476 602/710/1477 683/791/1478
f 602/710/1477 72/760/1479 683/791/1478
f 627/699/1236 637/721/1393 687/780/1480
f 655/761/1411 612/727/1410 658/784/1481
f 646/748/1413 665/781/1482 661/747/1407
f 626/763/1345 652/757/1483 665/781/1454
f 666/789/1484 669/778/1446 662/768/1448
f 685/792/1485 644/755/1486 645/731/1487
f 661/747/1407 665/781/1482 685/788/1488
f 656/772/1489 676/773/1490 679/793/1491
f 648/794/1492 689/795/1493 654/796/1494
f 633/743/1495 74/735/1432 720/774/1431
f 640/726/1496 682/770/1496 667/797/1496
f 658/798/1459 651/799/1461 680/800/1497
f 654/796/1498 689/795/1498 681/801/1498
f 689/795/1493 648/794/1492 669/802/1499
f 666/789/1500 663/765/1416 659/769/1421
f 71/759/1405 631/752/1384 639/746/1422
f 678/783/1501 640/726/1501 667/797/1501
f 682/770/1502 618/130/1502 73/767/1502
f 636/738/1436 131/117/1438 683/791/1503
f 651/754/1504 644/755/1504 680/803/1504
f 680/803/1505 644/755/1486 685/792/1485
f 677/744/1506 643/779/1507 660/766/1508
f 592/704/1463 71/759/1509 670/785/1464
f 664/787/1510 627/706/1510 687/804/1510
f 72/760/1479 684/805/1511 683/791/1478
f 684/805/1512 72/760/1512 664/787/1512
f 672/806/1513 676/807/1514 70/808/1515
f 680/809/1516 685/788/1488 665/781/1482
f 665/781/1454 652/757/1483 688/810/1517
f 652/757/1483 647/751/1518 688/810/1517
f 688/810/1519 647/751/1519 656/772/1519
f 672/806/1520 70/808/1520 693/811/1520
f 689/795/1521 669/802/1521 690/812/1521
f 720/774/1522 659/769/1523 633/743/1524
f 636/738/1436 683/791/1503 675/790/1525
f 656/772/1489 679/793/1491 688/810/1526
f 679/813/1527 676/807/1514 672/806/1513
f 691/814/1528 666/815/1529 659/816/1530
f 680/809/1516 665/781/1482 688/810/1531
f 654/817/1532 681/818/1533 693/811/1534
f 694/819/1535 659/769/1523 720/774/1522
f 660/766/1508 643/779/1507 674/820/1536
f 643/779/1537 670/785/1537 692/821/1537
f 70/808/1538 654/817/1532 693/811/1534
f 669/802/1539 666/815/1539 691/814/1539
f 649/745/1540 650/753/1541 686/786/1542
f 659/816/1530 69/822/1543 68/823/1544
f 720/774/1545 660/766/1545 674/820/1545
f 643/779/1546 692/821/1547 674/820/1548
f 686/786/1542 650/753/1541 678/775/1549
f 667/797/1550 682/770/1551 678/783/1552
f 682/770/1551 73/767/1553 675/790/1554
f 684/805/1555 664/787/1556 683/791/1557
f 687/804/1558 683/791/1557 664/787/1556
f 687/804/1558 655/824/1559 658/798/1560
f 658/798/1560 680/800/1516 716/825/1561
f 659/816/1530 68/823/1544 691/814/1528
f 698/826/1562 697/827/1563 712/828/1564
f 700/829/1565 699/830/1565 701/831/1565
f 700/829/1566 712/828/1567 706/832/1568
f 697/827/1569 698/826/1570 703/833/1571
f 699/830/1572 700/829/1566 706/832/1568
f 712/828/1564 697/827/1563 696/834/1573
f 703/833/1571 698/826/1570 702/835/1574
f 704/836/1575 705/837/1576 706/832/1568
f 705/837/1576 699/830/1572 706/832/1568
f 699/830/1577 705/837/1577 704/838/1577
f 707/839/1578 704/836/1575 706/832/1568
f 699/830/1579 704/838/1580 709/840/1581
f 704/841/1582 707/839/1583 709/840/1581
f 709/840/1581 707/839/1583 711/842/1584
f 711/842/1585 707/839/1578 706/832/1568
f 696/834/1586 697/827/1587 703/833/1588
f 698/826/1589 712/828/1589 708/843/1589
f 709/840/1581 711/842/1584 699/830/1579
f 712/828/1564 696/834/1573 706/832/1590
f 701/831/1591 699/830/1579 711/842/1584
f 696/834/1586 703/833/1588 719/844/1592
f 710/845/1593 714/846/1593 701/831/1593
f 695/847/1594 68/823/1544 725/848/1595
f 68/823/1544 69/822/1543 725/848/1595
f 71/759/1596 639/746/1596 716/849/1596
f 675/790/1554 683/791/1557 678/783/1552
f 687/804/1558 658/798/1560 716/825/1561
f 716/849/1561 680/850/1516 688/851/1531
f 681/801/1597 689/795/1598 721/852/1599
f 721/852/1599 689/795/1598 690/812/1600
f 690/812/1601 669/802/1601 717/853/1601
f 68/823/1544 695/847/1594 724/854/1602
f 710/845/1603 701/831/1603 713/855/1603
f 659/816/1604 694/856/1605 722/857/1606
f 682/770/1551 675/790/1554 678/783/1552
f 678/783/1552 683/791/1557 687/804/1558
f 669/802/1607 691/814/1607 717/853/1607
f 700/829/1608 701/831/1609 714/846/1610
f 706/832/1590 715/858/1611 718/859/1612
f 715/858/1611 706/832/1590 696/834/1573
f 69/822/1543 659/816/1613 722/857/1614
f 716/849/1615 670/785/1615 71/759/1615
f 716/849/1616 639/746/1616 686/786/1616
f 711/842/1617 706/832/1590 718/859/1612
f 725/848/1595 69/822/1543 722/857/1614
f 692/821/1618 670/785/1618 716/849/1618
f 724/854/1602 695/847/1594 702/835/1619
f 695/847/1620 703/833/1620 702/835/1620
f 737/860/1621 696/834/1622 719/844/1623
f 708/843/1624 712/828/1624 726/861/1624
f 726/861/1625 700/829/1608 714/846/1610
f 695/847/1594 725/848/1595 727/862/1626
f 674/820/1548 692/821/1547 730/863/1627
f 678/783/1552 687/804/1558 716/825/1561
f 716/849/1561 688/851/1531 679/813/1628
f 713/855/1629 701/831/1630 711/842/1617
f 703/833/1631 695/847/1631 740/864/1631
f 720/774/1632 674/820/1633 729/865/1634
f 686/866/1635 678/783/1552 716/825/1561
f 679/813/1628 672/806/1636 716/849/1561
f 716/849/1561 672/806/1636 693/811/1637
f 68/823/1638 733/867/1639 691/814/1640
f 719/844/1641 703/833/1641 740/864/1641
f 693/811/1637 681/818/1642 716/849/1561
f 691/814/1643 723/868/1643 717/853/1643
f 723/868/1644 691/814/1640 733/867/1639
f 712/828/1645 700/829/1645 726/861/1645
f 711/842/1617 718/859/1612 66/869/1646
f 718/859/1647 715/858/1648 67/870/1649
f 729/865/1634 674/820/1633 730/863/1650
f 721/852/1651 690/812/1652 717/853/1653
f 733/867/1639 68/823/1638 731/871/1654
f 726/861/1655 714/846/1655 734/872/1655
f 732/873/1656 710/845/1656 713/855/1656
f 696/834/1622 737/860/1621 715/858/1657
f 694/819/1658 720/774/1632 729/865/1634
f 716/849/1561 681/818/1642 721/874/1659
f 731/871/1660 68/823/1661 724/854/1662
f 698/826/1663 708/843/1663 702/835/1663
f 695/847/1594 727/862/1626 740/864/1664
f 724/854/1602 702/835/1619 736/875/1665
f 734/872/1666 710/845/1667 732/873/1668
f 728/876/1669 713/855/1629 66/869/1646
f 66/869/1646 713/855/1629 711/842/1617
f 730/863/1670 692/821/1671 721/874/1659
f 721/852/1651 717/853/1653 753/877/1672
f 738/878/1673 724/854/1673 736/875/1673
f 714/846/1674 710/845/1667 734/872/1666
f 732/873/1675 713/855/1675 739/879/1675
f 713/855/1676 728/876/1676 739/879/1676
f 742/880/1677 728/876/1669 66/869/1646
f 67/870/1678 744/881/1678 743/882/1678
f 744/881/1679 67/870/1680 766/883/1681
f 67/870/1649 715/858/1648 737/860/1682
f 740/864/1683 746/884/1684 719/844/1685
f 692/821/1671 716/849/1561 721/874/1659
f 724/854/1662 738/878/1686 747/885/1687
f 718/859/1647 67/870/1649 743/882/1688
f 694/819/1658 729/865/1634 741/886/1689
f 702/835/1619 708/843/1690 736/875/1665
f 754/887/1691 736/875/1665 708/843/1690
f 739/879/1692 728/876/1692 751/888/1692
f 65/889/1693 728/876/1669 742/880/1677
f 718/859/1694 743/882/1695 66/869/1696
f 745/890/1697 744/881/1679 766/883/1681
f 725/848/1698 722/857/1699 748/891/1700
f 748/891/1701 722/857/1606 694/856/1605
f 731/871/1660 724/854/1662 747/885/1687
f 726/861/1702 734/872/1703 708/843/1704
f 755/892/1705 65/889/1693 742/880/1677
f 753/877/1672 717/853/1653 723/868/1706
f 749/893/1707 734/872/1703 732/873/1708
f 737/860/1709 719/844/1685 746/884/1684
f 730/863/1670 721/874/1659 729/865/1710
f 708/843/1704 734/872/1703 749/893/1707
f 743/882/1695 760/894/1711 66/869/1696
f 741/886/1712 729/865/1710 721/874/1659
f 749/893/1707 732/873/1708 739/879/1713
f 760/894/1714 743/882/1714 757/895/1714
f 748/891/1701 694/856/1605 762/896/1715
f 762/896/1715 694/856/1605 741/897/1716
f 721/852/1659 753/877/1717 741/898/1712
f 753/877/1672 723/868/1706 733/867/1718
f 754/887/1719 708/843/1719 749/893/1719
f 753/877/1672 733/867/1718 758/899/1720
f 765/900/1721 65/889/1693 755/892/1705
f 744/881/1722 757/895/1722 743/882/1722
f 763/901/1723 749/893/1707 739/879/1713
f 728/876/1724 65/889/1725 751/888/1726
f 742/880/1727 66/869/1696 760/894/1711
f 757/895/1728 744/881/1728 756/902/1728
f 737/860/1709 746/884/1684 761/903/1729
f 727/862/1730 725/848/1698 748/891/1700
f 762/904/1731 741/898/1712 753/877/1717
f 758/899/1720 733/867/1718 731/871/1732
f 751/905/1726 65/906/1725 764/907/1733
f 755/892/1734 742/880/1727 759/908/1735
f 744/881/1736 745/890/1736 756/902/1736
f 766/883/1737 67/870/1738 737/860/1709
f 754/887/1739 783/909/1739 736/875/1739
f 754/887/1740 749/893/1741 803/910/1742
f 767/911/1743 773/912/1743 768/913/1743
f 768/913/1744 773/912/1744 65/906/1744
f 759/908/1735 64/914/1745 755/892/1734
f 742/880/1727 760/894/1711 759/908/1735
f 753/877/1717 758/899/1746 762/904/1731
f 769/915/1747 758/899/1720 731/871/1732
f 738/878/1748 769/915/1749 747/885/1750
f 739/879/1713 751/888/1751 763/901/1723
f 763/901/1723 771/916/1752 770/917/1753
f 770/918/1 771/919/1 772/920/1
f 771/916/1752 763/901/1723 772/920/1754
f 772/920/1754 763/901/1723 751/888/1751
f 773/912/1755 767/911/1756 774/921/1757
f 767/922/48 768/923/1758 774/921/1757
f 774/921/1757 768/923/1758 775/924/1759
f 768/913/1760 65/906/1693 775/924/1759
f 790/925/1761 748/891/1701 762/896/1715
f 783/909/1762 754/887/1762 803/910/1762
f 763/926/1723 770/927/1753 777/928/1763
f 770/918/1 772/920/1 777/929/1
f 777/929/1763 772/920/1764 751/888/1765
f 764/907/1733 65/906/1725 778/930/1766
f 791/931/1767 779/932/1767 45/36/1767
f 780/933/1768 779/932/1768 781/934/1768
f 773/912/1755 774/921/1757 765/935/1721
f 774/921/1757 775/924/1759 765/935/1721
f 775/924/1759 65/906/1693 765/935/1721
f 761/903/1729 766/883/1737 737/860/1709
f 762/904/1731 758/899/1746 769/915/1769
f 731/871/1732 747/885/1770 769/915/1747
f 776/936/1771 763/926/1723 764/907/1772
f 763/926/1723 777/928/1763 764/907/1772
f 777/928/1763 751/905/1765 764/907/1772
f 65/906/1725 773/912/1773 778/930/1766
f 45/36/1774 47/38/1774 52/44/1774
f 47/38/1775 48/937/1775 52/44/1775
f 48/937/1776 49/40/75 52/44/74
f 53/45/59 54/938/1777 52/44/57
f 52/44/1778 54/938/1779 57/49/1780
f 54/938/1779 55/939/1781 57/49/1780
f 55/939/1782 56/48/63 57/49/64
f 58/50/67 59/940/1783 57/49/65
f 57/49/1784 59/940/1784 784/941/1784
f 59/942/1785 60/52/1786 784/941/1787
f 60/52/1786 786/53/1788 784/941/1787
f 784/941/1787 786/53/1788 785/943/1789
f 811/54/70 786/53/69 50/42/66
f 61/55/71 62/944/1790 811/54/70
f 62/944/1790 63/945/1791 811/54/70
f 811/54/1792 63/945/1793 787/946/1794
f 63/56/1795 51/43/77 787/946/1794
f 787/946/1794 51/43/77 45/36/52
f 45/36/1796 779/932/1796 788/947/1796
f 779/932/1797 780/933/1797 788/947/1797
f 788/947/1798 780/948/1799 789/949/1800
f 780/948/1799 781/950/1800 789/949/1800
f 781/934/1801 779/932/1802 789/949/1803
f 779/932/1802 782/951/1804 789/949/1803
f 779/932/1802 773/952/1755 782/951/1804
f 749/893/1741 763/901/1805 803/910/1742
f 803/953/1742 763/926/1805 796/954/1806
f 773/952/1807 779/932/1807 791/931/1807
f 791/931/1808 45/36/1808 52/44/1808
f 57/49/1809 784/941/1810 785/943/1811
f 787/946/1794 45/36/52 811/54/1792
f 788/947/1812 789/949/1812 45/36/1812
f 789/949/1813 782/951/1813 45/36/1813
f 782/951/1804 773/952/1755 793/955/1814
f 759/908/1815 760/894/1816 800/956/1817
f 727/862/1730 748/891/1700 790/925/1818
f 790/925/1819 762/896/1731 795/957/1820
f 807/958/1821 763/926/1822 776/936/1823
f 776/936/1771 764/907/1772 797/959/1824
f 52/44/1825 57/49/1809 785/943/1811
f 786/53/1826 811/54/1827 792/960/1828
f 793/955/1814 773/952/1755 765/961/1721
f 805/962/1829 740/864/1830 727/862/1831
f 795/957/1820 762/896/1731 769/963/1769
f 806/964/1832 736/875/1833 783/909/1834
f 794/965/1835 760/894/1836 757/895/1837
f 761/903/1838 746/884/1839 809/966/1840
f 746/884/1839 740/864/1841 805/962/1842
f 805/962/1829 727/862/1831 795/957/1843
f 727/862/1730 790/925/1818 795/957/1844
f 738/878/1748 736/875/1845 806/964/1846
f 773/912/1773 791/967/1847 778/930/1766
f 52/44/1848 785/943/1848 791/931/1848
f 811/54/1792 45/36/52 782/951/1849
f 64/914/1745 765/900/1850 755/892/1734
f 818/968/1851 756/902/1851 745/890/1851
f 806/964/1846 769/915/1749 738/878/1748
f 803/953/1852 796/954/1853 804/969/1854
f 797/959/1824 764/907/1772 810/970/1855
f 815/971/1856 765/961/1850 64/972/1745
f 64/914/1857 759/908/1815 800/956/1817
f 760/894/1858 794/965/1859 800/956/1860
f 745/890/1861 766/883/1861 813/973/1861
f 809/966/1840 746/884/1839 805/962/1842
f 796/954/1806 763/926/1805 807/958/1862
f 776/936/1823 797/959/1863 807/958/1821
f 810/970/1855 764/907/1772 778/930/1864
f 786/53/1865 808/974/1865 785/943/1865
f 793/955/1814 765/961/1721 782/951/1804
f 800/956/1860 794/965/1859 823/975/1866
f 813/973/1867 766/883/1868 761/903/1838
f 783/909/1834 803/910/1869 819/976/1870
f 778/930/1766 791/967/1847 812/977/1871
f 814/978/1872 791/931/1873 785/943/1874
f 745/890/1875 813/973/1875 818/968/1875
f 813/973/1867 761/903/1838 809/966/1840
f 807/958/1821 797/959/1863 817/979/1876
f 785/943/1877 808/974/1877 814/978/1877
f 816/980/1878 64/914/1857 800/956/1817
f 757/895/1879 756/902/1880 802/981/1881
f 802/981/1881 756/902/1880 818/968/1882
f 806/964/1832 783/909/1834 819/976/1870
f 797/959/1883 810/970/1884 817/979/1885
f 810/970/1855 778/930/1864 821/982/1886
f 794/965/1835 757/895/1837 802/981/1887
f 769/963/1769 806/983/1888 795/957/1820
f 804/969/1889 796/954/1890 820/984/1891
f 812/977/1892 791/967/1873 814/985/1872
f 810/970/1884 821/982/1893 817/979/1885
f 778/930/1864 812/977/1894 821/982/1886
f 814/985/1895 826/986/1895 825/987/1895
f 826/986/1896 814/985/1897 827/988/1898
f 792/960/1828 822/989/1899 786/53/1826
f 805/962/1900 795/957/1820 809/966/1901
f 795/957/1820 806/983/1888 809/966/1901
f 812/977/1902 814/985/1902 828/990/1902
f 814/985/1903 825/987/1903 828/990/1903
f 828/990/1904 825/991/1905 829/992/1906
f 825/991/1905 826/993/1907 829/992/1906
f 826/993/1907 827/988/1898 829/992/1906
f 827/988/1898 814/985/1897 829/992/1906
f 814/978/1908 808/974/1909 42/34/1910
f 42/34/1910 808/974/1909 41/35/1911
f 828/990/1912 829/992/1912 812/977/1912
f 37/994/1913 38/30/39 849/995/1914
f 782/951/1915 765/961/1850 815/971/1856
f 815/971/1916 64/972/1857 830/996/1917
f 802/981/1918 818/968/1919 813/973/1920
f 819/997/1921 803/953/1852 839/998/1922
f 803/953/1852 804/969/1854 839/998/1922
f 840/999/1923 804/969/1923 820/984/1923
f 820/984/1891 796/954/1890 833/1000/1924
f 807/958/1925 817/979/1925 796/954/1925
f 834/1001/1926 821/982/1886 812/977/1894
f 38/30/39 43/32/41 849/995/1914
f 831/1002/1927 811/54/1928 782/951/1929
f 64/972/1857 816/1003/1878 830/996/1917
f 816/980/1930 800/956/1931 823/975/1932
f 832/1004/1933 823/975/1932 794/965/1934
f 806/983/1888 819/1005/1935 809/966/1901
f 840/999/1936 839/998/1936 804/969/1936
f 840/999/1937 820/984/1938 835/1006/1939
f 796/954/1940 817/979/1941 836/1007/1942
f 829/992/1943 814/985/1944 36/1008/1945
f 841/1009/1946 38/30/1946 37/994/1946
f 852/1010/1947 849/995/1914 43/32/41
f 44/1011/1948 40/33/1949 39/31/1950
f 837/1012/1951 808/974/1952 786/53/1953
f 786/53/1954 822/989/1954 837/1012/1954
f 832/1004/1933 794/965/1934 802/981/1955
f 802/981/1918 813/973/1920 809/966/1901
f 817/979/1885 821/982/1893 838/1013/1956
f 36/1008/1945 834/1001/1926 812/977/1894
f 829/992/1943 36/1008/1945 812/977/1894
f 36/1008/1945 814/985/1944 42/1014/1957
f 41/35/1958 808/974/1958 848/1015/1958
f 792/960/1959 811/54/1960 831/1002/1961
f 831/1002/1927 782/951/1929 815/971/1962
f 796/954/1890 836/1007/1963 833/1000/1924
f 42/34/1964 38/30/1964 841/1009/1964
f 39/31/1965 38/30/43 41/35/45
f 792/960/1959 831/1002/1961 844/1016/1966
f 815/971/1967 830/996/1968 845/1017/1969
f 835/1006/1939 820/984/1938 833/1000/1970
f 846/1018/1971 44/1011/1948 39/31/1950
f 853/1019/1972 809/966/1901 819/1005/1935
f 821/982/1893 834/1001/1973 838/1013/1956
f 792/960/1828 843/1020/1974 822/989/1899
f 33/1021/1975 36/1008/1945 42/1014/1957
f 848/1015/1976 808/974/1952 837/1012/1951
f 843/1020/1977 792/960/1977 844/1016/1977
f 823/975/1932 832/1004/1933 853/1019/1978
f 853/1022/1972 819/997/1935 839/998/1979
f 836/1007/1942 817/979/1941 855/1023/1980
f 817/979/1981 838/1013/1982 855/1023/1983
f 834/1001/1984 36/1008/1985 847/1024/1986
f 43/32/1987 40/33/1987 34/1025/1987
f 40/33/1988 44/1011/1989 850/1026/1990
f 840/999/1991 835/1006/1992 839/998/1993
f 835/1006/1939 833/1000/1970 851/1027/1994
f 838/1013/1995 834/1001/1984 847/1024/1986
f 33/1021/1975 42/1014/1957 841/1028/1996
f 34/1025/1997 40/33/1988 850/1026/1990
f 831/1002/1998 815/971/1967 845/1017/1969
f 816/980/1930 823/975/1932 853/1019/1978
f 851/1027/1999 833/1000/2000 836/1007/2001
f 841/1028/2002 37/1029/2003 854/1030/2004
f 849/995/1914 852/1010/1947 858/1031/2005
f 39/31/2006 41/35/2006 848/1015/2006
f 832/1004/2007 802/981/1918 809/966/1901
f 35/1032/2008 839/998/1993 835/1006/1992
f 838/1013/1982 847/1024/2009 855/1023/1983
f 864/1033/2010 858/1034/2005 859/1035/2011
f 842/1036/2012 44/1011/2012 856/1037/2012
f 822/989/2013 843/1020/2014 875/1038/2015
f 832/1004/2007 809/966/1901 853/1019/1972
f 857/1039/2016 836/1007/2017 855/1023/2018
f 862/1040/2019 864/1033/2010 859/1035/2011
f 853/1022/1972 839/998/1979 35/1032/621
f 835/1006/1992 851/1027/2020 35/1032/2008
f 855/1023/1983 847/1024/2009 861/1041/2021
f 36/1008/2022 33/1021/2022 847/1024/2022
f 859/1042/2011 858/1031/2005 852/1010/1947
f 852/1010/2023 43/32/2024 34/1025/2025
f 44/1011/1948 860/1043/2026 856/1037/2027
f 860/1043/2026 44/1011/1948 846/1018/1971
f 865/1044/2028 830/996/2029 816/1003/1930
f 816/1003/1930 853/1022/1978 865/1044/2028
f 836/1007/2001 857/1039/2030 851/1027/1999
f 841/1028/1996 854/1030/2031 33/1021/1975
f 863/1045/2032 37/1029/2003 858/1034/2033
f 37/994/2034 849/995/2034 858/1031/2034
f 846/1018/2035 39/31/2036 848/1015/2037
f 854/1030/2004 37/1029/2003 863/1045/2032
f 852/1010/2023 34/1025/2025 899/1046/2038
f 831/1002/1998 845/1017/1969 844/1016/2039
f 857/1039/2016 855/1023/2018 866/1047/2040
f 847/1024/2041 33/1021/2041 909/1048/2041
f 876/1049/2042 33/1021/1975 854/1030/2031
f 863/1045/2032 858/1034/2033 868/1050/2043
f 868/1050/2043 858/1034/2033 864/1033/2044
f 32/1051/2045 864/1033/2010 862/1040/2019
f 44/1011/2046 842/1036/2046 850/1026/2046
f 35/1032/2008 851/1027/2020 31/1052/2047
f 855/1023/2048 861/1041/2049 867/1053/2050
f 909/1048/2051 33/1021/2052 870/1054/2053
f 872/1055/2054 848/1015/2054 837/1012/2054
f 33/1021/2055 876/1049/2056 870/1054/2057
f 23/26/2058 21/23/2059 871/27/2060
f 21/23/2059 22/28/2061 871/27/2060
f 19/17/38 22/28/32 28/25/2062
f 32/1051/2045 862/1040/2019 29/1056/2063
f 908/1057/2064 842/1036/2064 856/1037/2064
f 853/1022/1972 31/1052/2065 865/1044/2066
f 853/1022/1972 35/1032/621 31/1052/2065
f 31/1052/2047 851/1027/2020 857/1039/2016
f 876/1049/2042 854/1030/2031 863/1045/2067
f 843/1020/2068 844/1016/2069 888/1058/2070
f 866/1047/2071 855/1023/2048 867/1053/2050
f 847/1024/2009 873/1059/2072 861/1041/2021
f 873/1059/2072 847/1024/2009 909/1048/2073
f 874/1060/2074 32/1051/2075 877/1061/2076
f 29/1056/2063 862/1040/2019 897/1062/2077
f 844/1016/2078 845/1017/2078 830/996/2078
f 31/1052/2047 857/1039/2016 15/1063/2079
f 863/1045/2067 882/1064/2080 876/1049/2042
f 868/1050/2043 864/1033/2044 874/1060/2074
f 864/1033/2044 32/1051/2075 874/1060/2074
f 877/1061/2076 32/1051/2075 29/1056/2081
f 30/24/2082 23/26/2083 885/1065/2084
f 859/1042/2085 852/1010/2086 899/1046/2087
f 34/1025/2088 879/1066/2089 899/1046/2090
f 34/1025/2091 850/1026/2091 879/1066/2091
f 875/1038/2015 843/1020/2014 869/1067/2092
f 15/1063/2079 857/1039/2016 866/1047/2040
f 863/1045/2067 868/1050/2093 882/1064/2080
f 859/1042/2085 899/1046/2087 898/1068/2094
f 25/20/2095 17/19/2095 883/22/2095
f 911/1069/2096 883/22/2097 881/271/412
f 883/22/2097 16/21/2098 881/271/412
f 16/21/2098 887/1070/2099 881/271/412
f 30/24/28 29/1071/2063 28/25/29
f 29/1071/2063 897/1072/2077 896/1073/2100
f 890/1074/2101 859/1042/2085 898/1068/2094
f 14/1075/2102 899/1046/2090 879/1066/2089
f 846/1018/2035 848/1015/2037 872/1055/2103
f 869/1067/2104 843/1020/2068 888/1058/2070
f 867/1053/2050 861/1041/2049 891/1076/2105
f 892/1077/2106 882/1064/2080 868/1050/2093
f 29/1056/2107 880/1078/2107 877/1061/2107
f 24/16/20 26/18/22 889/1079/2108
f 893/1080/2109 282/251/419 300/276/418
f 279/252/2110 270/280/485 276/1081/2111
f 276/1081/2111 270/280/485 298/309/484
f 268/257/2112 182/226/2112 657/1082/2112
f 895/29/37 19/17/23 28/25/29
f 28/25/29 29/1071/2063 896/1073/2100
f 830/996/2113 865/1044/2114 844/1016/2115
f 865/1044/2114 888/1058/2116 844/1016/2115
f 29/1071/2117 30/24/2117 880/1083/2117
f 229/206/423 283/152/2118 300/276/421
f 277/272/399 881/271/412 887/1070/2099
f 907/1084/2119 862/1085/2120 859/1042/2085
f 856/1037/2121 860/1043/2121 903/1086/2121
f 900/1087/2122 903/1086/2123 860/1043/2124
f 13/1088/2125 837/1012/2126 822/989/2127
f 891/1076/2105 861/1041/2049 873/1059/2128
f 876/1049/2056 882/1064/2129 870/1054/2057
f 870/1054/2057 882/1064/2129 892/1077/2130
f 892/1077/2106 868/1050/2093 904/1089/2131
f 23/26/2132 871/27/2132 901/1090/2132
f 906/1091/2133 278/258/413 886/274/415
f 913/1092/2134 282/251/419 893/1080/2109
f 255/253/2135 279/252/2110 276/1081/2111
f 299/294/2136 267/238/2137 894/1093/2138
f 907/1084/2119 859/1042/2085 890/1074/2101
f 850/1026/2139 842/1036/2140 908/1057/2141
f 846/1018/2035 872/1055/2103 900/1087/2142
f 13/1088/2143 872/1055/2143 837/1012/2143
f 865/1044/2066 31/1052/2065 888/1058/2144
f 31/1052/2065 15/1063/2145 888/1058/2144
f 904/1089/2131 868/1050/2093 874/1060/2146
f 885/1065/2084 23/26/2083 901/1090/2147
f 267/238/2137 250/231/2148 894/1093/2138
f 232/212/2149 277/263/2150 902/1094/2151
f 897/1095/2152 862/1085/2120 907/1084/2119
f 15/1063/2079 866/1047/2040 867/1053/2050
f 873/1059/2128 909/1048/2153 891/1076/2105
f 885/1065/2154 880/1083/2154 30/24/2154
f 881/271/2155 278/273/2155 906/1096/2155
f 182/226/2156 232/212/2149 902/1094/2151
f 16/21/2157 895/29/2158 923/1097/2159
f 923/1097/2159 895/29/2158 884/1098/2160
f 860/1043/2124 846/1018/2161 900/1087/2122
f 822/989/2127 875/1038/2162 13/1088/2125
f 914/1099/2163 15/1063/2079 867/1053/2050
f 891/1076/2105 909/1048/2153 915/1100/2164
f 904/1089/2131 874/1060/2146 877/1061/2165
f 912/1101/2166 881/271/2167 905/1102/2168
f 284/1103/2169 269/1104/2170 276/270/2111
f 269/1104/2170 255/1105/2135 276/270/2111
f 250/231/2148 268/257/2171 894/1093/2138
f 338/1106/2172 277/272/2150 887/1070/2173
f 924/1107/2174 28/25/29 896/1073/2100
f 916/1108/2175 870/1054/2176 892/1077/2177
f 877/1061/2165 910/1109/2178 904/1089/2131
f 911/1069/2179 881/271/2167 912/1101/2166
f 881/271/2167 906/1096/2180 905/1102/2168
f 886/274/2181 282/251/419 913/1092/2134
f 284/1103/2169 276/270/2111 283/1110/2182
f 895/29/37 28/25/29 884/1098/2183
f 921/1111/2184 898/1068/2185 14/1075/2186
f 898/1068/2185 899/1046/2187 14/1075/2186
f 903/1086/2188 908/1057/2188 856/1037/2188
f 900/1087/2142 872/1055/2103 13/1088/2189
f 909/1048/2051 870/1054/2053 916/1108/2190
f 892/1077/2191 904/1089/2192 922/1112/2193
f 910/1109/2178 877/1061/2165 880/1078/2194
f 871/27/2195 24/16/2195 889/1079/2195
f 889/1079/2196 25/20/2196 883/22/2196
f 300/276/421 283/152/2118 917/1113/2197
f 283/1110/2182 276/270/2111 917/1114/2198
f 894/1093/2138 268/257/2171 918/1115/2199
f 879/1066/2200 850/1026/2200 824/1116/2200
f 671/1117/2201 891/1076/2202 915/1100/2203
f 922/1112/2193 904/1089/2192 910/1109/2204
f 871/27/2205 889/1079/2206 926/1118/2207
f 26/18/2208 25/20/2208 889/1079/2208
f 300/276/421 917/1113/2197 893/1080/2209
f 276/270/2111 299/294/2210 917/1114/2198
f 918/1115/2211 299/294/2210 894/1093/2212
f 918/1115/2199 268/257/2171 657/1082/2213
f 875/1038/2214 869/1067/2215 13/1088/2216
f 914/1099/2163 867/1053/2050 891/1076/2105
f 916/1108/2175 892/1077/2177 922/1112/2217
f 880/1083/2194 885/1065/2218 925/1119/2219
f 901/1090/2220 871/27/2205 926/1118/2207
f 522/1120/2221 911/1069/2222 912/1101/2223
f 917/1114/2198 299/294/2210 918/1115/2211
f 898/1068/2185 564/1121/2224 890/1074/2225
f 13/1088/2216 869/1067/2215 914/1099/1901
f 869/1067/2215 888/1058/2144 914/1099/1901
f 888/1058/2144 15/1063/2145 914/1099/1901
f 916/1108/2226 922/1112/2227 750/1122/2228
f 925/1119/2219 885/1065/2218 901/1090/2220
f 889/1079/2229 883/22/2097 911/1069/2096
f 918/1115/2199 657/1082/2213 801/15/2230
f 887/1070/2231 16/21/2232 919/1123/2233
f 919/1123/2233 16/21/2232 923/1097/2234
f 884/1098/2183 28/25/29 924/1107/2174
f 920/1124/2235 878/1125/2236 896/1073/2237
f 896/1073/2237 897/1072/2152 920/1124/2235
f 898/1068/2185 921/1111/2184 564/1121/2224
f 824/1116/2238 850/1026/2139 908/1057/2141
f 903/1086/2239 900/1087/2240 13/1088/2216
f 925/1119/2219 901/1090/2220 926/1118/2207
f 522/1120/2221 889/1079/2241 911/1069/2222
f 893/1080/2209 917/1113/2197 913/1092/2242
f 920/1124/2235 897/1072/2152 534/1126/2243
f 534/1127/2243 897/1095/2152 907/1084/2119
f 915/1100/2164 909/1048/2153 752/1128/2244
f 910/1109/2178 880/1078/2194 925/1129/2219
f 927/1130/2245 913/1092/2242 917/1113/2197
f 657/1082/2246 182/226/2246 902/1094/2246
f 890/1074/2225 564/1121/2224 907/1084/2247
f 915/1100/2203 752/1128/2248 671/1117/2201
f 909/1048/2153 916/1108/2249 752/1128/2244
f 752/1128/2244 750/1122/2250 668/1131/2251
f 522/1120/2252 926/1118/2207 889/1079/2206
f 912/1101/2253 905/1102/2254 517/1132/2255
f 905/1102/2256 906/1096/2256 517/1132/2256
f 517/1133/2257 906/1091/2257 886/274/2257
f 886/274/2258 913/1092/2242 927/1130/2245
f 277/272/2150 338/1106/2172 902/1134/2151
f 896/1073/2237 878/1125/2236 924/1107/2259
f 824/1116/2260 908/1057/2261 13/1088/2216
f 908/1057/2261 903/1086/2239 13/1088/2216
f 673/1135/2262 914/1099/2163 891/1076/2105
f 752/1128/2244 916/1108/2249 750/1122/2250
f 922/1112/2263 910/1109/2263 925/1129/2263
f 591/1136/2264 912/1101/2253 517/1132/2255
f 14/1075/2265 879/1066/2266 560/1137/2267
f 560/1137/2267 879/1066/2266 824/1116/2268
f 13/1088/2216 914/1099/1901 824/1116/2260
f 673/1135/2262 891/1076/2105 671/1117/2269
f 918/1115/2211 801/15/2270 448/1138/2271
f 474/1139/2272 878/1125/2272 133/1140/2272
f 522/1120/2273 912/1101/2273 591/1136/2273
f 917/1114/2198 918/1115/2211 448/1138/2271
f 9/11/2274 801/15/2275 657/1082/2276
f 887/1070/2231 919/1123/2233 307/1141/2277
f 474/1139/2278 924/1107/2259 878/1125/2236
f 133/1140/2279 878/1125/2280 920/1124/2281
f 671/1117/2201 752/1128/2248 465/1142/2282
f 922/1112/2227 925/1129/2283 750/1122/2228
f 886/274/2258 927/1130/2245 621/1143/2284
f 927/1144/2285 917/1114/2198 448/1138/2271
f 12/13/2286 11/12/2286 801/15/2286
f 801/15/2270 11/12/2287 799/1145/2288
f 11/12/2287 10/1146/517 799/1145/2288
f 10/14/2289 9/11/2290 799/1145/2288
f 8/9/2291 6/8/2291 9/11/2291
f 9/11/2292 6/8/2292 798/1147/2292
f 6/8/517 7/1148/517 798/1147/517
f 7/10/2293 5/6/2294 798/1147/2295
f 920/1124/2281 608/1149/2296 133/1140/2279
f 231/1150/2297 907/1084/2247 564/1121/2224
f 560/1137/2298 824/1116/2260 914/1099/1901
f 752/1128/2248 668/1131/2299 465/1142/2282
f 886/274/2258 621/1143/2284 517/1133/2300
f 801/15/2270 799/1145/2288 448/1138/2271
f 799/1145/2288 9/11/2290 448/1138/2271
f 9/11/2290 798/1147/2295 448/1138/2271
f 448/1138/2271 798/1147/2295 5/6/2294
f 2/2/8 1/1/2301 5/6/9
f 1/1/2302 3/3/2302 5/6/2302
f 5/6/2294 4/1151/2303 735/1152/2304
f 4/5/2305 545/4/2306 735/1152/2304
f 545/4/2307 5/6/2308 657/1082/2276
f 5/6/2308 9/11/2274 657/1082/2276
f 436/1153/2309 923/1097/2310 884/1098/2311
f 534/1127/2312 907/1084/2247 231/1150/2297
f 921/1111/2313 14/1075/2265 560/1137/2267
f 750/1122/2314 925/1129/2315 456/1154/2316
f 374/1155/2317 926/1118/2317 522/1120/2317
f 625/1156/2318 517/1133/2300 621/1143/2284
f 5/6/2294 735/1152/2304 448/1138/2271
f 735/1152/2304 545/4/2306 448/1138/2271
f 338/1106/2319 887/1070/2319 307/1141/2319
f 307/1141/2277 919/1123/2233 285/1157/2320
f 884/1098/2311 924/1107/2321 436/1153/2309
f 608/1149/2322 920/1124/2235 534/1126/2243
f 668/1131/2323 750/1122/2323 289/1158/2323
f 456/1159/2316 925/1119/2315 926/1118/2324
f 591/1136/2325 517/1132/2325 370/1160/2325
f 517/1132/2300 625/1161/2318 370/1160/2326
f 108/1162/2327 564/1121/2328 921/1111/2313
f 921/1111/2313 560/1137/2267 108/1162/2327
f 423/1163/2329 673/1135/2262 671/1117/2269
f 625/1164/2330 617/1165/2331 624/1166/2332
f 617/1165/2331 625/1164/2330 623/1167/2333
f 623/1167/2333 625/1164/2330 621/1168/2334
f 621/1168/2335 927/1144/2285 448/1138/2271
f 657/1082/2276 902/1094/2336 545/4/2307
f 919/1123/2337 923/1097/2338 221/1169/2339
f 924/1107/2321 474/1139/2340 436/1153/2309
f 668/1131/2299 289/1158/2341 465/1142/2282
f 750/1122/2342 456/1154/2343 289/1158/2344
f 522/1120/2345 591/1136/2346 370/1160/2347
f 625/1164/2348 624/1166/2349 590/1170/2350
f 590/1170/2350 624/1171/2351 448/1138/2271
f 624/1171/2351 617/1172/2352 448/1138/2271
f 617/1172/2352 623/1167/2353 448/1138/2271
f 448/1138/2271 623/1167/2353 621/1168/2335
f 221/1169/2339 923/1097/2338 436/1153/2354
f 671/1117/2269 465/1142/2355 423/1163/2329
f 625/1164/2348 590/1170/2350 448/1138/2271
f 285/1157/2356 919/1123/2337 221/1169/2339
f 564/1121/2328 108/1162/2327 264/1173/2357
f 108/1162/621 560/1137/2298 914/1099/1901
f 673/1135/2358 423/1163/2358 914/1099/2358
f 456/1159/2359 926/1118/2359 374/1155/2359
f 260/1174/2360 522/1120/2345 370/1160/2347
f 545/4/2307 902/1094/2336 190/1175/2361
f 121/1176/2362 374/1155/2363 522/1120/2364
f 625/1164/2348 448/1138/2271 370/1177/2365
f 436/1153/2354 474/1139/2366 253/1178/2367
f 914/1099/1901 423/1163/528 108/1162/621
f 423/1163/2329 465/1142/2355 202/1179/2368
f 221/1169/2339 436/1153/2354 99/1180/2369
f 456/1159/2370 374/1155/2363 121/1176/2362
f 370/1177/2365 448/1138/2271 190/1175/2371
f 448/1138/2271 545/4/2306 190/1175/2371
f 231/1150/2372 564/1121/2328 264/1173/2357
f 202/1179/2368 465/1142/2355 289/1158/2344
f 902/1134/2336 338/1106/2373 190/1181/2361
f 108/1162/621 423/1163/528 202/1179/2374
f 190/1181/2361 338/1106/2373 189/1182/2375
f 608/1149/2322 534/1126/2243 27/1183/2376
f 121/1176/2362 522/1120/2364 260/1174/2377
f 338/1106/2373 307/1141/2378 189/1182/2375
f 474/1139/2379 92/1184/2379 253/1178/2379
f 260/1185/2380 370/1177/2365 190/1175/2371
f 307/1141/2381 285/1157/2382 189/1182/2383
f 189/1182/2383 285/1157/2382 107/1186/2384
f 99/1180/2369 436/1153/2354 253/1178/2367
f 202/1179/2368 289/1158/2344 129/1187/2385
f 289/1158/2344 456/1154/2343 129/1187/2385
f 285/1157/2382 221/1169/2386 107/1186/2384
f 92/1184/2387 474/1139/2387 133/1140/2387
f 110/1188/2388 231/1150/2372 264/1173/2357
f 456/1159/2370 121/1176/2362 129/1189/2389
f 121/1190/2390 260/1185/2380 190/1175/2371
f 534/1127/2391 231/1150/2372 110/1188/2388
f 221/1169/2392 99/1180/2393 107/1186/2394
f 133/1140/2395 608/1149/2396 27/1183/2397
f 27/1191/2398 534/1127/2391 110/1188/2388
f 264/1173/2399 108/1162/621 110/1188/2400
f 108/1162/621 202/1179/2374 18/1192/2401
f 121/1193/2390 190/1181/2371 189/1182/2402
f 110/1188/2400 108/1162/621 18/1192/2401
f 18/1192/2401 202/1179/2374 129/1187/2403
f 107/1186/2394 99/1180/2393 18/1194/2404
f 129/1195/2403 121/1193/2390 18/1194/2401
f 253/1178/2405 92/1184/2405 18/1194/2405
f 121/1193/2390 189/1182/2402 107/1186/2406
f 121/1193/2390 107/1186/2406 18/1194/2401
f 99/1180/2369 253/1178/2367 18/1194/2407
f 110/1188/2400 18/1192/2401 27/1191/2408
f 92/1184/2409 20/1196/2409 18/1194/2409
f 20/1196/2410 92/1184/2410 133/1140/2410
f 133/1140/2395 27/1183/2397 20/1196/2411
f 27/1183/2408 18/1194/2401 20/1196/2412
