# Blender 4.5.9 LTS
# www.blender.org
mtllib Mirror_03.mtl
o model
v -0.490658 0.118507 -0.124383
v -0.490862 0.118507 -0.124383
v -0.493313 0.118507 -0.124383
v -0.495764 0.118507 -0.124383
v -0.485029 0.119056 -0.124117
v -0.475749 0.118507 -0.124383
v -0.477383 0.118507 -0.124383
v -0.475953 0.118507 -0.124383
v -0.468614 0.118777 -0.123727
v -0.462270 0.118507 -0.124383
v -0.460636 0.118507 -0.124383
v -0.460840 0.118507 -0.124383
v -1.044780 1.479533 -0.124571
v -1.010113 1.208174 -0.043575
v -0.829828 1.736458 -0.124521
v -0.999765 0.241960 0.062357
v -0.937035 0.262318 0.123056
v -1.210193 0.420668 -0.124546
v -1.003885 0.309142 0.112824
v -1.234796 0.433027 -0.124776
v -1.014015 0.395148 0.116443
v -1.017480 0.363392 0.095176
v -0.977594 0.421290 0.104479
v -0.966715 0.351771 0.081764
v -0.887145 0.321673 0.107340
v -0.919360 0.362940 0.092160
v -1.229154 0.538496 -0.124222
v -1.100553 0.419866 0.105415
v -1.092972 0.644017 0.114920
v -1.055898 0.474513 0.114198
v -0.872150 1.932680 -0.124374
v -1.071498 0.817469 0.105150
v -0.851171 1.306263 0.050486
v -0.974411 1.367729 0.012019
v -0.899123 2.122442 -0.124306
v -0.841883 1.592533 0.050986
v -0.926747 1.263474 0.070795
v -0.951819 1.423479 0.072868
v -1.034863 1.468054 0.040096
v -0.999540 1.404994 0.050306
v -0.995226 1.467573 0.011146
v -0.950584 1.433678 0.034905
v -0.966618 1.356300 0.070337
v -1.043744 1.413664 0.020315
v -0.954382 1.669535 0.074293
v -0.945479 1.652278 0.074334
v -0.945479 1.652074 0.074334
v -0.945479 1.651665 0.074334
v -0.946705 1.650236 0.074129
v -0.952759 1.634410 0.072336
v -0.950468 1.647237 0.073131
v -0.942095 1.648279 0.073419
v -0.946909 1.638594 0.074129
v -0.945479 1.637573 0.074334
v -0.945479 1.636144 0.074334
v -0.946705 1.634918 0.074129
v -0.944105 1.630399 0.073911
v -0.946705 1.623481 0.074129
v -0.945479 1.621848 0.074334
v -0.946705 1.620214 0.074129
v -0.952831 1.639820 0.072291
v -0.952627 1.642475 0.072291
v -0.952627 1.644517 0.072291
v -1.062500 2.020301 0.038118
v -1.025640 1.997659 0.099118
v -1.191354 2.353947 0.115576
v -1.196744 2.507668 0.010944
v -0.551682 2.696268 0.067317
v -0.524901 2.771733 0.010573
v 0.000833 2.678706 0.059895
v -0.213235 3.042947 -0.049400
v 0.196417 3.203206 -0.059492
v 0.029749 3.347703 -0.123692
v -0.253625 2.867995 0.005566
v 0.118219 2.764041 0.072099
v -0.208960 2.897579 0.045988
v 0.175778 2.994141 0.012882
v 0.292513 2.796719 0.033227
v 0.148319 3.112378 0.047995
v -0.071195 2.920853 0.057801
v 0.206427 2.838931 0.024216
v 0.015173 3.232955 0.057472
v 0.009706 3.154626 0.071652
v 0.079025 2.974293 0.061772
v 0.046067 3.006133 0.044421
v 0.043099 3.035870 0.055427
v 0.040747 3.057050 0.044912
v 0.000701 2.989354 0.062153
v 0.118770 2.906966 0.036217
v 0.105944 2.906487 0.040060
v 0.158590 2.900165 0.057554
v -1.227469 0.426615 -0.070575
v 0.132806 2.965205 0.027177
v 0.133266 2.933619 0.031649
v 0.134900 2.935253 0.030424
v 0.200904 2.885715 0.046383
v 0.136125 2.937092 0.030220
v 0.239825 2.956669 0.032497
v -1.180090 0.331334 -0.052887
v -0.094853 3.031133 0.062694
v 0.167045 3.002461 0.012090
v 0.256453 2.869665 0.002522
v 0.066635 3.084959 0.036291
v -0.040375 3.055731 0.045190
v 0.150824 3.039954 0.043764
v 0.120546 2.773275 0.039579
v -1.120239 0.221668 -0.124471
v -1.060703 1.080631 -0.124497
v -0.058194 3.058967 0.038811
v -1.206460 0.706029 -0.124567
v -0.033386 2.960986 0.054932
v -0.033386 2.961395 0.054932
v -0.033999 2.959352 0.053911
v -0.104081 2.913806 0.038036
v -0.095768 2.861433 0.040140
v -0.128167 2.933055 0.035062
v -0.032978 2.962825 0.054115
v -0.029597 2.880192 0.045191
v -0.179228 2.927295 0.051580
v -0.103422 2.782262 0.049502
v -0.899750 0.413404 -0.124387
v -0.047976 3.052874 0.051291
v 0.077219 3.152633 0.014316
v -0.038369 3.289063 0.017397
v 0.083649 3.243679 0.013111
v -0.063165 3.236749 0.034948
v 0.031301 2.868456 0.044612
v 0.062701 3.279373 0.012330
v -0.934075 0.545428 -0.124564
v 0.049544 2.792037 0.040299
v 0.094420 3.176055 -0.013688
v 0.334610 2.855759 -0.013724
v -1.239280 0.500139 -0.002640
v 0.158182 2.791883 0.036551
v 0.157365 2.793313 0.035326
v -0.070125 2.785977 0.036059
v -0.132558 3.088130 0.055371
v 0.286801 3.007520 -0.021976
v 0.378838 2.759348 -0.000608
v 0.309867 2.733171 0.031891
v 0.158999 2.790863 0.035734
v -0.171920 2.989837 0.012096
v 0.199221 3.170174 -0.010189
v -0.078265 3.132973 0.018801
v 0.903455 2.036875 0.053275
v 1.195415 2.507326 0.011425
v 1.093502 1.636582 -0.107442
v 1.068121 1.651811 -0.069968
v 1.063586 1.647442 -0.120107
v 1.019665 1.629048 -0.056166
v 0.818170 1.323554 -0.124498
v 0.909381 1.937914 0.056592
v 1.012235 1.893560 0.022979
v 1.008058 1.585533 -0.020024
v 0.850115 1.673086 0.048893
v 1.007055 1.891013 0.087031
v 0.923813 0.814459 -0.124697
v 0.964075 1.801774 0.078010
v 0.965301 1.800345 0.077601
v 1.101727 1.385888 -0.010054
v 0.956723 1.631242 0.072087
v 0.957145 1.633828 0.072301
v 0.950284 1.711346 0.073353
v 0.956927 1.627362 0.072087
v 0.956927 1.625524 0.072087
v 0.906951 1.073582 0.050215
v 1.081715 0.916400 0.022230
v 0.888918 0.376042 0.077806
v 0.890348 0.374817 0.077397
v 0.711347 0.111972 -0.124439
v 0.501871 0.118622 -0.122675
v 0.515789 0.118507 -0.124178
v 1.198818 0.467409 -0.008450
v 1.198081 0.631205 0.035254
v 1.201019 0.477640 0.116007
v -0.041147 0.271884 -0.084353
v -0.041147 0.271884 -0.084149
v -0.041147 0.271884 -0.082720
v -0.042781 0.273110 -0.081086
v 1.130598 0.444891 0.113078
v 0.040996 0.272489 -0.005783
v -0.358380 0.139989 -0.021593
v 1.077592 0.385077 0.104574
v 0.975875 0.324333 0.107966
v 0.984109 0.253442 0.120393
v 0.923650 0.273881 0.120781
v 1.020158 0.361642 0.095415
v 0.974047 0.410250 0.110521
v -0.968807 0.114645 -0.124811
v -0.764827 0.108436 -0.124079
v 1.110508 0.445684 0.105581
v 0.887665 0.326909 0.106021
v 1.131088 0.501563 0.109765
v 1.110508 0.447523 0.105581
v 1.110508 0.443642 0.105581
v 0.933522 0.252626 0.066044
v 1.112142 0.448952 0.105785
v -0.037480 0.229570 0.071982
v -0.057527 0.176862 0.066945
v 0.111288 0.185335 0.061060
v 0.045016 0.192695 0.069826
v -0.924601 0.809814 -0.124640
v 0.123172 0.188769 0.074301
v 0.123234 0.170433 0.058852
v 0.057026 0.163831 0.061947
v 0.033054 0.238458 0.062957
v 0.044967 0.239853 0.071098
v -0.028974 0.083540 0.039588
v -0.115465 0.178366 0.072302
v 0.148521 0.112472 0.040732
v 0.347559 0.188463 0.023543
v 0.109440 0.241871 0.068408
v 0.318388 0.279690 0.057300
v -0.101509 0.234700 0.062596
v -0.032189 0.238493 0.063281
v 0.045411 0.274816 0.058131
v -0.128374 0.175337 0.059678
v -0.025451 0.294360 0.062249
v 0.017838 0.301196 0.061065
v 0.120403 0.292451 0.069929
v -1.136302 0.253892 -0.039595
v -0.063180 0.250063 0.067181
v 0.256259 0.089728 -0.007833
v -0.080482 0.042595 0.003345
v -0.121021 0.237274 0.064916
v 0.358966 0.127185 -0.037636
v 0.098749 0.035649 -0.009775
v -0.185999 0.141356 0.044087
v -0.041020 0.274427 0.055336
v -0.244567 0.103615 0.009438
v -1.186813 0.776034 -0.052346
v -0.341072 0.196683 0.030123
v -0.115894 0.283327 0.064168
v 0.537372 0.235851 0.060910
v 0.336407 0.290719 0.074548
v 0.128129 0.310308 0.058412
v 0.305698 0.085267 -0.056024
v 0.163904 0.026169 -0.058771
v -0.251213 0.288808 0.060926
v 0.668349 0.162152 0.015974
v 0.735319 0.247956 0.060295
v 0.934256 0.178551 0.038507
v 0.293423 0.307764 0.057872
v 0.878267 0.315178 0.071248
v 1.036143 0.453576 0.113481
v 1.076948 0.523718 0.114305
v -0.098680 0.290426 0.073461
v 0.524724 0.248330 0.074919
v 1.042122 0.256264 0.056882
v -0.186851 0.039141 -0.044211
v 0.982983 0.369134 0.071422
v 1.085844 0.287128 0.117086
v -1.205066 0.433293 -0.048699
v 0.920046 0.381511 0.071126
v 0.040353 0.274837 -0.122623
v 0.041158 0.271884 -0.046979
v 0.041158 0.271884 -0.044528
v 0.041158 0.271884 -0.046775
v 0.424950 0.283342 0.056936
v -0.832429 0.323365 -0.124444
v 0.042588 0.272906 -0.043303
v 0.841744 0.111062 -0.030567
v 0.706573 0.251770 0.074743
v -1.147818 0.915613 -0.124577
v 1.147147 0.339750 0.025117
v 1.019278 0.179927 0.011054
v -0.034585 0.003776 -0.051829
v -0.288044 0.077112 -0.052631
v 0.012752 0.301965 -0.124883
v 0.331090 0.305144 -0.124713
v 1.182397 0.436698 0.115792
v 1.182397 0.436086 0.115588
v 1.165341 0.379103 0.113556
v 0.979838 0.122452 -0.043057
v 0.361115 0.119445 -0.124348
v 0.145986 0.017648 -0.124572
v -0.699260 0.162404 0.016047
v -0.448194 0.256804 0.062259
v 0.123260 0.308756 -0.124623
v 1.183827 0.438128 0.115588
v 1.183827 0.434656 0.115180
v -0.316815 0.293324 0.074747
v -0.067887 0.291268 -0.124621
v -0.029575 0.290617 -0.123863
v -1.064532 0.179514 -0.035331
v 0.550264 0.257938 0.056012
v 0.811941 0.302161 0.074226
v -0.041147 0.271884 -0.086396
v -0.936494 0.718732 0.054243
v -0.039921 0.273314 -0.087825
v 1.069781 0.830876 0.105013
v 1.057817 0.890294 0.100475
v 1.057817 0.890090 0.100475
v 1.059042 0.888660 0.100679
v 1.128335 0.802857 0.106229
v 1.210189 0.515213 0.021658
v 0.612251 0.122803 -0.042427
v 0.273833 0.063007 -0.124415
v -0.016018 0.000000 -0.124574
v -0.145624 0.310803 0.059639
v 1.044977 0.903790 0.091361
v 1.059247 0.891724 0.100475
v 1.106696 0.252089 0.009602
v 0.711408 0.263236 0.056611
v 0.850865 0.336655 0.075973
v 1.089656 0.693698 0.112972
v -0.984102 0.123874 -0.044682
v 0.490950 0.267182 -0.124377
v 0.977952 0.420917 0.070248
v 1.028840 0.454754 0.066349
v 1.188482 0.648239 0.114359
v 1.076381 0.550258 0.059254
v 1.223702 0.434266 -0.037209
v 1.077656 0.753650 0.055114
v 1.144806 0.275874 -0.026349
v 0.902397 0.422612 0.064948
v 1.054395 0.862507 0.053723
v 1.237070 0.553169 0.005932
v 1.083959 0.667070 0.056566
v 1.020290 0.982889 0.091154
v 1.065336 0.174790 -0.043785
v 0.512113 0.118507 -0.124383
v 0.510071 0.118507 -0.124383
v 0.499247 0.118507 -0.124383
v 0.499043 0.118507 -0.124383
v 0.498838 0.118507 -0.124383
v 0.927323 0.459977 0.076692
v 1.083959 0.663394 0.056566
v 1.083959 0.669113 0.056566
v 1.002010 1.015673 0.051323
v 0.508641 0.119120 -0.124383
v 0.500976 0.119271 -0.124382
v 0.497409 0.119120 -0.124383
v 0.674311 0.257383 -0.124349
v 0.887489 0.374612 0.077601
v 0.890348 0.377676 0.077601
v 1.082529 0.670542 0.056157
v -0.828305 0.110598 -0.030237
v 1.076936 0.919324 0.095199
v 0.804353 0.298656 -0.124720
v 0.956666 0.770208 0.054665
v 0.964834 0.653163 0.057119
v 1.029225 0.918682 0.052685
v 1.027999 0.919908 0.052685
v 1.027999 0.920112 0.052685
v 1.029633 0.921541 0.052685
v 0.953761 0.574592 0.076751
v 0.958251 0.532362 0.062672
v 0.965201 1.130777 0.077373
v 0.928948 1.258551 0.072193
v 0.954469 1.420735 0.073033
v 0.977490 1.389945 0.065814
v 0.975268 1.186156 0.072378
v 1.237769 0.433410 -0.118217
v 0.964075 0.655838 0.056566
v 0.963871 0.659514 0.056566
v 0.964887 1.328386 0.067282
v 1.150174 0.263296 -0.124550
v 0.964075 0.653795 0.056770
v 0.952335 0.806608 0.070053
v 0.932555 0.922958 0.051333
v 1.019130 1.056300 0.082422
v 1.163945 0.726637 0.011879
v 0.991109 0.120375 -0.124458
v 0.963258 0.652366 0.057995
v 1.207935 0.430638 -0.054428
v 0.938344 0.556767 0.059113
v 0.924071 1.377174 0.048462
v 1.040692 1.417106 0.024266
v -0.727282 0.265190 -0.124527
v 0.929547 1.228671 0.046053
v 1.013413 1.077857 0.013671
v 1.208657 0.422783 -0.124454
v -0.901221 0.420491 0.060838
v 0.961796 1.121300 0.049183
v 1.216735 0.592848 -0.035736
v 1.232856 0.535144 -0.124056
v 1.168157 0.840217 -0.050366
v 0.920311 1.317593 0.047574
v 0.937278 0.788169 0.065147
v 0.904855 1.081281 0.069468
v 0.878812 1.185535 0.048523
v 0.974490 1.364480 0.010506
v 1.011644 1.377260 -0.019480
v 0.930655 0.514315 -0.124696
v 0.945562 0.686198 0.056145
v 0.916741 0.913852 0.061234
v 0.919144 1.313868 0.045537
v 0.919144 1.314072 0.045537
v 0.919144 1.321220 0.045537
v 0.919144 1.321016 0.045537
v 0.919144 1.322037 0.045537
v 0.919144 1.322241 0.045537
v 0.977629 1.524917 0.064912
v 0.945774 1.573875 0.073171
v 1.018109 1.502410 0.053783
v 0.977309 1.460244 0.021347
v 0.964849 1.525976 0.029610
v 1.113053 0.976124 -0.042575
v 0.882006 0.383792 -0.124454
v 0.917405 1.298077 0.046228
v 0.917715 1.312438 0.045946
v 0.917715 1.315706 0.045946
v 0.917715 1.319587 0.045946
v 0.853507 1.296718 0.051064
v 0.972112 1.217713 0.007157
v 0.958561 1.624094 0.072700
v 0.982824 1.584671 0.061132
v 0.936913 0.691374 0.055136
v 0.936913 0.690353 0.055136
v 0.923772 0.808783 0.052362
v 0.968364 1.301001 0.012860
v 0.968364 1.298755 0.011431
v 0.968364 1.299776 0.011431
v 0.968364 1.298959 0.011431
v 1.042460 1.103335 -0.046427
v 0.936504 0.689331 0.054523
v 0.936300 0.692803 0.054523
v 0.848354 1.307536 0.066443
v 1.014699 1.492104 -0.006669
v 1.056093 1.357809 -0.008968
v 0.929315 1.684546 0.063391
v -0.883054 1.037831 -0.124520
v 1.023560 1.472453 -0.026070
v 0.860800 1.189029 0.067559
v 1.005601 1.202922 -0.033797
v 1.208838 0.696267 -0.124545
v 0.962850 1.803408 0.077397
v 0.965301 1.803408 0.078010
v 0.975633 1.729261 0.075605
v 1.019297 1.560183 0.026061
v 0.895519 1.042810 0.051827
v 0.839583 1.476521 0.052297
v 1.161351 0.875923 -0.124708
v 0.981836 1.602250 0.009360
v -1.181602 0.406500 0.000050
v 0.906891 0.909288 0.051256
v 0.906891 0.909083 0.051256
v 0.906891 0.908675 0.051256
v 0.896127 0.966021 0.050191
v 0.984216 1.888657 0.088586
v 0.906482 0.907245 0.050643
v 0.932529 1.597769 0.039887
v 0.977494 1.886979 0.077184
v 1.026073 1.484487 -0.077510
v 1.050757 1.475153 0.030770
v 1.094427 1.568428 -0.006215
v -0.490021 0.251603 -0.124022
v 0.869004 1.132423 0.049530
v 0.827843 1.372573 0.066229
v 0.968988 1.868401 0.054666
v 0.862984 1.127928 -0.124396
v 0.929560 1.669025 0.042882
v 0.930173 1.670454 0.041453
v 0.935772 1.739334 0.043879
v -0.939330 0.548971 0.064770
v 1.059784 2.016629 0.100642
v 1.026816 2.005632 0.098889
v 1.061809 1.590575 -0.009017
v 1.046387 1.480183 -0.089919
v 0.928743 1.672088 0.041248
v 0.875653 1.797148 0.055330
v 1.079682 2.183204 0.113555
v 1.101415 1.524032 -0.000554
v -0.904967 0.916229 0.050638
v 1.066271 1.487434 0.009768
v 1.080987 1.043455 -0.124331
v 0.841956 1.224514 0.047860
v 0.845161 1.660939 0.065345
v 0.988723 1.760717 0.010467
v 1.000229 1.333937 -0.022342
v 0.824336 1.403685 0.049020
v 1.099263 1.443681 -0.007447
v -1.200877 0.462233 -0.004026
v 1.015728 1.206499 -0.124250
v 0.815666 1.356796 0.047374
v 1.025748 1.733350 -0.034367
v 1.004610 2.578183 0.117130
v 1.114557 2.521596 0.107757
v 1.059179 2.583280 0.103121
v 1.035924 2.510901 0.115335
v 0.970598 2.551776 0.102276
v 1.081335 2.426031 0.112685
v 1.071861 2.042449 0.037760
v 1.025754 2.021282 0.059464
v 1.086366 1.581589 -0.124352
v 1.109183 1.411451 -0.124700
v 1.134869 2.203123 0.113575
v 0.970841 2.638563 0.107049
v 1.191882 2.523205 0.115050
v 1.009886 2.696367 0.115312
v 1.067639 1.359057 -0.124888
v 0.849668 1.765290 0.069442
v 1.195887 2.370840 0.115471
v 1.097191 1.976945 -0.029336
v 1.100429 1.511553 -0.124318
v 1.076559 1.470244 -0.119353
v 1.015336 1.369559 -0.124375
v 1.076095 2.195426 0.057821
v 1.001011 2.603067 0.093294
v 1.127461 2.180605 0.033696
v 0.906063 1.948589 0.073859
v 0.935194 2.133059 0.056303
v 1.106368 2.645824 0.112995
v 1.146679 2.131728 -0.001157
v 1.056849 1.909391 -0.042907
v 0.825407 1.602714 0.059961
v 1.072285 2.428721 0.058625
v 1.030959 2.505681 0.065635
v 1.046832 1.479677 -0.124240
v 1.020483 1.481875 -0.124276
v 0.843321 1.748109 0.049824
v 0.936719 2.160761 0.072539
v 1.026045 1.638270 -0.120932
v 0.818148 1.661469 -0.124419
v 0.816965 1.630832 0.046885
v -0.695588 0.260119 0.056365
v 0.978969 2.541068 0.070115
v 0.978577 2.600774 0.069495
v 1.018355 1.586777 -0.124343
v 1.035617 1.476964 -0.124470
v -0.851439 0.337853 0.075275
v 0.897084 2.630806 0.102072
v 1.204505 2.374808 0.029107
v 1.039312 1.483881 -0.124064
v 0.883562 1.902041 0.068644
v 0.912408 2.097316 0.070046
v 0.841370 1.782978 0.048568
v 0.962998 2.337963 0.069981
v 0.929450 2.682196 0.115559
v 0.882360 1.892590 0.052688
v 1.227497 2.500589 0.008530
v 1.162661 2.118841 -0.038655
v -1.198371 0.640034 -0.011355
v 1.023557 1.642105 -0.059226
v 0.960165 2.302776 0.056047
v 0.951384 2.497998 0.068125
v 1.144109 2.620527 0.024771
v 0.949041 2.705402 0.055160
v 1.238213 2.463251 -0.008308
v 0.882032 1.993864 0.050715
v 0.941225 2.308734 0.063309
v 1.031402 2.698837 0.046740
v 1.074821 2.720270 0.000683
v -0.578011 0.117719 -0.124406
v 0.860018 1.862515 -0.124530
v 0.928497 2.210179 0.052500
v 0.890935 2.656809 0.067646
v 1.228389 2.571803 -0.047251
v 1.207383 2.284071 -0.054415
v 0.896714 2.572720 0.075490
v 1.058171 1.899859 -0.124227
v 1.205040 2.373897 -0.017877
v 0.905541 2.153625 0.050219
v 0.944429 2.466779 0.074677
v 0.906670 2.593963 0.074336
v 0.880062 2.809713 -0.023298
v 0.895391 2.090361 -0.124754
v 0.934827 2.466187 0.059486
v -1.014441 1.211595 -0.124583
v 0.759885 2.682995 0.068720
v 0.989646 2.787625 -0.034099
v 1.142711 2.672683 -0.024760
v -1.131303 0.939453 -0.045203
v 1.151001 2.060975 -0.124093
v 0.920966 2.310466 0.048971
v 0.832502 2.635176 0.075933
v 1.203066 2.565248 -0.046068
v 0.919481 2.278200 -0.124410
v 0.921595 2.310921 -0.101305
v 0.921595 2.310921 -0.101509
v 1.234266 2.569630 -0.124778
v 1.205366 2.238290 -0.124522
v 0.920983 2.310512 -0.099875
v 0.921187 2.310512 -0.102938
v 0.921125 2.310913 -0.116417
v 0.537739 2.693273 0.067794
v 0.937565 2.309220 -0.124332
v 0.920574 2.307857 -0.122953
v 0.920574 2.309287 -0.124178
v 0.934226 2.449562 -0.124605
v 1.204612 2.575395 -0.124065
v 0.920983 2.307653 -0.124383
v 0.921391 2.310104 -0.124383
v 1.167925 2.652493 -0.124544
v 1.226080 2.445189 -0.124502
v 0.751299 2.667291 0.060078
v 0.131666 2.759629 0.041879
v -0.206334 2.843448 0.022567
v -0.582766 0.258405 -0.124383
v -0.773198 0.285438 0.058989
v -0.246255 2.992220 0.016541
v 0.298456 2.889600 -0.032930
v 0.720799 2.825038 -0.043005
v 0.282136 2.928928 0.001353
v 0.601126 2.781409 0.008602
v 0.422303 2.667433 0.071337
v 0.120098 2.708199 0.067743
v 0.077194 2.764743 0.058837
v 0.068048 2.785242 0.037130
v -0.165771 2.999926 0.013845
v 0.165128 3.192687 -0.021913
v 1.078141 2.746848 -0.123323
v -0.114001 2.757141 0.070264
v 0.896050 2.572230 -0.124366
v -0.041869 2.799802 0.038370
v -0.158448 2.797130 0.032817
v -1.229911 0.573928 0.001940
v 0.641590 2.688382 0.072872
v 0.052566 2.776024 0.052496
v -0.056268 2.758538 0.069311
v 0.319607 2.962885 -0.046650
v 0.520357 2.796989 -0.026306
v 0.291867 2.657849 0.067599
v 0.066814 3.315256 -0.036044
v -0.058148 2.774970 0.054616
v -0.579498 0.259018 -0.124383
v -0.003411 3.330160 -0.021888
v 0.068626 2.693379 0.069182
v 0.042849 2.743274 0.067415
v -0.528351 0.261982 -0.124433
v -0.015032 2.849019 0.049527
v -0.575618 0.259222 -0.124383
v -0.581336 0.259018 -0.124383
v -0.588176 0.258289 -0.124315
v 0.488166 2.671026 0.063073
v 0.229967 3.110044 -0.031639
v 0.985642 2.795691 -0.124385
v 0.575822 2.679991 0.057148
v -0.124235 2.711918 0.073228
v -0.183172 3.021593 -0.008952
v -0.092871 3.173321 -0.012581
v -0.292076 2.814090 0.031733
v -0.174798 3.081899 0.032788
v -0.170234 3.162861 0.014171
v 0.100497 3.293486 -0.063551
v 0.202434 3.034488 -0.031424
v 0.797440 2.649295 -0.124556
v -0.231412 3.120459 -0.037250
v -0.089922 3.293516 -0.028993
v 0.825993 2.827618 -0.124461
v 0.118889 2.664804 0.069425
v -0.303468 2.990710 -0.028516
v 0.364491 2.872014 -0.072865
v 0.429604 2.788249 -0.064189
v 0.661764 2.677703 -0.124821
v 0.137204 2.648857 0.063476
v -0.061701 2.697159 0.067977
v -0.199667 3.194163 -0.042241
v -0.178731 3.206786 -0.054407
v 0.321368 2.895087 -0.074202
v 0.333938 2.645472 0.065052
v -0.135124 2.743440 0.047488
v -0.036079 2.709845 0.060988
v 0.307760 3.019670 -0.122436
v 0.063874 2.677538 0.057519
v -0.362977 0.123577 -0.063838
v 0.333819 2.967895 -0.124022
v -0.368014 2.751934 0.008913
v -0.290252 2.885689 -0.023491
v 0.590862 2.825182 -0.124030
v -0.101302 2.685040 0.060603
v -0.273023 2.734486 0.038349
v 0.240617 3.143009 -0.123341
v 0.397671 2.651093 -0.124525
v -0.206191 2.658947 0.063819
v -0.108085 3.285601 -0.123555
v -0.922392 0.881834 0.053674
v -0.118637 2.662865 0.074716
v -0.276498 3.030604 -0.064549
v -0.857645 1.152340 0.048003
v 0.018124 2.684502 -0.124416
v -0.838400 1.219542 -0.124365
v -0.318483 2.895633 -0.064575
v 0.102013 3.299310 -0.124062
v 0.040074 2.707705 0.056220
v -0.273404 2.918900 0.007417
v -0.119832 3.214243 -0.122066
v 0.039898 2.706466 -0.124298
v 0.331825 2.899974 -0.124671
v -0.039049 2.706038 -0.123888
v -0.050387 3.339499 -0.123761
v 0.120641 3.210031 -0.123112
v 0.195233 3.204471 -0.124424
v 0.439043 2.790696 -0.124503
v -0.229475 3.172937 -0.124517
v 0.232134 3.055404 -0.123115
v 0.104901 2.652782 -0.124737
v -0.057952 2.683190 0.056945
v -0.116746 2.651995 0.058160
v -0.371362 2.659750 0.072424
v -0.325803 2.997992 -0.122321
v -0.021022 2.687288 -0.124849
v -0.432483 2.789391 -0.072375
v -0.956677 2.730871 0.039125
v -1.070660 2.673797 0.113611
v -0.960505 2.694439 0.116759
v -0.894302 2.644773 0.104409
v -1.076421 2.566306 0.102522
v -1.001364 2.600304 0.096117
v -1.004158 2.569989 0.118722
v -0.881130 2.639521 0.070112
v -0.949573 2.707776 0.054652
v -1.106617 2.529652 0.105581
v -1.104983 2.531081 0.105377
v -1.102088 2.574194 0.110661
v -1.108047 2.528018 0.105989
v -0.921605 2.584327 0.076025
v -1.104983 2.528018 0.105785
v -1.029832 2.514269 0.110436
v -1.125981 2.482591 0.110701
v -0.981313 2.639360 0.106988
v -1.075636 2.442984 0.114223
v -0.967721 2.555490 0.100528
v -1.156021 2.586442 0.113400
v -0.228485 3.052342 -0.124456
v -0.291058 2.640890 0.060563
v -1.200348 2.480559 0.115391
v -1.062903 2.684944 0.042316
v -0.347510 2.865494 -0.034451
v -0.119746 2.648497 -0.124514
v -0.577166 2.809829 -0.030262
v -0.431026 2.662417 0.066512
v -0.773083 2.677896 0.069948
v -0.798655 2.805078 -0.009705
v -0.979992 2.599500 0.070518
v -0.918974 2.809259 -0.036846
v -1.087531 2.239416 0.113013
v -0.369406 2.873391 -0.122242
v -0.329193 2.897057 -0.124169
v -0.660100 2.680178 0.064727
v -1.055942 2.470654 0.062049
v -0.514363 2.675998 0.062682
v -0.983897 2.537171 0.069397
v -0.496989 0.119120 -0.124383
v -0.874368 2.598915 0.076682
v -1.145386 2.612708 0.028464
v -0.816759 2.639955 0.068299
v -1.081777 2.351326 0.057304
v -1.021150 2.773534 -0.028649
v -0.438472 2.791276 -0.124520
v -1.133494 2.199629 0.113462
v -1.209507 2.439898 0.028782
v -1.224991 2.529026 -0.002806
v -1.222055 2.573372 -0.051290
v -1.100746 2.717480 -0.028369
v -0.755065 2.666495 0.063898
v -0.646207 2.828927 -0.069081
v -0.957704 2.477463 0.064346
v -0.936312 0.809862 0.070293
v -1.070547 2.177309 0.058970
v -0.894640 1.047609 0.051545
v -0.376357 2.647548 -0.124571
v -0.929014 2.528905 0.078124
v -1.070054 2.042694 0.103269
v -1.242143 2.532399 -0.041599
v -1.230417 2.437478 0.004646
v -0.560089 2.677626 -0.124686
v -1.128347 2.181947 0.033896
v -1.181764 2.313636 0.009221
v -1.168255 2.641845 -0.048258
v -0.547603 2.816320 -0.124401
v -0.961521 2.303035 0.061231
v -1.024434 2.016700 0.059131
v -1.013988 1.911597 0.088505
v -1.202906 2.563030 -0.040528
v -1.001438 1.925742 0.092919
v -1.001438 1.925946 0.092919
v -0.777752 2.657366 -0.124536
v -1.024108 2.188179 0.056361
v -1.024516 2.188179 0.056361
v -1.025946 2.186749 0.056361
v -0.971342 1.853297 0.081568
v -1.002664 1.924313 0.092714
v -1.002868 1.927580 0.092919
v -0.941050 2.172519 0.055652
v -1.022678 2.186749 0.056361
v -0.965944 1.862116 0.054032
v -0.947086 1.688821 0.074771
v -0.952627 1.685567 0.072291
v -0.952627 1.686180 0.072291
v -0.977972 1.722022 0.074426
v -0.914830 2.532848 0.062281
v -0.944050 1.620418 0.073721
v -0.939314 1.581077 0.067594
v -0.976682 1.526699 0.069088
v -0.954261 1.645947 0.072700
v -0.954261 1.683934 0.072700
v -0.954261 1.687610 0.072700
v -0.757894 2.831973 -0.124624
v -0.933264 1.711032 0.062827
v -1.022399 1.546075 0.035860
v -0.990998 1.835696 0.081426
v -1.214080 2.408894 -0.042227
v -0.929561 2.811526 -0.124590
v -0.934161 2.233841 0.069326
v -0.921683 2.048769 0.056456
v -0.478404 0.119120 -0.124383
v -0.463291 0.119120 -0.124383
v -1.169049 2.162764 -0.020671
v -0.362151 0.120298 -0.124214
v -1.231211 2.462530 -0.124345
v -0.940185 2.457192 0.069740
v -0.938892 2.308589 0.054643
v -1.059116 2.757996 -0.124468
v -0.893600 2.574822 -0.124315
v -0.936927 2.158842 0.071317
v -0.982659 1.506820 0.019773
v -1.159705 2.661865 -0.124465
v -0.911264 1.948435 0.057370
v -0.977738 1.595631 0.065999
v -0.934106 1.734581 0.042727
v -1.203348 2.574373 -0.124377
v -0.936996 1.566883 0.039163
v -1.005662 1.871003 0.019278
v -1.126923 2.025302 -0.037029
v -0.903396 1.926036 0.073470
v -1.231902 2.573161 -0.125091
v -0.934517 2.456694 -0.124531
v -0.930443 2.215840 0.053519
v -0.887574 1.847203 0.056618
v -1.098179 1.512193 0.000950
v -1.204066 2.250800 -0.061370
v -1.014812 1.368371 -0.124311
v -0.930162 1.644517 0.041657
v -0.930366 1.642475 0.041657
v -0.930366 1.638799 0.041453
v -0.928936 1.645947 0.041044
v -0.928013 1.622408 0.040133
v -1.051249 1.901914 -0.034686
v -0.983150 1.599054 0.006877
v -1.208720 2.262684 -0.124518
v -0.906088 2.054648 0.053671
v -0.855562 1.719345 0.049966
v -0.906778 2.170877 0.050258
v -0.883832 1.908690 0.062620
v -1.056737 1.485432 0.022586
v -0.859481 1.752417 0.067946
v -0.933535 2.310421 -0.124433
v -0.927978 2.308716 0.043802
v -0.921411 1.352771 0.046001
v -1.053049 1.359076 -0.008692
v -1.077994 1.587689 -0.008574
v -1.010709 1.587939 -0.030568
v -1.029093 1.782553 -0.028320
v -1.081170 1.464366 0.007771
v -0.837730 1.530280 0.066869
v -1.030932 1.479989 -0.050998
v -0.946318 1.204466 0.072778
v -1.014756 1.376663 -0.022244
v -0.877980 1.965413 0.050727
v -0.968864 1.215131 0.071006
v -1.152895 2.065077 -0.124408
v -0.924251 1.252053 0.045384
v -0.846429 1.761675 0.067021
v -1.090526 1.373009 -0.011990
v -0.852977 1.806784 0.050375
v -0.975099 1.098667 0.080502
v -1.024547 1.040351 0.084083
v -1.105758 1.420805 -0.009905
v -0.823731 1.545218 0.065971
v -1.080085 0.909170 0.096076
v -0.952959 1.144985 0.047723
v -1.033455 0.947070 0.094223
v -1.058539 1.902006 -0.124512
v -0.830076 1.717285 0.047492
v -0.817272 1.565931 0.047350
v -1.006501 1.007914 0.051669
v -1.077465 1.586126 -0.124684
v -0.883362 1.163104 0.065761
v -0.979871 0.375882 0.073237
v -1.042454 1.481109 -0.098673
v -0.829751 1.344038 0.065490
v -1.052520 0.867557 0.053763
v -1.105784 1.531465 -0.124625
v -0.876342 1.193231 0.049010
v -1.079261 0.744259 0.055363
v -1.204991 0.542030 0.026926
v -1.005079 1.342372 -0.032451
v -1.076387 0.558583 0.058528
v -0.681628 0.232540 0.056248
v -0.903469 1.089510 0.049869
v -0.892726 0.281050 0.069805
v -1.142906 0.343149 0.114570
v -1.034295 0.463168 0.066087
v -0.457789 0.264742 0.072042
v -0.925307 0.153959 0.022191
v -1.018848 1.587574 -0.124455
v -0.909603 0.381121 0.073290
v -1.070383 0.942009 0.022614
v -0.822787 1.336174 0.047507
v -0.926762 0.974511 0.056561
v -0.287630 0.308533 0.058135
v -0.174953 0.024982 -0.124541
v -1.062497 0.275304 0.118861
v -1.193074 0.624224 0.115124
v -1.136903 0.785871 0.107065
v -1.021554 1.057471 0.014483
v -0.973783 1.209154 0.006988
v -1.088299 1.461434 -0.124500
v -0.979876 0.425887 0.070027
v -0.700018 0.121535 -0.034821
v -1.106410 1.399725 -0.124547
v -0.947363 0.833702 0.053030
v -0.693345 0.250525 0.074698
v -0.534766 0.247268 0.074630
v -1.127498 0.813167 0.020629
v -1.061149 1.357014 -0.124889
v -0.858124 1.207430 0.069262
v -0.963041 0.687852 0.056193
v -0.817870 0.285927 0.067797
v -0.779352 0.278512 0.076929
v -0.407936 0.287716 0.056682
v -0.810737 1.414570 -0.124543
v -0.861547 1.177014 0.049372
v -0.898548 1.041770 0.071003
v -0.242684 0.315823 -0.124502
v -0.307655 0.081907 -0.124481
v -1.077571 0.224549 0.016453
v -1.188083 0.662457 0.036433
v -1.041516 1.105413 -0.050101
v -0.954620 0.784211 0.070421
v -1.115685 0.306006 0.036975
v -1.197870 0.458914 0.115012
v -0.955067 0.536616 0.071019
v -0.918035 0.436045 0.075808
v -0.440694 0.279430 -0.124398
vn -0.0000 -1.0000 -0.0000
vn 0.0046 -0.5077 0.8615
vn 0.0045 -0.5065 0.8622
vn 0.0021 -0.4689 0.8832
vn -0.0000 -0.4360 0.8999
vn 0.0021 -0.4690 0.8832
vn -0.0000 -0.4359 0.9000
vn 0.0021 -0.4688 0.8833
vn 1.0000 -0.0000 -0.0001
vn -0.0000 1.0000 -0.0000
vn -0.0282 -0.7731 0.6336
vn 0.0141 -0.0000 0.9999
vn -0.0158 -0.0000 -0.9999
vn -0.0000 -0.9247 0.3807
vn 0.0141 -0.8544 0.5195
vn 0.0120 -0.8666 0.4988
vn 0.0146 -0.8520 0.5234
vn -0.3064 0.7269 0.6146
vn -0.3065 0.7205 0.6220
vn -0.3056 0.7514 0.5847
vn 0.0113 0.1922 0.9813
vn 0.0121 0.2299 0.9731
vn 0.0121 0.3039 0.9526
vn 0.3453 -0.9375 -0.0424
vn -0.1390 -0.0454 0.9892
vn -0.1457 -0.0398 0.9885
vn 0.0063 0.0180 0.9998
vn 0.2160 0.1413 0.9661
vn 0.3243 0.4677 0.8222
vn 0.3400 0.3813 0.8597
vn 0.3201 0.4161 0.8511
vn 0.0065 0.3497 0.9369
vn -0.1074 -0.9039 0.4141
vn -0.2524 -0.5193 0.8165
vn 0.0263 0.1263 0.9916
vn 0.3304 0.3658 0.8701
vn -0.3013 0.0341 0.9529
vn -0.3475 0.0413 0.9368
vn -0.1903 0.0060 0.9817
vn -0.8301 -0.4025 0.3858
vn 0.4187 0.8520 0.3142
vn 0.5030 0.8304 0.2395
vn 0.3470 0.8613 0.3713
vn 0.0046 -0.0000 -1.0000
vn -0.1644 -0.0000 0.9864
vn -0.1063 -0.0356 0.9937
vn -0.1591 -0.0674 0.9850
vn -0.1402 -0.0669 0.9879
vn -0.3811 0.0097 0.9245
vn -0.2897 -0.0577 0.9554
vn -0.3284 -0.0015 0.9445
vn -0.0488 0.0972 0.9941
vn -0.0461 0.0958 0.9943
vn -0.0596 0.1025 0.9929
vn -0.2526 -0.0102 0.9675
vn -0.1506 -0.0065 0.9886
vn -0.1996 -0.0942 0.9753
vn -0.2062 -0.1652 0.9645
vn -0.1344 0.0817 0.9876
vn -0.2378 0.0216 0.9711
vn -0.1840 0.0331 0.9824
vn -0.2275 0.0158 0.9736
vn -0.2826 0.0339 0.9586
vn -0.2992 0.0369 0.9535
vn -0.1865 0.0131 0.9824
vn -0.0901 0.0069 0.9959
vn -0.3626 -0.0000 0.9320
vn 0.0322 -0.2733 0.9614
vn 0.0310 -0.2759 0.9607
vn 0.0080 -0.3248 0.9458
vn -0.1095 -0.1110 0.9878
vn 0.7986 -0.1371 0.5860
vn 0.8568 -0.1016 0.5055
vn 0.7871 -0.1435 0.6000
vn 0.4422 -0.0333 0.8963
vn 0.5273 -0.0550 0.8479
vn 0.5922 0.0068 0.8058
vn -0.3646 0.1051 0.9252
vn -0.2245 0.1947 0.9548
vn -0.3538 0.1379 0.9251
vn -0.2038 0.1979 0.9588
vn 0.8566 -0.2997 0.4201
vn 0.3139 -0.1215 0.9416
vn 0.2881 -0.0347 0.9570
vn 0.2868 0.0082 0.9580
vn 0.7477 -0.3057 0.5895
vn 0.0532 0.2568 0.9650
vn -0.0003 0.2963 0.9551
vn 0.1091 0.2141 0.9707
vn 0.7669 -0.3777 0.5188
vn -0.8320 0.5409 -0.1232
vn 0.5912 -0.1759 0.7871
vn -0.3596 0.4534 0.8155
vn 0.2682 0.0413 0.9625
vn 0.2200 -0.1055 0.9698
vn 0.2362 -0.0581 0.9700
vn 0.5112 -0.2675 0.8168
vn 0.4167 -0.3486 0.8395
vn 0.4648 -0.3337 0.8201
vn 0.1883 -0.1929 0.9630
vn 0.1129 0.2111 0.9709
vn 0.2994 -0.0663 0.9518
vn 0.3495 -0.1381 0.9267
vn 0.2826 -0.0462 0.9581
vn 0.3728 0.0329 0.9273
vn 0.1526 -0.0715 0.9857
vn -0.8055 -0.1070 0.5828
vn -0.7923 -0.0902 0.6034
vn -0.7873 -0.0645 0.6131
vn 0.4836 0.1084 0.8686
vn 0.4663 0.0997 0.8790
vn 0.2356 -0.0713 0.9692
vn -0.4385 0.1893 0.8786
vn -0.8574 -0.0000 0.5147
vn -0.7774 -0.0788 0.6240
vn -0.7930 -0.1066 0.5998
vn -0.1040 0.0234 0.9943
vn -0.3096 0.3950 0.8649
vn -0.0229 0.4326 0.9013
vn 0.5924 0.1236 0.7961
vn 0.5936 0.1238 0.7952
vn 0.7524 0.1455 0.6424
vn 0.7584 0.1462 0.6352
vn 0.8944 -0.0000 0.4472
vn 0.9015 -0.0080 0.4327
vn 0.9028 -0.0095 0.4300
vn -0.7622 -0.1126 0.6374
vn 0.2714 -0.0105 0.9624
vn -0.1131 -0.0733 0.9909
vn 0.3263 0.3288 0.8862
vn 0.3266 0.3298 0.8857
vn 0.3264 0.3290 0.8861
vn 0.9807 0.0602 -0.1860
vn 0.2820 0.1942 0.9395
vn 0.2565 0.1594 0.9533
vn 0.3518 0.1091 0.9297
vn 0.3187 0.0809 0.9444
vn 0.1898 0.2762 0.9422
vn 0.5935 -0.2642 0.7602
vn -0.4150 -0.0273 0.9094
vn -0.4495 -0.0114 0.8932
vn -0.4498 -0.0251 0.8928
vn -0.2463 0.3287 0.9118
vn -0.2553 0.2592 0.9315
vn -0.2341 0.4071 0.8828
vn 0.5490 0.1685 0.8187
vn 0.5196 0.1566 0.8399
vn -0.2628 0.1896 0.9460
vn 0.3397 0.3335 0.8794
vn 0.2020 0.5095 0.8364
vn 0.1198 0.4349 0.8925
vn -0.9504 0.0471 0.3075
vn -0.4957 -0.1667 0.8523
vn -0.4748 -0.1542 0.8665
vn -0.4844 -0.1806 0.8560
vn 0.7019 -0.0402 0.7112
vn 0.5321 -0.1281 0.8369
vn 0.6857 -0.1929 0.7018
vn 0.1788 -0.0861 0.9801
vn -0.7836 -0.0450 0.6196
vn 0.8648 -0.0363 0.5008
vn 0.8437 0.0218 0.5364
vn 0.8322 0.0492 0.5523
vn -0.2988 0.5168 0.8023
vn -0.0394 0.2762 0.9603
vn 0.0106 0.1890 0.9819
vn -0.0324 0.2641 0.9640
vn 0.8697 -0.0926 0.4848
vn -0.3676 -0.0379 0.9292
vn 0.4020 0.4681 0.7869
vn 0.2634 0.6734 0.6907
vn 0.4201 -0.2025 0.8846
vn 0.4925 -0.2684 0.8279
vn 0.4258 -0.2038 0.8816
vn 0.4245 -0.1977 0.8836
vn -0.3956 0.4568 0.7968
vn 0.0162 0.1790 0.9837
vn 0.7342 0.6375 0.2336
vn 0.3713 0.0761 0.9254
vn 0.3261 0.3282 0.8865
vn 0.4353 0.4749 0.7648
vn -0.4872 -0.1427 0.8615
vn 0.1547 0.5144 0.8435
vn 0.2140 0.5035 0.8371
vn 0.1168 0.5204 0.8459
vn -0.3851 0.0753 0.9198
vn 0.1019 0.6407 0.7610
vn 0.0994 0.6406 0.7614
vn 0.0999 0.6406 0.7613
vn 0.0978 0.6405 0.7617
vn 0.4845 0.3023 0.8209
vn -0.2913 0.5269 0.7985
vn 0.3814 0.9173 -0.1144
vn 0.4750 -0.6548 0.5878
vn 0.1963 0.1680 0.9661
vn -0.0168 -0.0928 0.9955
vn 0.0776 -0.0973 0.9922
vn 0.0716 -0.1031 0.9921
vn 0.0787 0.0038 0.9969
vn 0.0774 0.0041 0.9970
vn 0.0831 0.0029 0.9965
vn 0.9499 -0.1764 0.2582
vn 0.1004 -0.0046 0.9949
vn -0.0675 0.0003 0.9977
vn -0.0642 -0.0239 0.9976
vn -0.3582 -0.0189 0.9334
vn 0.0968 -0.0000 0.9953
vn -0.0328 -0.9728 -0.2294
vn -0.0027 -0.9987 0.0513
vn -0.0028 -0.9987 0.0504
vn -0.0017 -0.9984 0.0573
vn 0.6013 0.7989 -0.0135
vn 0.5906 0.8068 -0.0130
vn 0.5869 0.8096 -0.0000
vn 0.5966 0.8024 -0.0136
vn -0.0444 0.1338 0.9900
vn -0.0038 0.2195 0.9756
vn 0.0196 0.0389 0.9991
vn -0.0114 0.2195 0.9755
vn -0.0794 0.0761 0.9939
vn 0.0087 -0.1960 0.9806
vn -0.0223 -0.3159 0.9485
vn 0.0359 -0.1508 0.9879
vn 0.0322 -0.9994 -0.0150
vn 0.3120 -0.9182 0.2442
vn -0.0137 0.2595 0.9656
vn -0.3398 0.6363 0.6926
vn -0.3737 0.6621 0.6496
vn -0.3604 0.6521 0.6670
vn -0.3041 -0.9053 0.2967
vn 0.3776 -0.2135 0.9010
vn -0.0306 -0.0000 0.9995
vn -0.3535 0.1071 0.9293
vn -0.3537 0.1830 0.9173
vn -0.3541 0.1008 0.9298
vn -0.0116 -0.0068 0.9999
vn 0.0769 -0.0323 0.9965
vn -0.0855 -0.0445 0.9953
vn -0.3318 0.1612 0.9295
vn -0.3385 0.0855 0.9371
vn -0.3496 -0.0000 0.9369
vn 0.0700 -0.0868 0.9938
vn -0.3559 0.0576 0.9327
vn 0.0652 0.9501 -0.3049
vn -0.0692 -0.2894 0.9547
vn 0.0995 -0.6409 0.7611
vn 0.0763 -0.0713 0.9945
vn 0.1165 -0.1243 0.9854
vn 0.0658 -0.0722 0.9952
vn -0.7249 -0.1120 0.6797
vn 0.0269 0.0143 0.9995
vn 0.0329 0.0138 0.9994
vn 0.0209 0.0198 0.9996
vn 0.0480 0.0396 0.9981
vn -0.9003 -0.2847 -0.3292
vn -0.5622 -0.0229 0.8267
vn 0.0426 -0.0302 0.9986
vn 0.0967 -0.2196 0.9708
vn 0.0406 -0.2953 0.9546
vn 0.1523 -0.4467 0.8816
vn -0.0164 -0.2951 0.9553
vn -0.0512 -0.2953 0.9540
vn 0.9432 0.2159 -0.2525
vn 0.9133 -0.3647 0.1813
vn -0.0034 -0.9716 0.2366
vn 0.1485 -0.2222 0.9636
vn 0.2796 -0.4322 0.8573
vn -0.0996 -0.2257 0.9691
vn -0.1457 -0.0087 0.9893
vn -0.1455 -0.0051 0.9894
vn -0.1479 -0.0382 0.9883
vn 0.0133 0.0266 0.9996
vn -0.5625 0.2938 0.7728
vn 0.0949 0.1462 0.9847
vn 0.0612 0.0449 0.9971
vn 0.0554 -0.0420 0.9976
vn -0.1405 0.0554 0.9885
vn 0.3216 -0.6925 0.6457
vn -0.1340 -0.2136 0.9677
vn 0.2003 -0.2143 -0.9560
vn 0.1730 0.0716 0.9823
vn -0.0649 0.1181 0.9909
vn -0.0541 0.0681 0.9962
vn -0.0506 0.0182 0.9986
vn -0.2239 0.3414 0.9129
vn 0.4207 -0.6505 0.6324
vn 0.1006 -0.6462 0.7565
vn -0.1694 -0.5251 0.8340
vn -0.1855 -0.4949 0.8489
vn -0.1677 -0.5238 0.8352
vn -0.7017 0.0231 0.7121
vn -0.4827 0.0743 0.8727
vn 0.0432 -0.6588 0.7510
vn 0.7106 0.7019 -0.0489
vn 0.6853 0.7245 -0.0737
vn 0.7719 0.6357 -0.0056
vn -0.0185 -0.8335 0.5523
vn -0.0640 -0.8107 0.5819
vn -0.1269 -0.7702 0.6251
vn -0.2873 -0.6168 0.7328
vn -0.3372 -0.5236 0.7824
vn -0.5791 -0.5959 0.5563
vn -0.2602 0.6003 0.7563
vn 0.6352 0.3123 0.7064
vn -0.0635 -0.5415 0.8383
vn -0.0264 -0.6518 0.7579
vn -0.0239 -0.5152 0.8567
vn 0.2719 -0.8107 0.5185
vn 0.2858 -0.8168 0.5011
vn -0.1061 -0.8105 0.5761
vn -0.1510 -0.1778 0.9724
vn -0.1193 -0.1338 0.9838
vn -0.0320 0.0198 0.9993
vn -0.3020 -0.4003 0.8652
vn -0.0367 -0.7269 0.6858
vn 0.3961 -0.7834 0.4789
vn -0.0894 -0.3707 0.9244
vn -0.0135 0.5461 0.8376
vn 0.0077 0.6834 0.7300
vn -0.0120 0.5568 0.8305
vn -0.3843 -0.6147 0.6888
vn 0.3678 0.3489 0.8620
vn -0.1558 0.9878 0.0083
vn -0.2442 0.9697 -0.0104
vn -0.1711 0.9852 0.0051
vn -0.0226 -0.3998 0.9163
vn 0.0133 0.7162 0.6977
vn -0.7385 -0.6627 0.1241
vn -0.8131 -0.4485 0.3711
vn -0.2610 -0.7713 0.5805
vn 0.6139 -0.7882 -0.0418
vn -0.0232 -0.8187 0.5738
vn -0.1156 -0.7891 0.6033
vn -0.0409 -0.7641 0.6438
vn 0.0904 -0.3462 0.9338
vn 0.0318 -0.3001 0.9534
vn 0.0157 -0.3618 0.9321
vn 0.2315 -0.9655 0.1191
vn 0.1172 -0.9343 0.3366
vn 0.1120 -0.9840 0.1388
vn -0.0484 -0.8354 0.5475
vn -0.3289 0.6277 0.7056
vn -0.4997 -0.6515 0.5709
vn -0.0808 0.0147 0.9966
vn 0.7129 0.7011 -0.0132
vn 0.9651 0.2617 -0.0001
vn 0.9652 0.2614 -0.0000
vn 0.9653 0.2613 -0.0000
vn -1.0000 -0.0000 -0.0000
vn 0.9661 0.2583 -0.0005
vn 0.9660 0.2584 -0.0003
vn 0.9660 0.2584 -0.0000
vn 0.1649 0.8702 0.4644
vn 0.1663 0.8649 0.4736
vn 0.1776 0.8066 0.5637
vn -0.0821 -0.0361 0.9960
vn -0.2592 0.9657 -0.0137
vn -0.9645 -0.2641 -0.0000
vn -0.9645 -0.2641 0.0011
vn -0.9642 -0.2651 -0.0000
vn -0.9645 -0.2639 -0.0000
vn -0.9648 -0.2629 -0.0000
vn -0.9646 -0.2639 -0.0000
vn -0.6014 0.7981 0.0364
vn -0.5726 0.8197 -0.0152
vn -0.3949 0.9187 -0.0065
vn -0.5668 0.8237 -0.0149
vn -0.3920 0.9199 -0.0064
vn -0.0606 0.0447 0.9972
vn -0.0709 0.0209 0.9973
vn 0.3810 -0.6688 0.6384
vn 0.4381 -0.5122 0.7387
vn 0.1493 -0.7179 0.6800
vn -0.0430 -0.9919 0.1198
vn -0.9996 -0.0077 0.0280
vn -0.3897 0.9209 0.0085
vn -0.3786 0.9256 0.0022
vn -0.3832 0.9237 0.0048
vn 0.0147 -0.7400 0.6724
vn 0.0580 -0.9307 0.3612
vn -0.0028 0.5397 0.8419
vn 0.0564 0.5791 0.8133
vn 0.0438 0.5709 0.8198
vn 0.7524 -0.6453 0.1323
vn -0.3640 -0.7369 0.5696
vn 0.0511 -0.3984 0.9158
vn 0.0671 -0.3747 0.9247
vn 0.0239 -0.4447 0.8954
vn -0.3943 0.9189 0.0111
vn 0.1631 0.7771 0.6079
vn -0.0992 -0.3146 0.9440
vn 0.0511 -0.0509 0.9974
vn 0.1635 -0.7678 0.6195
vn 0.5706 -0.8196 0.0528
vn 0.5976 -0.7972 0.0860
vn 0.5131 -0.8552 0.0727
vn 0.0352 -0.4998 0.8654
vn -0.0069 -0.7885 0.6150
vn 0.7015 0.7124 -0.0162
vn -0.0392 0.0616 0.9973
vn -0.0254 0.1662 0.9858
vn 0.4117 -0.2882 0.8646
vn 0.2239 -0.1139 0.9679
vn 0.1646 -0.1152 0.9796
vn 0.1679 -0.0889 0.9818
vn 0.1903 -0.0949 0.9771
vn 0.0121 -0.7392 0.6734
vn 0.4297 -0.9001 0.0728
vn 0.2051 -0.9764 0.0681
vn 0.0303 -0.4655 0.8845
vn 0.1369 -0.6993 0.7016
vn 0.1166 -0.6568 0.7450
vn 0.1576 -0.6831 0.7131
vn -0.0243 0.0035 0.9997
vn 0.1156 -0.6417 0.7582
vn 0.0110 0.5902 0.8072
vn -0.1261 0.8217 0.5558
vn 0.0125 0.5809 0.8139
vn 0.1725 0.9844 0.0342
vn 0.3279 0.9149 0.2354
vn 0.3302 0.9413 0.0696
vn 0.6024 0.7980 -0.0155
vn -0.9988 0.0499 -0.0000
vn -0.1021 0.0231 0.9945
vn 0.1276 0.9918 -0.0001
vn 0.0174 0.9998 -0.0089
vn 0.0164 0.9998 -0.0100
vn 0.0882 0.9961 0.0039
vn 0.1615 0.7744 0.6117
vn -0.0173 0.8977 0.4403
vn -0.0166 0.9003 0.4350
vn -0.0289 0.8526 0.5218
vn 0.5306 -0.3790 0.7582
vn 0.6265 -0.5276 0.5737
vn 0.0067 0.9007 0.4344
vn -0.2480 0.7830 0.5705
vn -0.7646 0.6444 -0.0109
vn -0.7940 0.6079 0.0041
vn -0.8436 0.5369 -0.0106
vn -0.8490 0.5283 -0.0065
vn 0.2019 0.9794 0.0017
vn 0.0057 -0.1713 0.9852
vn 0.1176 0.6164 0.7786
vn -0.5786 -0.0000 0.8156
vn -0.0969 0.0516 0.9940
vn -0.1645 -0.0000 0.9864
vn -0.0426 0.0679 0.9968
vn -0.7622 -0.6367 0.1166
vn -0.5874 -0.0486 0.8078
vn 0.0078 0.0309 0.9995
vn 0.1080 -0.9910 0.0790
vn 0.2925 -0.6040 0.7414
vn 0.0765 -0.0661 0.9949
vn -0.6411 -0.1982 0.7414
vn -0.3108 0.3108 0.8982
vn 0.0833 0.1007 0.9914
vn 0.0323 0.0919 0.9952
vn -0.7890 0.6144 0.0051
vn -0.9876 -0.0987 -0.1219
vn 0.0657 0.1207 0.9905
vn 0.0812 0.1240 0.9889
vn 0.9893 0.0822 0.1203
vn 0.9875 0.0877 0.1309
vn 0.9905 0.0783 0.1129
vn 0.9726 -0.2326 0.0019
vn 0.9441 -0.3297 -0.0042
vn 0.9483 -0.3172 0.0093
vn 0.6012 -0.6862 0.4096
vn 0.1539 0.9880 0.0091
vn -0.0299 0.8484 0.5285
vn -0.8451 0.5324 0.0488
vn -0.5527 0.8212 0.1418
vn -0.5723 0.8128 0.1090
vn -0.5616 0.8176 0.1270
vn -0.8560 0.4963 0.1450
vn -0.8638 0.4608 0.2038
vn -0.8605 0.4784 0.1753
vn 0.0140 0.0698 0.9975
vn 0.9918 0.0739 0.1044
vn 0.0014 -0.0013 -1.0000
vn 0.0018 -0.0017 -1.0000
vn 0.0010 -0.0012 -1.0000
vn 0.0851 0.9964 -0.0041
vn -0.5370 0.8269 0.1669
vn -0.9960 0.0732 0.0506
vn -0.9961 0.0748 0.0463
vn -0.9958 0.0672 0.0629
vn 0.1946 -0.5555 0.8085
vn 0.8638 -0.3275 0.3830
vn 0.8329 -0.4775 0.2798
vn -0.3908 0.8215 0.4153
vn 0.0744 -0.0726 0.9946
vn -0.8656 0.4476 0.2247
vn 0.9398 -0.3392 -0.0424
vn 0.9335 -0.3585 -0.0094
vn 0.0061 0.0981 0.9952
vn 0.5470 -0.0409 0.8362
vn 0.4659 -0.7547 0.4620
vn -0.0212 0.1397 0.9900
vn -0.0128 -0.9963 0.0844
vn -0.0069 -0.9960 0.0887
vn -0.0270 -0.9981 0.0550
vn 0.1627 0.0245 0.9864
vn 0.1350 -0.0611 0.9890
vn 0.0640 0.0211 0.9977
vn -0.0002 0.0226 0.9997
vn -0.9958 0.0422 0.0807
vn -0.9875 -0.1019 0.1206
vn -0.9675 -0.1759 0.1817
vn -0.9581 -0.2626 0.1147
vn -0.9424 -0.3130 0.1177
vn -0.0281 -0.8619 0.5063
vn -0.0000 -0.9977 0.0671
vn -0.0000 -0.9977 0.0672
vn 0.0006 -0.0008 -1.0000
vn 0.0143 0.9999 0.0068
vn -0.0328 0.9991 -0.0256
vn -0.3344 -0.0000 -0.9424
vn -0.9949 -0.0000 0.1005
vn -0.3983 -0.7532 0.5234
vn -0.0242 -0.9945 0.1022
vn -0.0302 -0.9984 0.0481
vn -0.0008 -0.0003 -1.0000
vn -0.0001 0.0003 -1.0000
vn -0.0014 0.0001 -1.0000
vn 0.0001 0.0002 -1.0000
vn -0.0000 0.0003 -1.0000
vn -0.1889 -0.4408 -0.8775
vn -0.0185 -0.9378 -0.3466
vn 0.3226 -0.8162 -0.4793
vn -0.0000 -0.0010 1.0000
vn -0.0000 0.0012 -1.0000
vn 0.0005 0.0013 -1.0000
vn -0.0002 0.0006 -1.0000
vn -0.0000 0.0009 -1.0000
vn -0.0002 0.0096 -1.0000
vn -0.3134 -0.7313 0.6058
vn -0.0024 -0.9617 -0.2742
vn -0.3023 0.9527 0.0312
vn -0.3396 0.9405 0.0096
vn -0.3222 0.9465 0.0197
vn -0.1480 -0.2089 -0.9667
vn -0.0049 -0.6719 -0.7406
vn 0.0853 -0.2240 0.9708
vn -0.4739 0.3591 0.8040
vn -0.2365 0.3216 0.9169
vn 0.2185 -0.0695 0.9734
vn 0.2201 -0.0695 0.9730
vn 0.2212 -0.0755 0.9723
vn 0.0525 0.0646 0.9965
vn 0.0239 0.0690 0.9973
vn 0.3342 -0.0000 0.9425
vn -0.2399 0.0372 0.9701
vn -0.7117 -0.6148 0.3398
vn -0.9876 -0.0561 0.1467
vn -0.9846 -0.1732 0.0247
vn -0.9317 -0.3256 0.1611
vn -0.3607 0.9327 -0.0027
vn -0.7769 0.3548 0.5201
vn 0.0161 0.0431 0.9989
vn 0.1194 0.0195 0.9927
vn 0.0363 0.0201 0.9991
vn 0.0661 0.1158 0.9911
vn 0.7580 -0.2961 0.5811
vn -0.6635 0.7481 0.0121
vn -0.7622 0.6472 0.0082
vn -0.7266 0.6860 0.0385
vn -0.9360 -0.3019 0.1811
vn 0.0028 0.0252 0.9997
vn -0.0079 0.0176 0.9998
vn -0.0095 0.0203 0.9997
vn -0.0000 -0.0000 1.0000
vn -0.0189 0.0041 0.9998
vn -0.0190 0.0078 0.9998
vn -0.0081 0.0105 0.9999
vn -0.0110 0.0125 0.9999
vn -0.0145 -0.0089 0.9999
vn -0.0139 0.0094 0.9999
vn 0.0409 0.0861 0.9954
vn 0.9157 0.3995 0.0440
vn 0.9205 0.3890 0.0378
vn 0.9167 0.3975 0.0407
vn 0.9273 0.3697 0.0579
vn 0.8870 -0.2584 0.3826
vn 0.9214 -0.3101 0.2343
vn -0.9331 -0.2952 0.2053
vn 0.0672 0.0303 0.9973
vn 0.2757 0.0013 0.9613
vn 0.3263 0.0224 0.9450
vn 0.0840 0.0660 0.9943
vn 0.9338 0.3545 0.0476
vn 0.9200 0.3644 0.1442
vn 0.9705 -0.1709 0.1703
vn 0.0855 -0.9956 0.0372
vn 0.0226 -0.9996 -0.0150
vn 0.0639 -0.9980 0.0027
vn 0.6936 -0.1604 0.7022
vn -0.6712 -0.0373 0.7403
vn -0.6551 -0.0336 0.7548
vn -0.6304 -0.0280 0.7758
vn 0.7699 -0.6264 0.1223
vn 0.5204 -0.8488 0.0937
vn -0.3513 0.0932 0.9316
vn 0.7956 0.0615 0.6027
vn 0.7886 0.0613 0.6119
vn 0.7692 0.0610 0.6361
vn -0.8708 -0.0483 0.4892
vn -0.6286 -0.0276 0.7772
vn -0.8554 0.5171 0.0290
vn -0.9181 0.3963 -0.0058
vn 0.4805 0.0141 0.8769
vn 0.1356 0.5990 0.7892
vn 0.7725 0.0611 0.6321
vn 0.7657 0.0609 0.6403
vn 0.9701 0.0130 0.2424
vn -0.9252 -0.3085 0.2208
vn 0.0431 -0.0326 -0.9985
vn 0.9301 0.3654 0.0369
vn 0.0004 -0.0001 -1.0000
vn 0.9290 -0.0244 0.3694
vn -0.9779 -0.1508 0.1446
vn -0.7146 0.1089 0.6910
vn 0.9178 0.3895 -0.0769
vn 0.9188 0.3866 -0.0803
vn 0.9186 0.3870 -0.0797
vn 0.6641 -0.7392 -0.1124
vn -0.6531 0.2067 0.7285
vn 0.9847 0.1545 -0.0802
vn 0.9844 0.1535 -0.0860
vn 0.9854 0.1696 0.0141
vn -0.0002 0.0153 0.9999
vn -0.9419 -0.2317 0.2433
vn 0.9041 0.3740 0.2067
vn 0.9305 -0.3566 0.0845
vn 0.9384 0.3429 0.0431
vn 0.7662 0.3337 0.5492
vn 0.7210 0.2996 0.6248
vn 0.7209 0.3273 0.6109
vn 0.3003 -0.9510 0.0734
vn 0.1939 -0.9764 0.0951
vn 0.1051 -0.9881 0.1119
vn -0.3374 0.0251 0.9410
vn -0.3108 -0.0105 0.9504
vn -0.3247 0.0135 0.9457
vn 0.9791 -0.1995 0.0388
vn 0.9868 -0.1432 0.0755
vn 0.9864 -0.1472 0.0732
vn 0.9743 0.2206 0.0444
vn 0.8578 0.2198 0.4647
vn 0.9982 0.0460 -0.0387
vn 0.3294 -0.9418 0.0671
vn 0.9378 -0.3439 0.0483
vn -0.8264 0.1903 0.5300
vn -0.7951 0.0949 0.5990
vn -0.8150 0.1516 0.5592
vn 0.9764 0.2153 0.0189
vn 0.0060 0.0215 0.9998
vn -0.2335 0.8195 0.5233
vn 0.9196 0.3840 -0.0831
vn 0.0008 -0.0006 -1.0000
vn 0.0304 0.0186 0.9994
vn 0.0302 0.0146 0.9994
vn 0.9863 0.1621 0.0307
vn 0.7952 0.2684 0.5436
vn 0.9801 0.1968 0.0281
vn -0.9898 -0.1045 0.0967
vn -0.8987 0.0502 0.4357
vn 0.3720 0.0610 0.9262
vn 0.5488 -0.7665 0.3337
vn 0.5429 -0.7714 0.3321
vn 0.5430 -0.7713 0.3321
vn 0.5338 -0.7787 0.3296
vn 0.8844 0.1987 0.4223
vn 0.0023 0.0010 -1.0000
vn -0.9493 0.3142 0.0105
vn -0.9660 0.2580 -0.0192
vn -0.9965 -0.0785 -0.0284
vn -0.4403 -0.0725 0.8949
vn -0.8674 -0.0000 0.4976
vn -0.0000 -0.0000 -0.0000
vn -0.8678 -0.0000 0.4970
vn -0.8328 0.5511 0.0533
vn 0.3140 -0.0189 0.9492
vn 0.2877 0.0355 0.9570
vn 0.3125 -0.0224 0.9496
vn 0.2835 0.0360 0.9583
vn -0.7799 0.0578 0.6233
vn -0.2009 -0.0376 0.9789
vn -0.0542 -0.0149 0.9984
vn -0.5710 0.0285 0.8204
vn -0.6645 0.5078 -0.5483
vn 0.2747 -0.0000 0.9615
vn 0.2750 -0.0000 0.9614
vn -0.2376 -0.4262 0.8729
vn -0.5313 -0.0000 0.8472
vn -0.2007 0.4495 0.8704
vn 0.0149 0.1783 0.9839
vn -0.0131 0.2533 0.9673
vn 0.0747 0.0001 0.9972
vn 0.0839 -0.0000 0.9965
vn 0.0722 -0.3850 -0.9201
vn 0.0579 -0.0185 0.9981
vn 0.1132 0.0527 0.9922
vn 0.0479 -0.0097 0.9988
vn 0.3286 -0.0779 0.9413
vn 0.9973 0.0723 -0.0133
vn 0.6724 -0.0000 0.7402
vn 0.6724 -0.0006 0.7402
vn 0.6727 -0.0000 0.7400
vn 0.6731 -0.0000 0.7396
vn -0.0673 -0.0320 0.9972
vn -0.7021 -0.0000 0.7120
vn -0.3622 -0.0145 0.9320
vn -0.3198 -0.0077 0.9475
vn -0.2863 0.0819 0.9546
vn 0.7555 0.2707 0.5966
vn -0.1158 -0.0000 0.9933
vn -0.4486 -0.0756 0.8905
vn 0.9704 0.2414 0.0068
vn 0.9654 0.1185 0.2322
vn -0.7863 -0.5568 0.2679
vn -0.3709 0.0858 -0.9247
vn 0.5934 0.0113 0.8048
vn 0.9938 -0.0643 0.0911
vn 0.9986 -0.0285 0.0448
vn 1.0000 -0.0000 0.0001
vn -0.9981 -0.0000 -0.0622
vn -0.0004 -0.0002 -1.0000
vn -0.0010 -0.0015 -1.0000
vn 0.0003 -0.0004 -1.0000
vn 0.0004 -0.0002 -1.0000
vn -0.1654 0.0318 0.9857
vn -0.2944 -0.4024 0.8668
vn -0.8320 -0.0000 0.5548
vn -0.7673 -0.0386 0.6401
vn -0.7900 -0.0258 0.6125
vn -0.7565 -0.0445 0.6524
vn 0.1652 0.4475 0.8789
vn -0.2780 -0.0121 0.9605
vn -0.1726 -0.0003 0.9850
vn -0.1766 -0.0007 0.9843
vn 0.1616 0.0201 0.9866
vn 0.2227 0.0314 0.9744
vn 0.7174 -0.1312 0.6842
vn 0.7632 -0.0498 0.6443
vn 0.7184 -0.1296 0.6834
vn 0.8327 -0.4205 0.3604
vn 0.7272 -0.0000 0.6864
vn -0.8312 0.4688 -0.2988
vn 0.9248 -0.1333 0.3564
vn 0.7886 0.3279 0.5202
vn 0.1754 0.0365 0.9838
vn -0.3541 -0.0208 0.9350
vn -0.7716 -0.1179 0.6251
vn -0.7700 -0.1153 0.6275
vn -0.7613 -0.1075 0.6394
vn -0.4429 0.0133 0.8965
vn -0.4773 0.0473 0.8775
vn -0.4506 0.0208 0.8925
vn -0.4522 -0.8813 0.1373
vn -0.4583 -0.8749 0.1568
vn -0.4597 -0.8733 0.1615
vn 0.5951 -0.1907 0.7807
vn 0.5101 -0.1826 0.8405
vn 0.5048 -0.1821 0.8438
vn 0.6574 -0.2208 0.7205
vn 0.9811 0.1635 0.1031
vn 0.9856 0.1472 0.0837
vn 0.9738 0.1958 0.1152
vn 0.0362 -0.0043 -0.9993
vn 0.2250 -0.0450 -0.9733
vn 0.0588 -0.0114 -0.9982
vn 0.9641 0.1729 0.2014
vn -0.9068 -0.4170 0.0615
vn 0.7209 -0.2943 0.6274
vn -0.9986 -0.0228 0.0470
vn -0.9989 -0.0345 0.0306
vn -0.9929 -0.1189 0.0055
vn -0.9928 -0.1195 0.0009
vn -0.1859 -0.0586 0.9808
vn 0.0242 0.0114 0.9996
vn -0.0362 0.0025 0.9993
vn -0.0624 -0.0371 0.9974
vn -0.4635 -0.8688 0.1743
vn 0.2757 -0.4145 0.8673
vn 0.7914 0.2595 0.5534
vn 0.8015 0.2553 0.5407
vn -0.0019 -0.0005 -1.0000
vn -0.6724 -0.1035 0.7329
vn -0.1938 -0.0619 0.9791
vn 0.9599 0.0725 0.2707
vn 0.2032 -0.0665 0.9769
vn 0.2252 -0.0843 0.9707
vn -0.4272 0.0186 0.9040
vn -0.2414 0.0973 0.9655
vn -0.2387 0.1790 0.9545
vn -0.2415 0.0930 0.9659
vn 0.1735 -0.1302 0.9762
vn -0.5830 -0.1074 0.8053
vn -0.2453 -0.0656 0.9672
vn 0.7696 -0.0242 0.6381
vn -0.9486 -0.1150 0.2949
vn -0.4862 0.0563 0.8720
vn -0.7615 0.1318 -0.6346
vn -0.2423 0.0449 0.9692
vn -0.8624 0.1307 0.4891
vn -0.8548 0.2151 0.4722
vn -0.8584 0.1841 0.4789
vn 0.4189 0.3282 0.8466
vn 0.4330 0.3827 0.8161
vn 0.3982 0.2560 0.8809
vn -0.4065 -0.5248 0.7479
vn 0.9547 0.2884 0.0735
vn 0.0764 -0.0850 0.9934
vn 0.3724 0.1748 0.9115
vn 0.9379 0.3427 0.0538
vn -0.6991 -0.0486 0.7133
vn -0.6886 -0.0791 0.7208
vn -0.9126 -0.1771 -0.3684
vn 0.6837 0.6960 0.2194
vn 0.6822 0.6962 0.2234
vn 0.6835 0.6960 0.2200
vn -0.6787 -0.1101 0.7261
vn -0.8321 -0.0000 0.5546
vn -0.6296 -0.1050 0.7698
vn 0.0983 -0.0000 -0.9952
vn -0.5307 -0.0304 0.8470
vn -0.5154 -0.0223 0.8566
vn -0.8862 -0.2522 0.3887
vn -0.8781 -0.2345 0.4171
vn -0.8860 -0.2523 0.3890
vn -0.2001 0.9785 0.0492
vn -0.2050 0.9774 0.0517
vn -0.2028 0.9779 0.0506
vn 0.0012 0.0006 -1.0000
vn 0.9831 0.1736 0.0588
vn 0.1412 -0.0210 0.9898
vn 0.9438 0.3087 0.1183
vn 0.0003 0.0006 -1.0000
vn -0.8433 -0.1636 0.5120
vn 0.0007 0.0035 1.0000
vn 0.8829 0.0065 -0.4695
vn -0.0212 -0.0814 0.9965
vn -0.1146 -0.9886 0.0979
vn 0.0461 -0.9862 0.1588
vn -0.1595 -0.9839 0.0802
vn 0.8997 0.4352 0.0344
vn -0.0146 -0.0048 -0.9999
vn -0.9781 -0.2070 0.0197
vn -0.9851 -0.1696 0.0297
vn -0.1608 -0.0223 0.9867
vn -0.9989 -0.0425 0.0202
vn -0.9971 0.0548 -0.0534
vn -0.9973 0.0143 -0.0718
vn -0.9444 0.0879 -0.3168
vn -0.9917 0.0889 -0.0932
vn -0.9397 0.2154 0.2656
vn -0.9430 0.3157 0.1055
vn -0.9551 0.2494 0.1601
vn 0.0151 -0.0504 0.9986
vn 0.9824 -0.1388 0.1250
vn 0.9878 -0.0908 0.1265
vn 0.9987 0.0262 0.0433
vn 0.9988 0.0499 -0.0021
vn 0.6852 0.6957 0.2156
vn -0.1974 0.9791 0.0480
vn 0.4145 -0.1720 0.8936
vn 0.8944 0.4411 0.0739
vn -0.9113 -0.0207 -0.4112
vn -0.1713 -0.0268 0.9849
vn -0.1702 -0.0223 0.9852
vn -0.1759 -0.0272 0.9840
vn -0.1607 -0.0208 0.9868
vn -0.1652 -0.0213 0.9860
vn -0.1668 -0.0257 0.9857
vn -0.2013 -0.9732 0.1109
vn 0.0614 -0.9845 0.1644
vn 0.0717 -0.0407 0.9966
vn 0.2283 -0.0127 0.9735
vn 0.0795 -0.0677 0.9945
vn 0.1215 -0.0698 0.9901
vn -0.9309 0.2149 0.2953
vn 0.2870 0.5241 0.8019
vn -0.8327 -0.1457 0.5342
vn 0.0022 -0.0168 0.9999
vn 0.9563 -0.2852 0.0652
vn 0.5741 -0.3413 0.7443
vn 0.6151 -0.0094 0.7884
vn 0.9113 0.3908 0.1294
vn 0.9656 -0.0473 0.2558
vn 0.9716 -0.1598 0.1745
vn 0.9702 -0.0927 0.2237
vn -0.8467 0.2679 0.4597
vn 0.7352 -0.0367 0.6769
vn 0.7425 -0.0345 0.6690
vn 0.7221 -0.1304 0.6794
vn 0.9279 0.3458 0.1396
vn 0.9361 0.3315 0.1179
vn -0.9744 -0.2214 0.0394
vn -0.9949 -0.0980 0.0255
vn -0.9952 -0.0832 0.0524
vn -0.9863 -0.0206 0.1638
vn -0.0006 0.0031 1.0000
vn 0.9253 -0.3784 0.0259
vn 0.9583 -0.2778 0.0664
vn -0.9720 -0.2336 0.0234
vn -0.3237 0.0223 0.9459
vn -0.1902 -0.0262 0.9814
vn -0.3149 0.0191 0.9489
vn 0.9234 -0.3832 0.0200
vn 0.7595 -0.0845 0.6450
vn -0.1829 0.8419 0.5077
vn 0.3342 0.9140 0.2301
vn 0.0008 0.0003 -1.0000
vn -0.1006 -0.0163 0.9948
vn -0.1919 0.0010 0.9814
vn -0.1068 -0.0152 0.9942
vn 0.0251 -0.0378 0.9990
vn 0.0935 0.0177 0.9955
vn -0.0313 -0.0110 0.9994
vn 0.0936 0.0170 0.9955
vn 0.1170 0.6957 0.7087
vn 0.2165 0.2650 0.9396
vn 0.0781 0.0210 0.9967
vn -0.2885 -0.1595 0.9441
vn -0.3210 -0.5668 0.7587
vn 0.9880 0.1525 -0.0232
vn 0.9817 0.1862 -0.0398
vn 0.9856 0.1665 -0.0301
vn 0.8704 0.4885 -0.0606
vn 0.9965 0.0392 0.0735
vn 0.5243 -0.8504 0.0431
vn 0.9648 -0.2577 0.0529
vn -0.0036 -0.0163 0.9999
vn -0.9356 0.3189 0.1518
vn -0.9421 0.3045 0.1404
vn 0.5831 0.8091 0.0738
vn -0.0732 0.0115 0.9972
vn 0.9300 -0.3666 0.0273
vn 0.5577 0.8283 0.0542
vn 0.0010 -0.0001 -1.0000
vn 0.9685 -0.2066 0.1391
vn -0.0118 -0.1621 0.9867
vn -0.0904 -0.0862 0.9922
vn -0.0137 -0.1355 0.9907
vn 0.8110 -0.1353 0.5692
vn 0.9794 0.1967 -0.0449
vn -0.9929 -0.1193 0.0011
vn -0.9816 -0.0052 0.1906
vn -0.9531 0.2761 0.1237
vn -0.0935 -0.0183 0.9954
vn 0.4858 -0.8734 -0.0334
vn 0.4952 -0.8687 -0.0143
vn 0.4960 -0.8682 -0.0125
vn 0.2671 0.9623 -0.0511
vn 0.2887 0.9570 -0.0272
vn 0.3364 0.9413 0.0270
vn -0.2519 -0.9677 -0.0096
vn -0.3473 -0.9374 0.0272
vn -0.4107 -0.9103 0.0524
vn 0.9906 0.0117 0.1360
vn 0.9932 0.0309 0.1124
vn 0.9917 0.0189 0.1272
vn -0.9963 -0.0854 0.0036
vn -0.1768 -0.0310 0.9838
vn -0.9532 0.2767 0.1220
vn 0.9285 -0.3708 0.0184
vn 0.7113 -0.3294 0.6209
vn 0.7144 -0.3465 0.6079
vn 0.7272 -0.3449 0.5935
vn 0.7287 -0.6820 0.0630
vn 0.7810 -0.2487 0.5729
vn -0.1971 -0.9799 -0.0302
vn 0.9891 0.0025 0.1473
vn -0.2006 0.0027 0.9797
vn -0.8619 -0.0232 0.5065
vn 0.5287 -0.0561 0.8469
vn 0.6402 -0.1927 0.7437
vn 0.5545 -0.0855 0.8278
vn -0.0196 -0.0021 0.9998
vn 0.7807 -0.6187 -0.0872
vn 0.9222 -0.2238 0.3155
vn 0.9353 -0.1910 0.2978
vn 0.9481 -0.1577 0.2760
vn -0.5180 -0.6540 0.5513
vn -0.0099 -0.2004 0.9797
vn -0.0784 -0.0896 0.9929
vn 0.8698 -0.1490 0.4704
vn -0.0016 0.0014 -1.0000
vn 0.6602 -0.2204 0.7180
vn -0.0285 0.0053 0.9996
vn 0.7374 -0.1753 0.6524
vn -0.0326 0.9993 -0.0206
vn 0.0293 0.9986 -0.0439
vn -0.0939 0.9956 0.0026
vn 0.2112 0.9711 -0.1114
vn 0.0260 -0.0442 0.9987
vn 0.0422 -0.0028 0.9991
vn -0.9978 0.0070 0.0658
vn -0.9886 -0.0132 0.1500
vn -0.9969 0.0039 0.0787
vn -0.8705 -0.4757 0.1267
vn -0.8717 -0.4707 0.1365
vn -0.8711 -0.4731 0.1318
vn -0.5452 -0.8263 0.1412
vn -0.5478 -0.8255 0.1359
vn -0.5465 -0.8259 0.1388
vn 0.9946 0.0264 0.1005
vn 0.9965 0.0434 0.0714
vn 0.9971 0.0548 0.0519
vn 0.8352 -0.1215 0.5364
vn 0.1513 -0.5450 -0.8247
vn 0.0034 -0.9901 -0.1406
vn 0.0759 0.9952 -0.0614
vn -0.0036 0.0039 -1.0000
vn -0.0078 0.0098 -0.9999
vn 0.0007 -0.0000 -1.0000
vn -0.9946 0.1035 -0.0022
vn -0.9712 0.1334 0.1974
vn -0.9680 0.2268 0.1078
vn -0.9715 0.1670 0.1681
vn -0.4445 0.1154 0.8883
vn -0.3028 0.0415 0.9521
vn -0.4307 0.1078 0.8960
vn 0.9783 -0.1406 0.1523
vn -0.8698 -0.4782 0.1218
vn -0.5500 -0.8247 0.1314
vn -0.6470 0.4864 0.5872
vn -0.6373 0.4830 0.6005
vn -0.6494 0.4873 0.5838
vn 0.9337 -0.3565 0.0327
vn 0.9366 -0.3416 0.0778
vn 0.7563 -0.5290 0.3850
vn 0.9796 -0.1538 0.1295
vn 0.9758 -0.0978 0.1956
vn 0.9810 -0.1449 0.1290
vn 0.5111 -0.8593 0.0193
vn 0.1978 0.6391 -0.7433
vn 0.0119 -0.0122 -0.9999
vn -0.0285 -0.0091 -0.9996
vn 0.2233 0.2104 -0.9518
vn -0.9973 0.0733 0.0062
vn 0.9779 -0.1430 0.1526
vn -0.9863 -0.0167 0.1643
vn -0.6574 0.4900 0.5725
vn -0.2283 0.9711 -0.0696
vn -0.2309 0.9707 -0.0673
vn -0.2322 0.9704 -0.0662
vn -0.2356 0.9698 -0.0632
vn -0.0799 0.2484 0.9654
vn 0.2347 -0.9719 0.0174
vn -0.8644 0.4483 0.2277
vn 0.1065 -0.9859 -0.1289
vn 0.0079 0.0168 -0.9998
vn -0.0018 -0.0016 -1.0000
vn -0.6763 0.1338 0.7244
vn 0.9972 0.0715 0.0230
vn 0.9350 -0.3546 0.0005
vn -0.2125 0.0233 0.9769
vn -0.2081 0.0236 0.9778
vn -0.1707 0.0254 0.9850
vn 0.9766 -0.1425 0.1610
vn -0.9684 -0.0090 -0.2491
vn -0.0415 -0.2291 0.9725
vn 0.4601 0.8703 0.1757
vn 0.5390 0.8400 0.0623
vn 0.5072 0.8548 0.1101
vn 0.1180 0.1393 0.9832
vn 0.9823 -0.1652 0.0888
vn -0.9839 0.1763 -0.0298
vn -0.9768 0.2099 -0.0431
vn 0.9766 -0.1425 0.1613
vn 0.5718 0.8203 0.0094
vn 0.8466 -0.2754 0.4555
vn 0.9836 -0.1532 0.0953
vn -0.0005 -0.0010 -1.0000
vn 0.0072 0.0007 -1.0000
vn -0.1979 0.0360 0.9796
vn -0.0125 -0.0094 0.9999
vn 0.8341 -0.1647 0.5265
vn -0.0002 -0.0006 -1.0000
vn -0.2741 0.0658 0.9595
vn 0.0380 -0.0704 0.9968
vn 0.1414 0.0178 0.9898
vn -0.0403 -0.0204 0.9990
vn 0.0857 0.9943 0.0627
vn 0.1964 0.6031 0.7731
vn 0.0068 0.0174 -0.9998
vn -0.9827 0.1850 -0.0044
vn -0.1505 0.0190 0.9884
vn -0.1642 0.9375 0.3069
vn 0.9864 -0.1517 0.0629
vn 0.9793 -0.0941 0.1791
vn 0.9898 -0.1100 0.0910
vn -0.9893 0.1458 0.0020
vn -0.9897 0.1429 0.0093
vn -0.2417 -0.0413 0.9695
vn -0.3418 0.0431 0.9388
vn 0.1134 -0.6886 0.7163
vn 0.0753 -0.6580 0.7493
vn 0.0500 -0.6365 0.7697
vn 0.0091 -0.5999 0.8000
vn -0.8072 0.3927 0.4408
vn 0.5260 0.5267 0.6678
vn 0.4930 0.5123 0.7032
vn 0.5619 0.5414 0.6254
vn 0.0194 0.0235 -0.9995
vn -0.1573 0.0198 0.9874
vn 0.8050 0.5645 0.1825
vn 0.9089 0.4158 -0.0327
vn 0.7936 -0.0458 0.6067
vn 0.9915 -0.1212 0.0475
vn 0.0045 -0.0031 -1.0000
vn -0.9829 0.1841 -0.0080
vn 0.0420 -0.0244 0.9988
vn -0.1505 0.7064 0.6916
vn 0.9401 -0.3238 0.1069
vn 0.8722 -0.4824 0.0802
vn 0.9131 -0.3950 0.1011
vn 0.9844 -0.1722 0.0362
vn -0.9899 0.1338 -0.0470
vn 0.5566 0.0500 0.8292
vn 0.0707 0.0037 0.9975
vn -0.1733 0.0279 0.9845
vn 0.9343 0.0637 -0.3508
vn 0.8605 -0.1758 0.4781
vn 0.0017 -0.0010 -1.0000
vn -0.9869 0.1613 -0.0005
vn -0.9898 0.1333 -0.0501
vn 0.1078 0.0174 0.9940
vn 0.6041 0.5572 0.5697
vn 0.9876 0.1239 0.0963
vn 0.9576 0.1700 0.2324
vn 0.9962 0.0609 0.0618
vn 0.8494 -0.5223 0.0750
vn 0.8586 -0.5091 0.0605
vn -0.1562 0.0236 0.9874
vn -0.1679 0.0283 0.9854
vn 0.0722 0.6547 0.7524
vn 0.0841 0.5696 0.8176
vn 0.2335 0.6978 0.6772
vn -0.2105 -0.0659 0.9754
vn -0.6267 0.7736 0.0939
vn 0.2317 0.7122 0.6626
vn 0.3104 0.7157 0.6257
vn 0.9381 -0.3453 -0.0279
vn -0.9900 0.1411 0.0089
vn 0.3049 0.1301 0.9435
vn -0.9697 -0.2440 -0.0111
vn 0.8360 0.3270 0.4407
vn 0.8360 0.3466 0.4253
vn 0.8353 0.3711 0.4056
vn -0.1551 0.0231 0.9876
vn -0.5785 -0.0147 0.8156
vn -0.8447 -0.0213 0.5348
vn 0.0308 0.1134 0.9931
vn 0.0394 0.1568 0.9868
vn 0.0199 0.3714 0.9283
vn -0.9921 0.1256 0.0025
vn -0.7833 -0.3567 0.5090
vn 0.8341 0.3915 0.3887
vn 0.0037 0.0004 -1.0000
vn 0.0410 0.0351 0.9985
vn 0.9736 -0.2096 0.0906
vn 0.0013 -0.0001 -1.0000
vn -0.0451 0.7066 0.7061
vn 0.1050 0.9945 -0.0000
vn 0.0794 0.9968 0.0004
vn 0.0843 0.9964 0.0009
vn 0.0845 0.9964 0.0009
vn 0.9997 0.0218 -0.0140
vn 0.9867 -0.1319 0.0949
vn -0.9964 0.0852 0.0045
vn -0.9957 0.0918 -0.0086
vn 0.0782 0.9969 0.0003
vn 0.7157 0.5276 0.4577
vn -0.6186 0.7846 -0.0413
vn -0.6310 0.7749 -0.0361
vn -0.6285 0.7769 -0.0371
vn -0.7074 0.7068 -0.0000
vn -0.2046 0.9551 -0.2144
vn 0.1161 0.9928 0.0290
vn 0.0862 0.9957 -0.0339
vn 0.0948 0.9954 -0.0159
vn 0.4006 0.6978 0.5938
vn -0.0735 0.5889 0.8048
vn 0.0004 -0.0006 -1.0000
vn -0.9979 0.0612 -0.0196
vn -0.9958 0.0812 -0.0431
vn -0.9986 0.0442 0.0295
vn -0.0010 -0.0010 -1.0000
vn -0.9970 0.0419 0.0644
vn -0.9969 0.0514 0.0600
vn 0.5874 0.7880 0.1846
vn 0.6696 0.7340 0.1137
vn 0.5952 0.7947 0.1195
vn 0.8753 0.4666 0.1268
vn 0.8875 0.4493 0.1020
vn 0.8852 0.4527 0.1069
vn -0.2435 0.9624 0.1204
vn -0.9585 0.0491 -0.2808
vn -0.9620 -0.0599 -0.2663
vn -0.9620 -0.0603 -0.2663
vn -0.9481 -0.2069 -0.2414
vn -0.2870 0.0478 -0.9567
vn -0.7156 0.6921 -0.0942
vn 0.0546 0.9936 -0.0991
vn -0.9994 -0.0335 0.0121
vn -0.9992 -0.0404 0.0069
vn -0.9994 -0.0311 0.0139
vn 0.9381 -0.3435 -0.0446
vn 0.0017 0.0015 -1.0000
vn 0.0030 0.0002 -1.0000
vn 0.0031 -0.0005 -1.0000
vn -0.0137 0.7790 0.6269
vn 0.5193 0.8448 0.1290
vn 0.9852 -0.0420 0.1663
vn 0.9915 -0.0662 0.1123
vn -0.9462 -0.3232 0.0132
vn -0.9414 -0.3374 0.0040
vn -0.9501 -0.3113 0.0208
vn -0.3039 -0.3264 0.8951
vn -0.5134 -0.0161 0.8580
vn 0.6948 0.1664 0.6997
vn 0.6565 0.1786 0.7329
vn 0.6819 0.1706 0.7113
vn 0.3967 0.0891 0.9136
vn 0.5358 0.3003 0.7891
vn 0.1905 0.9816 -0.0131
vn 0.9935 -0.0656 -0.0935
vn -0.9995 -0.0237 0.0194
vn 0.4589 0.1083 0.8819
vn -0.4228 -0.1381 0.8957
vn 0.9003 0.4289 0.0736
vn -0.4292 0.0473 0.9020
vn 0.4277 -0.0229 0.9036
vn 0.2106 0.4013 0.8914
vn 0.8266 -0.1397 0.5451
vn 0.6984 0.0195 0.7155
vn 0.7198 -0.1630 0.6747
vn -0.0418 0.6088 0.7922
vn 0.0150 0.6207 0.7839
vn -0.3078 -0.0843 0.9477
vn -0.0732 -0.1183 0.9903
vn -0.1509 -0.0916 0.9843
vn -0.3328 0.1581 0.9296
vn -0.5306 0.1176 0.8394
vn -0.3999 0.1249 0.9080
vn -0.6263 -0.2403 0.7416
vn 0.6961 0.1024 0.7107
vn 0.8014 -0.2009 0.5634
vn -0.1037 0.7966 0.5955
vn -0.0977 0.8050 0.5852
vn 0.7240 0.6884 0.0437
vn -0.9544 -0.2971 0.0299
vn 0.1116 0.6447 0.7562
vn 0.0396 0.0610 0.9974
vn 0.0030 0.2147 0.9767
vn 0.0233 0.1304 0.9912
vn -0.4430 -0.1802 0.8782
vn 0.1466 0.5759 0.8043
vn 0.1293 0.5280 0.8394
vn 0.1499 0.5849 0.7971
vn 0.0123 0.6551 0.7555
vn 0.1544 0.6301 0.7610
vn 0.0398 0.6513 0.7578
vn 0.6453 -0.3104 0.6980
vn 0.7205 -0.2672 0.6399
vn 0.0001 -0.0014 -1.0000
vn -0.0105 0.0103 -0.9999
vn 0.0086 -0.4857 0.8741
vn 0.0461 0.9988 0.0186
vn 0.9136 -0.0010 0.4066
vn 0.0313 -0.1510 0.9880
vn -0.0029 -0.1592 0.9872
vn 0.0033 0.6448 0.7644
vn -0.0027 0.6377 0.7702
vn 0.0130 0.6560 0.7547
vn 0.1474 0.6707 0.7270
vn 0.1544 0.6523 0.7421
vn 0.1481 0.6689 0.7285
vn -0.0083 0.0093 -0.9999
vn 0.0034 0.0012 -1.0000
vn -0.2469 -0.9685 0.0327
vn -0.3676 -0.9300 -0.0012
vn -0.2360 -0.9717 0.0018
vn 0.2240 -0.6489 -0.7272
vn 0.2008 0.9385 0.2809
vn 0.1484 -0.1051 0.9833
vn 0.0735 0.0231 0.9970
vn 0.1110 -0.0132 0.9937
vn -0.3456 -0.0310 0.9379
vn 0.0236 0.6680 0.7438
vn 0.4312 0.5227 0.7354
vn -0.6972 -0.7168 0.0041
vn -0.6701 -0.7419 0.0206
vn -0.6378 -0.7692 0.0394
vn -0.6150 -0.7868 0.0521
vn -0.0579 0.4389 0.8967
vn -0.0199 0.4322 0.9016
vn -0.0095 0.4302 0.9027
vn 0.0551 -0.0060 0.9985
vn -0.1787 0.4513 0.8743
vn -0.2059 0.4556 0.8660
vn -0.2364 0.4600 0.8559
vn -0.4954 -0.3209 0.8072
vn -0.5022 -0.3638 0.7845
vn -0.3772 -0.3044 0.8747
vn -0.6156 -0.0329 0.7874
vn -0.5595 0.4896 0.6688
vn 0.7214 0.1574 0.6744
vn 0.0009 -0.0007 -1.0000
vn 0.0022 0.8565 0.5161
vn 0.0894 0.8809 0.4648
vn -0.3489 -0.2922 0.8904
vn -0.4850 0.2219 0.8459
vn 0.2796 0.7596 0.5872
vn -0.0693 0.6632 0.7452
vn 0.4656 0.8831 0.0582
vn -0.0002 0.0005 -1.0000
vn 0.0385 0.1069 0.9935
vn 0.0762 0.0672 0.9948
vn 0.0840 0.1331 0.9875
vn 0.6302 0.3811 0.6764
vn 0.1600 0.9828 0.0918
vn 0.2044 0.9758 0.0781
vn 0.2003 0.9770 0.0737
vn 0.0367 0.0479 -0.9982
vn 0.0020 0.0031 -1.0000
vn -0.0530 -0.0929 0.9943
vn 0.0266 0.4230 0.9057
vn -0.2009 0.9645 0.1712
vn -0.2022 0.9423 0.2669
vn -0.1585 0.9688 0.1907
vn 0.1349 -0.4840 0.8646
vn -0.3791 0.6677 0.6407
vn -0.5710 -0.2955 0.7659
vn 0.0675 0.5270 0.8472
vn -0.8773 0.0534 0.4770
vn -0.9140 0.1439 0.3793
vn -0.9111 0.1349 0.3894
vn -0.3737 0.7870 0.4908
vn -0.3887 0.8475 0.3615
vn -0.3889 0.8487 0.3585
vn 0.0729 -0.9958 0.0558
vn 0.1069 -0.9909 0.0817
vn 0.1241 -0.9911 0.0485
vn 0.1037 0.0356 0.9940
vn 0.1813 0.0330 0.9829
vn 0.1135 0.4259 0.8976
vn 0.7148 0.5312 0.4548
vn 0.7479 0.4774 0.4613
vn 0.7326 0.5031 0.4585
vn 0.7598 0.4561 0.4633
vn -0.0108 0.9968 0.0797
vn 0.1001 0.9911 0.0872
vn -0.0649 -0.7420 0.6672
vn 0.9717 0.2286 0.0594
vn 0.0170 -0.0232 0.9996
vn 0.0569 0.0116 0.9983
vn 0.0506 0.0061 0.9987
vn 0.0939 0.0440 0.9946
vn -0.9494 0.1989 -0.2431
vn -0.2486 0.1534 0.9564
vn 0.0259 0.2657 0.9637
vn 0.0223 0.2379 0.9710
vn -0.1376 0.0951 0.9859
vn -0.5418 0.0967 0.8349
vn -0.7224 0.2704 0.6365
vn -0.7334 0.3551 0.5797
vn -0.7230 0.2740 0.6342
vn 0.1713 0.6428 0.7467
vn 0.8707 -0.0550 0.4888
vn 0.0006 0.0018 -1.0000
vn -0.3396 -0.0279 0.9401
vn -0.8623 0.4947 -0.1079
vn -0.0689 0.4750 0.8773
vn -0.1201 0.9833 0.1366
vn -0.0571 -0.9979 0.0310
vn -0.0115 -0.2434 0.9698
vn -0.0044 -0.3539 0.9353
vn -0.0046 -0.3503 0.9366
vn 0.1683 0.1216 0.9782
vn -0.8575 -0.1826 0.4810
vn -0.8270 -0.2378 0.5094
vn -0.8335 -0.1430 0.5337
vn -0.7070 0.1961 0.6795
vn -0.0592 0.8372 0.5436
vn -0.1763 0.8188 0.5463
vn 0.0209 0.8431 0.5374
vn 0.8475 -0.1493 0.5093
vn 0.3459 0.6090 0.7138
vn -0.5465 0.4083 0.7312
vn -0.0329 0.2140 0.9763
vn 0.8711 -0.3164 0.3756
vn 0.1404 0.6885 0.7115
vn 0.8715 -0.1651 0.4619
vn 0.5125 0.7668 0.3865
vn 0.4647 0.7853 0.4090
vn 0.4568 0.7881 0.4125
vn 0.6627 0.5660 0.4904
vn -0.0105 -0.2358 0.9718
vn -0.0107 -0.2362 0.9716
vn 0.0303 0.0833 0.9961
vn -0.6188 -0.2673 0.7386
vn 0.9077 0.3326 0.2558
vn -0.8356 -0.2603 0.4837
vn 0.3458 0.7885 0.5086
vn 0.0002 0.0030 -1.0000
vn -0.0017 -0.0110 -0.9999
vn 0.8406 0.4883 0.2344
vn 0.8536 0.4721 0.2203
vn 0.8649 0.4571 0.2073
vn 0.4155 0.8014 0.4302
vn 0.0016 0.0062 -1.0000
vn 0.1259 -0.7062 0.6967
vn 0.0183 0.0829 0.9964
vn -0.1986 0.0859 0.9763
vn -0.6767 -0.2876 0.6778
vn -0.6637 0.2847 0.6917
vn 0.2479 0.9380 0.2424
vn -0.0301 -0.4459 0.8946
vn -0.2914 0.0266 0.9562
vn -0.8238 -0.2574 0.5050
vn -0.3946 0.8805 0.2627
vn -0.2996 -0.6036 0.7389
vn -0.2929 -0.5083 0.8098
vn -0.2941 -0.5221 0.8006
vn -0.5358 -0.3905 0.7487
vn -0.5245 -0.3387 0.7811
vn -0.5058 -0.2653 0.8209
vn -0.7901 -0.5276 -0.3119
vn -0.3330 0.5777 0.7453
vn -0.3324 0.5802 0.7436
vn -0.3399 0.5496 0.7632
vn 0.0624 0.7757 0.6280
vn -0.9295 0.2061 0.3059
vn 0.9787 0.1145 0.1704
vn 0.9670 0.0555 0.2486
vn 0.9670 0.0556 0.2488
vn 0.8990 0.3857 0.2073
vn 0.8915 0.3900 0.2306
vn 0.8921 0.3897 0.2287
vn -0.4943 -0.2257 0.8395
vn -0.2653 0.4638 0.8453
vn 0.0181 0.1034 0.9945
vn 0.2840 -0.0460 0.9577
vn -0.1653 0.6183 0.7684
vn -0.3297 0.6767 0.6583
vn -0.2795 0.6615 0.6959
vn -0.6155 0.1312 0.7772
vn 0.3488 0.9059 0.2404
vn 0.2609 0.9194 0.2943
vn 0.3324 0.9092 0.2508
vn 0.4176 0.8876 0.1945
vn 0.0742 -0.9971 0.0143
vn 0.3113 -0.3073 0.8992
vn -0.0441 -0.0872 0.9952
vn 0.0698 0.8439 0.5319
vn -0.9369 -0.0523 0.3456
vn 0.9816 -0.0401 0.1867
vn 0.9830 -0.0466 0.1775
vn 0.9814 -0.0392 0.1880
vn -0.4227 0.7480 0.5117
vn -0.3497 0.7896 0.5042
vn -0.3429 0.7931 0.5033
vn -0.8905 0.3984 0.2198
vn 0.5636 0.8223 0.0783
vn 0.5753 0.8158 0.0587
vn 0.5662 0.8209 0.0741
vn 0.8869 0.3923 0.2440
vn -0.2215 0.9751 0.0049
vn -0.3002 -0.6164 0.7280
vn -0.0215 0.2072 0.9781
vn -0.0620 0.2394 0.9689
vn 0.2196 0.9304 0.2937
vn 0.5543 0.8270 0.0935
vn -0.1944 0.9490 0.2481
vn -0.1444 0.9628 0.2285
vn -0.0616 0.9870 0.1487
vn -0.0282 0.9898 0.1398
vn 0.9166 -0.3334 0.2208
vn 0.8793 0.4368 0.1898
vn 0.0008 0.0006 -1.0000
vn 0.0590 -0.9982 -0.0059
vn -0.1252 0.6005 0.7898
vn 0.7602 0.6444 0.0827
vn 0.7295 0.6836 -0.0233
vn 0.7737 0.6165 0.1461
vn 0.0023 -0.0005 -1.0000
vn -0.7507 -0.6606 -0.0061
vn -0.7852 -0.6192 0.0050
vn -0.6578 -0.7525 -0.0330
vn 0.4203 -0.4902 0.7636
vn 0.4144 -0.4930 0.7650
vn 0.4438 -0.4790 0.7574
vn -0.3293 0.5920 0.7356
vn -0.6808 0.7291 0.0697
vn 0.9793 -0.0307 0.1999
vn 0.7730 -0.6344 0.0006
vn 0.3937 -0.5023 0.7698
vn -0.2831 0.0720 0.9564
vn -0.9713 0.1635 0.1729
vn -0.1010 0.9854 0.1369
vn 0.9776 0.1065 0.1815
vn 0.4598 0.8697 0.1795
vn 0.7120 0.6985 -0.0720
vn -0.8369 -0.0794 0.5415
vn -0.8336 -0.0787 0.5468
vn -0.8332 -0.0787 0.5474
vn -0.2789 0.8236 0.4939
vn 0.9921 -0.0959 0.0808
vn 0.0746 0.9970 0.0181
vn 0.8045 0.5940 -0.0031
vn 0.6929 -0.7210 0.0084
vn 0.6083 -0.7932 0.0280
vn 0.5959 -0.8025 0.0307
vn 0.0010 0.0032 -1.0000
vn -0.0115 -0.9996 -0.0247
vn -0.0171 -0.9997 -0.0179
vn -0.3670 -0.9292 0.0436
vn -0.0705 -0.9968 -0.0380
vn 0.4049 -0.7424 0.5337
vn -0.5893 0.3789 0.7136
vn -0.5926 0.3785 0.7110
vn -0.5393 0.3836 0.7497
vn 0.9779 0.2045 0.0442
vn -0.6365 -0.7703 -0.0386
vn 0.7102 -0.7040 0.0041
vn 0.0675 0.5644 0.8227
vn 0.0457 0.5656 0.8234
vn 0.0718 0.5673 0.8204
vn -0.0014 -0.0010 -1.0000
vn -0.6507 -0.7583 0.0393
vn -0.7200 -0.6935 0.0258
vn -0.7085 -0.7051 0.0282
vn -0.6357 0.3729 0.6759
vn -0.8304 -0.0781 0.5517
vn -0.7043 0.6749 0.2201
vn -0.6436 -0.7643 0.0406
vn -0.0094 0.9627 -0.2705
vn -0.5279 0.8488 -0.0277
vn -0.4361 0.8925 -0.1153
vn -0.3924 0.9068 -0.1538
vn 0.0721 0.6915 0.7188
vn 0.0400 0.5754 0.8169
vn -0.3724 0.8105 0.4521
vn -0.9697 0.0637 0.2358
vn -0.9752 0.0517 0.2152
vn -0.9777 0.0456 0.2048
vn -0.3418 0.9190 -0.1963
vn 0.0188 -0.0240 -0.9995
vn -0.0012 -0.0098 -1.0000
vn 0.0044 0.0002 -1.0000
vn 0.0001 0.0077 -1.0000
vn -0.0040 -0.0087 -1.0000
vn -0.0200 -0.0324 -0.9993
vn -0.0062 -0.0076 -1.0000
vn -0.0059 -0.0085 -0.9999
vn 0.0027 0.0109 -0.9999
vn 0.0307 0.0460 -0.9985
vn 0.0066 0.0158 -0.9999
vn -0.0021 0.0021 -1.0000
vn 0.0409 -0.1895 0.9810
vn 0.0248 -0.1837 0.9827
vn 0.0289 -0.1498 0.9883
vn -0.2043 0.5972 0.7756
vn 0.2243 -0.3609 0.9053
vn 0.2254 -0.3669 0.9025
vn 0.2726 -0.1998 0.9411
vn 0.6097 0.7461 0.2675
vn 0.6580 0.7283 0.1913
vn 0.6303 0.7395 0.2362
vn 0.2271 -0.2361 0.9448
vn 0.0419 -0.0750 0.9963
vn 0.6806 0.7168 0.1516
vn 0.3786 -0.1428 0.9145
vn 0.2427 -0.1341 0.9608
vn -0.1826 0.0686 -0.9808
vn 0.5709 -0.1552 0.8062
vn -0.2132 0.2191 0.9521
vn -0.0226 0.1017 0.9946
vn -0.0221 0.1281 0.9915
vn 0.0653 0.1878 0.9800
vn 0.0661 0.1108 0.9916
vn -0.1726 0.1983 0.9648
vn 0.6030 -0.1569 0.7822
vn -0.2019 0.9688 0.1437
vn -0.1862 0.9668 0.1749
vn -0.1949 0.9681 0.1576
vn 0.0541 -0.4444 0.8942
vn 0.0493 -0.0297 0.9983
vn -0.2241 0.2253 0.9482
vn -0.2093 0.9693 0.1288
vn 0.3339 -0.2874 0.8977
vn -0.1183 0.6041 0.7881
vn -0.0276 0.6152 0.7879
vn -0.9546 -0.2494 0.1627
vn 0.5803 -0.8133 -0.0421
vn 0.5036 -0.8639 -0.0063
vn 0.5561 -0.8306 -0.0306
vn 0.4688 -0.8833 0.0092
vn 0.0606 -0.8312 0.5526
vn -0.0389 0.3812 0.9237
vn 0.6797 -0.4042 0.6121
vn 0.2104 0.9406 0.2665
vn 0.2102 0.9630 0.1688
vn 0.1870 0.9670 0.1732
vn -0.0011 -0.5356 0.8445
vn 0.6082 0.5160 0.6032
vn 0.5369 0.4719 0.6993
vn 0.5930 0.5068 0.6257
vn 0.0468 -0.0171 0.9988
vn 0.0610 -0.0014 0.9981
vn 0.1062 0.7912 0.6022
vn 0.0556 0.7646 0.6421
vn -0.2270 0.9596 0.1662
vn -0.9996 -0.0082 -0.0271
vn 0.0105 0.0093 0.9999
vn -0.4875 0.8699 -0.0750
vn -0.0693 0.1951 0.9783
vn 0.4356 0.5906 0.6793
vn -0.6943 0.7130 0.0978
vn -0.6830 0.7262 0.0784
vn -0.6624 0.7478 0.0448
vn -0.2387 -0.6598 0.7125
vn 0.6532 0.5424 0.5283
vn -0.1551 0.7250 0.6711
vn -0.9837 0.0298 0.1775
vn -0.0113 -0.0092 -0.9999
vn -0.0332 0.0187 0.9993
vn -0.0677 0.0027 0.9977
vn -0.5720 0.3292 0.7513
vn -0.6493 0.7258 0.2272
vn -0.5621 0.8060 0.1855
vn -0.6417 0.7452 0.1813
vn 0.0225 -0.0003 -0.9997
vn 0.0066 0.0043 -1.0000
vn -0.0028 -0.0005 -1.0000
vn -0.0058 -0.2330 0.9725
vn -0.0913 -0.3787 0.9210
vn -0.1080 -0.4068 0.9071
vn -0.2124 0.6699 0.7114
vn -0.0774 -0.0440 -0.9960
vn -0.0955 -0.7885 0.6075
vn -0.1081 -0.4075 0.9068
vn 0.6589 -0.4957 0.5657
vn 0.0185 0.0047 0.9998
vn -0.9465 0.3189 0.0501
vn -0.9094 0.4135 0.0435
vn -0.9451 0.3247 0.0360
vn -0.5002 0.8589 0.1104
vn 0.0327 -0.9994 -0.0108
vn 0.0638 -0.9978 0.0181
vn -0.0386 -0.9992 0.0032
vn 0.0077 -0.2094 0.9778
vn 0.8977 -0.0484 -0.4380
vn 0.8416 -0.5391 0.0318
vn -0.7097 0.6932 0.1255
vn -0.7408 0.6521 0.1614
vn 0.0017 0.0027 -1.0000
vn 0.0502 -0.4760 0.8780
vn 0.0502 -0.4791 0.8763
vn 0.1384 -0.2869 0.9479
vn 0.7665 -0.5220 0.3743
vn -0.2029 0.7300 0.6526
vn -0.0516 0.1308 0.9901
vn 0.5879 -0.7772 0.2243
vn 0.6140 -0.7401 0.2742
vn 0.6290 -0.7150 0.3051
vn 0.0269 -0.0194 0.9995
vn -0.0024 -0.0007 -1.0000
vn -0.0088 0.0011 -1.0000
vn -0.0995 -0.9950 0.0067
vn 0.5369 -0.6418 0.5475
vn 0.5637 -0.8058 0.1813
vn 0.9459 -0.2145 0.2433
vn 0.9982 -0.0582 -0.0139
vn 0.0359 -0.0304 0.9989
vn -0.2339 0.2884 0.9285
vn 0.1440 0.6916 0.7078
vn 0.1682 0.6812 0.7125
vn 0.0508 0.7268 0.6849
vn -0.8996 0.4361 0.0222
vn -0.4739 0.6757 0.5647
vn -0.5750 0.6142 0.5405
vn -0.5460 0.6108 0.5734
vn 0.1706 -0.2379 0.9562
vn 0.0856 -0.3581 0.9298
vn -0.9819 0.1889 0.0151
vn -0.7621 0.6379 0.1106
vn -0.0348 0.0679 0.9971
vn -0.0267 0.0414 0.9988
vn 0.9709 0.0649 0.2306
vn -0.0311 -0.1150 0.9929
vn -0.9880 -0.0700 0.1373
vn -0.9883 -0.1330 0.0750
vn -0.9715 -0.2315 0.0507
vn 0.0186 0.7372 0.6754
vn -0.0281 0.9505 0.3096
vn 0.0189 0.9100 0.4141
vn 0.0006 0.9342 0.3568
vn 0.1092 0.9937 -0.0234
vn -0.0969 -0.0118 0.9952
vn -0.0414 -0.0771 0.9962
vn -0.0710 -0.0462 0.9964
vn 0.0368 -0.0557 0.9978
vn -0.1574 -0.9870 0.0318
vn -0.0259 -0.0648 0.9976
vn -0.0199 -0.0503 0.9985
vn -0.7545 0.4671 0.4611
vn -0.0097 -0.0007 -1.0000
vn -0.9521 -0.3048 0.0231
vn 0.0022 0.0062 -1.0000
vn -0.0319 -0.0109 0.9994
vn -0.7173 -0.2579 0.6473
vn 0.1709 0.9836 0.0583
vn 0.2237 0.9746 0.0095
vn 0.0002 0.0007 -1.0000
vn -0.1061 -0.9942 0.0171
vn -0.5814 0.1083 0.8064
vn -0.0433 -0.9985 0.0344
vn -0.1087 -0.1653 0.9802
vn -0.7570 0.0975 0.6461
vn -0.0192 -0.0106 0.9998
vn 0.9688 0.2468 0.0208
vn 0.9348 0.3111 0.1716
vn 0.9679 0.2493 0.0330
vn -0.9290 -0.3690 0.0291
vn -0.9083 0.0871 0.4092
vn -0.7761 0.4770 0.4125
vn -0.0901 0.9897 0.1115
vn -0.0001 0.0010 -1.0000
vn 0.0670 -0.9973 0.0303
vn 0.9389 0.2989 0.1706
vn -0.9232 -0.3835 0.0251
vn -0.9270 -0.3743 0.0230
vn -0.7872 0.4781 0.3896
vn -0.8276 0.3581 0.4322
vn -0.8282 0.3293 0.4534
vn 0.6928 -0.5307 0.4882
vn -0.3510 -0.0546 0.9348
vn -0.3378 -0.0417 0.9403
vn -0.3180 -0.0225 0.9478
vn 0.3530 -0.0000 0.9356
vn 0.6638 0.1609 0.7304
vn -0.9226 -0.3839 0.0384
vn -0.0000 0.0021 -1.0000
vn 0.1076 -0.9928 0.0528
vn 0.5097 -0.8600 0.0241
vn 0.5442 -0.8382 0.0344
vn 0.3950 -0.9187 -0.0031
vn 0.0185 -0.0340 0.9993
vn 0.0678 -0.0794 0.9945
vn -0.0130 -0.0353 0.9993
vn 0.0777 -0.0846 0.9934
vn 0.0323 -0.0790 0.9964
vn 0.0107 -0.1504 0.9886
vn -0.1319 -0.1234 0.9836
vn -0.1002 -0.0491 0.9938
vn -0.1690 -0.1262 0.9775
vn -0.1573 -0.1377 0.9779
vn 0.0740 0.9928 -0.0944
vn 0.7545 -0.1909 0.6279
vn -0.0481 0.0158 0.9987
vn -0.0000 0.2663 0.9639
vn 0.0508 0.0181 0.9985
vn 0.9270 0.2719 0.2584
vn 0.8640 -0.3362 0.3747
vn -0.4085 -0.0000 0.9127
vn -0.0003 -0.0001 -1.0000
vn 0.1423 -0.9893 0.0308
vn 0.0791 -0.0201 0.9967
vn 0.0165 -0.0018 0.9999
vn 0.9283 0.2606 0.2654
vn 0.5179 0.2659 0.8131
vn 0.2608 -0.0000 0.9654
vn 0.0671 -0.1972 0.9781
vn -0.0662 0.1057 0.9922
vn 0.2735 -0.0043 0.9619
vn 0.2749 -0.0040 0.9615
vn 0.2762 -0.0037 0.9611
vn 0.2939 -0.0000 0.9558
vn -0.0746 -0.0909 0.9931
vn -0.0826 0.0624 0.9946
vn 0.3808 -0.0155 0.9245
vn 0.1658 -0.2438 0.9556
vn 0.1615 -0.1480 0.9757
vn 0.1731 -0.1559 0.9725
vn 0.2145 -0.1226 0.9690
vn 0.2195 -0.1243 0.9677
vn -0.2484 0.0030 0.9687
vn -0.2431 -0.0000 0.9700
vn -0.1220 -0.0753 0.9897
vn 0.0929 -0.1739 0.9804
vn -0.0604 -0.1277 0.9900
vn -0.0115 -0.2868 0.9579
vn -0.3419 0.1062 0.9337
vn -0.5913 0.6940 0.4108
vn 0.2426 -0.0000 0.9701
vn 0.2423 -0.0000 0.9702
vn -0.1764 -0.4514 0.8747
vn -0.1761 -0.1985 0.9641
vn -0.2190 -0.2939 0.9304
vn -0.0628 -0.0602 0.9962
vn -0.2995 -0.0067 0.9541
vn -0.2170 0.0284 0.9758
vn 0.6002 0.0555 0.7979
vn 0.2782 0.1217 0.9528
vn 0.6042 -0.0432 0.7956
vn 0.7656 -0.0080 0.6433
vn 0.6572 -0.0326 0.7530
vn 0.9971 -0.0000 0.0755
vn 0.1943 0.0848 0.9773
vn 0.1042 -0.0529 0.9932
vn -0.7381 -0.2341 0.6328
vn -0.7544 -0.1882 0.6289
vn -0.7380 -0.2452 0.6287
vn -0.0646 0.9884 0.1372
vn 0.0006 -0.0065 -1.0000
vn -0.0001 -0.0008 -1.0000
vn -0.9809 -0.1537 0.1194
vn -0.9801 -0.1588 0.1193
vn -0.9802 -0.1572 0.1208
vn 0.0227 0.0107 0.9997
vn 0.5956 -0.0449 0.8020
vn -0.5604 0.0896 0.8233
vn -0.5800 0.0276 0.8141
vn -0.5183 0.1963 0.8324
vn -0.3545 0.9348 0.0201
vn -0.3315 0.9432 -0.0216
vn -0.3620 0.9316 0.0339
vn 0.9276 -0.3729 0.0217
vn 0.8545 -0.5191 -0.0195
vn 0.9120 -0.4100 0.0083
vn -0.9186 -0.3860 -0.0847
vn -0.9250 -0.3670 -0.0986
vn -0.9197 -0.3828 -0.0871
vn -0.8458 0.5303 0.0586
vn -0.6680 0.7421 0.0556
vn -0.8042 0.5933 0.0355
vn -0.5730 0.8141 0.0950
vn -0.6373 0.7691 0.0482
vn -0.3809 0.9220 0.0698
vn -0.1182 0.9922 0.0399
vn 0.5837 -0.8109 0.0414
vn 0.5807 -0.8130 0.0432
vn 0.9496 0.2185 0.2246
vn 0.8142 -0.0166 0.5804
vn -0.1415 -0.0661 0.9877
vn -0.9465 -0.3175 0.0576
vn -0.8807 0.4593 0.1162
vn 0.9998 0.0075 0.0161
vn 0.9833 0.0269 -0.1801
vn 0.9945 0.0191 -0.1031
vn -0.0051 -0.0173 0.9998
vn -0.9681 -0.2489 0.0295
vn -0.7336 -0.3588 0.5772
vn -0.9355 -0.1429 0.3231
vn -0.9123 -0.1330 0.3873
vn -0.8985 -0.1276 0.4201
vn 0.4189 0.9001 0.1195
vn -0.2047 0.0335 0.9782
vn -0.9889 -0.1426 0.0420
vn -0.0330 -0.0512 0.9981
vn 0.8192 -0.5595 0.1262
vn -0.8619 -0.1144 0.4941
vn -0.9042 0.4253 0.0398
vn -0.9116 0.4067 0.0598
vn 0.9486 -0.3151 0.0285
vn 0.9455 -0.3241 0.0325
vn 0.9516 0.2184 0.2160
vn 0.9959 -0.0391 0.0813
vn 0.9987 -0.0181 -0.0473
vn 0.9938 -0.0425 0.1023
vn -0.0425 0.9991 0.0028
vn -0.9891 -0.1421 0.0380
vn 0.6771 -0.6349 0.3722
vn -0.7231 -0.3477 0.5968
vn -0.9911 -0.1319 -0.0195
vn -0.9949 -0.0740 -0.0690
vn -0.9949 -0.0704 -0.0720
vn -0.9921 -0.0070 -0.1251
vn -0.9400 -0.0946 0.3277
vn -0.9478 -0.1208 0.2951
vn -0.9596 -0.2065 0.1910
vn -0.0572 -0.0654 0.9962
vn -0.9125 -0.4025 -0.0726
vn 0.0002 -0.0001 -1.0000
vn 0.9874 0.0883 0.1316
vn 0.9881 0.1029 0.1145
vn 0.9877 0.1356 0.0779
vn 0.9980 -0.0159 -0.0605
vn -0.9345 -0.2434 0.2597
vn -0.0973 -0.0566 0.9936
vn -0.9337 0.0934 -0.3457
vn 0.2488 -0.0537 0.9671
vn 0.2048 -0.0500 0.9775
vn 0.2100 -0.0541 0.9762
vn -0.4929 0.2409 0.8361
vn -0.0016 0.0017 -1.0000
vn -0.0003 -0.0000 -1.0000
vn -0.0300 -0.0207 0.9993
vn -0.5125 0.0726 -0.8556
vn 0.4622 -0.0162 0.8866
vn 0.4514 -0.0176 0.8922
vn 0.2084 -0.0490 0.9768
vn 0.3236 -0.0338 0.9456
vn -0.4041 0.0120 0.9146
vn -0.4296 -0.0016 0.9030
vn -0.4466 -0.0107 0.8947
vn -0.4899 -0.0346 0.8711
vn 0.7169 0.0550 -0.6950
vn 0.0949 0.0020 0.9955
vn -0.0397 0.0475 0.9981
vn -0.9825 -0.1860 -0.0091
vn -0.8037 -0.3652 0.4697
vn -0.7745 -0.3831 0.5033
vn -0.0008 -0.0001 -1.0000
vn 0.0253 -0.0066 -0.9997
vn 0.0057 -0.0017 -1.0000
vn 0.9996 0.0067 0.0291
vn 0.9995 0.0063 0.0295
vn 0.7033 0.0555 0.7087
vn 0.9879 0.1523 0.0287
vn 0.0951 0.0229 0.9952
vn -0.0977 -0.0309 0.9947
vn -0.9903 -0.0325 0.1351
vn -0.9958 -0.0079 0.0907
vn -0.9733 -0.0776 0.2160
vn -0.8966 -0.4360 0.0777
vn -0.9406 -0.3058 0.1477
vn -0.9783 -0.1979 0.0611
vn -0.9846 -0.1661 0.0548
vn -0.9875 -0.1032 0.1190
vn 0.0002 0.0003 -1.0000
vn -0.0016 0.9999 0.0102
vn 0.3039 0.0912 0.9483
vn 0.2912 0.0841 0.9530
vn 0.2049 0.0368 0.9781
vn 0.5268 0.0641 0.8476
vn 0.5411 0.0872 0.8364
vn 0.5766 0.1477 0.8036
vn -0.1306 -0.0165 0.9913
vn -0.1203 -0.0113 0.9927
vn -0.1253 -0.0105 0.9921
vn 0.7965 0.1171 0.5932
vn -0.0593 0.0382 0.9975
vn -0.5200 -0.1773 0.8356
vn -0.5766 -0.1945 0.7936
vn -0.5605 -0.2007 0.8035
vn 0.2783 -0.9353 0.2186
vn 0.2764 -0.9212 0.2739
vn 0.2733 -0.9032 0.3309
vn -0.4846 -0.0442 0.8736
vn -0.9849 -0.1110 0.1330
vn -0.9356 -0.2472 0.2520
vn -0.1232 0.0160 0.9922
vn -0.8426 0.1565 0.5154
vn -0.7355 0.6498 0.1917
vn -0.7700 0.6290 0.1069
vn -0.7251 0.6545 0.2144
vn -0.9666 -0.0909 0.2396
vn 0.9879 0.1523 0.0278
vn 0.9278 0.3516 0.1247
vn 0.3045 0.8633 0.4026
vn -0.6797 0.6686 0.3017
vn -0.7967 -0.1089 0.5945
vn -0.7903 -0.1146 0.6020
vn -0.8070 -0.0971 0.5826
vn 0.1974 0.0299 0.9799
vn -0.4933 -0.1522 0.8564
vn 0.0004 -0.0004 -1.0000
vn -0.9358 -0.2474 0.2510
vn -0.4920 0.2372 0.8377
vn -0.0768 0.0160 0.9969
vn 0.2793 -0.9454 0.1679
vn 0.1757 0.8186 0.5468
vn -0.9236 -0.3726 0.0904
vn 0.0006 -0.0006 -1.0000
vn 0.5910 0.1739 0.7877
vn 0.0790 -0.0117 0.9968
vn 0.0729 -0.0031 0.9973
vn 0.0753 -0.0068 0.9971
vn -0.9944 -0.0975 -0.0419
vn -0.9807 -0.1071 -0.1634
vn -0.9876 -0.1037 -0.1178
vn -0.8286 -0.5598 0.0010
vn -0.4682 -0.7854 0.4049
vn -0.4329 -0.8052 0.4052
vn -0.4746 -0.7816 0.4048
vn 0.9881 0.1505 -0.0311
vn 0.9879 0.1548 -0.0085
vn 0.9857 0.1674 -0.0173
vn 0.1977 0.0299 0.9798
vn -0.9945 -0.0972 -0.0380
vn 0.0057 0.1045 0.9945
vn -0.5108 -0.7591 0.4036
vn -0.7946 -0.0836 0.6014
vn 0.5127 0.1252 0.8494
vn 0.4978 0.1285 0.8577
vn 0.6154 0.1004 0.7818
vn 0.9935 -0.0287 0.1105
vn 0.9799 -0.1233 0.1567
vn 0.9708 -0.1683 0.1710
vn -0.0303 0.0861 0.9958
vn 0.1097 0.9849 0.1338
vn 0.0013 -0.0000 -1.0000
vn 0.9877 0.1564 0.0005
vn 0.0694 -0.0028 0.9976
vn -0.0504 0.1096 0.9927
vn -0.0569 0.1099 0.9923
vn -0.2348 -0.4246 0.8744
vn -0.9581 0.2687 0.0993
vn -0.9431 0.3254 0.0682
vn -0.9192 0.3928 0.0298
vn 0.9608 0.2268 0.1597
vn 0.9231 0.2438 0.2974
vn 0.9360 0.2332 0.2636
vn -0.0371 0.0939 0.9949
vn 0.0005 -0.0006 -1.0000
vn 0.9892 0.1468 0.0049
vn 0.0638 0.0002 0.9980
vn -0.9325 0.0296 0.3599
vn -0.9959 -0.0014 0.0902
vn -0.9906 0.0164 0.1356
vn -0.9928 0.0099 0.1190
vn -0.4469 -0.1472 0.8824
vn -0.4476 -0.1808 0.8758
vn -0.8561 -0.5139 0.0550
vn -0.8510 -0.5206 0.0685
vn 0.6276 0.0972 0.7724
vn -0.0606 0.0091 0.9981
vn 0.9322 -0.2749 0.2355
vn 0.9295 -0.3412 0.1402
vn -0.5394 0.2063 0.8164
vn -0.2170 0.9719 0.0912
vn -0.1626 0.9792 0.1213
vn -0.2031 0.9754 0.0857
vn -0.9970 -0.0064 0.0772
vn -0.7910 -0.0817 0.6064
vn 0.9845 0.1693 0.0448
vn -0.9973 0.0627 -0.0392
vn -0.0444 0.0193 0.9988
vn 0.9333 -0.3437 0.1043
vn 0.9420 -0.3073 0.1350
vn -0.1743 0.0808 0.9814
vn 0.4792 -0.4742 0.7386
vn 0.9860 0.1657 0.0173
vn 0.8544 0.0756 0.5142
vn 0.9418 0.0063 0.3360
vn 0.9770 0.0546 0.2063
vn -0.4466 0.1851 0.8754
vn -0.4652 0.1967 0.8631
vn -0.2877 0.0885 0.9536
vn -0.1624 -0.9866 0.0161
vn -0.9759 0.2176 -0.0177
vn -0.9747 0.2232 -0.0070
vn -0.9678 0.2462 0.0520
vn 0.5672 -0.4859 0.6649
vn 0.5613 -0.4942 0.6639
vn 0.5611 -0.4944 0.6639
vn 0.5539 -0.5042 0.6625
vn 0.3564 0.3686 0.8585
vn -0.0101 0.0117 0.9999
vn -0.3514 -0.9353 0.0411
vn 0.0006 0.0010 -1.0000
vn 0.0003 0.0004 -1.0000
vn 0.0007 0.0005 -1.0000
vn -0.0224 0.0246 0.9994
vn -0.0123 0.9999 -0.0072
vn -0.0048 1.0000 -0.0035
vn -0.0180 0.9998 -0.0102
vn 0.8377 0.0704 0.5415
vn 0.1367 -0.0015 0.9906
vn 0.1384 -0.0014 0.9904
vn 0.9580 -0.2629 0.1141
vn 0.9723 -0.2047 0.1124
vn 0.9884 -0.1420 0.0546
vn 0.0328 0.0654 0.9973
vn -0.5787 -0.0641 0.8130
vn 0.9882 0.1519 0.0201
vn -0.0192 0.0339 0.9992
vn 0.9923 -0.1215 0.0239
vn 0.5662 0.8220 0.0604
vn 0.5625 0.8240 0.0681
vn 0.5649 0.8228 0.0632
vn -0.9323 0.3584 0.0486
vn -0.9509 0.3063 0.0445
vn -0.9513 0.3053 0.0420
vn -0.8173 -0.0215 0.5759
vn -0.8161 -0.0207 0.5775
vn -0.8131 -0.0188 0.5818
vn -0.6463 -0.3795 0.6621
vn -0.8879 0.4600 -0.0102
vn -0.0294 0.0261 0.9992
vn -0.9399 0.3388 0.0429
vn 0.7417 -0.5073 0.4388
vn 0.0333 -0.1025 0.9942
vn 0.0199 -0.1437 0.9894
vn 0.0075 -0.3542 0.9352
vn 0.0106 -0.4252 0.9050
vn 0.0174 -0.0014 0.9998
vn -0.9147 0.4024 0.0383
vn -0.8118 -0.0179 0.5836
vn -0.3597 0.9330 0.0076
vn -0.0247 0.9996 -0.0136
vn 0.9699 -0.1182 0.2127
vn -0.0532 0.0193 0.9984
vn 0.9667 0.0193 0.2551
vn -0.3052 0.7597 0.5742
vn -0.0439 0.7741 0.6315
vn -0.0110 -0.0010 -0.9999
vn -0.0001 0.0005 -1.0000
vn -0.5303 -0.7692 0.3565
vn -0.9887 -0.1266 0.0801
vn -0.9887 -0.1263 0.0812
vn -0.9885 -0.1251 0.0851
vn -0.9884 -0.1248 0.0862
vn 0.9762 0.2137 -0.0366
vn 0.2034 0.9789 -0.0180
vn -0.9170 0.3976 0.0316
vn -0.9140 0.4004 0.0649
vn -0.9502 -0.3055 0.0616
vn -0.9424 0.3336 -0.0253
vn -0.9585 0.2813 -0.0463
vn -0.9024 0.4306 0.0152
vn -0.6206 -0.7817 -0.0606
vn -0.5388 -0.8424 -0.0100
vn -0.5705 -0.8208 -0.0291
vn 0.9157 -0.0865 0.3924
vn -0.9501 0.2097 0.2311
vn -0.9476 0.2061 0.2442
vn -0.0031 0.0100 0.9999
vn 0.9978 -0.0042 -0.0667
vn 0.1768 -0.6723 0.7189
vn -0.1675 0.7801 0.6028
vn 0.0857 0.0427 -0.9954
vn -0.1553 -0.9878 0.0117
vn -0.1731 -0.9838 0.0472
vn -0.2771 -0.9560 0.0965
vn 0.3740 -0.9274 0.0085
vn 0.4136 -0.9104 -0.0127
vn 0.2833 -0.9574 0.0552
vn -0.3914 0.9202 -0.0063
vn 0.1204 -0.9915 0.0495
vn 0.0018 0.0026 -1.0000
vn -0.0007 0.0004 -1.0000
vn 0.0105 0.0111 0.9999
vn 0.5601 0.8252 0.0730
vn -0.2962 -0.9472 0.1231
vn 0.0138 -0.6908 0.7230
vn 0.0622 -0.7709 0.6339
vn 0.0672 -0.7720 0.6321
vn -0.9220 0.3852 0.0389
vn 0.9527 -0.2295 0.1990
vn 0.8659 0.4052 0.2933
vn 0.1042 -0.9939 -0.0366
vn 0.0079 -0.6752 0.7376
vn -0.4808 -0.8767 -0.0164
vn -0.5447 -0.8377 0.0397
vn -0.5842 -0.8080 0.0765
vn -0.6432 -0.7537 0.1352
vn -0.8766 0.4799 0.0366
vn -0.6462 -0.7592 -0.0774
vn 0.9988 -0.0439 0.0198
vn 0.9506 -0.2377 0.1999
vn 0.0043 0.0169 0.9998
vn -0.2742 -0.8136 0.5128
vn -0.0861 -0.7428 0.6639
vn -0.1610 -0.7559 0.6346
vn 0.0049 0.0057 -1.0000
vn 0.0077 0.0025 -1.0000
vn -0.4421 -0.8938 0.0757
vn 0.0537 -0.7363 0.6745
vn 0.0458 -0.7265 0.6856
vn 0.1030 0.0123 0.9946
vn -0.6604 0.1178 0.7416
vn -0.6547 0.1142 0.7472
vn -0.7120 0.1515 0.6856
vn -0.0184 0.0365 0.9992
vn -0.2772 -0.8168 0.5059
vn -0.0145 -0.7206 0.6932
vn -0.1686 0.7740 0.6103
vn 0.0049 0.0036 -1.0000
vn 0.0625 0.0842 0.9945
vn -0.8239 0.3025 0.4792
vn -0.7678 0.3495 0.5369
vn -0.8067 0.2648 0.5283
vn -0.7835 0.2743 0.5576
vn -0.6847 -0.7249 -0.0754
vn -0.3839 0.9231 -0.0217
vn -0.2644 0.0746 0.9615
vn -0.9895 0.1448 -0.0009
vn -0.9900 0.1407 -0.0127
vn -0.9885 0.1074 -0.1068
vn -0.0660 0.0526 0.9964
vn -0.0247 0.3213 0.9466
vn 0.9321 0.1684 -0.3208
vn -0.0306 0.9995 -0.0115
vn -0.0009 -0.0004 -1.0000
vn -0.4874 -0.8711 0.0597
vn -0.9603 -0.2779 0.0231
vn 0.1700 -0.0271 0.9851
vn 0.1649 -0.0286 0.9859
vn 0.1658 -0.0284 0.9857
vn -0.9877 0.1036 -0.1172
vn -0.0542 0.0131 0.9984
vn -0.0460 -0.0528 0.9975
vn -0.0668 -0.0038 0.9978
vn 0.3746 0.5633 0.7364
vn -0.1051 0.9944 0.0138
vn -0.0001 0.0002 -1.0000
vn -0.0015 -0.0003 -1.0000
vn -0.0001 0.0009 -1.0000
vn -0.5548 -0.8295 0.0639
vn -0.0000 -0.0011 -1.0000
vn 0.0010 0.0007 -1.0000
vn 0.0001 -0.0005 -1.0000
vn -0.7164 0.1544 0.6804
vn -0.0813 0.0208 0.9965
vn -0.0868 0.0490 0.9950
vn -0.0907 0.0322 0.9954
vn -0.2536 -0.2965 0.9208
vn -0.2733 -0.3079 0.9113
vn -0.2753 -0.3091 0.9103
vn -0.7365 0.3214 0.5952
vn -0.7090 0.3276 0.6245
vn -0.0004 -0.0000 -1.0000
vn 0.0146 -0.0054 0.9999
vn 0.0051 0.0013 1.0000
vn 0.0127 -0.0041 0.9999
vn 0.0288 -0.0299 0.9991
vn -0.5754 -0.8170 0.0365
vn -0.3346 -0.6677 0.6650
vn -0.3346 -0.5402 0.7721
vn -0.3838 -0.5518 0.7404
vn -0.3995 -0.3953 0.8271
vn -0.9455 0.3235 0.0371
vn -0.9982 0.0217 0.0565
vn -0.9818 0.1779 0.0659
vn 0.2364 -0.9685 0.0786
vn -0.0041 0.0029 -1.0000
vn -0.0022 0.0014 -1.0000
vn -0.2509 -0.2950 0.9220
vn -0.2917 0.9564 0.0119
vn -0.9113 0.4107 -0.0299
vn 0.9693 -0.2051 0.1359
vn -0.2092 0.9776 0.0239
vn 0.0365 -0.9328 0.3584
vn -0.7904 0.2587 0.5553
vn 0.1495 -0.0188 0.9886
vn 0.9721 -0.1891 0.1385
vn 0.9785 -0.1614 0.1280
vn 0.9798 -0.1625 0.1168
vn -0.0767 -0.0574 0.9954
vn 0.2928 0.8552 0.4277
vn 0.2912 0.8618 0.4153
vn 0.2914 0.8608 0.4172
vn 0.0184 0.8868 0.4618
vn -0.0677 0.4314 0.8996
vn -0.2172 0.9759 0.0201
vn -0.9976 -0.0133 0.0681
vn 0.0031 0.0001 -1.0000
vn 0.0048 0.0019 -1.0000
vn 0.9812 -0.1920 0.0191
vn -0.8686 0.0028 0.4954
vn 0.2931 0.8538 0.4302
vn -0.9856 0.1586 0.0594
vn -0.9959 0.0082 0.0896
vn -0.9835 0.1609 0.0824
vn -0.9945 -0.0025 0.1047
vn 0.9785 -0.2059 0.0144
vn -0.0093 -0.0076 -0.9999
vn 0.0017 -0.0098 -1.0000
vn -0.3206 -0.3569 0.8774
vn 0.5585 0.6913 0.4585
vn -0.0140 -0.9944 0.1043
vn 0.0145 -0.9984 0.0544
vn 0.0126 -0.9983 0.0562
vn -0.3690 -0.7081 0.6020
vn -0.9979 -0.0606 0.0235
vn -0.6815 0.0390 0.7308
vn -0.6783 0.0373 0.7338
vn -0.6823 0.0395 0.7300
vn 0.2125 -0.0226 0.9769
vn 0.0036 0.0024 1.0000
vn -0.0994 0.9950 0.0073
vn 0.0031 -0.0189 -0.9998
vn -0.0000 -0.0923 0.9957
vn 0.0015 0.0064 -1.0000
vn -0.0713 -0.0772 -0.9945
vn -0.0000 -0.0000 -1.0000
vn -0.1087 -0.1811 -0.9774
vn -0.0385 -0.0140 -0.9992
vn -0.0000 -0.9245 0.3811
vn 0.0745 0.3227 -0.9436
vn -0.0393 -0.0655 -0.9971
vn -0.0098 -0.0005 -1.0000
vn -0.0083 -0.0271 -0.9996
vn -0.6874 0.0423 0.7251
vn -0.8095 0.2388 0.5364
vn 0.0007 -0.0005 -1.0000
vn 0.1997 -0.0147 0.9797
vn 0.0029 1.0000 -0.0014
vn -0.0000 -0.4354 0.9003
vn -0.0000 0.4358 -0.9000
vn 0.0224 0.0449 -0.9987
vn 0.0072 0.0046 -1.0000
vn -0.0013 0.0037 -1.0000
vn 0.0191 -0.9976 0.0671
vn 0.0095 -0.9984 0.0557
vn -0.9077 -0.4189 0.0235
vn -0.8315 -0.5550 -0.0260
vn -0.8678 -0.4966 0.0185
vn -0.8092 0.2315 0.5399
vn -0.9211 0.3779 0.0936
vn 0.3851 -0.0240 0.9225
vn 0.3052 0.0906 0.9480
vn 0.3475 0.0314 0.9372
vn 0.7823 0.5288 0.3292
vn -0.0251 0.9994 -0.0250
vn -0.1191 -0.8621 0.4926
vn -0.4434 -0.7286 0.5220
vn -0.9158 -0.3982 0.0520
vn -0.9058 0.4135 -0.0929
vn 0.9023 -0.0765 0.4243
vn 0.2660 0.1433 0.9533
vn 0.3092 0.9506 -0.0275
vn 0.0495 0.9986 0.0193
vn -0.9027 0.4211 0.0883
vn -0.9089 0.4111 0.0697
vn 0.9789 -0.2044 -0.0010
vn -0.0069 0.1742 0.9847
vn -0.0123 0.2371 0.9714
vn -0.0000 0.0925 0.9957
vn -0.0143 0.2624 0.9649
vn -0.0143 0.2625 0.9648
vn 0.0016 -0.0338 -0.9994
vn 0.0547 -0.9943 0.0918
vn -0.7004 -0.5624 0.4395
vn -0.7791 -0.4004 0.4823
vn -0.7517 -0.4646 0.4681
vn -0.9453 -0.3259 0.0148
vn 0.1978 -0.0137 0.9801
vn 0.9980 -0.0129 0.0616
vn 0.9994 -0.0149 0.0298
vn 0.9982 -0.0436 0.0407
vn 0.5327 0.8460 0.0234
vn 0.5630 0.8249 0.0498
vn 0.5065 0.8623 0.0011
vn -0.0028 -0.0782 -0.9969
vn -0.0132 0.0307 -0.9994
vn -0.0098 -0.0700 -0.9975
vn 0.0032 -0.0089 -1.0000
vn 0.0001 -0.0478 -0.9989
vn 0.0015 -0.0300 -0.9995
vn -0.8878 -0.2931 0.3548
vn 0.9841 -0.1775 -0.0095
vn -0.6768 -0.6313 0.3786
vn -0.9270 0.3696 0.0642
vn 0.0013 -0.0011 -1.0000
vn 0.0171 -0.0033 -0.9998
vn 0.7491 0.2029 0.6306
vn 0.4840 0.8749 -0.0174
vn 0.0395 -0.9971 0.0657
vn 0.9027 0.4299 0.0163
vn 0.9147 0.4041 -0.0082
vn 0.8388 0.5444 0.0031
vn -0.0001 -0.0030 -1.0000
vn -0.9141 -0.2959 0.2774
vn -0.9404 -0.2582 0.2212
vn -0.0001 -0.0000 -1.0000
vn 0.9924 -0.1224 0.0116
vn -0.8613 -0.3228 0.3923
vn 0.9625 0.2712 0.0071
vn 0.0010 -0.0007 -1.0000
vn -0.9706 0.2329 0.0603
vn -0.0040 -0.9991 0.0431
vn -0.0000 0.0005 -1.0000
vn -0.0004 0.0002 -1.0000
vn -0.0724 -0.9952 0.0650
vn -0.9052 0.4078 -0.1199
vn 0.8005 0.5985 0.0328
vn -0.0934 -0.9910 0.0963
vn -0.2910 -0.7903 0.5392
vn -0.0047 -0.0032 -1.0000
vn -0.5700 -0.8215 -0.0142
vn -0.6203 -0.7841 0.0203
vn -0.5734 -0.8190 -0.0197
vn -0.6568 -0.7521 0.0548
vn 0.9989 -0.0257 0.0384
vn -0.7176 -0.6853 0.1244
vn -0.5753 -0.6030 0.5526
vn -0.9801 0.1652 0.1099
vn 0.9676 0.2516 0.0221
vn 0.0004 -0.0003 -1.0000
vn -0.9806 0.1307 0.1463
vn -0.8718 -0.4894 0.0208
vn -0.8980 -0.4303 -0.0916
vn -0.8893 -0.4549 -0.0466
vn -0.9937 0.1001 -0.0512
vn -0.9908 0.1284 -0.0420
vn -0.9953 0.0773 -0.0585
vn -0.9801 0.1331 0.1476
vn 0.0022 -0.0007 -1.0000
vn 0.0001 -0.0001 -1.0000
vn 0.0023 0.0009 -1.0000
vn 0.0014 0.0011 -1.0000
vn 0.0002 -0.0007 -1.0000
vn -0.9035 -0.4085 -0.1297
vn 0.1419 -0.9780 0.1532
vn -0.0003 0.0008 -1.0000
vn -0.9649 -0.2407 0.1053
vn -0.0143 0.0004 -0.9999
vn -0.4481 -0.8928 -0.0450
vn -0.9635 -0.2480 0.1009
vn -0.9964 0.0536 -0.0661
vn 0.0117 0.0046 -0.9999
vt 0.275505 0.926228
vt 0.275973 0.926269
vt 0.276270 0.926646
vt 0.298505 0.927117
vt 0.278094 0.926360
vt 0.274202 0.925770
vt 0.276666 0.926312
vt 0.271576 0.925962
vt 0.271446 0.925706
vt 0.272382 0.926045
vt 0.269174 0.925279
vt 0.266814 0.925689
vt 0.267590 0.925299
vt 0.267778 0.925557
vt 0.249009 0.924463
vt 0.851065 0.170112
vt 0.858334 0.155729
vt 0.859148 0.179010
vt 0.878689 0.162844
vt 0.872160 0.175350
vt 0.889800 0.145699
vt 0.892703 0.174904
vt 0.834914 0.160205
vt 0.812474 0.151274
vt 0.825339 0.138917
vt 0.830276 0.169025
vt 0.843831 0.172241
vt 0.843725 0.157789
vt 0.864816 0.140006
vt 0.634629 0.578082
vt 0.623487 0.593038
vt 0.628131 0.559606
vt 0.623575 0.572055
vt 0.641911 0.593072
vt 0.631648 0.599971
vt 0.637218 0.665007
vt 0.639489 0.661534
vt 0.639802 0.661172
vt 0.639404 0.661302
vt 0.638958 0.661148
vt 0.637977 0.659254
vt 0.638303 0.656419
vt 0.638322 0.660287
vt 0.640920 0.660020
vt 0.639585 0.658243
vt 0.640239 0.656796
vt 0.640079 0.657428
vt 0.639909 0.656348
vt 0.640570 0.654047
vt 0.639445 0.653705
vt 0.639715 0.652685
vt 0.639465 0.652213
vt 0.631634 0.630235
vt 0.630713 0.652027
vt 0.637429 0.658226
vt 0.637525 0.659524
vt 0.947703 0.634060
vt 0.938550 0.633686
vt 0.960910 0.627169
vt 0.936549 0.649825
vt 0.953570 0.634972
vt 0.976732 0.646583
vt 0.927585 0.627041
vt 0.961157 0.605186
vt 0.940547 0.608231
vt 0.907876 0.623237
vt 0.920795 0.612979
vt 0.905992 0.620357
vt 0.912041 0.615273
vt 0.911526 0.615035
vt 0.922878 0.602056
vt 0.912257 0.614838
vt 0.912809 0.613910
vt 0.897641 0.612574
vt 0.905172 0.589750
vt 0.889368 0.603010
vt 0.866796 0.630339
vt 0.875055 0.604084
vt 0.927293 0.602462
vt 0.875592 0.641816
vt 0.720518 0.500449
vt 0.758818 0.506134
vt 0.761724 0.510465
vt 0.758057 0.521743
vt 0.742728 0.500567
vt 0.743669 0.500447
vt 0.740884 0.501241
vt 0.732744 0.534218
vt 0.712189 0.525733
vt 0.727047 0.527249
vt 0.975052 0.625468
vt 0.761659 0.492752
vt 0.743880 0.499738
vt 0.743227 0.500252
vt 0.741990 0.500478
vt 0.729221 0.517079
vt 0.681797 0.529837
vt 0.726212 0.544128
vt 0.713855 0.552608
vt 0.774811 0.527511
vt 0.878981 0.587242
vt 0.738477 0.486561
vt 0.789951 0.472652
vt 0.765066 0.291886
vt 0.800593 0.278961
vt 0.782221 0.299314
vt 0.828430 0.281188
vt 0.802009 0.263427
vt 0.845536 0.251634
vt 0.855152 0.588077
vt 0.905036 0.646002
vt 0.774892 0.543190
vt 0.845804 0.268949
vt 0.893928 0.578858
vt 0.880214 0.645063
vt 0.786807 0.503136
vt 0.852674 0.280866
vt 0.858343 0.256338
vt 0.867625 0.619394
vt 0.867975 0.620130
vt 0.864133 0.570529
vt 0.880108 0.571971
vt 0.867062 0.619405
vt 0.867370 0.620176
vt 0.861871 0.628287
vt 0.861763 0.636607
vt 0.694309 0.519001
vt 0.750631 0.549079
vt 0.753737 0.547418
vt 0.798059 0.305690
vt 0.817993 0.286214
vt 0.879792 0.264033
vt 0.245290 0.679443
vt 0.245854 0.674314
vt 0.251015 0.674362
vt 0.234154 0.668966
vt 0.246706 0.693407
vt 0.224016 0.165032
vt 0.283945 0.175481
vt 0.273853 0.180548
vt 0.386151 0.186999
vt 0.382857 0.186474
vt 0.426010 0.190136
vt 0.380443 0.186189
vt 0.343716 0.180012
vt 0.385453 0.187734
vt 0.387161 0.188196
vt 0.667435 0.871559
vt 0.633293 0.912636
vt 0.634829 0.907451
vt 0.634235 0.908555
vt 0.173998 0.767022
vt 0.167403 0.779340
vt 0.167458 0.778758
vt 0.167017 0.779741
vt 0.167631 0.780527
vt 0.026379 0.287388
vt 0.029169 0.324362
vt 0.021832 0.310948
vt 0.042858 0.311689
vt 0.053464 0.286202
vt 0.066340 0.307651
vt 0.051979 0.302693
vt 0.005000 0.290404
vt 0.015047 0.331468
vt 0.041258 0.330543
vt 0.080712 0.268852
vt 0.068438 0.275365
vt 0.067625 0.275385
vt 0.066958 0.275664
vt 0.065683 0.270303
vt 0.093942 0.280641
vt 0.068267 0.274586
vt 0.068151 0.274922
vt 0.067640 0.275006
vt 0.075780 0.292839
vt 0.106769 0.837404
vt 0.110934 0.833982
vt 0.128185 0.833262
vt 0.123013 0.843512
vt 0.098090 0.841927
vt 0.108003 0.821352
vt 0.138035 0.823734
vt 0.158305 0.825202
vt 0.156844 0.843018
vt 0.132367 0.821779
vt 0.087837 0.854932
vt 0.144900 0.866354
vt 0.160203 0.825441
vt 0.177339 0.844486
vt 0.178472 0.846688
vt 0.046959 0.810153
vt 0.030027 0.837630
vt 0.169776 0.831314
vt 0.157555 0.812765
vt 0.135070 0.812070
vt 0.145741 0.810012
vt 0.104947 0.807913
vt 0.173231 0.825128
vt 0.053946 0.864781
vt 0.191835 0.863051
vt 0.185699 0.832233
vt 0.019729 0.858842
vt 0.100872 0.879992
vt 0.156072 0.883581
vt 0.165146 0.813290
vt 0.140619 0.794029
vt 0.479486 0.934694
vt 0.510691 0.890919
vt 0.518686 0.890759
vt 0.207423 0.883162
vt 0.240702 0.871902
vt 0.183464 0.820436
vt 0.468690 0.954497
vt 0.485347 0.935705
vt 0.655934 0.963203
vt 0.698181 0.895105
vt 0.699028 0.931844
vt 0.080542 0.891306
vt 0.224897 0.838908
vt 0.189259 0.824947
vt 0.633973 0.953672
vt 0.038151 0.872627
vt 0.499091 0.870222
vt 0.548641 0.847780
vt 0.245210 0.895709
vt 0.154347 0.765553
vt 0.734537 0.892188
vt 0.515546 0.902115
vt 0.039655 0.337669
vt 0.187140 0.898729
vt 0.019344 0.255173
vt 0.672168 0.899993
vt 0.551239 0.852973
vt 0.783974 0.820525
vt 0.770473 0.850168
vt 0.750827 0.841388
vt 0.139939 0.900485
vt 0.057811 0.316690
vt 0.045355 0.265010
vt 0.142829 0.765743
vt 0.141179 0.784148
vt 0.140989 0.784185
vt 0.140657 0.785728
vt 0.538881 0.876475
vt 0.163765 0.770661
vt 0.140550 0.785179
vt 0.139774 0.786219
vt 0.069440 0.252123
vt 0.757158 0.817243
vt 0.239637 0.839440
vt 0.524706 0.963459
vt 0.519468 0.983720
vt 0.577482 0.816253
vt 0.733052 0.899793
vt 0.056608 0.334080
vt 0.219337 0.904097
vt 0.268490 0.856837
vt 0.059836 0.258854
vt 0.058819 0.259026
vt 0.731748 0.821393
vt 0.016414 0.881545
vt 0.337867 0.898460
vt 0.060031 0.258004
vt 0.059689 0.258572
vt 0.059268 0.258578
vt 0.058796 0.258591
vt 0.712201 0.852067
vt 0.044295 0.894272
vt 0.076242 0.914081
vt 0.938147 0.191439
vt 0.960078 0.180935
vt 0.980941 0.226315
vt 0.270362 0.853444
vt 0.113909 0.241422
vt 0.197084 0.818117
vt 0.166974 0.778321
vt 0.166894 0.779355
vt 0.167198 0.780160
vt 0.554151 0.928131
vt 0.560997 0.851506
vt 0.790535 0.762587
vt 0.773255 0.790732
vt 0.166685 0.778395
vt 0.762148 0.882965
vt 0.192307 0.249386
vt 0.188220 0.244629
vt 0.188551 0.244456
vt 0.188334 0.244310
vt 0.188061 0.244461
vt 0.187588 0.244478
vt 0.170911 0.250552
vt 0.132776 0.260462
vt 0.145927 0.921479
vt 0.043062 0.350117
vt 0.214515 0.243520
vt 0.188819 0.243914
vt 0.073593 0.313823
vt 0.192810 0.236185
vt 0.069913 0.229647
vt 0.104677 0.224673
vt 0.050505 0.229975
vt 0.746606 0.799349
vt 0.588493 0.897590
vt 0.584715 0.818293
vt 0.084135 0.302110
vt 0.158723 0.239458
vt 0.594305 0.957638
vt 0.595095 0.972862
vt 0.111364 0.290618
vt 0.043980 0.221458
vt 0.768358 0.773605
vt 0.592743 0.792950
vt 0.050397 0.344627
vt 0.081036 0.219849
vt 0.077136 0.340500
vt 0.084995 0.322760
vt 0.133767 0.274776
vt 0.180979 0.263571
vt 0.633890 0.907952
vt 0.633547 0.908460
vt 0.632122 0.910577
vt 0.632240 0.910704
vt 0.631875 0.910849
vt 0.632130 0.911280
vt 0.624075 0.856034
vt 0.133421 0.275263
vt 0.134306 0.274285
vt 0.036628 0.220538
vt 0.633418 0.907755
vt 0.633331 0.908136
vt 0.632161 0.910165
vt 0.631135 0.912024
vt 0.642555 0.817072
vt 0.066609 0.334494
vt 0.066462 0.334185
vt 0.066821 0.334411
vt 0.067668 0.334681
vt 0.068233 0.333574
vt 0.067238 0.334107
vt 0.111718 0.315689
vt 0.134317 0.274878
vt 0.134697 0.274821
vt 0.135766 0.274615
vt 0.152686 0.268617
vt 0.233548 0.249827
vt 0.231396 0.234544
vt 0.597853 0.781977
vt 0.141787 0.306570
vt 0.169754 0.302035
vt 0.201294 0.259632
vt 0.201479 0.260102
vt 0.200864 0.260573
vt 0.201309 0.259281
vt 0.217025 0.270636
vt 0.202286 0.260694
vt 0.201473 0.259509
vt 0.889653 0.489881
vt 0.903190 0.468089
vt 0.895798 0.505776
vt 0.192634 0.215765
vt 0.134675 0.215174
vt 0.754890 0.728885
vt 0.904215 0.500209
vt 0.525107 0.157828
vt 0.502301 0.175570
vt 0.495477 0.175739
vt 0.916275 0.428812
vt 0.899708 0.450688
vt 0.041373 0.205432
vt 0.713047 0.812209
vt 0.131588 0.317813
vt 0.142579 0.306897
vt 0.143657 0.306813
vt 0.905748 0.394130
vt 0.734453 0.764973
vt 0.142156 0.307259
vt 0.142450 0.307521
vt 0.142685 0.307269
vt 0.651137 0.782651
vt 0.608785 0.762043
vt 0.141760 0.307911
vt 0.181886 0.303509
vt 0.911907 0.470174
vt 0.899922 0.409829
vt 0.499107 0.168208
vt 0.095608 0.208534
vt 0.118902 0.324694
vt 0.255730 0.265920
vt 0.920609 0.441733
vt 0.873031 0.478543
vt 0.856705 0.524479
vt 0.839145 0.508054
vt 0.026286 0.198211
vt 0.178137 0.309559
vt 0.893320 0.396685
vt 0.204658 0.188659
vt 0.066757 0.198203
vt 0.727728 0.728668
vt 0.258620 0.270671
vt 0.927229 0.485129
vt 0.461942 0.179465
vt 0.490651 0.188120
vt 0.933644 0.457749
vt 0.881419 0.439695
vt 0.159150 0.194901
vt 0.939044 0.430192
vt 0.512640 0.161257
vt 0.506901 0.180251
vt 0.524096 0.170458
vt 0.883032 0.390475
vt 0.658087 0.746518
vt 0.617903 0.731928
vt 0.154231 0.316795
vt 0.229469 0.293643
vt 0.938885 0.431107
vt 0.939278 0.430863
vt 0.941767 0.431229
vt 0.941497 0.431162
vt 0.942402 0.431089
vt 0.942093 0.431038
vt 0.434521 0.201378
vt 0.407681 0.205527
vt 0.442466 0.212813
vt 0.933609 0.436016
vt 0.937799 0.432172
vt 0.939006 0.431728
vt 0.940681 0.431551
vt 0.939275 0.431189
vt 0.941253 0.431462
vt 0.953952 0.431285
vt 0.508833 0.154209
vt 0.342695 0.201024
vt 0.385400 0.188136
vt 0.386547 0.189622
vt 0.411959 0.225081
vt 0.154444 0.317914
vt 0.154912 0.317839
vt 0.931149 0.480891
vt 0.954792 0.436606
vt 0.444429 0.187872
vt 0.458031 0.218917
vt 0.890800 0.400545
vt 0.890977 0.401276
vt 0.890574 0.400818
vt 0.890094 0.400734
vt 0.890622 0.401104
vt 0.154192 0.318457
vt 0.154562 0.318092
vt 0.155061 0.318070
vt 0.156646 0.317958
vt 0.193512 0.316036
vt 0.444086 0.158310
vt 0.876547 0.400217
vt 0.854035 0.470556
vt 0.357854 0.177658
vt 0.113370 0.188522
vt 0.394473 0.176411
vt 0.732411 0.075372
vt 0.748184 0.075530
vt 0.731699 0.087072
vt 0.658009 0.684485
vt 0.344230 0.431117
vt 0.361798 0.369978
vt 0.378060 0.404102
vt 0.317967 0.278125
vt 0.285785 0.276598
vt 0.312719 0.179054
vt 0.526660 0.172419
vt 0.525504 0.178133
vt 0.863733 0.443357
vt 0.505673 0.152527
vt 0.313043 0.178241
vt 0.312963 0.176931
vt 0.312316 0.178289
vt 0.311180 0.178932
vt 0.312374 0.178735
vt 0.286288 0.171417
vt 0.431071 0.241644
vt 0.418938 0.248518
vt 0.167346 0.174699
vt 0.378600 0.457124
vt 0.378992 0.456131
vt 0.378967 0.457577
vt 0.379468 0.456060
vt 0.385844 0.459681
vt 0.385483 0.542337
vt 0.381278 0.501250
vt 0.389965 0.226211
vt 0.378191 0.451605
vt 0.376850 0.477122
vt 0.378090 0.530259
vt 0.744218 0.095775
vt 0.720326 0.083640
vt 0.218083 0.152481
vt 0.302877 0.457147
vt 0.328063 0.317113
vt 0.380436 0.554706
vt 0.394220 0.571054
vt 0.390052 0.591515
vt 0.377183 0.157516
vt 0.823862 0.893806
vt 0.813853 0.897849
vt 0.800937 0.879860
vt 0.706191 0.085725
vt 0.339860 0.539198
vt 0.370289 0.173555
vt 0.370429 0.172911
vt 0.343134 0.169980
vt 0.286164 0.165261
vt 0.857743 0.916754
vt 0.320766 0.216717
vt 0.389662 0.239973
vt 0.372881 0.172566
vt 0.371419 0.171559
vt 0.443106 0.233267
vt 0.466393 0.252825
vt 0.374668 0.160196
vt 0.333382 0.156241
vt 0.405495 0.246554
vt 0.870728 0.909793
vt 0.726762 0.121722
vt 0.727622 0.107059
vt 0.824675 0.482644
vt 0.840895 0.438337
vt 0.384697 0.598929
vt 0.395697 0.672985
vt 0.835776 0.879489
vt 0.804581 0.867086
vt 0.388016 0.655416
vt 0.225571 0.735321
vt 0.228835 0.663272
vt 0.243015 0.728000
vt 0.380226 0.586354
vt 0.934415 0.967366
vt 0.945402 0.952827
vt 0.946184 0.979457
vt 0.956257 0.968975
vt 0.950043 0.986176
vt 0.916622 0.948547
vt 0.936182 0.984279
vt 0.535985 0.218510
vt 0.542008 0.246779
vt 0.533949 0.240515
vt 0.270260 0.194605
vt 0.449047 0.268551
vt 0.694555 0.112048
vt 0.699716 0.093449
vt 0.241776 0.584990
vt 0.211949 0.577639
vt 0.228034 0.560355
vt 0.852530 0.396878
vt 0.741829 0.928088
vt 0.767896 0.911338
vt 0.778055 0.924340
vt 0.219272 0.157890
vt 0.919137 0.919809
vt 0.418186 0.274805
vt 0.785229 0.437804
vt 0.561045 0.235194
vt 0.217044 0.756059
vt 0.326223 0.586909
vt 0.800883 0.908878
vt 0.955283 0.937491
vt 0.556403 0.155863
vt 0.393195 0.704166
vt 0.853931 0.927158
vt 0.871101 0.890532
vt 0.825809 0.846624
vt 0.863689 0.876191
vt 0.256938 0.587612
vt 0.381848 0.662877
vt 0.706469 0.935884
vt 0.733185 0.933329
vt 0.241248 0.596467
vt 0.778349 0.927935
vt 0.529213 0.253675
vt 0.558678 0.253478
vt 0.557397 0.204882
vt 0.820413 0.945252
vt 0.972090 0.969777
vt 0.396740 0.289358
vt 0.694069 0.080012
vt 0.906570 0.959944
vt 0.922491 0.973977
vt 0.926658 0.902220
vt 0.245883 0.760371
vt 0.260004 0.672185
vt 0.319439 0.671049
vt 0.386608 0.698690
vt 0.766883 0.930530
vt 0.926982 0.987920
vt 0.218416 0.774608
vt 0.463191 0.274468
vt 0.694684 0.083202
vt 0.252866 0.620472
vt 0.251462 0.618531
vt 0.244035 0.613115
vt 0.825217 0.951634
vt 0.942382 0.994092
vt 0.693887 0.085396
vt 0.699328 0.078699
vt 0.697699 0.079614
vt 0.697135 0.080041
vt 0.255208 0.620986
vt 0.259079 0.624222
vt 0.961903 0.914085
vt 0.928286 0.891499
vt 0.383850 0.708587
vt 0.862305 0.966447
vt 0.551229 0.263938
vt 0.579274 0.227626
vt 0.960099 0.905884
vt 0.392430 0.745306
vt 0.387674 0.742309
vt 0.869832 0.974069
vt 0.582768 0.183550
vt 0.866324 0.864683
vt 0.260843 0.656358
vt 0.460264 0.278289
vt 0.807714 0.946493
vt 0.459551 0.283970
vt 0.912105 0.989589
vt 0.576881 0.254003
vt 0.980874 0.899130
vt 0.289280 0.759098
vt 0.384360 0.786933
vt 0.392269 0.801758
vt 0.859855 0.973942
vt 0.543681 0.269739
vt 0.564831 0.270426
vt 0.596897 0.215407
vt 0.379112 0.774549
vt 0.554617 0.160557
vt 0.587076 0.152507
vt 0.952397 0.899225
vt 0.336522 0.732346
vt 0.984387 0.903381
vt 0.857291 0.835199
vt 0.393736 0.832286
vt 0.790593 0.173045
vt 0.779145 0.210733
vt 0.776416 0.204487
vt 0.788896 0.221973
vt 0.773867 0.235269
vt 0.909349 0.875794
vt 0.405113 0.856998
vt 0.769420 0.232395
vt 0.603997 0.193739
vt 0.383430 0.819600
vt 0.621844 0.265250
vt 0.788100 0.166598
vt 0.619121 0.239464
vt 0.320169 0.799665
vt 0.612010 0.164826
vt 0.397147 0.858660
vt 0.789246 0.797817
vt 0.771513 0.204871
vt 0.581376 0.300499
vt 0.764902 0.256065
vt 0.904132 0.856979
vt 0.830643 0.756999
vt 0.939735 0.798780
vt 0.630517 0.331863
vt 0.938392 0.791419
vt 0.938528 0.791183
vt 0.949029 0.759512
vt 0.954066 0.755353
vt 0.986660 0.882879
vt 0.922189 0.786791
vt 0.897926 0.740233
vt 0.938635 0.789971
vt 0.938334 0.790692
vt 0.937984 0.791031
vt 0.938277 0.791141
vt 0.936957 0.793192
vt 0.560947 0.286095
vt 0.604037 0.349744
vt 0.935199 0.793093
vt 0.936279 0.793522
vt 0.639528 0.217046
vt 0.639949 0.191638
vt 0.995000 0.882565
vt 0.935113 0.793506
vt 0.935588 0.793369
vt 0.935788 0.793665
vt 0.936656 0.794624
vt 0.728391 0.197344
vt 0.955863 0.872951
vt 0.641507 0.301558
vt 0.721922 0.229569
vt 0.576742 0.304286
vt 0.819600 0.487284
vt 0.915423 0.571183
vt 0.837340 0.590071
vt 0.836955 0.568955
vt 0.747801 0.166800
vt 0.640289 0.175702
vt 0.958237 0.583312
vt 0.606985 0.372219
vt 0.647843 0.375445
vt 0.847272 0.636535
vt 0.860346 0.646182
vt 0.741748 0.562231
vt 0.883566 0.287635
vt 0.905599 0.288103
vt 0.650771 0.346855
vt 0.805696 0.574227
vt 0.797078 0.532916
vt 0.870691 0.290655
vt 0.592117 0.327272
vt 0.700322 0.512355
vt 0.669778 0.526502
vt 0.674460 0.518324
vt 0.712062 0.271019
vt 0.759708 0.278946
vt 0.864917 0.654592
vt 0.898754 0.657839
vt 0.715442 0.499412
vt 0.684286 0.519040
vt 0.934674 0.587139
vt 0.817904 0.602456
vt 0.873989 0.648704
vt 0.698031 0.555700
vt 0.684992 0.543671
vt 0.779981 0.322048
vt 0.902410 0.563250
vt 0.819080 0.300330
vt 0.653969 0.238457
vt 0.844822 0.651840
vt 0.840680 0.547415
vt 0.601722 0.360937
vt 0.836132 0.640939
vt 0.668491 0.370559
vt 0.705953 0.569271
vt 0.804269 0.507884
vt 0.593196 0.343826
vt 0.832305 0.303354
vt 0.656832 0.274911
vt 0.654344 0.513647
vt 0.660454 0.527983
vt 0.669034 0.536107
vt 0.685472 0.574039
vt 0.721107 0.571398
vt 0.809106 0.544944
vt 0.793625 0.557584
vt 0.676628 0.328408
vt 0.713693 0.311213
vt 0.778660 0.399959
vt 0.783610 0.446898
vt 0.779331 0.441672
vt 0.764112 0.555872
vt 0.814215 0.539940
vt 0.880751 0.560276
vt 0.865497 0.556395
vt 0.771269 0.364985
vt 0.773628 0.390108
vt 0.657876 0.510864
vt 0.771095 0.566517
vt 0.879156 0.300087
vt 0.926397 0.546016
vt 0.760863 0.324902
vt 0.765622 0.347840
vt 0.881478 0.673319
vt 0.661790 0.566180
vt 0.713499 0.582345
vt 0.812426 0.321385
vt 0.649638 0.526996
vt 0.667065 0.592014
vt 0.799080 0.329215
vt 0.786065 0.462331
vt 0.781163 0.461278
vt 0.781856 0.471896
vt 0.705840 0.595267
vt 0.832099 0.530451
vt 0.855411 0.659323
vt 0.863745 0.675053
vt 0.638870 0.531320
vt 0.743999 0.577279
vt 0.944951 0.563105
vt 0.731410 0.376155
vt 0.853376 0.670752
vt 0.775538 0.362835
vt 0.905549 0.546423
vt 0.761157 0.578211
vt 0.825547 0.560320
vt 0.898226 0.318999
vt 0.689821 0.368878
vt 0.638874 0.543054
vt 0.824540 0.329046
vt 0.857187 0.329141
vt 0.843180 0.533262
vt 0.739608 0.475401
vt 0.043133 0.725252
vt 0.048170 0.722570
vt 0.043854 0.729948
vt 0.785773 0.341680
vt 0.962037 0.345000
vt 0.988173 0.354542
vt 0.972491 0.358452
vt 0.070982 0.752160
vt 0.049039 0.704067
vt 0.875720 0.549148
vt 0.918387 0.334965
vt 0.877913 0.316662
vt 0.798047 0.700357
vt 0.801425 0.748777
vt 0.790722 0.742133
vt 0.689888 0.400926
vt 0.732974 0.453551
vt 0.789689 0.694792
vt 0.054096 0.705968
vt 0.805802 0.704907
vt 0.088177 0.649351
vt 0.060838 0.683622
vt 0.065042 0.636633
vt 0.784770 0.739838
vt 0.783441 0.694494
vt 0.684441 0.612976
vt 0.721055 0.595665
vt 0.751725 0.595679
vt 0.087128 0.599905
vt 0.115987 0.603656
vt 0.944132 0.337570
vt 0.809274 0.406387
vt 0.172596 0.521070
vt 0.166974 0.503381
vt 0.183749 0.501816
vt 0.195939 0.497329
vt 0.204828 0.477460
vt 0.207709 0.494446
vt 0.201199 0.469432
vt 0.148482 0.506819
vt 0.172969 0.476276
vt 0.168601 0.529859
vt 0.213102 0.467682
vt 0.212717 0.468207
vt 0.213076 0.468256
vt 0.213568 0.467392
vt 0.213956 0.468621
vt 0.213472 0.468080
vt 0.223972 0.462358
vt 0.193660 0.522499
vt 0.151595 0.467191
vt 0.222874 0.487977
vt 0.209863 0.501875
vt 0.141566 0.505572
vt 0.103599 0.537108
vt 0.786725 0.580805
vt 0.878101 0.712608
vt 0.812647 0.727490
vt 0.087214 0.729772
vt 0.079068 0.669715
vt 0.147887 0.554493
vt 0.238986 0.474466
vt 0.048963 0.610540
vt 0.076681 0.582136
vt 0.190802 0.454232
vt 0.212009 0.436739
vt 0.166014 0.440986
vt 0.196977 0.507808
vt 0.103788 0.497097
vt 0.734095 0.615032
vt 0.117671 0.472638
vt 0.718717 0.616249
vt 0.781712 0.399298
vt 0.113385 0.615014
vt 0.099970 0.636145
vt 0.239626 0.433666
vt 0.184987 0.415548
vt 0.134770 0.580842
vt 0.215540 0.507962
vt 0.239588 0.489078
vt 0.759555 0.694715
vt 0.183409 0.532865
vt 0.274689 0.445522
vt 0.123430 0.667843
vt 0.166323 0.545816
vt 0.265398 0.477391
vt 0.269378 0.425360
vt 0.177387 0.409283
vt 0.202258 0.407028
vt 0.159312 0.413915
vt 0.129844 0.444714
vt 0.152129 0.559910
vt 0.692734 0.628110
vt 0.211994 0.520134
vt 0.296235 0.454211
vt 0.308436 0.406127
vt 0.158350 0.409086
vt 0.071507 0.561222
vt 0.294360 0.404072
vt 0.232197 0.511740
vt 0.226043 0.393601
vt 0.195862 0.397044
vt 0.045987 0.575634
vt 0.035923 0.601255
vt 0.155099 0.670623
vt 0.153579 0.628650
vt 0.312528 0.379521
vt 0.283777 0.494870
vt 0.166099 0.402663
vt 0.135719 0.423773
vt 0.173610 0.651531
vt 0.395077 0.786002
vt 0.402965 0.737599
vt 0.410870 0.751004
vt 0.253453 0.393509
vt 0.210164 0.524891
vt 0.234921 0.514322
vt 0.402456 0.719163
vt 0.405057 0.700588
vt 0.403006 0.719516
vt 0.276469 0.378361
vt 0.191993 0.583788
vt 0.302080 0.466196
vt 0.302784 0.466158
vt 0.302495 0.465796
vt 0.302190 0.465959
vt 0.301738 0.465638
vt 0.401067 0.718127
vt 0.401910 0.719258
vt 0.401781 0.719848
vt 0.401718 0.719997
vt 0.063731 0.526324
vt 0.431960 0.813497
vt 0.407736 0.786864
vt 0.407992 0.786376
vt 0.302715 0.465581
vt 0.415336 0.702409
vt 0.644323 0.676351
vt 0.636739 0.669594
vt 0.635620 0.669007
vt 0.635618 0.669111
vt 0.397186 0.712590
vt 0.432186 0.779001
vt 0.639646 0.660952
vt 0.640531 0.657294
vt 0.640367 0.656347
vt 0.640081 0.652667
vt 0.640183 0.650170
vt 0.640014 0.651903
vt 0.641691 0.639139
vt 0.637578 0.658980
vt 0.637543 0.659293
vt 0.636740 0.660152
vt 0.635475 0.668611
vt 0.635304 0.669026
vt 0.634506 0.669606
vt 0.635368 0.669084
vt 0.624668 0.678636
vt 0.629255 0.705193
vt 0.445662 0.858457
vt 0.440343 0.793530
vt 0.625386 0.702554
vt 0.228557 0.362660
vt 0.067519 0.482720
vt 0.437546 0.775131
vt 0.434769 0.748493
vt 0.619117 0.642301
vt 0.623354 0.719258
vt 0.092877 0.453845
vt 0.015947 0.484821
vt 0.222632 0.559653
vt 0.195455 0.383095
vt 0.101128 0.413292
vt 0.413979 0.667249
vt 0.146823 0.397946
vt 0.448910 0.815611
vt 0.435558 0.722374
vt 0.602479 0.707791
vt 0.606002 0.741196
vt 0.135003 0.399549
vt 0.633908 0.609424
vt 0.199351 0.357788
vt 0.250174 0.541907
vt 0.421495 0.671997
vt 0.647344 0.629536
vt 0.441530 0.717473
vt 0.239711 0.340798
vt 0.158654 0.381519
vt 0.439718 0.696943
vt 0.034986 0.434660
vt 0.445206 0.790119
vt 0.405178 0.615403
vt 0.418582 0.644444
vt 0.418833 0.646451
vt 0.418186 0.642543
vt 0.609864 0.623035
vt 0.418951 0.647882
vt 0.418964 0.645876
vt 0.420576 0.641742
vt 0.418681 0.644285
vt 0.634981 0.542585
vt 0.630807 0.531260
vt 0.580352 0.712327
vt 0.498874 0.856076
vt 0.502049 0.818661
vt 0.452600 0.813165
vt 0.447936 0.750486
vt 0.443077 0.663541
vt 0.607192 0.658044
vt 0.588640 0.752410
vt 0.175987 0.352653
vt 0.017265 0.374981
vt 0.450723 0.779536
vt 0.447712 0.713427
vt 0.444205 0.628757
vt 0.644889 0.566231
vt 0.620110 0.529780
vt 0.616666 0.579238
vt 0.617791 0.616760
vt 0.447744 0.672507
vt 0.401683 0.592714
vt 0.610978 0.607543
vt 0.588778 0.655578
vt 0.586369 0.690624
vt 0.611525 0.596529
vt 0.192821 0.321132
vt 0.598512 0.640723
vt 0.446684 0.559063
vt 0.573412 0.766925
vt 0.451914 0.674609
vt 0.450315 0.614438
vt 0.613217 0.559692
vt 0.603640 0.564684
vt 0.453086 0.727249
vt 0.424159 0.568822
vt 0.419427 0.544774
vt 0.427388 0.541940
vt 0.629134 0.507358
vt 0.502441 0.769588
vt 0.408270 0.458173
vt 0.414613 0.500466
vt 0.405423 0.481846
vt 0.602885 0.573602
vt 0.603877 0.580308
vt 0.582557 0.622496
vt 0.455998 0.687223
vt 0.397343 0.445999
vt 0.456224 0.617932
vt 0.627039 0.494783
vt 0.606451 0.589083
vt 0.557285 0.713356
vt 0.425388 0.512873
vt 0.602565 0.530835
vt 0.459259 0.663247
vt 0.453971 0.532843
vt 0.444893 0.528498
vt 0.421131 0.475090
vt 0.403163 0.424072
vt 0.506669 0.719523
vt 0.462709 0.624600
vt 0.449389 0.520028
vt 0.590267 0.607597
vt 0.402705 0.379284
vt 0.577892 0.577640
vt 0.564981 0.643060
vt 0.457912 0.568365
vt 0.417197 0.437713
vt 0.416943 0.406088
vt 0.387179 0.412154
vt 0.506086 0.669741
vt 0.444322 0.501011
vt 0.813081 0.166890
vt 0.594208 0.557944
vt 0.575194 0.631242
vt 0.606178 0.498819
vt 0.901763 0.187549
vt 0.924028 0.145854
vt 0.768447 0.138405
vt 0.734673 0.116181
vt 0.775652 0.112491
vt 0.614648 0.472195
vt 0.584651 0.530382
vt 0.463487 0.566188
vt 0.446132 0.470951
vt 0.427008 0.360361
vt 0.856877 0.187208
vt 0.232782 0.830454
vt 0.583771 0.994957
vt 0.247593 0.909610
vt 0.788126 0.160258
vt 0.618656 0.438072
vt 0.634477 0.464406
vt 0.585689 0.587897
vt 0.583051 0.599651
vt 0.573842 0.606203
vt 0.448160 0.435048
vt 0.830090 0.177936
vt 0.287213 0.852674
vt 0.261065 0.840022
vt 0.182813 0.917817
vt 0.336901 0.912571
vt 0.640626 0.432266
vt 0.964647 0.215635
vt 0.865937 0.114099
vt 0.844171 0.124222
vt 0.514179 0.587559
vt 0.460295 0.523984
vt 0.909501 0.192680
vt 0.932459 0.198492
vt 0.134184 0.992648
vt 0.121270 0.995000
vt 0.112335 0.987636
vt 0.960045 0.149549
vt 0.815467 0.111985
vt 0.452342 0.488179
vt 0.451671 0.398092
vt 0.146429 0.992443
vt 0.584989 0.506498
vt 0.454156 0.422834
vt 0.232220 0.780534
vt 0.195167 0.980676
vt 0.224085 0.924177
vt 0.566655 0.571523
vt 0.463184 0.517870
vt 0.839508 0.192293
vt 0.808158 0.191650
vt 0.878728 0.190798
vt 0.595526 0.463288
vt 0.458457 0.429793
vt 0.890765 0.121889
vt 0.768208 0.090997
vt 0.799773 0.087989
vt 0.772526 0.076866
vt 0.617301 0.387974
vt 0.458705 0.490022
vt 0.459746 0.360723
vt 0.280894 0.803745
vt 0.461847 0.448013
vt 0.928849 0.202204
vt 0.319129 0.834717
vt 0.978375 0.169799
vt 0.514111 0.537401
vt 0.906654 0.197454
vt 0.560816 0.534516
vt 0.277154 0.952851
vt 0.824970 0.083033
vt 0.810751 0.076397
vt 0.929751 0.125917
vt 0.465190 0.457588
vt 0.293008 0.811717
vt 0.265032 0.960526
vt 0.267305 0.925984
vt 0.267554 0.925663
vt 0.272431 0.926832
vt 0.272241 0.926199
vt 0.791816 0.078147
vt 0.601102 0.419792
vt 0.277185 0.927481
vt 0.277782 0.927998
vt 0.839858 0.089980
vt 0.463874 0.364334
vt 0.846979 0.196031
vt 0.301998 0.810835
vt 0.907208 0.114209
vt 0.465347 0.408273
vt 0.806952 0.196973
vt 0.908732 0.239744
vt 0.939999 0.248435
vt 0.567441 0.494456
vt 0.519583 0.489947
vt 0.306240 0.960572
vt 0.302703 0.960600
vt 0.303089 0.960387
vt 0.300366 0.960820
vt 0.287322 0.963439
vt 0.884189 0.100010
vt 0.302976 0.960104
vt 0.302548 0.960169
vt 0.301656 0.960281
vt 0.580737 0.451391
vt 0.879326 0.237822
vt 0.343286 0.934263
vt 0.850686 0.238200
vt 0.348637 0.970432
vt 0.837522 0.074340
vt 0.518467 0.432952
vt 0.864040 0.085214
vt 0.994884 0.143433
vt 0.944496 0.111863
vt 0.811680 0.044598
vt 0.835693 0.068224
vt 0.381587 0.976206
vt 0.904259 0.086180
vt 0.514722 0.364245
vt 0.586587 0.398328
vt 0.814641 0.241480
vt 0.408440 0.992105
vt 0.586533 0.355664
vt 0.576736 0.327030
vt 0.960004 0.024054
vt 0.850203 0.056942
vt 0.937935 0.005000
vt 0.835258 0.057871
s 0
usemtl model
f 1/1/1 2/2/1 3/3/1
s 1
f 545/4/2 4/5/3 5/6/4
f 4/5/3 3/7/5 5/6/6
f 3/7/7 2/2/7 5/6/8
f 6/8/9 8/9/10 7/10/10
s 0
f 7/10/7 8/9/7 5/6/7
f 5/6/11 8/9/11 9/11/11
s 1
f 11/12/9 12/13/12 10/14/13
f 10/14/14 12/13/15 9/11/16
f 9/11/16 12/13/15 801/15/17
f 24/16/18 19/17/19 26/18/20
f 19/17/21 17/19/22 25/20/23
s 0
f 17/19/24 16/21/24 883/22/24
s 1
f 21/23/25 30/24/26 28/25/27
s 0
f 30/24/28 21/23/28 23/26/28
s 1
f 871/27/29 22/28/30 24/16/31
f 26/18/32 19/17/21 25/20/23
s 0
f 17/19/33 895/29/33 16/21/33
f 22/28/34 21/23/34 28/25/34
s 1
f 17/19/22 19/17/21 895/29/35
f 24/16/31 22/28/30 19/17/36
f 38/30/37 39/31/38 43/32/39
s 0
f 43/32/40 39/31/40 40/33/40
s 1
f 38/30/41 42/34/42 41/35/43
s 0
f 45/36/44 46/37/44 47/38/44
f 46/37/1 48/39/10 47/38/1
s 1
f 48/39/45 46/37/46 49/40/47
f 46/37/46 45/36/48 49/40/47
f 62/41/49 50/42/50 51/43/51
f 52/44/52 51/43/53 53/45/54
f 51/43/51 50/42/50 53/45/55
f 55/46/45 54/47/56 56/48/57
f 54/47/56 53/45/55 56/48/57
f 53/45/55 50/42/50 56/48/57
f 56/48/57 50/42/50 57/49/58
f 57/49/59 50/42/60 58/50/61
f 59/51/45 58/50/61 60/52/62
f 58/50/61 50/42/60 60/52/62
f 50/42/60 786/53/63 60/52/62
f 811/54/64 50/42/60 61/55/65
f 50/42/60 62/41/66 61/55/65
f 62/41/49 51/43/51 63/56/67
f 52/44/68 49/40/69 51/43/70
f 49/40/47 45/36/48 51/43/71
f 86/57/72 85/58/73 103/59/74
f 88/60/75 87/61/76 83/62/77
f 84/63/78 103/59/79 85/58/80
f 79/64/81 103/59/79 84/63/78
f 105/65/82 90/66/82 93/67/82
f 90/66/83 89/68/84 94/69/85
s 0
f 95/70/86 94/69/86 89/68/86
s 1
f 90/66/87 94/69/88 77/71/89
s 0
f 94/69/90 95/72/90 77/71/90
f 77/71/91 95/72/91 97/73/91
f 95/70/92 89/68/92 77/71/92
f 89/68/93 91/74/93 77/71/93
s 1
f 98/75/94 91/74/95 96/76/96
f 96/76/97 106/77/98 81/78/99
f 96/76/96 91/74/95 106/77/100
f 90/66/87 77/71/89 101/79/101
f 90/66/83 105/65/102 84/63/103
f 79/64/104 84/63/103 105/65/102
s 0
f 93/67/105 90/66/105 101/79/105
s 1
f 600/80/106 89/68/84 90/66/83
f 118/81/107 122/82/108 109/83/109
f 109/83/110 100/84/111 118/81/112
s 0
f 91/74/113 89/68/113 600/80/113
s 1
f 111/85/114 112/86/115 113/87/116
f 112/86/115 122/82/108 113/87/116
f 113/87/116 122/82/108 118/81/107
s 0
f 116/88/117 115/89/117 114/90/117
f 86/57/118 123/91/118 87/61/118
f 77/71/119 91/74/119 98/75/119
s 1
f 104/92/120 122/82/121 117/93/122
f 122/82/121 112/86/123 117/93/122
f 112/94/124 111/95/125 117/93/125
f 117/93/125 111/95/125 118/81/126
f 111/95/127 113/87/116 118/81/107
f 118/81/112 100/84/111 80/96/128
s 0
f 120/97/129 119/98/129 76/99/129
s 1
f 137/100/130 100/84/131 109/83/132
s 0
f 104/92/133 117/93/133 118/81/133
s 1
f 116/88/134 119/98/135 115/89/136
f 115/89/136 119/98/135 120/97/137
s 0
f 123/91/138 86/57/138 103/59/138
s 1
f 102/101/139 96/76/97 81/78/99
f 88/102/140 83/103/141 104/92/142
f 126/104/143 82/105/144 124/106/145
f 125/107/146 82/105/147 83/108/77
f 83/108/148 82/105/144 126/104/143
f 83/108/77 87/109/76 125/107/146
f 78/110/149 102/101/150 81/78/151
s 0
f 127/111/152 86/57/152 87/61/152
s 1
f 114/90/153 80/96/154 634/112/155
f 125/107/146 87/109/76 123/113/156
f 98/75/157 96/76/97 595/114/158
f 130/115/159 90/66/83 84/63/103
f 109/83/109 122/82/108 144/116/160
f 131/117/161 123/113/162 103/118/163
s 0
f 134/119/164 81/78/164 135/120/164
s 1
f 81/78/165 106/77/166 135/120/167
f 86/57/72 127/111/168 85/58/73
f 104/92/142 118/81/169 88/102/140
f 595/114/158 96/76/97 102/101/139
f 102/101/150 132/121/170 593/122/171
f 132/121/170 102/101/150 78/110/149
f 81/78/172 134/119/173 141/123/174
f 141/123/174 134/124/173 588/125/175
s 0
f 134/124/176 135/120/176 588/125/176
s 1
f 135/120/167 106/77/166 588/125/177
f 588/125/178 106/77/178 75/126/178
f 136/127/179 115/89/136 120/97/137
f 137/100/130 109/83/132 144/116/180
s 0
f 144/116/181 122/82/181 104/92/181
s 1
f 141/123/174 588/125/175 81/78/172
f 80/96/154 114/90/153 136/127/182
f 119/98/183 116/88/184 142/128/185
s 0
f 601/129/186 142/128/186 116/88/186
s 1
f 124/106/187 82/105/188 618/130/189
f 618/130/189 82/105/188 128/131/190
f 82/105/147 125/107/146 128/131/191
s 0
f 103/118/192 79/132/192 131/117/192
f 148/133/193 147/134/193 149/135/193
f 147/134/194 148/133/194 150/136/194
f 150/136/195 148/133/195 535/137/195
s 1
f 458/138/196 441/139/197 156/140/198
f 164/141/199 161/142/200 395/143/201
s 0
f 161/142/202 162/144/202 395/143/202
s 1
f 395/143/203 162/144/204 163/145/205
s 0
f 162/144/206 161/142/206 164/146/206
s 1
f 164/141/199 395/143/201 165/147/207
s 0
f 170/148/208 171/149/208 172/150/208
s 1
f 322/151/209 172/150/210 171/149/211
f 283/152/212 178/153/213 176/154/214
s 0
f 176/154/10 178/153/10 177/155/10
s 1
f 178/153/213 283/152/212 179/156/215
f 252/157/216 186/158/217 185/159/218
f 184/160/219 186/158/217 252/157/216
f 183/161/220 184/160/219 252/157/216
f 188/162/221 187/163/222 183/161/223
s 0
f 249/164/224 185/159/224 196/165/224
f 185/159/225 249/164/225 252/157/225
s 1
f 186/158/217 184/160/219 192/166/226
f 184/160/227 183/161/228 187/163/229
f 185/159/230 186/158/230 196/165/230
s 0
f 193/167/231 183/161/231 194/168/231
f 183/161/232 191/169/232 194/168/232
f 191/169/232 183/161/232 195/170/232
s 1
f 195/170/233 183/161/234 180/171/235
f 183/161/223 193/167/236 246/172/237
s 0
f 193/167/238 194/168/238 197/173/238
s 1
f 197/173/239 194/174/240 180/171/235
f 194/174/240 191/175/241 180/171/235
f 191/175/241 195/170/233 180/171/235
f 188/162/221 183/161/223 245/176/242
f 197/173/239 180/171/235 193/167/243
s 0
f 203/177/244 200/178/244 201/179/244
f 203/177/245 201/179/245 205/180/245
f 204/181/246 203/177/246 205/180/246
s 1
f 201/179/247 200/178/248 212/182/249
s 0
f 212/182/250 200/178/250 203/177/250
s 1
f 205/180/251 206/183/252 215/184/253
f 199/185/254 205/180/251 215/184/253
s 0
f 205/180/255 201/179/255 206/183/255
f 206/183/256 201/179/256 207/186/256
s 1
f 201/179/247 212/182/249 207/186/257
f 204/181/258 205/180/259 210/187/260
f 208/188/261 205/180/259 199/185/262
s 0
f 212/182/263 203/177/263 204/181/263
f 198/189/264 199/185/264 215/184/264
f 199/185/265 209/190/265 217/191/265
s 1
f 213/192/266 210/187/260 211/193/267
f 217/191/268 208/188/261 199/185/262
f 198/189/269 214/194/270 199/185/271
f 215/184/253 206/183/252 218/195/272
s 0
f 216/196/273 206/183/273 207/186/273
f 209/190/274 199/185/274 214/194/274
s 1
f 218/195/272 206/183/252 219/197/275
f 212/182/249 220/198/276 207/186/257
f 204/181/258 210/187/260 213/192/266
f 210/187/260 205/180/259 208/188/261
f 214/194/270 198/189/269 222/199/277
f 220/198/276 212/182/249 213/192/266
f 213/192/266 212/182/249 204/181/258
f 211/193/267 210/187/260 223/200/278
f 208/188/261 217/191/268 228/201/279
s 0
f 209/190/280 214/194/280 222/199/280
s 1
f 219/197/275 206/183/252 216/196/281
f 209/190/282 222/199/283 225/202/284
f 207/186/285 220/198/285 216/196/285
f 211/193/267 223/200/278 226/203/286
f 210/187/260 227/204/287 223/200/278
f 208/188/288 228/201/289 224/205/290
s 0
f 217/191/291 209/190/291 225/202/291
f 215/184/292 218/195/292 229/206/292
s 1
f 227/204/287 210/187/260 208/188/293
f 219/197/294 216/196/295 181/207/296
f 220/208/297 213/209/298 235/210/299
f 224/205/290 228/201/289 230/211/300
f 230/211/300 228/201/289 232/212/301
s 0
f 247/213/302 222/199/302 198/189/302
f 216/214/303 220/208/303 236/215/303
f 198/189/304 215/184/304 229/206/304
s 1
f 211/216/305 240/217/306 234/218/307
f 223/200/278 227/204/308 238/219/309
f 227/204/287 208/188/293 224/205/310
f 232/212/311 228/201/279 239/220/312
f 225/202/284 222/199/283 233/221/313
f 228/201/279 217/191/268 239/220/312
s 0
f 233/221/314 222/199/314 247/213/314
s 1
f 240/217/306 211/216/305 226/222/315
f 237/223/316 226/203/286 223/200/278
f 239/220/312 217/191/268 225/202/284
f 211/224/305 234/225/307 213/209/317
f 239/220/312 225/202/284 233/221/313
f 220/208/318 235/210/319 236/215/320
f 182/226/321 230/211/300 232/212/301
s 0
f 247/213/322 198/189/322 229/206/322
s 1
f 219/197/323 269/227/324 218/195/325
f 241/228/326 234/218/307 240/217/306
f 236/215/320 235/210/319 243/229/327
s 0
f 244/230/328 196/165/328 186/158/328
f 186/158/329 192/166/329 244/230/329
s 1
f 223/200/278 238/219/309 237/223/316
f 224/205/310 230/211/300 250/231/330
s 0
f 265/232/331 252/157/331 249/164/331
s 1
f 240/217/306 226/222/315 297/233/332
f 235/210/299 213/209/298 248/234/333
f 213/209/298 234/225/334 248/234/333
f 249/235/335 196/236/336 242/237/337
f 245/176/242 183/161/223 246/172/237
f 238/219/338 227/204/339 267/238/340
f 227/204/287 224/205/310 267/238/341
f 224/205/310 250/231/330 267/238/341
f 184/160/227 187/163/229 251/239/342
s 0
f 251/239/343 187/163/343 188/162/343
s 1
f 183/161/220 252/157/216 273/240/344
f 219/197/294 181/207/296 255/241/345
s 0
f 255/241/346 181/207/347 256/242/348
f 258/243/349 256/242/349 257/244/349
s 1
f 256/242/350 181/207/351 257/244/352
f 243/229/353 235/210/354 259/245/355
f 180/171/356 183/161/220 273/240/344
f 284/246/357 218/195/325 269/227/324
f 256/242/358 258/243/359 255/241/360
s 0
f 258/243/361 257/247/362 255/241/363
f 255/241/364 257/247/364 261/248/364
s 1
f 257/244/365 181/207/366 261/248/367
f 261/248/367 181/207/366 216/196/368
f 193/167/236 180/171/369 175/249/370
f 266/250/371 249/235/372 242/237/373
s 0
f 282/251/374 239/220/374 233/221/374
f 255/241/375 261/248/375 216/196/375
s 1
f 236/215/376 279/252/377 255/253/378
f 248/234/333 234/225/334 263/254/379
s 0
f 234/218/380 241/228/380 263/255/380
s 1
f 240/217/306 242/237/337 241/228/326
f 192/166/381 184/160/382 254/256/383
s 0
f 273/240/384 252/157/384 265/232/384
s 1
f 268/257/385 250/231/330 230/211/300
f 230/211/300 182/226/321 268/257/385
f 232/212/386 239/220/387 278/258/388
f 236/215/376 255/253/378 216/214/389
f 235/210/354 248/234/390 259/245/355
f 242/237/337 196/236/336 241/228/326
f 271/259/391 180/171/391 272/260/391
f 272/260/392 180/171/356 273/240/344
f 266/250/371 242/237/373 274/261/393
f 275/262/394 226/203/395 237/223/396
f 232/212/386 278/258/388 277/263/397
s 0
f 282/251/398 233/221/398 247/213/398
s 1
f 219/197/294 255/241/345 269/227/399
f 175/249/370 180/171/369 280/264/400
f 180/171/369 271/259/401 280/264/400
s 0
f 271/265/402 272/266/402 280/264/402
s 1
f 280/264/403 272/266/404 281/267/405
f 272/260/392 273/240/344 281/267/405
f 175/249/406 281/267/405 273/240/344
f 274/261/393 242/237/373 262/268/407
f 242/237/373 240/217/306 262/268/407
f 237/223/396 238/219/338 298/269/408
f 298/269/408 238/219/338 276/270/409
f 881/271/410 277/272/397 278/273/388
f 278/258/411 239/220/412 886/274/413
f 193/167/236 175/249/370 311/275/414
f 280/264/403 281/267/405 175/249/406
f 276/270/409 238/219/338 267/238/340
f 886/274/413 239/220/412 282/251/415
f 300/276/416 282/251/417 247/213/418
f 300/276/419 247/213/420 229/206/421
f 179/156/215 283/152/212 229/206/422
f 283/152/212 176/154/214 288/277/214
s 0
f 176/154/10 177/155/10 288/278/10
s 1
f 288/278/423 177/155/423 229/206/424
f 177/155/423 178/279/423 229/206/424
f 178/279/213 179/156/215 229/206/422
f 270/280/425 279/252/426 236/215/427
f 236/215/427 243/229/428 270/280/425
f 259/245/355 248/234/390 286/281/429
f 286/281/430 248/234/431 263/254/432
f 265/282/433 249/235/372 303/283/434
f 303/283/434 249/235/372 266/250/371
s 0
f 284/246/435 283/152/435 290/284/435
f 283/152/436 288/277/436 290/284/436
s 1
f 288/278/437 229/206/438 290/284/439
f 290/284/439 229/206/438 284/246/440
f 270/280/425 243/229/428 259/245/441
f 287/285/442 241/228/326 196/236/336
f 254/256/383 184/160/382 251/239/443
s 0
f 301/286/444 293/287/444 292/288/444
s 1
f 292/289/445 293/290/446 294/291/447
s 0
f 293/287/448 301/286/448 294/291/448
f 301/286/449 291/292/449 294/291/449
s 1
f 306/293/450 246/172/237 193/167/236
f 275/262/394 237/223/396 298/269/408
f 276/270/409 267/238/340 299/294/451
s 0
f 263/255/452 241/228/452 287/285/452
s 1
f 287/295/442 196/165/336 244/230/453
s 0
f 320/296/454 301/286/454 302/297/454
f 301/286/455 292/288/455 302/297/455
s 1
f 292/289/445 294/291/447 302/297/456
f 302/297/456 294/291/447 291/292/457
f 193/167/236 311/275/414 306/293/450
f 262/268/407 240/217/306 297/233/332
f 229/206/438 218/195/458 284/246/440
s 0
f 251/239/459 188/162/459 309/298/459
s 1
f 320/296/460 302/297/456 339/299/461
f 302/297/456 291/292/457 339/299/461
f 175/249/462 296/300/463 174/301/464
f 296/300/465 175/249/466 173/302/467
f 303/283/434 266/250/371 321/303/468
f 308/304/469 270/280/425 259/245/441
f 286/281/430 263/254/432 304/305/470
s 0
f 244/230/471 192/166/471 254/256/471
s 1
f 188/162/472 245/176/473 310/306/474
f 245/176/475 246/172/476 310/306/477
f 339/299/461 291/292/457 295/307/478
f 295/307/478 291/292/457 306/293/450
f 175/249/462 174/301/464 311/275/479
f 275/308/480 298/309/481 270/280/482
f 259/245/441 286/281/483 308/304/469
f 188/162/472 310/306/474 309/298/484
f 312/310/485 246/172/486 306/293/487
s 0
f 296/300/488 173/302/488 313/311/488
s 1
f 265/282/489 303/283/434 315/312/490
s 0
f 263/254/491 287/313/491 304/305/491
s 1
f 305/314/492 287/295/442 244/230/453
f 246/172/476 312/310/493 310/306/477
f 295/307/478 306/293/450 311/275/414
f 175/249/466 273/240/494 265/232/495
f 244/230/453 254/256/496 305/314/492
s 0
f 318/315/497 174/301/497 296/300/497
s 1
f 266/250/371 274/261/498 321/303/468
f 305/314/492 254/256/496 316/316/499
f 226/222/500 275/308/501 171/149/502
f 327/317/503 254/256/504 309/298/505
f 254/256/504 251/239/506 309/298/505
f 319/318/507 312/310/485 306/293/487
f 306/293/508 291/292/509 317/319/510
f 291/292/509 301/286/511 317/319/510
f 315/312/490 303/283/434 321/303/468
s 0
f 170/148/512 172/150/512 322/320/512
s 1
f 322/151/209 171/149/211 323/321/513
s 0
f 324/322/1 325/323/1 326/324/1
f 326/325/514 325/323/514 171/149/514
s 1
f 270/280/482 308/304/515 275/308/480
f 308/304/469 286/281/483 334/326/516
f 334/326/516 286/281/483 304/305/517
s 0
f 312/310/518 319/318/518 328/327/518
s 1
f 319/318/507 306/293/487 329/328/519
s 0
f 366/329/520 313/311/520 173/302/520
s 1
f 173/302/467 175/249/466 265/232/495
f 297/233/521 226/222/500 170/148/522
f 226/222/500 171/149/502 170/148/522
f 170/148/523 322/320/524 334/326/525
f 322/320/524 323/330/526 334/326/525
f 334/326/525 323/330/526 331/331/527
f 323/321/528 171/149/528 331/331/528
s 0
f 331/331/529 171/149/529 332/332/529
f 171/149/530 325/323/530 332/332/530
f 325/323/531 324/322/531 332/332/531
f 324/322/532 326/324/533 332/332/532
s 1
f 332/332/534 326/324/535 333/333/536
s 0
f 326/325/537 171/149/537 333/333/537
f 333/333/538 171/149/538 275/308/538
s 1
f 334/326/525 275/308/480 308/304/515
f 334/326/539 304/305/540 340/334/541
s 0
f 316/316/542 254/256/542 335/335/542
f 254/256/543 169/336/543 335/335/543
f 169/336/544 168/337/544 335/335/544
f 335/335/545 168/338/545 316/316/545
f 316/316/546 168/338/546 336/339/546
s 1
f 168/340/547 169/336/548 336/339/549
f 169/336/548 254/256/504 336/339/549
f 336/339/549 254/256/504 327/317/503
f 348/341/550 309/298/505 310/306/551
s 0
f 319/342/552 329/343/552 312/310/552
f 312/310/553 329/343/553 337/344/553
f 329/328/554 306/293/554 337/344/554
s 1
f 337/344/555 306/293/508 314/345/556
f 314/345/556 306/293/508 317/319/510
f 301/286/511 330/346/557 317/319/510
f 334/326/525 331/331/527 332/332/534
f 333/333/536 275/308/480 332/332/534
f 304/305/540 287/313/558 340/334/541
s 0
f 316/316/559 336/339/559 327/317/559
s 1
f 327/317/503 309/298/505 348/341/550
f 310/306/551 312/310/560 348/341/550
f 337/344/561 314/345/562 312/310/560
f 362/347/563 320/296/460 339/299/461
f 296/300/564 313/311/564 318/315/564
f 332/332/534 275/308/480 334/326/525
f 287/313/565 305/348/566 340/334/567
f 301/286/511 320/296/568 330/346/557
f 342/349/569 317/319/570 341/350/571
f 312/310/560 314/345/562 317/319/570
f 345/351/572 344/352/572 343/353/573
f 345/351/572 343/353/573 346/354/574
f 343/353/573 317/319/570 346/354/574
f 317/319/570 330/346/575 346/354/574
f 348/341/550 312/310/560 342/349/569
f 342/349/569 312/310/560 317/319/570
f 317/319/570 343/353/573 361/355/576
f 343/353/573 344/356/577 361/355/576
f 344/356/577 345/357/578 361/355/576
f 345/357/578 346/354/574 361/355/576
f 346/354/574 330/346/575 361/355/576
f 362/358/563 349/359/579 320/360/460
f 339/299/580 295/307/581 167/361/582
f 167/361/582 295/307/581 363/362/583
f 173/302/584 265/232/489 366/329/585
f 366/363/585 265/282/489 315/312/490
f 330/364/557 320/360/568 349/359/586
f 350/365/587 352/366/588 351/367/589
f 350/368/587 349/359/579 353/369/590
f 353/369/590 349/359/579 362/358/563
f 295/307/581 311/275/591 363/362/583
f 311/275/591 174/301/592 363/362/583
s 0
f 318/315/593 313/311/593 354/370/593
s 1
f 274/261/594 262/268/595 364/371/596
s 0
f 327/317/597 348/341/597 347/372/597
s 1
f 355/373/598 342/349/599 356/374/600
f 361/355/576 341/350/571 317/319/570
f 352/375/588 350/368/587 353/369/590
f 358/376/601 315/312/490 321/303/468
s 0
f 364/371/602 321/303/602 274/261/602
s 1
f 364/371/596 262/268/595 170/148/522
f 262/268/595 297/233/521 170/148/522
s 0
f 342/349/603 355/373/603 359/377/603
s 1
f 359/378/604 355/379/605 341/350/606
s 0
f 355/379/607 356/374/607 341/350/607
s 1
f 356/374/600 342/349/599 341/350/608
f 400/380/609 305/348/566 316/381/610
s 0
f 348/341/611 342/349/611 365/382/611
f 342/349/612 359/377/612 365/382/612
s 1
f 359/378/604 341/350/606 365/382/613
f 365/382/613 341/350/606 347/372/614
s 0
f 347/372/615 341/350/615 360/383/615
s 1
f 330/364/557 349/359/586 375/384/616
s 0
f 352/375/617 353/369/617 357/385/617
s 1
f 362/347/618 339/299/580 167/361/582
f 334/326/525 340/334/619 170/148/523
f 348/341/620 365/382/620 347/372/620
f 349/359/586 350/368/621 375/384/616
s 0
f 350/365/622 351/367/622 368/386/622
s 1
f 363/362/623 318/315/624 376/387/625
s 0
f 358/376/626 321/303/626 364/371/626
f 316/316/627 327/317/627 367/388/627
s 1
f 360/383/628 341/350/629 361/355/630
f 361/355/576 330/346/575 166/389/631
f 375/384/616 350/368/621 371/390/632
f 174/301/592 318/315/633 363/362/583
f 366/363/585 315/312/490 358/376/634
f 372/391/635 362/358/618 167/392/582
f 400/380/609 340/334/567 305/348/566
f 372/391/636 167/392/637 399/393/638
f 373/394/639 313/311/640 366/329/641
f 347/372/642 360/383/643 380/395/644
f 352/375/645 357/385/646 383/396/647
f 362/358/618 372/391/635 353/369/648
f 399/397/638 167/361/637 363/362/649
s 0
f 318/315/650 354/370/650 377/398/650
s 1
f 313/311/640 373/394/639 354/370/651
f 366/363/585 358/376/634 373/399/652
f 327/317/653 347/372/654 367/388/655
f 360/383/628 361/355/630 381/400/656
f 166/401/631 330/364/575 375/384/657
s 0
f 397/402/658 351/367/658 446/403/658
s 1
f 376/387/625 318/315/624 377/398/659
f 364/371/660 170/148/523 340/334/619
f 166/401/631 375/384/657 382/404/661
f 382/404/661 375/384/657 371/390/662
f 406/405/663 353/369/648 372/391/635
f 399/397/638 363/362/649 378/406/664
f 361/355/630 166/389/665 381/400/656
f 371/390/632 350/368/621 379/407/666
s 0
f 368/386/667 379/408/667 350/365/667
s 1
f 446/403/668 351/367/589 352/366/588
f 369/409/669 352/366/670 384/410/671
f 352/375/670 383/396/672 384/411/671
f 376/387/673 378/406/664 363/362/649
f 364/371/660 340/334/619 400/380/674
f 385/412/675 316/381/610 367/413/676
s 0
f 386/414/677 347/372/677 380/395/677
s 1
f 380/395/644 360/383/643 387/415/678
s 0
f 388/416/679 379/407/679 389/417/679
s 1
f 390/418/680 391/419/10 392/420/680
f 392/420/680 391/419/10 393/421/680
s 0
f 391/419/681 379/407/681 393/421/681
f 368/386/682 351/367/682 397/402/682
s 1
f 395/143/683 394/422/684 408/423/685
f 408/423/685 394/422/684 396/424/686
f 400/380/609 316/381/610 385/412/675
f 347/372/654 386/414/687 367/388/655
f 371/390/662 379/407/688 401/425/689
s 0
f 401/425/690 379/407/690 402/426/690
f 379/407/691 388/416/691 402/426/691
f 402/426/692 388/427/692 403/428/692
f 388/427/693 389/429/693 403/428/693
f 389/417/694 379/407/694 403/428/694
f 403/428/695 379/407/695 404/430/695
f 379/407/696 391/419/696 404/430/696
f 391/419/692 390/418/692 404/430/692
s 1
f 404/430/697 390/418/698 405/431/699
s 0
f 390/418/700 392/420/700 405/431/700
f 392/420/700 393/421/700 405/431/700
f 393/421/701 379/407/701 405/431/701
s 1
f 379/408/702 368/386/703 405/432/704
f 430/433/705 395/143/683 408/423/685
f 406/405/663 357/385/706 353/369/648
s 0
f 402/426/707 403/428/708 401/425/707
f 403/428/709 404/430/710 401/425/710
s 1
f 401/425/689 404/430/697 405/431/699
f 430/433/711 163/145/205 162/144/204
f 164/146/712 165/434/712 162/144/712
f 162/144/204 165/434/713 407/435/714
f 165/147/715 395/143/715 407/435/715
s 0
f 396/424/716 431/436/716 408/423/716
f 410/437/717 386/414/717 409/438/717
s 1
f 360/383/643 381/400/718 387/415/678
f 381/439/656 382/404/719 419/440/720
f 371/390/662 401/425/689 382/404/661
s 0
f 398/441/721 394/422/721 395/143/721
s 1
f 162/144/204 407/435/714 430/433/711
s 0
f 407/435/722 395/143/722 430/433/722
f 398/441/723 397/402/723 420/442/723
s 1
f 383/396/647 357/385/646 412/443/724
f 413/444/725 414/445/726 412/443/724
s 0
f 414/446/680 413/444/680 415/447/680
f 415/447/727 413/444/727 357/385/727
s 1
f 413/444/725 412/443/724 357/385/646
s 0
f 364/371/728 400/380/728 358/376/728
s 1
f 400/380/729 385/412/730 358/376/731
s 0
f 367/388/732 386/414/732 417/448/732
f 386/414/733 410/437/733 417/448/733
s 1
f 410/449/734 409/450/735 417/448/736
f 417/448/736 409/450/735 418/451/737
f 409/438/738 386/414/738 418/451/738
f 418/451/739 386/414/740 411/452/741
f 166/401/665 382/404/719 381/439/656
f 382/404/661 401/425/689 405/431/699
f 433/453/742 368/386/703 397/402/743
f 383/396/744 412/443/745 471/454/746
s 0
f 412/443/747 414/446/747 471/454/747
f 414/446/748 415/447/748 471/454/748
f 415/447/749 357/385/749 471/454/749
f 471/454/750 357/385/750 406/405/750
s 1
f 416/455/751 372/391/636 399/393/638
s 0
f 367/388/752 417/448/752 411/452/752
s 1
f 417/448/753 418/451/739 411/452/741
f 386/414/754 380/395/755 411/452/756
f 395/143/757 163/145/758 422/456/759
f 394/422/760 398/441/761 396/424/762
f 352/366/763 369/409/764 446/403/765
f 384/411/766 383/396/744 471/454/746
f 376/387/767 377/398/768 427/457/769
f 368/386/703 433/453/742 405/432/704
f 377/398/770 354/370/771 373/394/772
f 382/404/719 405/431/773 419/440/720
s 0
f 398/441/774 395/143/774 443/458/774
f 420/459/775 397/460/775 424/461/775
s 1
f 373/399/772 358/376/731 385/412/730
f 385/412/776 367/413/777 157/462/778
f 157/463/778 367/464/777 411/465/779
f 381/400/780 419/466/781 425/467/782
f 159/468/783 163/145/205 430/433/711
f 396/424/762 398/441/761 420/442/784
s 0
f 421/469/785 160/470/785 369/409/785
s 1
f 406/405/786 372/391/636 426/471/787
f 427/457/788 377/398/770 373/394/772
f 411/452/756 380/395/755 387/415/789
f 387/415/790 381/400/780 425/467/782
f 419/472/720 405/432/773 433/453/791
f 433/453/742 397/402/743 398/441/792
s 0
f 159/468/793 158/473/793 163/145/793
f 163/145/794 158/473/794 428/474/794
s 1
f 428/474/795 158/475/796 429/476/797
s 0
f 158/477/798 159/468/798 429/476/798
f 159/468/799 430/433/799 429/476/799
f 430/433/800 441/139/800 429/476/800
f 406/405/801 426/471/801 471/454/801
f 395/143/802 422/456/802 443/458/802
s 1
f 422/456/759 163/145/758 444/478/803
s 0
f 163/145/804 428/474/804 444/478/804
s 1
f 428/474/795 429/476/797 444/478/805
f 429/476/806 441/139/807 444/478/808
f 431/436/809 396/424/810 464/479/811
s 0
f 421/469/812 369/409/812 384/410/812
s 1
f 378/406/813 376/387/767 427/457/769
f 156/140/198 441/139/197 430/433/814
f 464/479/811 447/480/815 431/436/809
f 426/471/787 372/391/636 416/455/751
f 378/406/813 427/457/769 434/481/816
s 0
f 437/482/680 439/483/680 438/484/680
s 1
f 438/484/817 439/485/818 387/486/789
s 0
f 387/486/819 425/487/819 432/488/819
s 1
f 435/489/820 408/423/821 431/436/822
f 411/465/756 387/486/789 442/490/823
f 387/486/789 439/485/818 442/490/823
s 0
f 439/483/824 437/482/824 442/490/824
f 442/490/825 437/482/825 440/491/825
f 437/482/826 438/484/826 440/491/826
s 1
f 438/484/817 387/486/789 440/491/827
f 387/486/789 432/488/828 440/491/827
f 432/488/829 425/487/830 449/492/831
f 424/461/832 397/460/833 446/493/834
f 385/412/730 157/462/835 373/399/772
s 0
f 442/490/836 440/491/836 411/465/836
s 1
f 433/453/742 398/441/792 443/458/837
s 0
f 420/459/838 424/461/838 445/494/838
s 1
f 427/457/788 373/394/772 467/495/839
f 467/496/839 373/497/772 157/463/835
f 425/487/830 468/498/840 449/492/831
f 425/487/782 419/499/781 450/500/841
s 0
f 433/453/842 469/501/842 419/472/842
s 1
f 457/502/843 458/503/196 156/504/198
f 460/505/844 420/459/845 445/494/846
f 399/397/847 378/406/813 434/481/816
f 434/481/848 427/457/788 467/495/839
f 452/506/849 411/465/779 440/491/850
s 0
f 440/491/851 432/488/851 449/492/851
s 1
f 443/458/852 422/456/853 453/507/854
f 454/508/855 453/507/854 455/509/856
f 453/507/854 422/456/853 455/509/856
f 422/456/857 444/478/858 451/510/859
f 463/511/860 458/503/196 457/502/843
f 470/512/861 430/433/862 435/489/863
f 430/433/862 408/423/864 435/489/863
f 435/489/820 431/436/822 154/513/865
f 424/461/832 446/493/834 460/505/866
f 369/409/764 160/470/867 446/403/765
f 399/397/847 434/481/816 467/495/868
f 411/465/779 452/506/849 157/463/778
s 0
f 453/507/869 454/514/869 443/458/869
f 443/458/870 454/514/871 461/515/872
s 1
f 454/508/873 455/509/874 461/515/875
s 0
f 466/516/876 396/424/876 460/517/876
s 1
f 396/424/877 420/442/845 460/517/844
f 433/453/742 443/458/837 155/518/878
f 443/458/837 461/515/879 462/519/880
f 461/515/879 455/509/881 462/519/880
f 422/456/857 451/510/859 455/509/882
s 0
f 431/436/883 447/480/883 459/520/883
s 1
f 425/487/830 450/500/884 468/498/840
f 488/521/885 463/511/860 457/502/843
f 430/433/862 470/512/861 156/140/886
s 0
f 396/424/887 466/516/887 464/479/887
f 446/493/888 160/522/888 473/523/888
s 1
f 416/455/889 399/393/847 467/524/868
f 433/453/890 155/518/891 469/501/892
f 444/478/808 441/139/807 458/138/893
f 435/489/894 154/513/895 470/512/896
f 475/525/897 426/471/898 416/455/889
f 475/525/897 416/455/889 467/524/868
f 440/491/850 449/492/899 452/506/849
f 468/498/900 450/500/901 472/526/902
f 419/499/781 469/527/903 450/500/841
f 443/458/837 462/519/880 155/518/878
f 484/528/904 156/504/886 153/529/905
f 449/492/899 468/498/906 452/506/849
f 450/500/907 469/527/908 507/530/909
f 457/502/910 156/504/886 484/528/904
f 470/531/896 154/532/895 477/533/911
s 0
f 154/513/912 431/436/912 459/520/912
f 445/494/913 424/461/913 460/505/913
s 1
f 467/496/839 157/463/835 452/506/914
f 468/498/915 472/526/916 476/534/917
f 455/509/881 451/510/918 462/519/880
f 481/535/919 479/536/920 478/537/921
s 0
f 478/537/922 480/538/922 500/539/922
f 480/538/923 478/537/923 479/536/923
s 1
f 479/536/920 481/535/919 483/540/924
s 0
f 481/535/925 478/537/925 482/541/925
f 480/542/926 489/543/926 500/544/926
s 1
f 156/140/886 470/512/861 153/545/905
f 464/479/927 496/546/928 447/480/929
s 0
f 473/523/930 487/547/930 497/548/930
f 473/523/931 160/522/931 487/547/931
f 492/549/932 160/550/932 421/551/932
f 384/411/933 471/454/933 498/552/933
s 1
f 462/553/880 451/554/918 152/555/934
f 444/478/858 458/138/935 485/556/936
f 446/493/937 473/523/937 497/548/937
f 451/510/859 444/478/858 485/556/936
f 494/557/938 479/536/920 488/521/885
f 479/536/920 483/540/924 488/521/885
f 488/521/939 457/502/910 484/528/904
s 0
f 459/520/940 447/480/940 486/558/940
s 1
f 475/525/941 467/524/839 452/559/914
f 469/501/892 155/518/891 462/519/942
f 489/543/943 480/542/944 491/560/945
f 483/540/924 463/511/860 488/521/885
f 153/561/946 470/531/896 477/533/911
f 496/546/928 486/558/947 447/480/929
f 452/506/849 468/498/906 151/562/948
f 450/500/901 507/530/949 472/526/902
f 458/503/935 463/511/950 485/563/936
f 494/557/938 490/564/951 479/536/920
f 466/516/952 460/517/953 496/546/954
f 497/548/955 460/505/956 446/493/957
f 498/565/958 421/469/959 384/410/960
f 471/454/961 426/471/962 475/525/963
f 151/562/948 468/498/906 476/534/964
f 469/527/908 493/566/965 507/530/909
f 485/563/936 463/511/950 499/567/966
f 488/521/939 484/528/904 501/568/967
f 484/528/968 153/529/969 495/569/970
s 0
f 496/546/971 464/479/971 466/516/971
s 1
f 505/570/972 484/528/968 495/569/970
f 492/549/973 421/551/959 498/571/958
f 471/454/961 475/525/963 498/552/974
f 476/534/917 472/526/916 516/572/975
s 0
f 472/526/976 507/530/976 516/572/976
s 1
f 469/573/977 462/553/978 493/574/979
f 152/555/934 451/554/918 485/563/980
s 0
f 160/550/981 492/549/981 487/575/981
s 1
f 462/553/982 152/555/983 502/576/984
s 0
f 500/544/985 489/543/985 519/577/985
s 1
f 530/578/986 489/543/943 491/560/945
f 504/579/987 491/560/945 480/542/944
s 0
f 535/137/988 477/533/988 150/136/988
s 1
f 475/525/941 452/559/914 498/552/989
f 493/574/979 462/553/978 502/576/990
f 503/580/991 152/555/934 485/563/980
f 480/538/944 479/536/920 504/581/987
f 501/568/992 484/528/968 505/570/972
f 459/520/993 520/582/994 154/513/995
f 511/583/996 460/505/956 497/548/955
f 503/580/991 485/563/980 508/584/997
f 508/584/997 485/563/980 499/567/998
f 463/511/999 483/540/1000 499/567/1001
f 483/540/1002 481/535/1003 509/585/1004
f 481/535/1005 482/541/1006 509/585/1007
f 494/557/1008 524/586/1009 490/564/1010
f 153/561/946 477/533/911 506/587/1011
s 0
f 149/135/1012 147/134/1012 514/588/1012
f 147/134/1013 150/136/1013 514/588/1013
s 1
f 459/520/993 486/558/1014 520/582/994
f 487/575/1015 492/549/1016 498/571/989
f 498/571/989 452/506/914 151/562/1017
f 515/589/1018 151/562/948 476/534/964
f 507/530/1019 493/566/1020 512/590/1021
f 493/574/1022 502/576/1023 526/591/1024
f 152/555/983 503/580/1025 502/576/984
f 508/584/1026 483/540/1002 509/585/1004
f 509/585/1007 482/541/1006 518/592/1027
f 482/541/1028 478/537/1029 500/539/1030
f 479/536/920 490/564/951 504/581/987
f 524/586/1031 494/557/1032 488/521/939
s 0
f 153/561/1033 506/587/1033 495/593/1033
s 1
f 150/136/1034 477/533/1035 154/532/1036
f 496/546/954 460/517/953 510/594/1037
s 0
f 511/583/1038 497/548/1038 521/595/1038
s 1
f 525/596/1039 510/597/1040 487/575/1015
s 0
f 510/597/1041 497/598/1041 487/575/1041
s 1
f 515/589/1018 476/534/964 516/572/1042
f 502/576/984 503/580/1025 513/599/1043
f 499/567/1001 483/540/1000 508/584/1044
f 482/541/1028 500/539/1030 519/600/1045
f 535/137/1046 148/133/1047 514/588/1048
f 514/588/1048 148/133/1047 149/135/1049
f 497/548/1050 510/601/1050 521/595/1050
s 0
f 510/602/1051 460/505/1051 521/603/1051
f 521/603/1052 460/505/1052 525/604/1052
f 525/604/1053 460/505/1053 511/583/1053
s 1
f 525/596/1039 487/575/1015 521/605/1054
f 487/575/1015 498/571/989 521/605/1054
f 498/571/989 511/606/1055 521/605/1054
f 498/571/989 151/562/1017 511/606/1055
s 0
f 507/530/1056 512/590/1056 516/572/1056
s 1
f 490/564/1010 524/586/1009 146/607/1057
f 524/586/1031 488/521/939 553/608/1058
f 488/521/939 501/568/967 553/608/1058
f 516/572/1059 512/590/1060 528/609/1061
f 513/599/1043 503/580/1025 536/610/1062
s 0
f 518/592/1063 482/541/1063 519/600/1063
s 1
f 523/611/1064 489/543/943 530/578/986
f 491/560/1065 504/579/1066 543/612/1067
s 0
f 146/607/1068 524/586/1068 532/613/1068
s 1
f 150/136/1034 154/532/1036 514/588/1069
f 493/566/1020 526/614/1070 531/615/1071
f 536/610/1062 529/616/1072 513/599/1043
f 543/612/1067 504/579/1066 538/617/1073
f 505/570/972 495/569/970 533/618/1074
f 154/532/1036 520/619/1075 514/588/1069
f 496/546/1076 510/594/1040 525/620/1039
f 511/606/1055 151/562/1017 515/589/1077
f 512/590/1021 493/566/1020 531/615/1071
f 502/576/1023 527/621/1078 526/591/1024
f 536/610/1079 503/580/991 508/584/997
f 553/608/1080 501/568/992 505/570/972
f 486/558/1081 496/546/1076 511/622/1055
f 525/620/1039 511/622/1055 496/546/1076
f 502/576/1023 513/599/1082 527/621/1078
f 508/584/997 509/585/1083 537/623/1084
f 537/623/1084 509/585/1083 518/592/1085
s 0
f 543/612/1086 539/624/1086 491/560/1086
f 549/625/1087 146/607/1087 532/613/1087
s 1
f 520/582/1088 486/558/1081 511/622/1055
f 520/619/1088 511/606/1055 515/589/1077
f 515/589/1018 516/572/1042 528/609/1089
f 512/590/1060 531/615/1090 528/609/1061
s 0
f 530/578/1091 491/560/1091 539/624/1091
s 1
f 552/626/1092 477/533/1093 535/137/1094
f 531/615/1071 526/614/1070 145/627/1095
f 526/614/1070 527/628/1096 145/627/1095
f 513/599/1082 529/616/1097 542/629/1098
f 519/577/1099 489/543/1100 556/630/1101
f 556/630/1101 489/543/1100 523/611/1102
s 0
f 523/611/1103 530/578/1103 548/631/1103
s 1
f 544/632/1104 543/612/1105 538/617/1106
f 520/619/1088 515/589/1077 514/588/1107
f 528/609/1061 531/615/1090 541/633/1108
f 513/599/1082 542/629/1098 527/621/1078
f 536/610/1079 508/584/997 537/623/1084
s 0
f 504/579/1109 490/634/1109 538/617/1109
f 538/617/1110 490/634/1110 146/635/1110
f 532/613/1111 524/586/1111 540/636/1111
s 1
f 552/626/1092 535/137/1094 514/588/1112
f 514/588/1107 515/589/1077 552/626/1113
f 515/589/1018 528/609/1089 546/637/1114
f 518/592/1085 519/600/1115 537/623/1084
s 0
f 568/638/1116 146/607/1116 549/625/1116
s 1
f 533/618/1117 495/569/1118 565/639/1119
f 506/587/1120 477/533/1093 552/626/1092
f 145/627/1095 527/628/1096 547/640/1121
s 0
f 529/641/1122 537/642/1122 555/643/1122
s 1
f 537/642/1084 519/644/1115 556/645/1123
f 531/615/1090 145/627/1124 541/633/1108
s 0
f 536/610/1125 537/623/1125 529/616/1125
s 1
f 553/608/1080 505/570/972 550/646/1126
f 550/646/1126 505/570/972 533/618/1074
f 552/626/1113 515/589/1077 546/637/1127
f 546/637/1114 528/609/1089 541/633/1128
f 527/628/1096 542/647/1129 547/640/1121
f 551/648/1130 537/642/1084 556/645/1123
f 544/632/1104 538/617/1106 563/649/1131
f 549/625/1132 532/613/1133 540/636/1134
f 495/593/1118 506/587/1135 552/626/1136
f 145/627/1124 547/640/1137 554/650/1138
f 557/651/1139 539/624/1140 543/612/1141
f 541/633/1108 145/627/1124 554/650/1138
f 542/652/1098 529/641/1097 555/643/1142
s 0
f 539/624/1143 548/631/1143 530/578/1143
s 1
f 557/651/1139 543/612/1141 562/653/1144
f 543/612/1141 544/632/1145 562/653/1144
f 540/636/1146 524/586/1031 553/608/1058
f 546/637/1114 541/633/1128 558/654/1147
f 555/643/1148 537/642/1084 551/648/1130
s 0
f 523/611/1149 548/631/1149 556/630/1149
s 1
f 146/635/1150 568/655/1151 538/617/1152
f 554/650/1138 547/640/1137 566/656/1153
s 0
f 566/656/1154 547/640/1154 542/647/1154
s 1
f 565/639/1119 495/569/1118 552/657/1136
s 0
f 542/652/1155 555/643/1155 559/658/1155
s 1
f 556/630/1156 548/631/1157 561/659/1158
f 558/654/1147 541/633/1128 554/650/1159
s 0
f 555/643/1160 551/648/1160 559/658/1160
s 1
f 563/649/1161 538/617/1152 568/655/1151
f 552/626/1113 546/637/1127 558/654/1162
f 551/648/1130 556/645/1123 567/660/1163
f 561/659/1158 548/631/1157 539/624/1140
f 573/661/1164 533/618/1117 565/639/1119
f 552/657/1113 558/662/1162 578/663/1165
f 596/664/1166 539/624/1140 557/651/1139
f 571/665/1167 570/666/1167 578/663/1167
f 578/663/1168 566/667/1169 542/668/1170
f 549/625/1132 540/636/1134 572/669/1171
f 573/661/1164 550/646/1172 533/618/1117
f 569/670/1173 554/671/1159 566/667/1174
f 566/667/1169 578/663/1168 574/672/1175
s 0
f 578/663/1176 570/666/1176 574/672/1176
s 1
f 574/672/1177 570/673/1178 575/674/1179
f 570/673/1178 571/675/1180 575/674/1179
s 0
f 571/665/1181 578/663/1181 575/674/1181
s 1
f 575/674/1182 578/663/1183 576/676/1184
s 0
f 556/630/1185 561/659/1185 567/677/1185
s 1
f 577/678/1186 539/624/1140 596/664/1166
f 565/639/1187 552/657/1113 578/663/1165
f 569/670/1173 558/662/1147 554/671/1159
f 566/667/1174 574/672/1188 569/670/1173
f 574/672/1188 575/674/1189 569/670/1173
f 575/674/1189 576/676/1190 569/670/1173
f 573/661/1191 565/639/1187 578/663/1165
f 569/670/1173 576/676/1190 579/679/1192
f 580/680/1193 579/679/1192 576/676/1190
f 544/632/1194 563/649/1195 603/681/1196
f 563/649/1197 568/655/1198 585/682/1199
s 0
f 568/638/1200 549/625/1200 582/683/1200
s 1
f 569/670/1201 579/679/1202 583/684/1203
f 579/679/1202 580/685/1204 583/684/1203
s 0
f 583/684/1205 580/686/1205 584/687/1205
f 580/680/1206 576/676/1206 584/687/1206
s 1
f 576/676/1184 578/663/1183 584/687/1207
f 542/652/1208 559/658/1209 581/688/1210
f 540/636/1146 553/608/1058 586/689/1211
f 569/670/1212 583/684/1213 578/663/1165
f 583/684/1213 584/687/1214 578/663/1165
f 596/664/1166 557/651/1139 594/690/1215
f 544/632/1194 603/681/1196 562/653/1216
f 553/608/1217 550/646/1172 586/689/1218
f 550/646/1172 573/661/1164 586/689/1218
f 558/662/1162 569/670/1212 578/663/1165
f 559/658/1219 551/648/1220 605/691/1221
s 0
f 567/677/1222 561/659/1222 587/692/1222
s 1
f 539/624/1140 577/678/1186 561/659/1158
f 104/92/142 83/103/141 126/693/1223
f 138/694/1224 98/75/1225 595/114/1226
f 78/110/149 140/695/1227 139/696/1228
s 0
f 582/683/1229 549/625/1229 572/669/1229
s 1
f 572/669/1171 540/636/1134 586/689/1230
f 578/697/1231 542/652/1208 581/688/1210
f 114/90/1232 115/89/136 136/127/179
f 80/96/154 100/84/1233 634/112/155
f 585/682/1199 568/655/1198 582/698/1234
f 84/63/78 85/58/80 127/111/1235
f 127/111/1236 87/61/76 88/60/75
s 0
f 116/88/1237 114/90/1237 601/129/1237
s 1
f 627/699/1238 79/64/1239 105/65/1240
f 577/678/1186 596/664/1166 597/700/1241
f 596/664/1166 139/701/1242 597/700/1241
s 0
f 598/702/1243 75/126/1243 599/703/1243
f 91/74/1244 600/80/1244 106/77/1244
f 130/115/1245 84/63/1245 127/111/1245
s 1
f 119/98/1246 592/704/1247 76/99/1248
f 114/90/153 634/112/155 601/129/1249
f 143/705/1250 79/132/1239 627/706/1238
f 102/101/139 593/122/1251 595/114/158
f 132/121/170 78/110/149 139/696/1228
f 139/701/1252 596/664/1166 613/707/1253
f 603/681/1196 563/649/1195 585/682/1254
f 581/688/1255 559/658/1219 605/691/1221
f 597/708/1241 139/696/1242 140/695/1256
f 78/110/1257 81/78/1258 588/125/1259
f 600/80/106 90/66/83 130/115/159
f 634/112/155 100/84/1233 137/100/1260
f 635/709/1261 137/100/1262 144/116/1263
f 79/132/1264 143/705/1265 602/710/1266
f 105/65/1240 93/67/1267 101/79/1268
f 586/689/1269 578/663/1165 572/669/1270
f 586/689/1269 573/661/1191 578/663/1165
s 0
f 587/692/1271 561/659/1271 609/711/1271
f 561/659/1272 577/678/1272 609/711/1272
f 75/126/1273 598/702/1273 588/125/1273
s 1
f 606/712/1274 80/96/128 136/127/1275
f 120/97/1276 604/713/1277 611/714/1278
f 77/71/1279 98/75/1280 138/694/1281
f 572/669/1270 578/663/1165 582/683/1282
f 582/698/1282 578/697/1165 585/682/1283
f 638/715/1284 567/660/1285 587/716/1286
s 0
f 620/717/1287 599/703/1287 75/126/1287
f 75/126/1288 106/77/1288 600/80/1288
s 1
f 88/60/1289 622/718/1290 127/111/1291
f 622/719/1292 88/102/140 118/81/169
f 80/96/128 606/712/1274 118/81/112
f 120/97/1276 611/714/1278 616/720/1293
s 0
f 637/721/1294 101/79/1294 77/71/1294
s 1
f 551/648/1295 567/660/1296 605/691/1297
f 605/691/1297 567/660/1296 638/715/1298
f 597/708/1299 140/695/1300 614/722/1301
f 140/695/1302 78/110/1257 588/125/1259
f 75/126/1303 610/723/1304 620/717/1305
f 76/99/1306 589/724/1307 607/725/1308
f 144/116/1309 104/92/142 126/693/1223
s 0
f 126/104/1310 124/106/1310 640/726/1310
s 1
f 612/727/1311 138/694/1224 595/114/1226
f 578/697/1165 581/688/1312 585/682/1283
s 0
f 75/126/1313 600/80/1313 610/723/1313
f 136/127/1314 120/97/1314 616/720/1314
s 1
f 120/97/1315 76/99/1306 607/725/1308
s 0
f 137/100/1316 635/709/1316 634/112/1316
f 615/728/1317 618/130/1317 128/131/1317
s 1
f 131/117/1318 79/132/1264 602/710/1266
f 596/664/1166 594/690/1215 613/707/1253
f 562/653/1216 603/681/1196 628/729/1319
f 581/688/1312 605/691/1320 585/682/1283
f 619/730/1321 598/702/1322 599/703/1323
f 132/121/170 139/696/1228 645/731/1324
f 557/651/1325 562/653/1326 628/729/1327
f 603/681/1328 585/682/1283 628/729/1329
s 0
f 609/711/1330 577/678/1330 626/732/1330
s 1
f 614/722/1301 140/695/1300 642/733/1331
f 645/734/1332 139/701/1333 613/707/1334
s 0
f 626/732/1335 577/678/1335 597/700/1335
f 606/712/1336 136/127/1336 616/720/1336
s 1
f 74/735/1337 589/724/1307 76/99/1306
f 119/98/183 142/128/185 592/704/1338
f 144/116/1339 126/693/1340 632/736/1341
f 124/106/1342 618/130/1343 640/726/1344
f 629/737/1345 609/711/1346 626/732/1347
f 642/733/1348 140/695/1349 598/702/1322
s 0
f 140/695/1350 588/125/1350 598/702/1350
s 1
f 615/728/1351 128/131/1352 636/738/1353
f 128/131/1352 125/107/1354 636/738/1353
f 594/690/1355 557/651/1325 641/739/1356
s 0
f 587/692/1357 609/711/1357 629/737/1357
s 1
f 642/733/1348 598/702/1322 619/730/1321
s 0
f 130/115/1358 127/111/1358 610/723/1358
s 1
f 611/714/1359 604/713/1360 648/740/1361
f 604/713/1360 630/741/1362 648/740/1361
s 0
f 630/741/1363 604/713/1363 120/97/1363
f 120/97/1364 607/725/1364 653/742/1364
s 1
f 607/725/1365 589/724/1366 633/743/1367
f 677/744/1368 76/99/1248 592/704/1247
f 635/709/1369 649/745/1370 639/746/1371
f 632/736/1372 635/709/1261 144/116/1263
f 123/113/162 131/117/161 125/107/1373
f 557/651/1325 628/729/1327 641/739/1356
f 605/691/1320 638/715/1374 628/729/1329
f 622/719/1292 118/81/169 606/712/1375
s 0
f 622/719/1376 606/712/1376 616/720/1376
f 633/743/1377 589/724/1377 74/735/1377
s 1
f 613/707/1334 594/690/1355 661/747/1378
f 585/682/1283 605/691/1320 628/729/1329
f 638/715/1284 587/716/1286 646/748/1379
f 614/749/1380 642/750/1381 647/751/1382
f 619/730/1321 599/703/1323 620/717/1383
f 601/129/1384 634/112/1385 631/752/1386
f 634/112/1387 635/709/1369 639/746/1371
f 650/753/1388 649/745/1389 635/709/1390
f 627/699/1238 105/65/1240 101/79/1268
f 612/727/1391 595/114/158 593/122/1251
s 0
f 600/80/1392 130/115/1392 610/723/1392
f 630/741/1393 120/97/1393 653/742/1393
s 1
f 607/725/1365 633/743/1367 653/742/1394
f 627/699/1238 101/79/1268 637/721/1395
f 77/71/1279 138/694/1281 637/721/1396
f 612/727/1391 593/122/1251 651/754/1397
f 593/122/1398 132/121/1399 651/754/1400
s 0
f 132/121/1401 645/731/1401 644/755/1401
s 1
f 594/690/1355 641/739/1356 661/747/1378
f 597/756/1402 614/749/1380 652/757/1403
f 610/723/1404 127/111/1291 622/718/1290
f 74/735/1337 76/99/1306 677/744/1405
f 652/757/1403 614/749/1380 647/751/1382
s 0
f 616/720/1406 611/714/1406 654/758/1406
s 1
f 71/759/1407 601/129/1384 631/752/1386
s 0
f 72/760/1408 602/710/1408 143/705/1408
s 1
f 628/729/1329 661/747/1409 641/739/1410
f 628/729/1329 638/715/1374 661/747/1409
f 138/694/1411 612/727/1412 655/761/1413
f 651/754/1400 132/121/1399 644/755/1414
f 638/715/1374 646/748/1415 661/747/1409
f 587/716/1286 629/762/1345 646/748/1379
s 0
f 626/763/1416 597/756/1416 652/757/1416
s 1
f 622/718/1290 616/764/1417 610/723/1404
f 653/742/1394 633/743/1367 663/765/1418
f 74/735/1337 677/744/1405 660/766/1419
s 0
f 142/128/1420 601/129/1420 71/759/1420
f 73/767/1421 618/130/1421 615/728/1421
f 630/741/1422 662/768/1422 648/740/1422
s 1
f 663/765/1418 633/743/1367 659/769/1423
f 631/752/1386 634/112/1385 639/746/1424
f 640/726/1344 618/130/1343 682/770/1425
f 646/748/1379 629/762/1345 626/763/1347
f 642/750/1426 619/771/1427 656/772/1428
f 656/772/1429 619/771/1430 676/773/1431
s 0
f 662/768/1432 630/741/1432 653/742/1432
s 1
f 720/774/1433 74/735/1434 660/766/1435
s 0
f 592/704/1436 142/128/1436 71/759/1436
s 1
f 678/775/1437 632/736/1341 126/693/1340
f 636/738/1438 125/107/1439 131/117/1440
f 143/705/1441 627/706/1442 72/760/1443
f 645/734/1332 613/707/1334 661/747/1378
f 619/730/1430 620/717/1444 676/776/1431
f 620/717/1305 610/723/1304 654/777/1445
f 610/723/1404 616/764/1417 654/777/1446
s 0
f 611/714/1447 648/740/1447 654/758/1447
s 1
f 669/778/1448 648/740/1449 662/768/1450
f 677/744/1368 592/704/1247 643/779/1451
f 687/780/1452 637/721/1453 138/694/1454
f 687/780/1452 138/694/1454 655/761/1455
f 665/781/1456 646/748/1379 626/763/1347
s 0
f 620/717/1457 70/782/1457 676/776/1457
f 70/782/1458 620/717/1458 654/777/1458
s 1
f 650/753/1388 635/709/1390 632/736/1459
s 0
f 678/783/1460 126/104/1460 640/726/1460
s 1
f 658/784/1461 612/727/1462 651/754/1463
f 643/779/1464 592/704/1465 670/785/1466
s 0
f 686/786/1467 639/746/1467 649/745/1467
s 1
f 73/767/1468 615/728/1469 636/738/1470
f 627/706/1442 664/787/1471 72/760/1443
f 645/734/1332 661/747/1378 685/788/1472
f 642/750/1426 656/772/1428 647/751/1473
f 662/768/1474 653/742/1394 666/789/1475
f 666/789/1475 653/742/1394 663/765/1418
f 650/753/1476 632/736/1476 678/775/1476
f 675/790/1477 73/767/1468 636/738/1470
f 131/117/1478 602/710/1479 683/791/1480
f 602/710/1479 72/760/1481 683/791/1480
f 627/699/1238 637/721/1395 687/780/1482
f 655/761/1413 612/727/1412 658/784/1483
f 646/748/1415 665/781/1484 661/747/1409
f 626/763/1347 652/757/1485 665/781/1456
f 666/789/1486 669/778/1448 662/768/1450
f 685/792/1487 644/755/1488 645/731/1489
f 661/747/1409 665/781/1484 685/788/1490
f 656/772/1491 676/773/1492 679/793/1493
f 648/794/1494 689/795/1495 654/796/1496
f 633/743/1497 74/735/1434 720/774/1433
s 0
f 640/726/1498 682/770/1498 667/797/1498
s 1
f 658/798/1461 651/799/1463 680/800/1499
s 0
f 654/796/1500 689/795/1500 681/801/1500
s 1
f 689/795/1495 648/794/1494 669/802/1501
f 666/789/1502 663/765/1418 659/769/1423
f 71/759/1407 631/752/1386 639/746/1424
s 0
f 678/783/1503 640/726/1503 667/797/1503
f 682/770/1504 618/130/1504 73/767/1504
s 1
f 636/738/1438 131/117/1440 683/791/1505
s 0
f 651/754/1506 644/755/1506 680/803/1506
s 1
f 680/803/1507 644/755/1488 685/792/1487
f 677/744/1508 643/779/1509 660/766/1510
f 592/704/1465 71/759/1511 670/785/1466
s 0
f 664/787/1512 627/706/1512 687/804/1512
s 1
f 72/760/1481 684/805/1513 683/791/1480
s 0
f 684/805/1514 72/760/1514 664/787/1514
s 1
f 672/806/1515 676/807/1516 70/808/1517
f 680/809/1518 685/788/1490 665/781/1484
f 665/781/1456 652/757/1485 688/810/1519
f 652/757/1485 647/751/1520 688/810/1519
s 0
f 688/810/1521 647/751/1521 656/772/1521
f 672/806/1522 70/808/1522 693/811/1522
f 689/795/1523 669/802/1523 690/812/1523
s 1
f 720/774/1524 659/769/1525 633/743/1526
f 636/738/1438 683/791/1505 675/790/1527
f 656/772/1491 679/793/1493 688/810/1528
f 679/813/1529 676/807/1516 672/806/1515
f 691/814/1530 666/815/1531 659/816/1532
f 680/809/1518 665/781/1484 688/810/1533
f 654/817/1534 681/818/1535 693/811/1536
f 694/819/1537 659/769/1525 720/774/1524
f 660/766/1510 643/779/1509 674/820/1538
s 0
f 643/779/1539 670/785/1539 692/821/1539
s 1
f 70/808/1540 654/817/1534 693/811/1536
s 0
f 669/802/1541 666/815/1541 691/814/1541
s 1
f 649/745/1542 650/753/1543 686/786/1544
f 659/816/1532 69/822/1545 68/823/1546
s 0
f 720/774/1547 660/766/1547 674/820/1547
s 1
f 643/779/1548 692/821/1549 674/820/1550
f 686/786/1544 650/753/1543 678/775/1551
f 667/797/1552 682/770/1553 678/783/1554
f 682/770/1553 73/767/1555 675/790/1556
f 684/805/1557 664/787/1558 683/791/1559
f 687/804/1560 683/791/1559 664/787/1558
f 687/804/1560 655/824/1561 658/798/1562
f 658/798/1562 680/800/1518 716/825/1563
f 659/816/1532 68/823/1546 691/814/1530
f 698/826/1564 697/827/1565 712/828/1566
f 700/829/1567 699/830/1567 701/831/1567
f 700/829/1568 712/828/1569 706/832/1570
f 697/827/1571 698/826/1572 703/833/1573
f 699/830/1574 700/829/1568 706/832/1570
f 712/828/1566 697/827/1565 696/834/1575
f 703/833/1573 698/826/1572 702/835/1576
f 704/836/1577 705/837/1578 706/832/1570
f 705/837/1578 699/830/1574 706/832/1570
s 0
f 699/830/1579 705/837/1579 704/838/1579
s 1
f 707/839/1580 704/836/1577 706/832/1570
f 699/830/1581 704/838/1582 709/840/1583
f 704/841/1584 707/839/1585 709/840/1583
f 709/840/1583 707/839/1585 711/842/1586
f 711/842/1587 707/839/1580 706/832/1570
f 696/834/1588 697/827/1589 703/833/1590
s 0
f 698/826/1591 712/828/1591 708/843/1591
s 1
f 709/840/1583 711/842/1586 699/830/1581
f 712/828/1566 696/834/1575 706/832/1592
f 701/831/1593 699/830/1581 711/842/1586
f 696/834/1588 703/833/1590 719/844/1594
s 0
f 710/845/1595 714/846/1595 701/831/1595
s 1
f 695/847/1596 68/823/1546 725/848/1597
f 68/823/1546 69/822/1545 725/848/1597
s 0
f 71/759/1598 639/746/1598 716/849/1598
s 1
f 675/790/1556 683/791/1559 678/783/1554
f 687/804/1560 658/798/1562 716/825/1563
f 716/849/1563 680/850/1518 688/851/1533
f 681/801/1599 689/795/1600 721/852/1601
f 721/852/1601 689/795/1600 690/812/1602
s 0
f 690/812/1603 669/802/1603 717/853/1603
s 1
f 68/823/1546 695/847/1596 724/854/1604
s 0
f 710/845/1605 701/831/1605 713/855/1605
s 1
f 659/816/1606 694/856/1607 722/857/1608
f 682/770/1553 675/790/1556 678/783/1554
f 678/783/1554 683/791/1559 687/804/1560
s 0
f 669/802/1609 691/814/1609 717/853/1609
s 1
f 700/829/1610 701/831/1611 714/846/1612
f 706/832/1592 715/858/1613 718/859/1614
f 715/858/1613 706/832/1592 696/834/1575
f 69/822/1545 659/816/1615 722/857/1616
s 0
f 716/849/1617 670/785/1617 71/759/1617
f 716/849/1618 639/746/1618 686/786/1618
s 1
f 711/842/1619 706/832/1592 718/859/1614
f 725/848/1597 69/822/1545 722/857/1616
s 0
f 692/821/1620 670/785/1620 716/849/1620
s 1
f 724/854/1604 695/847/1596 702/835/1621
s 0
f 695/847/1622 703/833/1622 702/835/1622
s 1
f 737/860/1623 696/834/1624 719/844/1625
s 0
f 708/843/1626 712/828/1626 726/861/1626
s 1
f 726/861/1627 700/829/1610 714/846/1612
f 695/847/1596 725/848/1597 727/862/1628
f 674/820/1550 692/821/1549 730/863/1629
f 678/783/1554 687/804/1560 716/825/1563
f 716/849/1563 688/851/1533 679/813/1630
f 713/855/1631 701/831/1632 711/842/1619
s 0
f 703/833/1633 695/847/1633 740/864/1633
s 1
f 720/774/1634 674/820/1635 729/865/1636
f 686/866/1637 678/783/1554 716/825/1563
f 679/813/1630 672/806/1638 716/849/1563
f 716/849/1563 672/806/1638 693/811/1639
f 68/823/1640 733/867/1641 691/814/1642
s 0
f 719/844/1643 703/833/1643 740/864/1643
s 1
f 693/811/1639 681/818/1644 716/849/1563
f 691/814/1645 723/868/1645 717/853/1645
f 723/868/1646 691/814/1642 733/867/1641
s 0
f 712/828/1647 700/829/1647 726/861/1647
s 1
f 711/842/1619 718/859/1614 66/869/1648
f 718/859/1649 715/858/1650 67/870/1651
f 729/865/1636 674/820/1635 730/863/1652
f 721/852/1653 690/812/1654 717/853/1655
f 733/867/1641 68/823/1640 731/871/1656
s 0
f 726/861/1657 714/846/1657 734/872/1657
f 732/873/1658 710/845/1658 713/855/1658
s 1
f 696/834/1624 737/860/1623 715/858/1659
f 694/819/1660 720/774/1634 729/865/1636
f 716/849/1563 681/818/1644 721/874/1661
f 731/871/1662 68/823/1663 724/854/1664
s 0
f 698/826/1665 708/843/1665 702/835/1665
s 1
f 695/847/1596 727/862/1628 740/864/1666
f 724/854/1604 702/835/1621 736/875/1667
f 734/872/1668 710/845/1669 732/873/1670
f 728/876/1671 713/855/1631 66/869/1648
f 66/869/1648 713/855/1631 711/842/1619
f 730/863/1672 692/821/1673 721/874/1661
f 721/852/1653 717/853/1655 753/877/1674
s 0
f 738/878/1675 724/854/1675 736/875/1675
s 1
f 714/846/1676 710/845/1669 734/872/1668
s 0
f 732/873/1677 713/855/1677 739/879/1677
f 713/855/1678 728/876/1678 739/879/1678
s 1
f 742/880/1679 728/876/1671 66/869/1648
s 0
f 67/870/1680 744/881/1680 743/882/1680
s 1
f 744/881/1681 67/870/1682 766/883/1683
f 67/870/1651 715/858/1650 737/860/1684
f 740/864/1685 746/884/1686 719/844/1687
f 692/821/1673 716/849/1563 721/874/1661
f 724/854/1664 738/878/1688 747/885/1689
f 718/859/1649 67/870/1651 743/882/1690
f 694/819/1660 729/865/1636 741/886/1691
f 702/835/1621 708/843/1692 736/875/1667
f 754/887/1693 736/875/1667 708/843/1692
s 0
f 739/879/1694 728/876/1694 751/888/1694
s 1
f 65/889/1695 728/876/1671 742/880/1679
f 718/859/1696 743/882/1697 66/869/1698
f 745/890/1699 744/881/1681 766/883/1683
f 725/848/1700 722/857/1701 748/891/1702
f 748/891/1703 722/857/1608 694/856/1607
f 731/871/1662 724/854/1664 747/885/1689
f 726/861/1704 734/872/1705 708/843/1706
f 755/892/1707 65/889/1695 742/880/1679
f 753/877/1674 717/853/1655 723/868/1708
f 749/893/1709 734/872/1705 732/873/1710
f 737/860/1711 719/844/1687 746/884/1686
f 730/863/1672 721/874/1661 729/865/1712
f 708/843/1706 734/872/1705 749/893/1709
f 743/882/1697 760/894/1713 66/869/1698
f 741/886/1714 729/865/1712 721/874/1661
f 749/893/1709 732/873/1710 739/879/1715
s 0
f 760/894/1716 743/882/1716 757/895/1716
s 1
f 748/891/1703 694/856/1607 762/896/1717
f 762/896/1717 694/856/1607 741/897/1718
f 721/852/1661 753/877/1719 741/898/1714
f 753/877/1674 723/868/1708 733/867/1720
s 0
f 754/887/1721 708/843/1721 749/893/1721
s 1
f 753/877/1674 733/867/1720 758/899/1722
f 765/900/1723 65/889/1695 755/892/1707
s 0
f 744/881/1724 757/895/1724 743/882/1724
s 1
f 763/901/1725 749/893/1709 739/879/1715
f 728/876/1726 65/889/1727 751/888/1728
f 742/880/1729 66/869/1698 760/894/1713
s 0
f 757/895/1730 744/881/1730 756/902/1730
s 1
f 737/860/1711 746/884/1686 761/903/1731
f 727/862/1732 725/848/1700 748/891/1702
f 762/904/1733 741/898/1714 753/877/1719
f 758/899/1722 733/867/1720 731/871/1734
f 751/905/1728 65/906/1727 764/907/1735
f 755/892/1736 742/880/1729 759/908/1737
s 0
f 744/881/1738 745/890/1738 756/902/1738
s 1
f 766/883/1739 67/870/1740 737/860/1711
s 0
f 754/887/1741 783/909/1741 736/875/1741
s 1
f 754/887/1742 749/893/1743 803/910/1744
s 0
f 767/911/1745 773/912/1745 768/913/1745
f 768/913/1746 773/912/1746 65/906/1746
s 1
f 759/908/1737 64/914/1747 755/892/1736
f 742/880/1729 760/894/1713 759/908/1737
f 753/877/1719 758/899/1748 762/904/1733
f 769/915/1749 758/899/1722 731/871/1734
f 738/878/1750 769/915/1751 747/885/1752
f 739/879/1715 751/888/1753 763/901/1725
f 763/901/1725 771/916/1754 770/917/1755
s 0
f 770/918/572 771/919/572 772/920/572
s 1
f 771/916/1754 763/901/1725 772/920/1756
f 772/920/1756 763/901/1725 751/888/1753
f 773/912/1757 767/911/1758 774/921/1759
f 767/922/45 768/923/1760 774/921/1759
f 774/921/1759 768/923/1760 775/924/1761
f 768/913/1762 65/906/1695 775/924/1761
f 790/925/1763 748/891/1703 762/896/1717
s 0
f 783/909/1764 754/887/1764 803/910/1764
s 1
f 763/926/1725 770/927/1755 777/928/1765
s 0
f 770/918/572 772/920/572 777/929/572
s 1
f 777/929/1765 772/920/1766 751/888/1767
f 764/907/1735 65/906/1727 778/930/1768
s 0
f 791/931/1769 779/932/1769 45/36/1769
f 780/933/1770 779/932/1770 781/934/1770
s 1
f 773/912/1757 774/921/1759 765/935/1723
f 774/921/1759 775/924/1761 765/935/1723
f 775/924/1761 65/906/1695 765/935/1723
f 761/903/1731 766/883/1739 737/860/1711
f 762/904/1733 758/899/1748 769/915/1771
f 731/871/1734 747/885/1772 769/915/1749
f 776/936/1773 763/926/1725 764/907/1774
f 763/926/1725 777/928/1765 764/907/1774
f 777/928/1765 751/905/1767 764/907/1774
f 65/906/1727 773/912/1775 778/930/1768
s 0
f 45/36/1776 47/38/1776 52/44/1776
f 47/38/1777 48/937/1777 52/44/1777
s 1
f 48/937/1778 49/40/69 52/44/68
f 53/45/54 54/938/1779 52/44/52
f 52/44/1780 54/938/1781 57/49/1782
f 54/938/1781 55/939/1783 57/49/1782
f 55/939/1784 56/48/57 57/49/58
f 58/50/61 59/940/1785 57/49/59
s 0
f 57/49/1786 59/940/1786 784/941/1786
s 1
f 59/942/1787 60/52/1788 784/941/1789
f 60/52/1788 786/53/1790 784/941/1789
f 784/941/1789 786/53/1790 785/943/1791
f 811/54/64 786/53/63 50/42/60
f 61/55/65 62/944/1792 811/54/64
f 62/944/1792 63/945/1793 811/54/64
f 811/54/1794 63/945/1795 787/946/1796
f 63/56/1797 51/43/71 787/946/1796
f 787/946/1796 51/43/71 45/36/48
s 0
f 45/36/1798 779/932/1798 788/947/1798
f 779/932/1799 780/933/1799 788/947/1799
f 788/947/1800 780/948/1800 789/949/1800
f 780/948/1801 781/950/1801 789/949/1801
s 1
f 781/934/1802 779/932/1803 789/949/1804
f 779/932/1803 782/951/1805 789/949/1804
f 779/932/1803 773/952/1757 782/951/1805
f 749/893/1743 763/901/1806 803/910/1744
f 803/953/1744 763/926/1806 796/954/1807
s 0
f 773/952/1808 779/932/1808 791/931/1808
f 791/931/1809 45/36/1809 52/44/1809
s 1
f 57/49/1810 784/941/1811 785/943/1812
f 787/946/1796 45/36/48 811/54/1794
s 0
f 788/947/1813 789/949/1813 45/36/1813
f 789/949/1814 782/951/1814 45/36/1814
s 1
f 782/951/1805 773/952/1757 793/955/1815
f 759/908/1816 760/894/1817 800/956/1818
f 727/862/1732 748/891/1702 790/925/1819
f 790/925/1820 762/896/1733 795/957/1821
f 807/958/1822 763/926/1823 776/936/1824
f 776/936/1773 764/907/1774 797/959/1825
f 52/44/1826 57/49/1810 785/943/1812
f 786/53/1827 811/54/1828 792/960/1829
f 793/955/1815 773/952/1757 765/961/1723
f 805/962/1830 740/864/1831 727/862/1832
f 795/957/1821 762/896/1733 769/963/1771
f 806/964/1833 736/875/1834 783/909/1835
f 794/965/1836 760/894/1837 757/895/1838
f 761/903/1839 746/884/1840 809/966/1841
f 746/884/1840 740/864/1842 805/962/1843
f 805/962/1830 727/862/1832 795/957/1844
f 727/862/1732 790/925/1819 795/957/1845
f 738/878/1750 736/875/1846 806/964/1847
f 773/912/1775 791/967/1848 778/930/1768
s 0
f 52/44/1849 785/943/1849 791/931/1849
s 1
f 811/54/1794 45/36/48 782/951/1850
f 64/914/1747 765/900/1851 755/892/1736
s 0
f 818/968/1852 756/902/1852 745/890/1852
s 1
f 806/964/1847 769/915/1751 738/878/1750
f 803/953/1853 796/954/1854 804/969/1855
f 797/959/1825 764/907/1774 810/970/1856
f 815/971/1857 765/961/1851 64/972/1747
f 64/914/1858 759/908/1816 800/956/1818
f 760/894/1859 794/965/1860 800/956/1861
s 0
f 745/890/1862 766/883/1862 813/973/1862
s 1
f 809/966/1841 746/884/1840 805/962/1843
f 796/954/1807 763/926/1806 807/958/1863
f 776/936/1824 797/959/1864 807/958/1822
f 810/970/1856 764/907/1774 778/930/1865
s 0
f 786/53/1866 808/974/1866 785/943/1866
s 1
f 793/955/1815 765/961/1723 782/951/1805
f 800/956/1861 794/965/1860 823/975/1867
f 813/973/1868 766/883/1869 761/903/1839
f 783/909/1835 803/910/1870 819/976/1871
f 778/930/1768 791/967/1848 812/977/1872
f 814/978/1873 791/931/1874 785/943/1875
s 0
f 745/890/1876 813/973/1876 818/968/1876
s 1
f 813/973/1868 761/903/1839 809/966/1841
f 807/958/1822 797/959/1864 817/979/1877
s 0
f 785/943/1878 808/974/1878 814/978/1878
s 1
f 816/980/1879 64/914/1858 800/956/1818
f 757/895/1880 756/902/1881 802/981/1882
f 802/981/1882 756/902/1881 818/968/1883
f 806/964/1833 783/909/1835 819/976/1871
f 797/959/1884 810/970/1885 817/979/1886
f 810/970/1856 778/930/1865 821/982/1887
f 794/965/1836 757/895/1838 802/981/1888
f 769/963/1771 806/983/1889 795/957/1821
f 804/969/1890 796/954/1891 820/984/1892
f 812/977/1893 791/967/1874 814/985/1873
f 810/970/1885 821/982/1894 817/979/1886
f 778/930/1865 812/977/1895 821/982/1887
s 0
f 814/985/1896 826/986/1896 825/987/1896
s 1
f 826/986/1897 814/985/1898 827/988/1899
f 792/960/1829 822/989/1900 786/53/1827
f 805/962/1901 795/957/1821 809/966/1902
f 795/957/1821 806/983/1889 809/966/1902
s 0
f 812/977/1903 814/985/1903 828/990/1903
f 814/985/1904 825/987/1904 828/990/1904
s 1
f 828/990/1905 825/991/1906 829/992/1907
f 825/991/1906 826/993/1908 829/992/1907
f 826/993/1908 827/988/1899 829/992/1907
f 827/988/1899 814/985/1898 829/992/1907
f 814/978/1909 808/974/1910 42/34/1911
f 42/34/1911 808/974/1910 41/35/1912
s 0
f 828/990/1913 829/992/1913 812/977/1913
s 1
f 37/994/1914 38/30/37 849/995/1915
f 782/951/1916 765/961/1851 815/971/1857
f 815/971/1917 64/972/1858 830/996/1918
f 802/981/1919 818/968/1920 813/973/1921
f 819/997/1922 803/953/1853 839/998/1923
f 803/953/1853 804/969/1855 839/998/1923
s 0
f 840/999/1924 804/969/1924 820/984/1924
s 1
f 820/984/1892 796/954/1891 833/1000/1925
s 0
f 807/958/1926 817/979/1926 796/954/1926
s 1
f 834/1001/1927 821/982/1887 812/977/1895
f 38/30/37 43/32/39 849/995/1915
f 831/1002/1928 811/54/1929 782/951/1930
f 64/972/1858 816/1003/1879 830/996/1918
f 816/980/1931 800/956/1932 823/975/1933
f 832/1004/1934 823/975/1933 794/965/1935
f 806/983/1889 819/1005/1936 809/966/1902
s 0
f 840/999/1937 839/998/1937 804/969/1937
s 1
f 840/999/1938 820/984/1939 835/1006/1940
f 796/954/1941 817/979/1942 836/1007/1943
f 829/992/1944 814/985/1945 36/1008/1946
s 0
f 841/1009/1947 38/30/1947 37/994/1947
s 1
f 852/1010/1948 849/995/1915 43/32/39
f 44/1011/1949 40/33/1950 39/31/1951
f 837/1012/1952 808/974/1953 786/53/1954
s 0
f 786/53/1955 822/989/1955 837/1012/1955
s 1
f 832/1004/1934 794/965/1935 802/981/1956
f 802/981/1919 813/973/1921 809/966/1902
f 817/979/1886 821/982/1894 838/1013/1957
f 36/1008/1946 834/1001/1927 812/977/1895
f 829/992/1944 36/1008/1946 812/977/1895
f 36/1008/1946 814/985/1945 42/1014/1958
s 0
f 41/35/1959 808/974/1959 848/1015/1959
s 1
f 792/960/1960 811/54/1961 831/1002/1962
f 831/1002/1928 782/951/1930 815/971/1963
f 796/954/1891 836/1007/1964 833/1000/1925
s 0
f 42/34/1965 38/30/1965 841/1009/1965
s 1
f 39/31/1966 38/30/41 41/35/43
f 792/960/1960 831/1002/1962 844/1016/1967
f 815/971/1968 830/996/1969 845/1017/1970
f 835/1006/1940 820/984/1939 833/1000/1971
f 846/1018/1972 44/1011/1949 39/31/1951
f 853/1019/1973 809/966/1902 819/1005/1936
f 821/982/1894 834/1001/1974 838/1013/1957
f 792/960/1829 843/1020/1975 822/989/1900
f 33/1021/1976 36/1008/1946 42/1014/1958
f 848/1015/1977 808/974/1953 837/1012/1952
s 0
f 843/1020/1978 792/960/1978 844/1016/1978
s 1
f 823/975/1933 832/1004/1934 853/1019/1979
f 853/1022/1973 819/997/1936 839/998/1980
f 836/1007/1943 817/979/1942 855/1023/1981
f 817/979/1982 838/1013/1983 855/1023/1984
f 834/1001/1985 36/1008/1986 847/1024/1987
s 0
f 43/32/1988 40/33/1988 34/1025/1988
s 1
f 40/33/1989 44/1011/1990 850/1026/1991
f 840/999/1992 835/1006/1993 839/998/1994
f 835/1006/1940 833/1000/1971 851/1027/1995
f 838/1013/1996 834/1001/1985 847/1024/1987
f 33/1021/1976 42/1014/1958 841/1028/1997
f 34/1025/1998 40/33/1989 850/1026/1991
f 831/1002/1999 815/971/1968 845/1017/1970
f 816/980/1931 823/975/1933 853/1019/1979
f 851/1027/2000 833/1000/2001 836/1007/2002
f 841/1028/2003 37/1029/2004 854/1030/2005
f 849/995/1915 852/1010/1948 858/1031/2006
s 0
f 39/31/2007 41/35/2007 848/1015/2007
s 1
f 832/1004/2008 802/981/1919 809/966/1902
f 35/1032/2009 839/998/1994 835/1006/1993
f 838/1013/1983 847/1024/2010 855/1023/1984
f 864/1033/2011 858/1034/2006 859/1035/2012
s 0
f 842/1036/2013 44/1011/2013 856/1037/2013
s 1
f 822/989/2014 843/1020/2015 875/1038/2016
f 832/1004/2008 809/966/1902 853/1019/1973
f 857/1039/2017 836/1007/2018 855/1023/2019
f 862/1040/2020 864/1033/2011 859/1035/2012
f 853/1022/1973 839/998/1980 35/1032/2021
f 835/1006/1993 851/1027/2022 35/1032/2009
f 855/1023/1984 847/1024/2010 861/1041/2023
s 0
f 36/1008/2024 33/1021/2024 847/1024/2024
s 1
f 859/1042/2012 858/1031/2006 852/1010/1948
f 852/1010/2025 43/32/2026 34/1025/2027
f 44/1011/1949 860/1043/2028 856/1037/2029
f 860/1043/2028 44/1011/1949 846/1018/1972
f 865/1044/2030 830/996/2031 816/1003/1931
f 816/1003/1931 853/1022/1979 865/1044/2030
f 836/1007/2002 857/1039/2032 851/1027/2000
f 841/1028/1997 854/1030/2033 33/1021/1976
f 863/1045/2034 37/1029/2004 858/1034/2035
s 0
f 37/994/2036 849/995/2036 858/1031/2036
s 1
f 846/1018/2037 39/31/2038 848/1015/2039
f 854/1030/2005 37/1029/2004 863/1045/2034
f 852/1010/2025 34/1025/2027 899/1046/2040
f 831/1002/1999 845/1017/1970 844/1016/2041
f 857/1039/2017 855/1023/2019 866/1047/2042
s 0
f 847/1024/2043 33/1021/2043 909/1048/2043
s 1
f 876/1049/2044 33/1021/1976 854/1030/2033
f 863/1045/2034 858/1034/2035 868/1050/2045
f 868/1050/2045 858/1034/2035 864/1033/2046
f 32/1051/2047 864/1033/2011 862/1040/2020
s 0
f 44/1011/2048 842/1036/2048 850/1026/2048
s 1
f 35/1032/2009 851/1027/2022 31/1052/2049
f 855/1023/2050 861/1041/2051 867/1053/2052
f 909/1048/2053 33/1021/2054 870/1054/2055
s 0
f 872/1055/2056 848/1015/2056 837/1012/2056
s 1
f 33/1021/2057 876/1049/2058 870/1054/2059
f 23/26/2060 21/23/2061 871/27/2062
f 21/23/2061 22/28/2063 871/27/2062
f 19/17/36 22/28/30 28/25/2064
f 32/1051/2047 862/1040/2020 29/1056/2065
s 0
f 908/1057/2066 842/1036/2066 856/1037/2066
s 1
f 853/1022/2067 31/1052/2068 865/1044/2069
s 0
f 853/1022/2068 35/1032/2068 31/1052/2068
s 1
f 31/1052/2049 851/1027/2022 857/1039/2017
f 876/1049/2044 854/1030/2033 863/1045/2070
f 843/1020/2071 844/1016/2072 888/1058/2073
f 866/1047/2074 855/1023/2050 867/1053/2052
f 847/1024/2010 873/1059/2075 861/1041/2023
f 873/1059/2075 847/1024/2010 909/1048/2076
f 874/1060/2077 32/1051/2078 877/1061/2079
f 29/1056/2065 862/1040/2020 897/1062/2080
s 0
f 844/1016/2081 845/1017/2081 830/996/2081
s 1
f 31/1052/2049 857/1039/2017 15/1063/2082
f 863/1045/2070 882/1064/2083 876/1049/2044
f 868/1050/2045 864/1033/2046 874/1060/2077
f 864/1033/2046 32/1051/2078 874/1060/2077
f 877/1061/2079 32/1051/2078 29/1056/2084
f 30/24/2085 23/26/2086 885/1065/2087
f 859/1042/2088 852/1010/2089 899/1046/2090
f 34/1025/2091 879/1066/2092 899/1046/2093
s 0
f 34/1025/2094 850/1026/2094 879/1066/2094
s 1
f 875/1038/2016 843/1020/2015 869/1067/2095
f 15/1063/2082 857/1039/2017 866/1047/2042
f 863/1045/2070 868/1050/2096 882/1064/2083
f 859/1042/2088 899/1046/2090 898/1068/2097
s 0
f 25/20/2098 17/19/2098 883/22/2098
s 1
f 911/1069/2099 883/22/2100 881/271/410
f 883/22/2100 16/21/2101 881/271/410
f 16/21/2101 887/1070/2102 881/271/410
f 30/24/26 29/1071/2065 28/25/27
f 29/1071/2065 897/1072/2080 896/1073/2103
f 890/1074/2104 859/1042/2088 898/1068/2097
f 14/1075/2105 899/1046/2093 879/1066/2092
f 846/1018/2037 848/1015/2039 872/1055/2106
f 869/1067/2107 843/1020/2071 888/1058/2073
f 867/1053/2052 861/1041/2051 891/1076/2108
f 892/1077/2109 882/1064/2083 868/1050/2096
s 0
f 29/1056/2110 880/1078/2110 877/1061/2110
s 1
f 24/16/18 26/18/20 889/1079/2111
f 893/1080/2112 282/251/417 300/276/416
f 279/252/2113 270/280/482 276/1081/2114
f 276/1081/2114 270/280/482 298/309/481
f 268/257/2115 182/226/2115 657/1082/2115
f 895/29/35 19/17/21 28/25/27
f 28/25/27 29/1071/2065 896/1073/2103
f 830/996/2116 865/1044/2117 844/1016/2118
f 865/1044/2117 888/1058/2119 844/1016/2118
s 0
f 29/1071/2120 30/24/2120 880/1083/2120
s 1
f 229/206/421 283/152/2121 300/276/419
f 277/272/397 881/271/410 887/1070/2102
f 907/1084/2122 862/1085/2123 859/1042/2088
s 0
f 856/1037/2124 860/1043/2124 903/1086/2124
s 1
f 900/1087/2125 903/1086/2126 860/1043/2127
f 13/1088/2128 837/1012/2129 822/989/2130
f 891/1076/2108 861/1041/2051 873/1059/2131
f 876/1049/2058 882/1064/2132 870/1054/2059
f 870/1054/2059 882/1064/2132 892/1077/2133
f 892/1077/2109 868/1050/2096 904/1089/2134
s 0
f 23/26/2135 871/27/2135 901/1090/2135
s 1
f 906/1091/2136 278/258/411 886/274/413
f 913/1092/2137 282/251/417 893/1080/2112
f 255/253/2138 279/252/2113 276/1081/2114
f 299/294/2139 267/238/2140 894/1093/2141
f 907/1084/2122 859/1042/2088 890/1074/2104
f 850/1026/2142 842/1036/2143 908/1057/2144
f 846/1018/2037 872/1055/2106 900/1087/2145
s 0
f 13/1088/2146 872/1055/2146 837/1012/2146
s 1
f 865/1044/2069 31/1052/2068 888/1058/2147
f 31/1052/2068 15/1063/2148 888/1058/2147
f 904/1089/2134 868/1050/2096 874/1060/2149
f 885/1065/2087 23/26/2086 901/1090/2150
f 267/238/2140 250/231/2151 894/1093/2141
f 232/212/2152 277/263/2153 902/1094/2154
f 897/1095/2155 862/1085/2123 907/1084/2122
f 15/1063/2082 866/1047/2042 867/1053/2052
f 873/1059/2131 909/1048/2156 891/1076/2108
s 0
f 885/1065/2157 880/1083/2157 30/24/2157
f 881/271/2158 278/273/2158 906/1096/2158
s 1
f 182/226/2159 232/212/2152 902/1094/2154
f 16/21/2160 895/29/2161 923/1097/2162
f 923/1097/2162 895/29/2161 884/1098/2163
f 860/1043/2127 846/1018/2164 900/1087/2125
f 822/989/2130 875/1038/2165 13/1088/2128
f 914/1099/2166 15/1063/2082 867/1053/2052
f 891/1076/2108 909/1048/2156 915/1100/2167
f 904/1089/2134 874/1060/2149 877/1061/2168
f 912/1101/2169 881/271/2170 905/1102/2171
f 284/1103/2172 269/1104/2173 276/270/2114
f 269/1104/2173 255/1105/2138 276/270/2114
f 250/231/2151 268/257/2174 894/1093/2141
f 338/1106/2175 277/272/2153 887/1070/2176
f 924/1107/2177 28/25/27 896/1073/2103
f 916/1108/2178 870/1054/2179 892/1077/2180
f 877/1061/2168 910/1109/2181 904/1089/2134
f 911/1069/2182 881/271/2170 912/1101/2169
f 881/271/2170 906/1096/2183 905/1102/2171
f 886/274/2184 282/251/417 913/1092/2137
f 284/1103/2172 276/270/2114 283/1110/2185
f 895/29/35 28/25/27 884/1098/2186
f 921/1111/2187 898/1068/2188 14/1075/2189
f 898/1068/2188 899/1046/2190 14/1075/2189
s 0
f 903/1086/2191 908/1057/2191 856/1037/2191
s 1
f 900/1087/2145 872/1055/2106 13/1088/2192
f 909/1048/2053 870/1054/2055 916/1108/2193
f 892/1077/2194 904/1089/2195 922/1112/2196
f 910/1109/2181 877/1061/2168 880/1078/2197
s 0
f 871/27/2198 24/16/2198 889/1079/2198
f 889/1079/2199 25/20/2199 883/22/2199
s 1
f 300/276/419 283/152/2121 917/1113/2200
f 283/1110/2185 276/270/2114 917/1114/2201
f 894/1093/2141 268/257/2174 918/1115/2202
s 0
f 879/1066/2203 850/1026/2203 824/1116/2203
s 1
f 671/1117/2204 891/1076/2205 915/1100/2206
f 922/1112/2196 904/1089/2195 910/1109/2207
f 871/27/2208 889/1079/2209 926/1118/2210
s 0
f 26/18/2211 25/20/2211 889/1079/2211
s 1
f 300/276/419 917/1113/2200 893/1080/2212
f 276/270/2114 299/294/2213 917/1114/2201
f 918/1115/2214 299/294/2213 894/1093/2215
f 918/1115/2202 268/257/2174 657/1082/2216
f 875/1038/2217 869/1067/2218 13/1088/2219
f 914/1099/2166 867/1053/2052 891/1076/2108
f 916/1108/2178 892/1077/2180 922/1112/2220
f 880/1083/2197 885/1065/2221 925/1119/2222
f 901/1090/2223 871/27/2208 926/1118/2210
f 522/1120/2224 911/1069/2225 912/1101/2226
f 917/1114/2201 299/294/2213 918/1115/2214
f 898/1068/2188 564/1121/2227 890/1074/2228
f 13/1088/2219 869/1067/2218 914/1099/2229
f 869/1067/2218 888/1058/2147 914/1099/2229
f 888/1058/2147 15/1063/2148 914/1099/2229
f 916/1108/2230 922/1112/2231 750/1122/2232
f 925/1119/2222 885/1065/2221 901/1090/2223
f 889/1079/2233 883/22/2100 911/1069/2099
f 918/1115/2202 657/1082/2216 801/15/2234
f 887/1070/2235 16/21/2236 919/1123/2237
f 919/1123/2237 16/21/2236 923/1097/2238
f 884/1098/2186 28/25/27 924/1107/2177
f 920/1124/2239 878/1125/2240 896/1073/2241
f 896/1073/2241 897/1072/2155 920/1124/2239
f 898/1068/2188 921/1111/2187 564/1121/2227
f 824/1116/2242 850/1026/2142 908/1057/2144
f 903/1086/2243 900/1087/2244 13/1088/2219
f 925/1119/2222 901/1090/2223 926/1118/2210
f 522/1120/2224 889/1079/2245 911/1069/2225
f 893/1080/2212 917/1113/2200 913/1092/2246
f 920/1124/2239 897/1072/2155 534/1126/2247
f 534/1127/2247 897/1095/2155 907/1084/2122
f 915/1100/2167 909/1048/2156 752/1128/2248
f 910/1109/2181 880/1078/2197 925/1129/2222
f 927/1130/2249 913/1092/2246 917/1113/2200
s 0
f 657/1082/2250 182/226/2250 902/1094/2250
s 1
f 890/1074/2228 564/1121/2227 907/1084/2251
f 915/1100/2206 752/1128/2252 671/1117/2204
f 909/1048/2156 916/1108/2253 752/1128/2248
f 752/1128/2248 750/1122/2254 668/1131/2255
f 522/1120/2256 926/1118/2210 889/1079/2209
f 912/1101/2257 905/1102/2258 517/1132/2259
s 0
f 905/1102/2260 906/1096/2260 517/1132/2260
f 517/1133/2261 906/1091/2261 886/274/2261
s 1
f 886/274/2262 913/1092/2246 927/1130/2249
f 277/272/2153 338/1106/2175 902/1134/2154
f 896/1073/2241 878/1125/2240 924/1107/2263
f 824/1116/2264 908/1057/2265 13/1088/2219
f 908/1057/2265 903/1086/2243 13/1088/2219
f 673/1135/2266 914/1099/2166 891/1076/2108
f 752/1128/2248 916/1108/2253 750/1122/2254
s 0
f 922/1112/2267 910/1109/2267 925/1129/2267
s 1
f 591/1136/2268 912/1101/2257 517/1132/2259
f 14/1075/2269 879/1066/2270 560/1137/2271
f 560/1137/2271 879/1066/2270 824/1116/2272
f 13/1088/2219 914/1099/2229 824/1116/2264
f 673/1135/2266 891/1076/2108 671/1117/2273
f 918/1115/2214 801/15/2274 448/1138/2275
s 0
f 474/1139/2276 878/1125/2276 133/1140/2276
f 522/1120/2277 912/1101/2277 591/1136/2277
s 1
f 917/1114/2201 918/1115/2214 448/1138/2275
f 9/11/2278 801/15/2279 657/1082/2280
f 887/1070/2235 919/1123/2237 307/1141/2281
f 474/1139/2282 924/1107/2263 878/1125/2240
f 133/1140/2283 878/1125/2284 920/1124/2285
f 671/1117/2204 752/1128/2252 465/1142/2286
f 922/1112/2231 925/1129/2287 750/1122/2232
f 886/274/2262 927/1130/2249 621/1143/2288
f 927/1144/2289 917/1114/2201 448/1138/2275
s 0
f 12/13/2290 11/12/2290 801/15/2290
s 1
f 801/15/2274 11/12/2291 799/1145/2292
f 11/12/2291 10/1146/2293 799/1145/2292
f 10/14/2294 9/11/2295 799/1145/2292
s 0
f 8/9/2296 6/8/2296 9/11/2296
f 9/11/2297 6/8/2297 798/1147/2297
f 6/8/2293 7/1148/2293 798/1147/2293
s 1
f 7/10/2298 5/6/2299 798/1147/2300
f 920/1124/2285 608/1149/2301 133/1140/2283
f 231/1150/2302 907/1084/2251 564/1121/2227
f 560/1137/2303 824/1116/2264 914/1099/2229
f 752/1128/2252 668/1131/2304 465/1142/2286
f 886/274/2262 621/1143/2288 517/1133/2305
f 801/15/2274 799/1145/2292 448/1138/2275
f 799/1145/2292 9/11/2295 448/1138/2275
f 9/11/2295 798/1147/2300 448/1138/2275
f 448/1138/2275 798/1147/2300 5/6/2299
f 2/2/7 1/1/2306 5/6/8
f 1/1/2307 3/3/2307 5/6/2307
f 5/6/2299 4/1151/2308 735/1152/2309
f 4/5/839 545/4/2310 735/1152/2309
f 545/4/2311 5/6/2312 657/1082/2280
f 5/6/2312 9/11/2278 657/1082/2280
f 436/1153/2313 923/1097/2314 884/1098/2315
f 534/1127/2316 907/1084/2251 231/1150/2302
f 921/1111/2317 14/1075/2269 560/1137/2271
f 750/1122/2318 925/1129/2319 456/1154/2320
s 0
f 374/1155/2321 926/1118/2321 522/1120/2321
s 1
f 625/1156/2322 517/1133/2305 621/1143/2288
f 5/6/2299 735/1152/2309 448/1138/2275
f 735/1152/2309 545/4/2310 448/1138/2275
s 0
f 338/1106/2323 887/1070/2323 307/1141/2323
s 1
f 307/1141/2281 919/1123/2237 285/1157/2324
f 884/1098/2315 924/1107/2325 436/1153/2313
f 608/1149/2326 920/1124/2239 534/1126/2247
s 0
f 668/1131/2327 750/1122/2327 289/1158/2327
s 1
f 456/1159/2320 925/1119/2319 926/1118/2328
s 0
f 591/1136/2329 517/1132/2329 370/1160/2329
s 1
f 517/1132/2305 625/1161/2322 370/1160/2330
f 108/1162/2331 564/1121/2332 921/1111/2317
f 921/1111/2317 560/1137/2271 108/1162/2331
f 423/1163/2333 673/1135/2266 671/1117/2273
f 625/1164/2334 617/1165/2335 624/1166/2336
f 617/1165/2335 625/1164/2334 623/1167/2337
f 623/1167/2337 625/1164/2334 621/1168/2338
f 621/1168/2339 927/1144/2289 448/1138/2275
f 657/1082/2280 902/1094/2340 545/4/2311
f 919/1123/2341 923/1097/2342 221/1169/2343
f 924/1107/2325 474/1139/2344 436/1153/2313
f 668/1131/2304 289/1158/2345 465/1142/2286
f 750/1122/2346 456/1154/2347 289/1158/2348
f 522/1120/2349 591/1136/2350 370/1160/2351
f 625/1164/2352 624/1166/2353 590/1170/2354
f 590/1170/2354 624/1171/2355 448/1138/2275
f 624/1171/2355 617/1172/2356 448/1138/2275
f 617/1172/2356 623/1167/2357 448/1138/2275
f 448/1138/2275 623/1167/2357 621/1168/2339
f 221/1169/2343 923/1097/2342 436/1153/2358
f 671/1117/2273 465/1142/2359 423/1163/2333
f 625/1164/2352 590/1170/2354 448/1138/2275
f 285/1157/2360 919/1123/2341 221/1169/2343
f 564/1121/2332 108/1162/2331 264/1173/2361
f 108/1162/2362 560/1137/2303 914/1099/2229
f 673/1135/2363 423/1163/2363 914/1099/2363
s 0
f 456/1159/2364 926/1118/2364 374/1155/2364
s 1
f 260/1174/2365 522/1120/2349 370/1160/2351
f 545/4/2311 902/1094/2340 190/1175/2366
f 121/1176/2367 374/1155/2368 522/1120/2369
f 625/1164/2352 448/1138/2275 370/1177/2370
f 436/1153/2358 474/1139/2371 253/1178/2372
s 0
f 914/1099/2373 423/1163/2373 108/1162/2373
s 1
f 423/1163/2333 465/1142/2359 202/1179/2374
f 221/1169/2343 436/1153/2358 99/1180/2375
f 456/1159/2376 374/1155/2368 121/1176/2367
f 370/1177/2370 448/1138/2275 190/1175/2377
f 448/1138/2275 545/4/2310 190/1175/2377
f 231/1150/2378 564/1121/2332 264/1173/2361
f 202/1179/2374 465/1142/2359 289/1158/2348
f 902/1134/2340 338/1106/2379 190/1181/2366
f 108/1162/527 423/1163/2380 202/1179/2381
f 190/1181/2366 338/1106/2379 189/1182/2382
f 608/1149/2326 534/1126/2247 27/1183/2383
f 121/1176/2367 522/1120/2369 260/1174/2384
f 338/1106/2379 307/1141/2385 189/1182/2382
s 0
f 474/1139/2386 92/1184/2386 253/1178/2386
s 1
f 260/1185/2387 370/1177/2370 190/1175/2377
f 307/1141/2388 285/1157/2389 189/1182/2390
f 189/1182/2390 285/1157/2389 107/1186/2391
f 99/1180/2375 436/1153/2358 253/1178/2372
f 202/1179/2374 289/1158/2348 129/1187/2392
f 289/1158/2348 456/1154/2347 129/1187/2392
f 285/1157/2389 221/1169/2393 107/1186/2391
s 0
f 92/1184/2394 474/1139/2394 133/1140/2394
s 1
f 110/1188/2395 231/1150/2378 264/1173/2361
f 456/1159/2376 121/1176/2367 129/1189/2396
f 121/1190/2397 260/1185/2387 190/1175/2377
f 534/1127/2398 231/1150/2378 110/1188/2395
f 221/1169/2399 99/1180/2400 107/1186/2401
f 133/1140/2402 608/1149/2403 27/1183/2404
f 27/1191/2405 534/1127/2398 110/1188/2395
f 264/1173/2406 108/1162/527 110/1188/2407
f 108/1162/527 202/1179/2381 18/1192/2408
f 121/1193/2397 190/1181/2377 189/1182/2409
f 110/1188/2407 108/1162/527 18/1192/2408
f 18/1192/2408 202/1179/2381 129/1187/2410
f 107/1186/2401 99/1180/2400 18/1194/2411
f 129/1195/2410 121/1193/2397 18/1194/2408
s 0
f 253/1178/2412 92/1184/2412 18/1194/2412
s 1
f 121/1193/2397 189/1182/2409 107/1186/2413
f 121/1193/2397 107/1186/2413 18/1194/2408
f 99/1180/2375 253/1178/2372 18/1194/2414
f 110/1188/2407 18/1192/2408 27/1191/2415
s 0
f 92/1184/2416 20/1196/2416 18/1194/2416
f 20/1196/2417 92/1184/2417 133/1140/2417
s 1
f 133/1140/2402 27/1183/2404 20/1196/2418
f 27/1183/2415 18/1194/2408 20/1196/2419
